Date,equity,cash,rebalanced,rebalance_reason,spy_value,spy_weight,spy_signal,spy_shares,spy_avg_price,spy_realized_pnl,spy_unrealized_pnl,qqq_value,qqq_weight,qqq_signal,qqq_shares,qqq_avg_price,qqq_realized_pnl,qqq_unrealized_pnl,gld_value,gld_weight,gld_signal,gld_shares,gld_avg_price,gld_realized_pnl,gld_unrealized_pnl,tlt_value,tlt_weight,tlt_signal,tlt_shares,tlt_avg_price,tlt_realized_pnl,tlt_unrealized_pnl,drawdown_pct
2004-11-18,10000000,10000000,False,,0,0.0,sell,0,0.0,0,0,0,0.0,sell,0,0.0,0,0,0,0.0,buy,0,0.0,0,0,0,0.0,buy,0,0.0,0,0,0.0
2004-11-19,9986679,6000063,False,,0,0.0,sell,0,0.0,0,0,0,0.0,sell,0,0.0,0,0,2006995,0.201,buy,44819,44.623472,0,7015,1979620,0.1982,buy,45021,44.422764,0,-20337,-0.13
2004-11-22,10004616,6000063,False,,0,0.0,sell,0,0.0,0,0,0,0.0,sell,0,0.0,0,0,2014614,0.2014,buy,44819,44.623472,0,14635,1989938,0.1989,buy,45021,44.422764,0,-10019,0.0
2004-11-23,9998120,6000063,False,,0,0.0,sell,0,0.0,0,0,0,0.0,sell,0,0.0,0,0,2005650,0.2006,buy,44819,44.623472,0,5671,1992406,0.1993,buy,45021,44.422764,0,-7551,-0.06
2004-11-24,10011565,6000063,False,,0,0.0,sell,0,0.0,0,0,0,0.0,sell,0,0.0,0,0,2019096,0.2017,buy,44819,44.623472,0,19117,1992406,0.199,buy,45021,44.422764,0,-7551,0.0
2004-11-26,10009311,6000063,False,,0,0.0,sell,0,0.0,0,0,0,0.0,sell,0,0.0,0,0,2029853,0.2028,buy,44819,44.623472,0,29873,1979395,0.1978,buy,45021,44.422764,0,-20563,-0.02
2004-11-29,9993158,6000063,False,,0,0.0,sell,0,0.0,0,0,0,0.0,sell,0,0.0,0,0,2034783,0.2036,buy,44819,44.623472,0,34803,1958312,0.196,buy,45021,44.422764,0,-41645,-0.18
2004-11-30,9972310,6000063,False,,0,0.0,sell,0,0.0,0,0,0,0.0,sell,0,0.0,0,0,2022233,0.2028,buy,44819,44.623472,0,22254,1950013,0.1955,buy,45021,44.422764,0,-49944,-0.39
2004-12-01,9980922,6000063,False,,0,0.0,sell,0,0.0,0,0,0,0.0,sell,0,0.0,0,0,2033886,0.2038,buy,44819,44.623472,0,33907,1946973,0.1951,buy,45021,44.422764,0,-52985,-0.31
2004-12-02,9953767,6000063,False,,0,0.0,sell,0,0.0,0,0,0,0.0,sell,0,0.0,0,0,2014614,0.2024,buy,44819,44.623472,0,14635,1939090,0.1948,buy,45021,44.422764,0,-60868,-0.58
2004-12-03,10013077,6000063,False,,0,0.0,sell,0,0.0,0,0,0,0.0,sell,0,0.0,0,0,2043746,0.2041,buy,44819,44.623472,0,43767,1969267,0.1967,buy,45021,44.422764,0,-30690,0.0
2004-12-06,10000562,6000063,False,,0,0.0,sell,0,0.0,0,0,0,0.0,sell,0,0.0,0,0,2024474,0.2024,buy,44819,44.623472,0,24495,1976025,0.1976,buy,45021,44.422764,0,-23933,-0.12
2004-12-07,10000352,6000063,False,,0,0.0,sell,0,0.0,0,0,0,0.0,sell,0,0.0,0,0,2021785,0.2022,buy,44819,44.623472,0,21806,1978504,0.1978,buy,45021,44.422764,0,-21453,-0.13
2004-12-08,9981905,6000063,False,,0,0.0,sell,0,0.0,0,0,0,0.0,sell,0,0.0,0,0,1972484,0.1976,buy,44819,44.623472,0,-27495,2009357,0.2013,buy,45021,44.422764,0,9400,-0.31
2004-12-09,9958308,6000063,False,,0,0.0,sell,0,0.0,0,0,0,0.0,sell,0,0.0,0,0,1962176,0.197,buy,44819,44.623472,0,-37804,1996069,0.2004,buy,45021,44.422764,0,-3888,-0.55
2004-12-10,9948025,6000063,False,,0,0.0,sell,0,0.0,0,0,0,0.0,sell,0,0.0,0,0,1946937,0.1957,buy,44819,44.623472,0,-53042,2001024,0.2011,buy,45021,44.422764,0,1067,-0.65
2004-12-13,9973369,6000063,False,,0,0.0,sell,0,0.0,0,0,0,0.0,sell,0,0.0,0,0,1968002,0.1973,buy,44819,44.623472,0,-31977,2005303,0.2011,buy,45021,44.422764,0,5346,-0.4
2004-12-14,9965116,6000063,False,,0,0.0,sell,0,0.0,0,0,0,0.0,sell,0,0.0,0,0,1951867,0.1959,buy,44819,44.623472,0,-48112,2013185,0.202,buy,45021,44.422764,0,13228,-0.48
2004-12-15,10003081,6000063,False,,0,0.0,sell,0,0.0,0,0,0,0.0,sell,0,0.0,0,0,1971588,0.1971,buy,44819,44.623472,0,-28391,2031429,0.2031,buy,45021,44.422764,0,31472,-0.1
2004-12-16,9959230,6000063,False,,0,0.0,sell,0,0.0,0,0,0,0.0,sell,0,0.0,0,0,1957694,0.1966,buy,44819,44.623472,0,-42285,2001473,0.201,buy,45021,44.422764,0,1516,-0.54
2004-12-17,9979388,6000063,False,,0,0.0,sell,0,0.0,0,0,0,0.0,sell,0,0.0,0,0,1980552,0.1985,buy,44819,44.623472,0,-19428,1998773,0.2003,buy,45021,44.422764,0,-1184,-0.34
2004-12-20,9989714,6000063,False,,0,0.0,sell,0,0.0,0,0,0,0.0,sell,0,0.0,0,0,1987274,0.1989,buy,44819,44.623472,0,-12705,2002376,0.2004,buy,45021,44.422764,0,2419,-0.23
2004-12-21,9990416,6000063,False,,0,0.0,sell,0,0.0,0,0,0,0.0,sell,0,0.0,0,0,1981896,0.1984,buy,44819,44.623472,0,-18083,2008456,0.201,buy,45021,44.422764,0,8499,-0.23
2004-12-22,9974695,6000063,False,,0,0.0,sell,0,0.0,0,0,0,0.0,sell,0,0.0,0,0,1972932,0.1978,buy,44819,44.623472,0,-27047,2001699,0.2007,buy,45021,44.422764,0,1742,-0.38
2004-12-23,9979369,6000063,False,,0,0.0,sell,0,0.0,0,0,0,0.0,sell,0,0.0,0,0,1984137,0.1988,buy,44819,44.623472,0,-15842,1995168,0.1999,buy,45021,44.422764,0,-4789,-0.34
2004-12-27,9973241,6000063,False,,0,0.0,sell,0,0.0,0,0,0,0.0,sell,0,0.0,0,0,1993549,0.1999,buy,44819,44.623472,0,-6430,1979628,0.1985,buy,45021,44.422764,0,-20329,-0.4
2004-12-28,9966734,6000063,False,,0,0.0,sell,0,0.0,0,0,0,0.0,sell,0,0.0,0,0,1988619,0.1995,buy,44819,44.623472,0,-11360,1978051,0.1985,buy,45021,44.422764,0,-21906,-0.46
2004-12-29,9932886,6000063,False,,0,0.0,sell,0,0.0,0,0,0,0.0,sell,0,0.0,0,0,1956798,0.197,buy,44819,44.623472,0,-43182,1976025,0.1989,buy,45021,44.422764,0,-23933,-0.8
2004-12-30,9953793,6000063,False,,0,0.0,sell,0,0.0,0,0,0,0.0,sell,0,0.0,0,0,1964417,0.1974,buy,44819,44.623472,0,-35563,1989313,0.1999,buy,45021,44.422764,0,-10644,-0.59
2004-12-31,9964997,6000063,False,,0,0.0,sell,0,0.0,0,0,0,0.0,sell,0,0.0,0,0,1963072,0.197,buy,44819,44.623472,0,-36907,2001861,0.2009,buy,45021,44.422764,0,1904,-0.48
2005-01-03,9934332,6000063,False,,0,0.0,sell,0,0.0,0,0,0,0.0,sell,0,0.0,0,0,1928113,0.1941,buy,44819,44.623472,0,-71866,2006156,0.2019,buy,45021,44.422764,0,6198,-0.79
2005-01-04,9900758,6000063,False,,0,0.0,sell,0,0.0,0,0,0,0.0,sell,0,0.0,0,0,1915564,0.1935,buy,44819,44.623472,0,-84415,1985130,0.2005,buy,45021,44.422764,0,-14827,-1.12
2005-01-05,9908245,6000063,False,,0,0.0,sell,0,0.0,0,0,0,0.0,sell,0,0.0,0,0,1912427,0.193,buy,44819,44.623472,0,-87553,1995755,0.2014,buy,45021,44.422764,0,-4203,-1.05
2005-01-06,9886297,6000063,False,,0,0.0,sell,0,0.0,0,0,0,0.0,sell,0,0.0,0,0,1889121,0.1911,buy,44819,44.623472,0,-110858,1997113,0.202,buy,45021,44.422764,0,-2844,-1.27
2005-01-07,9876925,6000063,False,,0,0.0,sell,0,0.0,0,0,0,0.0,sell,0,0.0,0,0,1875227,0.1899,buy,44819,44.623472,0,-124752,2001635,0.2027,buy,45021,44.422764,0,1678,-1.36
2005-01-10,9885019,6000063,False,,0,0.0,sell,0,0.0,0,0,0,0.0,sell,0,0.0,0,0,1880157,0.1902,buy,44819,44.623472,0,-119822,2004798,0.2028,buy,45021,44.422764,0,4841,-1.28
2005-01-11,9908427,6000063,False,,0,0.0,sell,0,0.0,0,0,0,0.0,sell,0,0.0,0,0,1891810,0.1909,buy,44819,44.623472,0,-108169,2016554,0.2035,buy,45021,44.422764,0,16597,-1.05
2005-01-12,9928621,6000063,False,,0,0.0,sell,0,0.0,0,0,0,0.0,sell,0,0.0,0,0,1909289,0.1923,buy,44819,44.623472,0,-90690,2019268,0.2034,buy,45021,44.422764,0,19311,-0.84
2005-01-13,9948061,6000063,False,,0,0.0,sell,0,0.0,0,0,0,0.0,sell,0,0.0,0,0,1909289,0.1919,buy,44819,44.623472,0,-90690,2038709,0.2049,buy,45021,44.422764,0,38751,-0.65
2005-01-14,9935286,6000063,False,,0,0.0,sell,0,0.0,0,0,0,0.0,sell,0,0.0,0,0,1896740,0.1909,buy,44819,44.623472,0,-103239,2038483,0.2052,buy,45021,44.422764,0,38525,-0.78
2005-01-18,9942070,6000063,False,,0,0.0,sell,0,0.0,0,0,0,0.0,sell,0,0.0,0,0,1896740,0.1908,buy,44819,44.623472,0,-103239,2045267,0.2057,buy,45021,44.422764,0,45310,-0.71
2005-01-19,9945258,6000063,False,,0,0.0,sell,0,0.0,0,0,0,0.0,sell,0,0.0,0,0,1894051,0.1904,buy,44819,44.623472,0,-105929,2051144,0.2062,buy,45021,44.422764,0,51186,-0.68
2005-01-20,9948879,6000063,False,,0,0.0,sell,0,0.0,0,0,0,0.0,sell,0,0.0,0,0,1893603,0.1903,buy,44819,44.623472,0,-106377,2055213,0.2066,buy,45021,44.422764,0,55256,-0.64
2005-01-21,9973103,6000063,False,,0,0.0,sell,0,0.0,0,0,0,0.0,sell,0,0.0,0,0,1915564,0.1921,buy,44819,44.623472,0,-84415,2057475,0.2063,buy,45021,44.422764,0,57518,-0.4
2005-01-24,9983261,6000063,False,,0,0.0,sell,0,0.0,0,0,0,0.0,sell,0,0.0,0,0,1916909,0.192,buy,44819,44.623472,0,-83071,2066289,0.207,buy,45021,44.422764,0,66332,-0.3
2005-01-25,9940065,6000063,False,,0,0.0,sell,0,0.0,0,0,0,0.0,sell,0,0.0,0,0,1893155,0.1905,buy,44819,44.623472,0,-106825,2046847,0.2059,buy,45021,44.422764,0,46890,-0.73
2005-01-26,9964078,6000063,False,,0,0.0,sell,0,0.0,0,0,0,0.0,sell,0,0.0,0,0,1913323,0.192,buy,44819,44.623472,0,-86656,2050692,0.2058,buy,45021,44.422764,0,50734,-0.49
2005-01-27,9957096,6000063,False,,0,0.0,sell,0,0.0,0,0,0,0.0,sell,0,0.0,0,0,1910186,0.1918,buy,44819,44.623472,0,-89794,2046847,0.2056,buy,45021,44.422764,0,46890,-0.56
2005-01-28,9980807,6000063,False,,0,0.0,buy,0,0.0,0,0,0,0.0,sell,0,0.0,0,0,1913323,0.1917,buy,44819,44.623472,0,-86656,2067420,0.2071,buy,45021,44.422764,0,67463,-0.32
2005-01-31,9961239,2994284,True,daily,2990566,0.3002,buy,37412,80.033316,0,-3641,0,0.0,sell,0,0.0,0,0,1974841,0.1983,buy,46775,44.527843,0,-107949,2001549,0.2009,buy,43463,44.422764,2026,70802,-0.52
2005-02-01,9971432,2994284,False,,3009548,0.3018,buy,37412,80.033316,0,15342,0,0.0,sell,0,0.0,0,0,1969227,0.1975,buy,46775,44.527843,0,-113562,1998373,0.2004,buy,43463,44.422764,2026,67627,-0.42
2005-02-02,9987949,2994284,False,,3018658,0.3022,buy,37412,80.033316,0,24452,0,0.0,sell,0,0.0,0,0,1972034,0.1974,buy,46775,44.527843,0,-110756,2002973,0.2005,buy,43463,44.422764,2026,72227,-0.25
2005-02-03,9956556,2994284,False,,3010813,0.3024,buy,37412,80.033316,0,16607,0,0.0,sell,0,0.0,0,0,1949582,0.1958,buy,46775,44.527843,0,-133208,2001878,0.2011,buy,43463,44.422764,2026,71131,-0.56
2005-02-04,10006700,2994284,False,,3042957,0.3041,buy,37412,80.033316,0,48751,0,0.0,sell,0,0.0,0,0,1939759,0.1938,buy,46775,44.527843,0,-143031,2029700,0.2028,buy,43463,44.422764,2026,98954,-0.06
2005-02-07,10008412,2994284,False,,3038907,0.3036,buy,37412,80.033316,0,44701,0,0.0,sell,0,0.0,0,0,1930404,0.1929,buy,46775,44.527843,0,-152386,2044817,0.2043,buy,43463,44.422764,2026,114070,-0.05
2005-02-08,10023096,2994284,False,,3042451,0.3035,buy,37412,80.033316,0,48244,0,0.0,sell,0,0.0,0,0,1929936,0.1925,buy,46775,44.527843,0,-152853,2056426,0.2052,buy,43463,44.422764,2026,125679,0.0
2005-02-09,10008132,2994284,False,,3019671,0.3017,buy,37412,80.033316,0,25465,0,0.0,sell,0,0.0,0,0,1932275,0.1931,buy,46775,44.527843,0,-150515,2061902,0.206,buy,43463,44.422764,2026,131155,-0.15
2005-02-10,10011775,2994284,False,,3030555,0.3027,buy,37412,80.033316,0,36348,0,0.0,sell,0,0.0,0,0,1952856,0.1951,buy,46775,44.527843,0,-129934,2034080,0.2032,buy,43463,44.422764,2026,103334,-0.11
2005-02-11,10051965,2994284,False,,3056622,0.3041,buy,37412,80.033316,0,62416,0,0.0,sell,0,0.0,0,0,1968292,0.1958,buy,46775,44.527843,0,-114498,2032767,0.2022,buy,43463,44.422764,2026,102021,0.0
2005-02-14,10078025,2994284,False,,3054346,0.3031,buy,37412,80.033316,0,60139,0,0.0,sell,0,0.0,0,0,1990276,0.1975,buy,46775,44.527843,0,-92514,2039119,0.2023,buy,43463,44.422764,2026,108372,0.0
2005-02-15,10080522,2994284,False,,3065735,0.3041,buy,37412,80.033316,0,71528,0,0.0,sell,0,0.0,0,0,1991680,0.1976,buy,46775,44.527843,0,-91110,2028824,0.2013,buy,43463,44.422764,2026,98077,0.0
2005-02-16,10072071,2994284,False,,3067759,0.3046,buy,37412,80.033316,0,73553,0,0.0,sell,0,0.0,0,0,1988873,0.1975,buy,46775,44.527843,0,-93917,2021155,0.2007,buy,43463,44.422764,2026,90408,-0.08
2005-02-17,10044387,2994284,False,,3042957,0.303,buy,37412,80.033316,0,48751,0,0.0,sell,0,0.0,0,0,1998696,0.199,buy,46775,44.527843,0,-84094,2008451,0.2,buy,43463,44.422764,2026,77704,-0.36
2005-02-18,10031406,2994284,False,,3047005,0.3037,buy,37412,80.033316,0,52799,0,0.0,sell,0,0.0,0,0,1999631,0.1993,buy,46775,44.527843,0,-83159,1990485,0.1984,buy,43463,44.422764,2026,59739,-0.49
2005-02-22,10015695,2994284,False,,3001702,0.2997,buy,37412,80.033316,0,7495,0,0.0,sell,0,0.0,0,0,2037987,0.2035,buy,46775,44.527843,0,-44803,1981724,0.1979,buy,43463,44.422764,2026,50977,-0.64
2005-02-23,10036763,2994284,False,,3023215,0.3012,buy,37412,80.033316,0,29008,0,0.0,sell,0,0.0,0,0,2030970,0.2024,buy,46775,44.527843,0,-51819,1988295,0.1981,buy,43463,44.422764,2026,57548,-0.43
2005-02-24,10048168,2994284,False,,3043210,0.3029,buy,37412,80.033316,0,49003,0,0.0,sell,0,0.0,0,0,2026761,0.2017,buy,46775,44.527843,0,-56029,1983914,0.1974,buy,43463,44.422764,2026,53168,-0.32
2005-02-25,10095876,2994284,False,,3073328,0.3044,buy,37412,80.033316,0,79121,0,0.0,sell,0,0.0,0,0,2034712,0.2015,buy,46775,44.527843,0,-48077,1993553,0.1975,buy,43463,44.422764,2026,62806,0.0
2005-02-28,10055563,2994284,False,,3053080,0.3036,buy,37412,80.033316,0,58874,0,0.0,sell,0,0.0,0,0,2036116,0.2025,buy,46775,44.527843,0,-46674,1972084,0.1961,buy,43463,44.422764,2026,41337,-0.4
2005-03-01,10055634,2994284,False,,3068266,0.3051,buy,37412,80.033316,0,74059,0,0.0,sell,0,0.0,0,0,2021616,0.201,buy,46775,44.527843,0,-61174,1971470,0.1961,buy,43463,44.422764,2026,40723,-0.4
2005-03-02,10052881,2994284,False,,3066746,0.3051,buy,37412,80.033316,0,72540,0,0.0,sell,0,0.0,0,0,2023019,0.2012,buy,46775,44.527843,0,-59771,1968833,0.1958,buy,43463,44.422764,2026,38086,-0.43
2005-03-03,10039952,2994284,False,,3068012,0.3056,buy,37412,80.033316,0,73806,0,0.0,sell,0,0.0,0,0,2009922,0.2002,buy,46775,44.527843,0,-72868,1967734,0.196,buy,43463,44.422764,2026,36988,-0.55
2005-03-04,10118662,2994284,False,,3106229,0.307,buy,37412,80.033316,0,112023,0,0.0,sell,0,0.0,0,0,2029100,0.2005,buy,46775,44.527843,0,-53690,1989050,0.1966,buy,43463,44.422764,2026,58303,0.0
2005-03-07,10132302,2994284,False,,3107749,0.3067,buy,37412,80.033316,0,113542,0,0.0,sell,0,0.0,0,0,2033309,0.2007,buy,46775,44.527843,0,-49481,1996960,0.1971,buy,43463,44.422764,2026,66214,0.0
2005-03-08,10127955,2994284,False,,3096106,0.3057,buy,37412,80.033316,0,101899,0,0.0,sell,0,0.0,0,0,2059503,0.2033,buy,46775,44.527843,0,-23287,1978062,0.1953,buy,43463,44.422764,2026,47315,-0.04
2005-03-09,10060763,2994284,False,,3061685,0.3043,buy,37412,80.033316,0,67478,0,0.0,sell,0,0.0,0,0,2059036,0.2047,buy,46775,44.527843,0,-23754,1945759,0.1934,buy,43463,44.422764,2026,15012,-0.71
2005-03-10,10087881,2994284,False,,3068518,0.3042,buy,37412,80.033316,0,74311,0,0.0,sell,0,0.0,0,0,2067455,0.2049,buy,46775,44.527843,0,-15335,1957625,0.1941,buy,43463,44.422764,2026,26878,-0.44
2005-03-11,10062841,2994284,False,,3047005,0.3028,buy,37412,80.033316,0,52799,0,0.0,sell,0,0.0,0,0,2078213,0.2065,buy,46775,44.527843,0,-4577,1943339,0.1931,buy,43463,44.422764,2026,12593,-0.69
2005-03-14,10074763,2994284,False,,3065989,0.3043,buy,37412,80.033316,0,71783,0,0.0,sell,0,0.0,0,0,2059503,0.2044,buy,46775,44.527843,0,-23287,1954987,0.194,buy,43463,44.422764,2026,24241,-0.57
2005-03-15,10038548,2994284,False,,3040678,0.3029,buy,37412,80.033316,0,46472,0,0.0,sell,0,0.0,0,0,2060907,0.2053,buy,46775,44.527843,0,-21883,1942680,0.1935,buy,43463,44.422764,2026,11933,-0.93
2005-03-16,10036295,2994284,False,,3014863,0.3004,buy,37412,80.033316,0,20657,0,0.0,sell,0,0.0,0,0,2072600,0.2065,buy,46775,44.527843,0,-10190,1954548,0.1947,buy,43463,44.422764,2026,23801,-0.95
2005-03-17,10025823,2994284,False,,3020938,0.3013,buy,37412,80.033316,0,26732,0,0.0,sell,0,0.0,0,0,2049680,0.2044,buy,46775,44.527843,0,-33109,1960921,0.1956,buy,43463,44.422764,2026,30174,-1.05
2005-03-18,10007818,2994284,False,,3011967,0.301,buy,37412,80.033316,0,17760,0,0.0,sell,0,0.0,0,0,2052955,0.2051,buy,46775,44.527843,0,-29835,1948613,0.1947,buy,43463,44.422764,2026,17867,-1.23
2005-03-21,9953726,2994284,False,,3000788,0.3015,buy,37412,80.033316,0,6582,0,0.0,sell,0,0.0,0,0,2015535,0.2025,buy,46775,44.527843,0,-67255,1943119,0.1952,buy,43463,44.422764,2026,12373,-1.76
2005-03-22,9886172,2994284,False,,2970297,0.3004,buy,37412,80.033316,0,-23910,0,0.0,sell,0,0.0,0,0,1994954,0.2018,buy,46775,44.527843,0,-87836,1926637,0.1949,buy,43463,44.422764,2026,-4109,-2.43
2005-03-23,9887184,2994284,False,,2972838,0.3007,buy,37412,80.033316,0,-21369,0,0.0,sell,0,0.0,0,0,1984195,0.2007,buy,46775,44.527843,0,-98594,1935868,0.1958,buy,43463,44.422764,2026,5121,-2.42
2005-03-24,9893294,2994284,False,,2976396,0.3008,buy,37412,80.033316,0,-17811,0,0.0,sell,0,0.0,0,0,1982792,0.2004,buy,46775,44.527843,0,-99998,1939823,0.1961,buy,43463,44.422764,2026,9076,-2.36
2005-03-28,9892763,2994284,False,,2980714,0.3013,buy,37412,80.033316,0,-13492,0,0.0,sell,0,0.0,0,0,1989809,0.2011,buy,46775,44.527843,0,-92981,1927956,0.1949,buy,43463,44.422764,2026,-2790,-2.36
2005-03-29,9885308,2994284,False,,2960896,0.2995,buy,37412,80.033316,0,-33311,0,0.0,sell,0,0.0,0,0,1990744,0.2014,buy,46775,44.527843,0,-92046,1939385,0.1962,buy,43463,44.422764,2026,8638,-2.44
2005-03-30,9939242,2994284,False,,3002821,0.3021,buy,37412,80.033316,0,8615,0,0.0,sell,0,0.0,0,0,1993083,0.2005,buy,46775,44.527843,0,-89707,1949054,0.1961,buy,43463,44.422764,2026,18308,-1.91
2005-03-31,9957537,2994284,False,,2997230,0.301,buy,37412,80.033316,0,3024,0,0.0,sell,0,0.0,0,0,2002906,0.2011,buy,46775,44.527843,0,-79884,1963118,0.1971,buy,43463,44.422764,2026,32371,-1.72
2005-04-01,9941334,2994284,False,,2983764,0.3001,buy,37412,80.033316,0,-10443,0,0.0,sell,0,0.0,0,0,1993550,0.2005,buy,46775,44.527843,0,-89239,1969736,0.1981,buy,43463,44.422764,2026,38990,-1.88
2005-04-04,9935684,2994284,False,,2988846,0.3008,buy,37412,80.033316,0,-5361,0,0.0,sell,0,0.0,0,0,1983260,0.1996,buy,46775,44.527843,0,-99530,1969294,0.1982,buy,43463,44.422764,2026,38548,-1.94
2005-04-05,9947178,2994284,False,,3003074,0.3019,buy,37412,80.033316,0,8867,0,0.0,sell,0,0.0,0,0,1985599,0.1996,buy,46775,44.527843,0,-97191,1964222,0.1975,buy,43463,44.422764,2026,33476,-1.83
2005-04-06,9972852,2994284,False,,3013492,0.3022,buy,37412,80.033316,0,19285,0,0.0,sell,0,0.0,0,0,1994018,0.1999,buy,46775,44.527843,0,-88772,1971058,0.1976,buy,43463,44.422764,2026,40312,-1.57
2005-04-07,9970427,2994284,False,,3029754,0.3039,buy,37412,80.033316,0,35548,0,0.0,sell,0,0.0,0,0,1991212,0.1997,buy,46775,44.527843,0,-91578,1955178,0.1961,buy,43463,44.422764,2026,24431,-1.6
2005-04-08,9951372,2994284,False,,2998248,0.3013,buy,37412,80.033316,0,4042,0,0.0,sell,0,0.0,0,0,1996825,0.2007,buy,46775,44.527843,0,-85965,1962015,0.1972,buy,43463,44.422764,2026,31268,-1.79
2005-04-11,9968454,2994284,False,,3000534,0.301,buy,37412,80.033316,0,6327,0,0.0,sell,0,0.0,0,0,2001034,0.2007,buy,46775,44.527843,0,-81755,1972602,0.1979,buy,43463,44.422764,2026,41855,-1.62
2005-04-12,10005069,2994284,False,,3016033,0.3015,buy,37412,80.033316,0,21827,0,0.0,sell,0,0.0,0,0,2003841,0.2003,buy,46775,44.527843,0,-78949,1990911,0.199,buy,43463,44.422764,2026,60164,-1.26
2005-04-13,9967449,2994284,False,,2980460,0.299,buy,37412,80.033316,0,-13746,0,0.0,sell,0,0.0,0,0,2006648,0.2013,buy,46775,44.527843,0,-76142,1986058,0.1993,buy,43463,44.422764,2026,55311,-1.63
2005-04-14,9897890,2994284,False,,2941586,0.2972,buy,37412,80.033316,0,-52621,0,0.0,sell,0,0.0,0,0,1979050,0.1999,buy,46775,44.527843,0,-103740,1982971,0.2003,buy,43463,44.422764,2026,52224,-2.31
2005-04-15,9887184,2994284,False,,2900423,0.2934,buy,37412,80.033316,0,-93783,0,0.0,sell,0,0.0,0,0,1983260,0.2006,buy,46775,44.527843,0,-99530,2009218,0.2032,buy,43463,44.422764,2026,78471,-2.42
2005-04-18,9908098,2994284,False,,2909316,0.2936,buy,37412,80.033316,0,-84890,0,0.0,sell,0,0.0,0,0,1996825,0.2015,buy,46775,44.527843,0,-85965,2007673,0.2026,buy,43463,44.422764,2026,76927,-2.21
2005-04-19,9978228,2994284,False,,2932438,0.2939,buy,37412,80.033316,0,-61769,0,0.0,sell,0,0.0,0,0,2024422,0.2029,buy,46775,44.527843,0,-58368,2027084,0.2032,buy,43463,44.422764,2026,96338,-1.52
2005-04-20,9937860,2994284,False,,2891530,0.291,buy,37412,80.033316,0,-102676,0,0.0,sell,0,0.0,0,0,2030035,0.2043,buy,46775,44.527843,0,-52755,2022011,0.2035,buy,43463,44.422764,2026,91264,-1.92
2005-04-21,9963016,2994284,False,,2947683,0.2959,buy,37412,80.033316,0,-46523,0,0.0,sell,0,0.0,0,0,2020212,0.2028,buy,46775,44.527843,0,-62578,2000837,0.2008,buy,43463,44.422764,2026,70091,-1.67
2005-04-22,9977957,2994284,False,,2936505,0.2943,buy,37412,80.033316,0,-57701,0,0.0,sell,0,0.0,0,0,2029567,0.2034,buy,46775,44.527843,0,-53223,2017601,0.2022,buy,43463,44.422764,2026,86854,-1.52
2005-04-25,10005560,2994284,False,,2955815,0.2954,buy,37412,80.033316,0,-38392,0,0.0,sell,0,0.0,0,0,2031906,0.2031,buy,46775,44.527843,0,-50884,2023556,0.2022,buy,43463,44.422764,2026,92809,-1.25
2005-04-26,9983114,2994284,False,,2927103,0.2932,buy,37412,80.033316,0,-67104,0,0.0,sell,0,0.0,0,0,2041261,0.2045,buy,46775,44.527843,0,-41529,2020467,0.2024,buy,43463,44.422764,2026,89721,-1.47
2005-04-27,9981026,2994284,False,,2938536,0.2944,buy,37412,80.033316,0,-55670,0,0.0,sell,0,0.0,0,0,2020680,0.2025,buy,46775,44.527843,0,-62110,2027526,0.2031,buy,43463,44.422764,2026,96780,-1.49
2005-04-28,9949826,2994284,False,,2901693,0.2916,buy,37412,80.033316,0,-92513,0,0.0,sell,0,0.0,0,0,2011325,0.2021,buy,46775,44.527843,0,-71465,2042524,0.2053,buy,43463,44.422764,2026,111778,-1.8
2005-04-29,10002054,2994284,False,,2941078,0.294,buy,37412,80.033316,0,-53129,0,0.0,sell,0,0.0,0,0,2027696,0.2027,buy,46775,44.527843,0,-55094,2038996,0.2039,buy,43463,44.422764,2026,108250,-1.29
2005-05-02,9996142,2994284,False,,2957593,0.2959,buy,37412,80.033316,0,-36613,0,0.0,sell,0,0.0,0,0,2005712,0.2006,buy,46775,44.527843,0,-77078,2038553,0.2039,buy,43463,44.422764,2026,107806,-1.34
2005-05-03,10001146,2994284,False,,2962674,0.2962,buy,37412,80.033316,0,-31532,0,0.0,sell,0,0.0,0,0,2000099,0.2,buy,46775,44.527843,0,-82691,2044089,0.2044,buy,43463,44.422764,2026,113342,-1.29
2005-05-04,10012632,2994284,False,,2985543,0.2982,buy,37412,80.033316,0,-8664,0,0.0,sell,0,0.0,0,0,2006648,0.2004,buy,46775,44.527843,0,-76142,2026158,0.2024,buy,43463,44.422764,2026,95411,-1.18
2005-05-05,10016731,2994284,False,,2984526,0.298,buy,37412,80.033316,0,-9680,0,0.0,sell,0,0.0,0,0,2007115,0.2004,buy,46775,44.527843,0,-75675,2030806,0.2027,buy,43463,44.422764,2026,100059,-1.14
2005-05-06,9974034,2994284,False,,2975125,0.2983,buy,37412,80.033316,0,-19082,0,0.0,sell,0,0.0,0,0,1988873,0.1994,buy,46775,44.527843,0,-93917,2015752,0.2021,buy,43463,44.422764,2026,85006,-1.56
2005-05-09,9995978,2994284,False,,2993673,0.2995,buy,37412,80.033316,0,-533,0,0.0,sell,0,0.0,0,0,1990276,0.1991,buy,46775,44.527843,0,-92514,2017745,0.2019,buy,43463,44.422764,2026,86998,-1.35
2005-05-10,9983578,2994284,False,,2962674,0.2968,buy,37412,80.033316,0,-31532,0,0.0,sell,0,0.0,0,0,1994486,0.1998,buy,46775,44.527843,0,-88304,2032134,0.2035,buy,43463,44.422764,2026,101388,-1.47
2005-05-11,10008377,2994284,False,,2978936,0.2976,buy,37412,80.033316,0,-15270,0,0.0,sell,0,0.0,0,0,1996825,0.1995,buy,46775,44.527843,0,-85965,2038332,0.2037,buy,43463,44.422764,2026,107586,-1.22
2005-05-12,9958778,2994284,False,,2946159,0.2958,buy,37412,80.033316,0,-48048,0,0.0,sell,0,0.0,0,0,1972034,0.198,buy,46775,44.527843,0,-110756,2046302,0.2055,buy,43463,44.422764,2026,115555,-1.71
2005-05-13,9951080,2994284,False,,2940315,0.2955,buy,37412,80.033316,0,-53891,0,0.0,sell,0,0.0,0,0,1962211,0.1972,buy,46775,44.527843,0,-120579,2054271,0.2064,buy,43463,44.422764,2026,123524,-1.79
2005-05-16,9972811,2994284,False,,2967756,0.2976,buy,37412,80.033316,0,-26451,0,0.0,sell,0,0.0,0,0,1958937,0.1964,buy,46775,44.527843,0,-123853,2051835,0.2057,buy,43463,44.422764,2026,121088,-1.57
2005-05-17,9997449,2994284,False,,2987575,0.2988,buy,37412,80.033316,0,-6632,0,0.0,sell,0,0.0,0,0,1958002,0.1959,buy,46775,44.527843,0,-124788,2057589,0.2058,buy,43463,44.422764,2026,126843,-1.33
2005-05-18,10050808,2994284,False,,3018321,0.3003,buy,37412,80.033316,0,24114,0,0.0,sell,0,0.0,0,0,1966889,0.1957,buy,46775,44.527843,0,-115901,2071315,0.2061,buy,43463,44.422764,2026,140569,-0.8
2005-05-19,10054924,2994284,False,,3031023,0.3014,buy,37412,80.033316,0,36817,0,0.0,sell,0,0.0,0,0,1963614,0.1953,buy,46775,44.527843,0,-119175,2066003,0.2055,buy,43463,44.422764,2026,135256,-0.76
2005-05-20,10037606,2994284,False,,3026705,0.3015,buy,37412,80.033316,0,32498,0,0.0,sell,0,0.0,0,0,1948179,0.1941,buy,46775,44.527843,0,-134611,2068439,0.2061,buy,43463,44.422764,2026,137693,-0.93
2005-05-23,10069131,2994284,False,,3043475,0.3023,buy,37412,80.033316,0,49268,0,0.0,sell,0,0.0,0,0,1946775,0.1933,buy,46775,44.527843,0,-136014,2084597,0.207,buy,43463,44.422764,2026,153851,-0.62
2005-05-24,10072917,2994284,False,,3036361,0.3014,buy,37412,80.033316,0,42155,0,0.0,sell,0,0.0,0,0,1951921,0.1938,buy,46775,44.527843,0,-130869,2090352,0.2075,buy,43463,44.422764,2026,159605,-0.59
2005-05-25,10062570,2994284,False,,3034074,0.3015,buy,37412,80.033316,0,39868,0,0.0,buy,0,0.0,0,0,1958469,0.1946,buy,46775,44.527843,0,-124321,2075743,0.2063,buy,43463,44.422764,2026,144997,-0.69
2005-05-26,10076775,41,True,daily,3035007,0.3012,buy,37224,80.033316,203,55847,3026317,0.3003,buy,93012,32.45501,0,7612,2003830,0.1989,buy,48065,44.456112,0,-132953,2011580,0.1996,buy,42133,44.422764,6151,139916,-0.55
2005-05-27,10094697,41,False,,3040064,0.3012,buy,37224,80.033316,203,60903,3027903,0.2999,buy,93012,32.45501,0,9198,2012962,0.1994,buy,48065,44.456112,0,-123821,2013727,0.1995,buy,42133,44.422764,6151,142062,-0.37
2005-05-31,10078765,41,False,,3020597,0.2997,buy,37224,80.033316,203,41437,3017602,0.2994,buy,93012,32.45501,0,-1103,2001907,0.1986,buy,48065,44.456112,0,-134876,2038617,0.2023,buy,42133,44.422764,6151,166953,-0.53
2005-06-01,10148311,41,False,,3046383,0.3002,buy,37224,80.033316,203,67223,3042167,0.2998,buy,93012,32.45501,0,23462,1996139,0.1967,buy,48065,44.456112,0,-140644,2063580,0.2033,buy,42133,44.422764,6151,191916,0.0
2005-06-02,10208633,41,False,,3052956,0.2991,buy,37224,80.033316,203,73795,3063565,0.3001,buy,93012,32.45501,0,44859,2023536,0.1982,buy,48065,44.456112,0,-113247,2068535,0.2026,buy,42133,44.422764,6151,196870,0.0
2005-06-03,10135183,41,False,,3037534,0.2997,buy,37224,80.033316,203,58374,3019186,0.2979,buy,93012,32.45501,0,481,2026901,0.2,buy,48065,44.456112,0,-109882,2051520,0.2024,buy,42133,44.422764,6151,179855,-0.72
2005-06-06,10158865,41,False,,3034755,0.2987,buy,37224,80.033316,203,55594,3019980,0.2973,buy,93012,32.45501,0,1274,2041801,0.201,buy,48065,44.456112,0,-94982,2062288,0.203,buy,42133,44.422764,6151,190624,-0.49
2005-06-07,10147344,41,False,,3037029,0.2993,buy,37224,80.033316,203,57869,2994621,0.2951,buy,93012,32.45501,0,-24084,2036995,0.2007,buy,48065,44.456112,0,-99788,2078658,0.2048,buy,42133,44.422764,6151,206993,-0.6
2005-06-08,10123613,41,False,,3031467,0.2994,buy,37224,80.033316,203,52307,2988282,0.2952,buy,93012,32.45501,0,-30423,2035072,0.201,buy,48065,44.456112,0,-101711,2068751,0.2043,buy,42133,44.422764,6151,197086,-0.83
2005-06-09,10151953,41,False,,3045878,0.3,buy,37224,80.033316,203,66718,3007299,0.2962,buy,93012,32.45501,0,-11406,2031708,0.2001,buy,48065,44.456112,0,-105075,2067027,0.2036,buy,42133,44.422764,6151,195363,-0.56
2005-06-10,10106737,41,False,,3038798,0.3007,buy,37224,80.033316,203,59637,2975602,0.2944,buy,93012,32.45501,0,-43103,2048530,0.2027,buy,48065,44.456112,0,-88253,2043766,0.2022,buy,42133,44.422764,6151,172102,-1.0
2005-06-13,10126022,41,False,,3048406,0.301,buy,37224,80.033316,203,69246,2989865,0.2953,buy,93012,32.45501,0,-28840,2056221,0.2031,buy,48065,44.456112,0,-80562,2031489,0.2006,buy,42133,44.422764,6151,159825,-0.81
2005-06-14,10099210,41,False,,3055484,0.3025,buy,37224,80.033316,203,76324,2977980,0.2949,buy,93012,32.45501,0,-40725,2047569,0.2027,buy,48065,44.456112,0,-89214,2018136,0.1998,buy,42133,44.422764,6151,146472,-1.07
2005-06-15,10124929,41,False,,3061299,0.3024,buy,37224,80.033316,203,82138,2987491,0.2951,buy,93012,32.45501,0,-31214,2054298,0.2029,buy,48065,44.456112,0,-82485,2021799,0.1997,buy,42133,44.422764,6151,150135,-0.82
2005-06-16,10193339,41,False,,3069137,0.3011,buy,37224,80.033316,203,89976,3003336,0.2946,buy,93012,32.45501,0,-15369,2088905,0.2049,buy,48065,44.456112,0,-47878,2031920,0.1993,buy,42133,44.422764,6151,160256,-0.15
2005-06-17,10213066,41,False,,3080508,0.3016,buy,37224,80.033316,203,101348,3003735,0.2941,buy,93012,32.45501,0,-14971,2097076,0.2053,buy,48065,44.456112,0,-39707,2031705,0.1989,buy,42133,44.422764,6151,160041,0.0
2005-06-20,10212076,41,False,,3081523,0.3018,buy,37224,80.033316,203,102363,3003735,0.2941,buy,93012,32.45501,0,-14971,2098518,0.2055,buy,48065,44.456112,0,-38265,2028258,0.1986,buy,42133,44.422764,6151,156594,-0.01
2005-06-21,10234336,41,False,,3083300,0.3013,buy,37224,80.033316,203,104140,3002147,0.2933,buy,93012,32.45501,0,-16558,2105728,0.2058,buy,48065,44.456112,0,-31055,2043120,0.1996,buy,42133,44.422764,6151,171455,0.0
2005-06-22,10254145,41,False,,3085838,0.3009,buy,37224,80.033316,203,106677,2998975,0.2925,buy,93012,32.45501,0,-19730,2101402,0.2049,buy,48065,44.456112,0,-35381,2067889,0.2017,buy,42133,44.422764,6151,196225,0.0
2005-06-23,10189694,41,False,,3042435,0.2986,buy,37224,80.033316,203,63275,2965662,0.291,buy,93012,32.45501,0,-53043,2115821,0.2076,buy,48065,44.456112,0,-20962,2065735,0.2027,buy,42133,44.422764,6151,194070,-0.63
2005-06-24,10138613,41,False,,3020096,0.2979,buy,37224,80.033316,203,40936,2932349,0.2892,buy,93012,32.45501,0,-86356,2110054,0.2081,buy,48065,44.456112,0,-26729,2076073,0.2048,buy,42133,44.422764,6151,204409,-1.13
2005-06-27,10135525,41,False,,3024411,0.2984,buy,37224,80.033316,203,45251,2918865,0.288,buy,93012,32.45501,0,-99841,2110534,0.2082,buy,48065,44.456112,0,-26249,2081674,0.2054,buy,42133,44.422764,6151,210010,-1.16
2005-06-28,10152345,41,False,,3049794,0.3004,buy,37224,80.033316,203,70634,2946627,0.2902,buy,93012,32.45501,0,-72079,2088424,0.2057,buy,48065,44.456112,0,-48359,2067459,0.2036,buy,42133,44.422764,6151,195795,-0.99
2005-06-29,10143297,41,False,,3041672,0.2999,buy,37224,80.033316,203,62512,2940280,0.2899,buy,93012,32.45501,0,-78425,2097076,0.2067,buy,48065,44.456112,0,-39707,2064227,0.2035,buy,42133,44.422764,6151,192563,-1.08
2005-06-30,10113186,41,False,,3025172,0.2991,buy,37224,80.033316,203,46011,2917280,0.2885,buy,93012,32.45501,0,-101425,2087944,0.2065,buy,48065,44.456112,0,-48839,2082749,0.2059,buy,42133,44.422764,6151,211085,-1.37
2005-07-01,10057295,41,False,,3034058,0.3017,buy,37224,80.033316,203,54898,2913313,0.2897,buy,93012,32.45501,0,-105392,2052376,0.2041,buy,48065,44.456112,0,-84407,2057507,0.2046,buy,42133,44.422764,6151,185843,-1.92
2005-07-05,10072163,41,False,,3058424,0.3037,buy,37224,80.033316,203,79264,2943454,0.2922,buy,93012,32.45501,0,-75252,2032188,0.2018,buy,48065,44.456112,0,-104595,2038055,0.2023,buy,42133,44.422764,6151,166390,-1.77
2005-07-06,10042045,41,False,,3032788,0.302,buy,37224,80.033316,203,53628,2929177,0.2917,buy,93012,32.45501,0,-89528,2030746,0.2022,buy,48065,44.456112,0,-106037,2049293,0.2041,buy,42133,44.422764,6151,177628,-2.07
2005-07-07,10073896,41,False,,3044719,0.3022,buy,37224,80.033316,203,65558,2939486,0.2918,buy,93012,32.45501,0,-79219,2036033,0.2021,buy,48065,44.456112,0,-100750,2053616,0.2039,buy,42133,44.422764,6151,181952,-1.76
2005-07-08,10151752,41,False,,3079493,0.3033,buy,37224,80.033316,203,100333,2995804,0.2951,buy,93012,32.45501,0,-22902,2031227,0.2001,buy,48065,44.456112,0,-105556,2045188,0.2015,buy,42133,44.422764,6151,173523,-1.0
2005-07-11,10208708,41,False,,3095230,0.3032,buy,37224,80.033316,203,116070,3023564,0.2962,buy,93012,32.45501,0,4858,2044685,0.2003,buy,48065,44.456112,0,-92098,2045188,0.2003,buy,42133,44.422764,6151,173523,-0.44
2005-07-12,10224458,41,False,,3103352,0.3035,buy,37224,80.033316,203,124192,3037840,0.2971,buy,93012,32.45501,0,19135,2049492,0.2004,buy,48065,44.456112,0,-87291,2033733,0.1989,buy,42133,44.422764,6151,162069,-0.29
2005-07-13,10218949,41,False,,3107669,0.3041,buy,37224,80.033316,203,128509,3044979,0.298,buy,93012,32.45501,0,26274,2035553,0.1992,buy,48065,44.456112,0,-101230,2030707,0.1987,buy,42133,44.422764,6151,159042,-0.34
2005-07-14,10234454,41,False,,3119851,0.3048,buy,37224,80.033316,203,140691,3075119,0.3005,buy,93012,32.45501,0,56414,2013924,0.1968,buy,48065,44.456112,0,-122859,2025519,0.1979,buy,42133,44.422764,6151,153855,-0.19
2005-07-15,10254811,41,False,,3118076,0.3041,buy,37224,80.033316,203,138916,3084637,0.3008,buy,93012,32.45501,0,65932,2021133,0.1971,buy,48065,44.456112,0,-115650,2030923,0.198,buy,42133,44.422764,6151,159259,0.0
2005-07-18,10212629,41,False,,3105637,0.3041,buy,37224,80.033316,203,126477,3071946,0.3008,buy,93012,32.45501,0,53241,2019211,0.1977,buy,48065,44.456112,0,-117572,2015793,0.1974,buy,42133,44.422764,6151,144129,-0.41
2005-07-19,10266696,41,False,,3122644,0.3042,buy,37224,80.033316,203,143484,3107639,0.3027,buy,93012,32.45501,0,88934,2013443,0.1961,buy,48065,44.456112,0,-123340,2022928,0.197,buy,42133,44.422764,6151,151264,0.0
2005-07-20,10325489,41,False,,3133306,0.3035,buy,37224,80.033316,203,154146,3129849,0.3031,buy,93012,32.45501,0,111144,2028343,0.1964,buy,48065,44.456112,0,-108440,2033949,0.197,buy,42133,44.422764,6151,162285,0.0
2005-07-21,10292837,41,False,,3115030,0.3026,buy,37224,80.033316,203,135869,3130642,0.3042,buy,93012,32.45501,0,111936,2040840,0.1983,buy,48065,44.456112,0,-95943,2006284,0.1949,buy,42133,44.422764,6151,134620,-0.32
2005-07-22,10324765,41,False,,3135843,0.3037,buy,37224,80.033316,203,156683,3126676,0.3028,buy,93012,32.45501,0,107970,2040359,0.1976,buy,48065,44.456112,0,-96424,2021846,0.1958,buy,42133,44.422764,6151,150181,-0.01
2005-07-25,10299516,41,False,,3126959,0.3036,buy,37224,80.033316,203,147798,3114778,0.3024,buy,93012,32.45501,0,96072,2043243,0.1984,buy,48065,44.456112,0,-93540,2014496,0.1956,buy,42133,44.422764,6151,142831,-0.25
2005-07-26,10305971,41,False,,3130767,0.3038,buy,37224,80.033316,203,151607,3126676,0.3034,buy,93012,32.45501,0,107970,2030746,0.197,buy,48065,44.456112,0,-106037,2017741,0.1958,buy,42133,44.422764,6151,146077,-0.19
2005-07-27,10347078,41,False,,3142190,0.3037,buy,37224,80.033316,203,163030,3150472,0.3045,buy,93012,32.45501,0,131767,2039879,0.1971,buy,48065,44.456112,0,-96904,2014496,0.1947,buy,42133,44.422764,6151,142831,0.0
2005-07-28,10414787,41,False,,3161988,0.3036,buy,37224,80.033316,203,182828,3165541,0.3039,buy,93012,32.45501,0,146836,2054779,0.1973,buy,48065,44.456112,0,-82004,2032437,0.1951,buy,42133,44.422764,6151,160773,0.0
2005-07-29,10350807,41,False,,3140920,0.3034,buy,37224,80.033316,203,161760,3139367,0.3033,buy,93012,32.45501,0,120661,2058143,0.1988,buy,48065,44.456112,0,-78640,2012335,0.1944,buy,42133,44.422764,6151,140671,-0.61
2005-08-01,10361493,41,False,,3138636,0.3029,buy,37224,80.033316,203,159476,3144919,0.3035,buy,93012,32.45501,0,126214,2073043,0.2001,buy,48065,44.456112,0,-63740,2004853,0.1935,buy,42133,44.422764,6151,133189,-0.51
2005-08-02,10408356,41,False,,3157420,0.3034,buy,37224,80.033316,203,178260,3179026,0.3054,buy,93012,32.45501,0,160321,2073524,0.1992,buy,48065,44.456112,0,-63259,1998344,0.192,buy,42133,44.422764,6151,126680,-0.06
2005-08-03,10443652,41,False,,3165795,0.3031,buy,37224,80.033316,203,186635,3177439,0.3042,buy,93012,32.45501,0,158733,2092269,0.2003,buy,48065,44.456112,0,-44514,2008107,0.1923,buy,42133,44.422764,6151,136443,0.0
2005-08-04,10390421,41,False,,3140412,0.3022,buy,37224,80.033316,203,161252,3146504,0.3028,buy,93012,32.45501,0,127798,2099479,0.2021,buy,48065,44.456112,0,-37304,2003985,0.1929,buy,42133,44.422764,6151,132321,-0.51
2005-08-05,10334566,41,False,,3119090,0.3018,buy,37224,80.033316,203,139930,3131434,0.303,buy,93012,32.45501,0,112729,2095634,0.2028,buy,48065,44.456112,0,-41149,1988366,0.1924,buy,42133,44.422764,6151,116702,-1.04
2005-08-08,10290022,41,False,,3113253,0.3026,buy,37224,80.033316,203,134092,3108431,0.3021,buy,93012,32.45501,0,89726,2083618,0.2025,buy,48065,44.456112,0,-53165,1984678,0.1929,buy,42133,44.422764,6151,113014,-1.47
2005-08-09,10336324,41,False,,3132037,0.303,buy,37224,80.033316,203,152877,3129055,0.3027,buy,93012,32.45501,0,110350,2083137,0.2015,buy,48065,44.456112,0,-53646,1992054,0.1927,buy,42133,44.422764,6151,120390,-1.03
2005-08-10,10320564,41,False,,3130512,0.3033,buy,37224,80.033316,203,151352,3102088,0.3006,buy,93012,32.45501,0,83382,2098037,0.2033,buy,48065,44.456112,0,-38746,1989885,0.1928,buy,42133,44.422764,6151,118221,-1.18
2005-08-11,10410718,41,False,,3142951,0.3019,buy,37224,80.033316,203,163791,3127468,0.3004,buy,93012,32.45501,0,108762,2136489,0.2052,buy,48065,44.456112,0,-294,2003768,0.1925,buy,42133,44.422764,6151,132104,-0.32
2005-08-12,10396289,41,False,,3123660,0.3005,buy,37224,80.033316,203,144500,3110017,0.2991,buy,93012,32.45501,0,91312,2138412,0.2057,buy,48065,44.456112,0,1629,2024158,0.1947,buy,42133,44.422764,6151,152494,-0.45
2005-08-15,10412109,41,False,,3142951,0.3019,buy,37224,80.033316,203,163791,3129055,0.3005,buy,93012,32.45501,0,110350,2121108,0.2037,buy,48065,44.456112,0,-15675,2018953,0.1939,buy,42133,44.422764,6151,147288,-0.3
2005-08-16,10354768,41,False,,3102084,0.2996,buy,37224,80.033316,203,122923,3078293,0.2973,buy,93012,32.45501,0,59588,2141296,0.2068,buy,48065,44.456112,0,4513,2033054,0.1963,buy,42133,44.422764,6151,161390,-0.85
2005-08-17,10328544,41,False,,3101829,0.3003,buy,37224,80.033316,203,122669,3096536,0.2998,buy,93012,32.45501,0,77831,2110534,0.2043,buy,48065,44.456112,0,-26249,2019603,0.1955,buy,42133,44.422764,6151,147939,-1.1
2005-08-18,10323551,41,False,,3101576,0.3004,buy,37224,80.033316,203,122416,3080672,0.2984,buy,93012,32.45501,0,61967,2106689,0.2041,buy,48065,44.456112,0,-30094,2034572,0.1971,buy,42133,44.422764,6151,162908,-1.15
2005-08-19,10317801,41,False,,3108684,0.3013,buy,37224,80.033316,203,129524,3079086,0.2984,buy,93012,32.45501,0,60381,2095634,0.2031,buy,48065,44.456112,0,-41149,2034356,0.1972,buy,42133,44.422764,6151,162691,-1.21
2005-08-22,10322024,41,False,,3108684,0.3012,buy,37224,80.033316,203,129524,3080672,0.2985,buy,93012,32.45501,0,61967,2100441,0.2035,buy,48065,44.456112,0,-36342,2032186,0.1969,buy,42133,44.422764,6151,160522,-1.16
2005-08-23,10319670,41,False,,3102844,0.3007,buy,37224,80.033316,203,123684,3071946,0.2977,buy,93012,32.45501,0,53241,2103324,0.2038,buy,48065,44.456112,0,-33459,2041513,0.1978,buy,42133,44.422764,6151,169849,-1.19
2005-08-24,10267541,41,False,,3075177,0.2995,buy,37224,80.033316,203,96017,3053704,0.2974,buy,93012,32.45501,0,34999,2095153,0.2041,buy,48065,44.456112,0,-41630,2043465,0.199,buy,42133,44.422764,6151,171801,-1.69
2005-08-25,10299086,41,False,,3086346,0.2997,buy,37224,80.033316,203,107186,3060843,0.2972,buy,93012,32.45501,0,42138,2101882,0.2041,buy,48065,44.456112,0,-34901,2049973,0.199,buy,42133,44.422764,6151,178308,-1.38
2005-08-26,10261288,41,False,,3065277,0.2987,buy,37224,80.033316,203,86117,3050531,0.2973,buy,93012,32.45501,0,31826,2096115,0.2043,buy,48065,44.456112,0,-40668,2049323,0.1997,buy,42133,44.422764,6151,177659,-1.75
2005-08-29,10309372,41,False,,3088885,0.2996,buy,37224,80.033316,203,109725,3074327,0.2982,buy,93012,32.45501,0,55622,2094192,0.2031,buy,48065,44.456112,0,-42591,2051926,0.199,buy,42133,44.422764,6151,180262,-1.29
2005-08-30,10268121,41,False,,3072640,0.2992,buy,37224,80.033316,203,93480,3063223,0.2983,buy,93012,32.45501,0,44518,2067276,0.2013,buy,48065,44.456112,0,-69507,2064941,0.2011,buy,42133,44.422764,6151,193276,-1.68
2005-08-31,10371610,41,False,,3111476,0.3,buy,37224,80.033316,203,132316,3091775,0.2981,buy,93012,32.45501,0,73070,2086021,0.2011,buy,48065,44.456112,0,-50762,2082297,0.2008,buy,42133,44.422764,6151,210632,-0.69
2005-09-01,10391441,41,False,,3109191,0.2992,buy,37224,80.033316,203,130030,3087017,0.2971,buy,93012,32.45501,0,68312,2125434,0.2045,buy,48065,44.456112,0,-11349,2069758,0.1992,buy,42133,44.422764,6151,198093,-0.5
2005-09-02,10377142,41,False,,3103606,0.2991,buy,37224,80.033316,203,124446,3075119,0.2963,buy,93012,32.45501,0,56414,2126876,0.205,buy,48065,44.456112,0,-9907,2071499,0.1996,buy,42133,44.422764,6151,199835,-0.64
2005-09-06,10445027,41,False,,3139906,0.3006,buy,37224,80.033316,203,160746,3120329,0.2987,buy,93012,32.45501,0,101624,2127838,0.2037,buy,48065,44.456112,0,-8945,2056913,0.1969,buy,42133,44.422764,6151,185248,0.0
2005-09-07,10439420,41,False,,3145236,0.3013,buy,37224,80.033316,203,166076,3125882,0.2994,buy,93012,32.45501,0,107176,2130722,0.2041,buy,48065,44.456112,0,-6061,2037539,0.1952,buy,42133,44.422764,6151,165875,-0.05
2005-09-08,10443374,41,False,,3134828,0.3002,buy,37224,80.033316,203,155667,3125090,0.2992,buy,93012,32.45501,0,106385,2143699,0.2053,buy,48065,44.456112,0,6916,2039716,0.1953,buy,42133,44.422764,6151,168052,-0.02
2005-09-09,10506811,41,False,,3162749,0.301,buy,37224,80.033316,203,183589,3142539,0.2991,buy,93012,32.45501,0,123833,2155235,0.2051,buy,48065,44.456112,0,18452,2046247,0.1948,buy,42133,44.422764,6151,174583,0.0
2005-09-12,10497445,41,False,,3156404,0.3007,buy,37224,80.033316,203,177244,3151264,0.3002,buy,93012,32.45501,0,132558,2157638,0.2055,buy,48065,44.456112,0,20855,2032098,0.1936,buy,42133,44.422764,6151,160434,-0.09
2005-09-13,10466806,41,False,,3138890,0.2999,buy,37224,80.033316,203,159729,3143333,0.3003,buy,93012,32.45501,0,124628,2141776,0.2046,buy,48065,44.456112,0,4993,2042765,0.1952,buy,42133,44.422764,6151,171101,-0.38
2005-09-14,10431079,41,False,,3127467,0.2998,buy,37224,80.033316,203,148307,3107639,0.2979,buy,93012,32.45501,0,88934,2161002,0.2072,buy,48065,44.456112,0,24219,2034929,0.1951,buy,42133,44.422764,6151,163264,-0.72
2005-09-15,10433316,41,False,,3125944,0.2996,buy,37224,80.033316,203,146784,3106053,0.2977,buy,93012,32.45501,0,87347,2183112,0.2092,buy,48065,44.456112,0,46329,2018166,0.1934,buy,42133,44.422764,6151,146501,-0.7
2005-09-16,10480529,41,False,,3148173,0.3004,buy,37224,80.033316,203,169012,3125090,0.2982,buy,93012,32.45501,0,106385,2202338,0.2101,buy,48065,44.456112,0,65555,2004887,0.1913,buy,42133,44.422764,6151,133223,-0.25
2005-09-19,10470510,41,False,,3137720,0.2997,buy,37224,80.033316,203,158560,3100501,0.2961,buy,93012,32.45501,0,81796,2223006,0.2123,buy,48065,44.456112,0,86223,2009240,0.1919,buy,42133,44.422764,6151,137576,-0.35
2005-09-20,10435572,41,False,,3111210,0.2981,buy,37224,80.033316,203,132050,3087809,0.2959,buy,93012,32.45501,0,69104,2222045,0.2129,buy,48065,44.456112,0,85262,2014466,0.193,buy,42133,44.422764,6151,142802,-0.68
2005-09-21,10431020,41,False,,3082149,0.2955,buy,37224,80.033316,203,102989,3053704,0.2928,buy,93012,32.45501,0,34999,2261939,0.2168,buy,48065,44.456112,0,125156,2033186,0.1949,buy,42133,44.422764,6151,161522,-0.72
2005-09-22,10417481,41,False,,3093111,0.2969,buy,37224,80.033316,203,113951,3064807,0.2942,buy,93012,32.45501,0,46102,2228293,0.2139,buy,48065,44.456112,0,91510,2031227,0.195,buy,42133,44.422764,6151,159563,-0.85
2005-09-23,10409669,41,False,,3095660,0.2974,buy,37224,80.033316,203,116500,3073532,0.2953,buy,93012,32.45501,0,54827,2224448,0.2137,buy,48065,44.456112,0,87665,2015988,0.1937,buy,42133,44.422764,6151,144323,-0.92
2005-09-26,10418831,41,False,,3099229,0.2975,buy,37224,80.033316,203,120069,3074327,0.2951,buy,93012,32.45501,0,55622,2238387,0.2148,buy,48065,44.456112,0,101604,2006846,0.1926,buy,42133,44.422764,6151,135181,-0.84
2005-09-27,10398375,41,False,,3098465,0.298,buy,37224,80.033316,203,119305,3067188,0.295,buy,93012,32.45501,0,48482,2223006,0.2138,buy,48065,44.456112,0,86223,2009675,0.1933,buy,42133,44.422764,6151,138010,-1.03
2005-09-28,10442160,41,False,,3101523,0.297,buy,37224,80.033316,203,122363,3067981,0.2938,buy,93012,32.45501,0,49276,2249442,0.2154,buy,48065,44.456112,0,112659,2023172,0.1938,buy,42133,44.422764,6151,151507,-0.62
2005-09-29,10513919,41,False,,3126759,0.2974,buy,37224,80.033316,203,147599,3109226,0.2957,buy,93012,32.45501,0,90521,2263861,0.2153,buy,48065,44.456112,0,127078,2014031,0.1916,buy,42133,44.422764,6151,142366,0.0
2005-09-30,10518036,41,False,,3136446,0.2982,buy,37224,80.033316,203,157286,3129849,0.2976,buy,93012,32.45501,0,111144,2244636,0.2134,buy,48065,44.456112,0,107853,2007064,0.1908,buy,42133,44.422764,6151,135400,0.0
2005-10-03,10485603,41,False,,3125231,0.298,buy,37224,80.033316,203,146071,3137781,0.2992,buy,93012,32.45501,0,119076,2231177,0.2128,buy,48065,44.456112,0,94394,1991373,0.1899,buy,42133,44.422764,6151,119708,-0.31
2005-10-04,10437797,41,False,,3090051,0.296,buy,37224,80.033316,203,110891,3117157,0.2986,buy,93012,32.45501,0,98452,2232619,0.2139,buy,48065,44.456112,0,95836,1997928,0.1914,buy,42133,44.422764,6151,126264,-0.76
2005-10-05,10358855,41,False,,3049522,0.2944,buy,37224,80.033316,203,70362,3074327,0.2968,buy,93012,32.45501,0,55622,2228293,0.2151,buy,48065,44.456112,0,91510,2006671,0.1937,buy,42133,44.422764,6151,135007,-1.51
2005-10-06,10340647,41,False,,3038560,0.2938,buy,37224,80.033316,203,59400,3033876,0.2934,buy,93012,32.45501,0,15170,2269149,0.2194,buy,48065,44.456112,0,132366,1999021,0.1933,buy,42133,44.422764,6151,127357,-1.69
2005-10-07,10373533,41,False,,3049012,0.2939,buy,37224,80.033316,203,69852,3041014,0.2932,buy,93012,32.45501,0,22308,2276358,0.2194,buy,48065,44.456112,0,139575,2007107,0.1935,buy,42133,44.422764,6151,135443,-1.37
2005-10-10,10330298,41,False,,3023265,0.2927,buy,37224,80.033316,203,44105,3024357,0.2928,buy,93012,32.45501,0,5651,2276839,0.2204,buy,48065,44.456112,0,140056,2005796,0.1942,buy,42133,44.422764,6151,134131,-1.78
2005-10-11,10307703,41,False,,3018933,0.2929,buy,37224,80.033316,203,39772,3009286,0.2919,buy,93012,32.45501,0,-9419,2277800,0.221,buy,48065,44.456112,0,141017,2001642,0.1942,buy,42133,44.422764,6151,129978,-2.0
2005-10-12,10202900,41,False,,2995226,0.2936,buy,37224,80.033316,203,16066,2973594,0.2914,buy,93012,32.45501,0,-45111,2251845,0.2207,buy,48065,44.456112,0,115062,1982194,0.1943,buy,42133,44.422764,6151,110529,-3.0
2005-10-13,10225077,41,False,,2993441,0.2928,buy,37224,80.033316,203,14281,2996597,0.2931,buy,93012,32.45501,0,-22109,2260016,0.221,buy,48065,44.456112,0,123233,1974982,0.1932,buy,42133,44.422764,6151,103318,-2.79
2005-10-14,10265260,41,False,,3025050,0.2947,buy,37224,80.033316,203,45889,3018805,0.2941,buy,93012,32.45501,0,100,2249442,0.2191,buy,48065,44.456112,0,112659,1971922,0.1921,buy,42133,44.422764,6151,100258,-2.4
2005-10-17,10307664,41,False,,3036265,0.2946,buy,37224,80.033316,203,57105,3028321,0.2938,buy,93012,32.45501,0,9616,2271552,0.2204,buy,48065,44.456112,0,134769,1971484,0.1913,buy,42133,44.422764,6151,99820,-2.0
2005-10-18,10243057,41,False,,3003383,0.2932,buy,37224,80.033316,203,24222,3006908,0.2936,buy,93012,32.45501,0,-11797,2259055,0.2205,buy,48065,44.456112,0,122272,1973670,0.1927,buy,42133,44.422764,6151,102006,-2.61
2005-10-19,10322452,41,False,,3053345,0.2958,buy,37224,80.033316,203,74185,3067188,0.2971,buy,93012,32.45501,0,48482,2227332,0.2158,buy,48065,44.456112,0,90549,1974546,0.1913,buy,42133,44.422764,6151,102881,-1.86
2005-10-20,10228053,41,False,,2999558,0.2933,buy,37224,80.033316,203,20398,3038635,0.2971,buy,93012,32.45501,0,19930,2210029,0.2161,buy,48065,44.456112,0,73246,1979790,0.1936,buy,42133,44.422764,6151,108126,-2.76
2005-10-21,10303128,41,False,,3011285,0.2923,buy,37224,80.033316,203,32124,3057670,0.2968,buy,93012,32.45501,0,38964,2235984,0.217,buy,48065,44.456112,0,99201,1998148,0.1939,buy,42133,44.422764,6151,126484,-2.04
2005-10-24,10376392,41,False,,3057932,0.2947,buy,37224,80.033316,203,78772,3106053,0.2993,buy,93012,32.45501,0,87347,2229735,0.2149,buy,48065,44.456112,0,92952,1982630,0.1911,buy,42133,44.422764,6151,110966,-1.35
2005-10-25,10373536,41,False,,3051816,0.2942,buy,37224,80.033316,203,72656,3094155,0.2983,buy,93012,32.45501,0,75449,2261939,0.218,buy,48065,44.456112,0,125156,1965585,0.1895,buy,42133,44.422764,6151,93920,-1.37
2005-10-26,10328077,41,False,,3042892,0.2946,buy,37224,80.033316,203,63732,3078293,0.2981,buy,93012,32.45501,0,59588,2255690,0.2184,buy,48065,44.456112,0,118907,1951160,0.1889,buy,42133,44.422764,6151,79496,-1.81
2005-10-27,10252847,41,False,,3010520,0.2936,buy,37224,80.033316,203,31360,3016425,0.2942,buy,93012,32.45501,0,-2280,2267707,0.2212,buy,48065,44.456112,0,130924,1958153,0.191,buy,42133,44.422764,6151,86489,-2.52
2005-10-28,10321325,41,False,,3053854,0.2959,buy,37224,80.033316,203,74694,3039427,0.2945,buy,93012,32.45501,0,20722,2269629,0.2199,buy,48065,44.456112,0,132846,1958373,0.1897,buy,42133,44.422764,6151,86709,-1.87
2005-10-31,10337663,41,False,,3062267,0.2962,buy,37224,80.033316,203,83107,3083051,0.2982,buy,93012,32.45501,0,64345,2230216,0.2157,buy,48065,44.456112,0,93433,1962088,0.1898,buy,42133,44.422764,6151,90424,-1.71
2005-11-01,10309998,41,False,,3071445,0.2979,buy,37224,80.033316,203,92285,3080672,0.2988,buy,93012,32.45501,0,61967,2198012,0.2132,buy,48065,44.456112,0,61229,1959827,0.1901,buy,42133,44.422764,6151,88162,-1.98
2005-11-02,10392572,41,False,,3103562,0.2986,buy,37224,80.033316,203,124402,3121124,0.3003,buy,93012,32.45501,0,102419,2217238,0.2133,buy,48065,44.456112,0,80455,1950606,0.1877,buy,42133,44.422764,6151,78942,-1.19
2005-11-03,10431282,41,False,,3116818,0.2988,buy,37224,80.033316,203,137658,3167921,0.3037,buy,93012,32.45501,0,149215,2209067,0.2118,buy,48065,44.456112,0,72284,1937435,0.1857,buy,42133,44.422764,6151,65770,-0.82
2005-11-04,10413608,41,False,,3112740,0.2989,buy,37224,80.033316,203,133580,3179026,0.3053,buy,93012,32.45501,0,160321,2187438,0.2101,buy,48065,44.456112,0,50655,1934362,0.1858,buy,42133,44.422764,6151,62698,-0.99
2005-11-07,10439713,41,False,,3115799,0.2985,buy,37224,80.033316,203,136639,3182990,0.3049,buy,93012,32.45501,0,164284,2199935,0.2107,buy,48065,44.456112,0,63152,1940948,0.1859,buy,42133,44.422764,6151,69284,-0.74
2005-11-08,10466115,41,False,,3115799,0.2977,buy,37224,80.033316,203,136639,3183783,0.3042,buy,93012,32.45501,0,165078,2206664,0.2108,buy,48065,44.456112,0,69881,1959827,0.1873,buy,42133,44.422764,6151,88162,-0.49
2005-11-09,10482825,41,False,,3119877,0.2976,buy,37224,80.033316,203,140717,3185369,0.3039,buy,93012,32.45501,0,166664,2237906,0.2135,buy,48065,44.456112,0,101123,1939631,0.185,buy,42133,44.422764,6151,67967,-0.33
2005-11-10,10561807,41,False,,3144093,0.2977,buy,37224,80.033316,203,164933,3220271,0.3049,buy,93012,32.45501,0,201565,2234061,0.2115,buy,48065,44.456112,0,97278,1963340,0.1859,buy,42133,44.422764,6151,91675,0.0
2005-11-11,10597717,41,False,,3154801,0.2977,buy,37224,80.033316,203,175641,3228996,0.3047,buy,93012,32.45501,0,210290,2249442,0.2123,buy,48065,44.456112,0,112659,1964437,0.1854,buy,42133,44.422764,6151,92773,0.0
2005-11-14,10572572,41,False,,3153015,0.2982,buy,37224,80.033316,203,173855,3228996,0.3054,buy,93012,32.45501,0,210290,2240790,0.2119,buy,48065,44.456112,0,104007,1949729,0.1844,buy,42133,44.422764,6151,78065,-0.24
2005-11-15,10560686,41,False,,3141545,0.2975,buy,37224,80.033316,203,162385,3213925,0.3043,buy,93012,32.45501,0,195220,2242713,0.2124,buy,48065,44.456112,0,105930,1962462,0.1858,buy,42133,44.422764,6151,90797,-0.35
2005-11-16,10661354,41,False,,3147918,0.2953,buy,37224,80.033316,203,168757,3233754,0.3033,buy,93012,32.45501,0,215049,2296546,0.2154,buy,48065,44.456112,0,159763,1983095,0.186,buy,42133,44.422764,6151,111430,0.0
2005-11-17,10771973,41,False,,3177233,0.295,buy,37224,80.033316,203,198073,3276585,0.3042,buy,93012,32.45501,0,257879,2330191,0.2163,buy,48065,44.456112,0,193408,1987924,0.1845,buy,42133,44.422764,6151,116259,0.0
2005-11-18,10785390,41,False,,3189723,0.2957,buy,37224,80.033316,203,210563,3287690,0.3048,buy,93012,32.45501,0,268984,2329230,0.216,buy,48065,44.456112,0,192447,1978706,0.1835,buy,42133,44.422764,6151,107042,0.0
2005-11-21,10840783,41,False,,3205782,0.2957,buy,37224,80.033316,203,226622,3295621,0.304,buy,93012,32.45501,0,276916,2354704,0.2172,buy,48065,44.456112,0,217921,1984634,0.1831,buy,42133,44.422764,6151,112969,0.0
2005-11-22,10884940,41,False,,3219549,0.2958,buy,37224,80.033316,203,240389,3307518,0.3039,buy,93012,32.45501,0,288813,2370566,0.2178,buy,48065,44.456112,0,233783,1987265,0.1826,buy,42133,44.422764,6151,115601,0.0
2005-11-23,10895627,41,False,,3238157,0.2972,buy,37224,80.033316,203,258996,3315451,0.3043,buy,93012,32.45501,0,296746,2362395,0.2168,buy,48065,44.456112,0,225612,1979583,0.1817,buy,42133,44.422764,6151,107919,0.0
2005-11-25,10925537,41,False,,3240706,0.2966,buy,37224,80.033316,203,261546,3322590,0.3041,buy,93012,32.45501,0,303884,2375372,0.2174,buy,48065,44.456112,0,238589,1986828,0.1819,buy,42133,44.422764,6151,115164,0.0
2005-11-28,10900090,41,False,,3217764,0.2952,buy,37224,80.033316,203,238604,3294827,0.3023,buy,93012,32.45501,0,276122,2390753,0.2193,buy,48065,44.456112,0,253970,1996705,0.1832,buy,42133,44.422764,6151,125041,-0.23
2005-11-29,10864663,41,False,,3214194,0.2958,buy,37224,80.033316,203,235034,3278965,0.3018,buy,93012,32.45501,0,260260,2393637,0.2203,buy,48065,44.456112,0,256854,1977825,0.182,buy,42133,44.422764,6151,106161,-0.56
2005-11-30,10803559,41,False,,3196862,0.2959,buy,37224,80.033316,203,217702,3271032,0.3028,buy,93012,32.45501,0,252327,2359991,0.2184,buy,48065,44.456112,0,223208,1975632,0.1829,buy,42133,44.422764,6151,103968,-1.12
2005-12-01,10945605,41,False,,3229491,0.295,buy,37224,80.033316,203,250331,3332106,0.3044,buy,93012,32.45501,0,313400,2411421,0.2203,buy,48065,44.456112,0,274638,1972546,0.1802,buy,42133,44.422764,6151,100881,0.0
2005-12-02,10962518,20,True,monthly,3287600,0.2999,buy,37846,80.149021,203,254281,3291276,0.3002,buy,91654,32.45501,4349,316644,2193952,0.2001,buy,43600,44.456112,23772,255666,2189670,0.1997,buy,46755,44.66297,6151,101452,0.0
2005-12-05,10941558,20,False,,3280603,0.2998,buy,37846,80.149021,203,247283,3267045,0.2986,buy,91654,32.45501,4349,292413,2214008,0.2023,buy,43600,44.456112,23772,275721,2179881,0.1992,buy,46755,44.66297,6151,91664,-0.19
2005-12-06,10985776,20,False,,3286821,0.2992,buy,37846,80.149021,203,253501,3277986,0.2984,buy,91654,32.45501,4349,303355,2218804,0.202,buy,43600,44.456112,23772,280517,2202145,0.2005,buy,46755,44.66297,6151,113928,0.0
2005-12-07,10970776,20,False,,3267643,0.2978,buy,37846,80.149021,203,234323,3271734,0.2982,buy,91654,32.45501,4349,297103,2237552,0.204,buy,43600,44.456112,23772,299266,2193827,0.2,buy,46755,44.66297,6151,105610,-0.14
2005-12-08,10984734,20,False,,3265571,0.2973,buy,37846,80.149021,203,232251,3248287,0.2957,buy,91654,32.45501,4349,273655,2262840,0.206,buy,43600,44.456112,23772,324554,2208016,0.201,buy,46755,44.66297,6151,119799,-0.01
2005-12-09,11010222,20,False,,3274123,0.2974,buy,37846,80.149021,203,240803,3260791,0.2962,buy,91654,32.45501,4349,286160,2284640,0.2075,buy,43600,44.456112,23772,346354,2190647,0.199,buy,46755,44.66297,6151,102430,0.0
2005-12-12,11027872,20,False,,3277233,0.2972,buy,37846,80.149021,203,243913,3272515,0.2967,buy,91654,32.45501,4349,297884,2291616,0.2078,buy,43600,44.456112,23772,353330,2186487,0.1983,buy,46755,44.66297,6151,98270,0.0
2005-12-13,11031846,20,False,,3299523,0.2991,buy,37846,80.149021,203,266203,3285802,0.2978,buy,91654,32.45501,4349,311170,2251940,0.2041,buy,43600,44.456112,23772,313654,2194561,0.1989,buy,46755,44.66297,6151,106344,0.0
2005-12-14,10999690,20,False,,3312480,0.3011,buy,37846,80.149021,203,279160,3274860,0.2977,buy,91654,32.45501,4349,300229,2195260,0.1996,buy,43600,44.456112,23772,256973,2217069,0.2016,buy,46755,44.66297,6151,128852,-0.29
2005-12-15,10985393,20,False,,3302890,0.3007,buy,37846,80.149021,203,269571,3280331,0.2986,buy,91654,32.45501,4349,305700,2190464,0.1994,buy,43600,44.456112,23772,252178,2211687,0.2013,buy,46755,44.66297,6151,123470,-0.42
2005-12-16,10952920,20,False,,3292261,0.3006,buy,37846,80.149021,203,258941,3257688,0.2974,buy,91654,32.45501,4349,283056,2183924,0.1994,buy,43600,44.456112,23772,245638,2219026,0.2026,buy,46755,44.66297,6151,130809,-0.72
2005-12-19,10892144,20,False,,3275326,0.3007,buy,37846,80.149021,203,242006,3205977,0.2943,buy,91654,32.45501,4349,231346,2189592,0.201,buy,43600,44.456112,23772,251306,2221229,0.2039,buy,46755,44.66297,6151,133012,-1.27
2005-12-20,10843484,20,False,,3278452,0.3023,buy,37846,80.149021,203,245132,3208330,0.2959,buy,91654,32.45501,4349,233699,2138144,0.1972,buy,43600,44.456112,23772,199858,2218537,0.2046,buy,46755,44.66297,6151,130320,-1.71
2005-12-21,10873269,20,False,,3283663,0.302,buy,37846,80.149021,203,250343,3222432,0.2964,buy,91654,32.45501,4349,247800,2152532,0.198,buy,43600,44.456112,23772,214245,2214622,0.2037,buy,46755,44.66297,6151,126405,-1.44
2005-12-22,10962807,20,False,,3300860,0.3011,buy,37846,80.149021,203,267540,3243587,0.2959,buy,91654,32.45501,4349,268955,2186104,0.1994,buy,43600,44.456112,23772,247817,2232236,0.2036,buy,46755,44.66297,6151,144019,-0.63
2005-12-23,10977461,20,False,,3302683,0.3009,buy,37846,80.149021,203,269363,3243587,0.2955,buy,91654,32.45501,4349,268955,2185232,0.1991,buy,43600,44.456112,23772,246945,2245938,0.2046,buy,46755,44.66297,6151,157721,-0.49
2005-12-27,10956663,20,False,,3269073,0.2984,buy,37846,80.149021,203,235753,3215380,0.2935,buy,91654,32.45501,4349,240748,2207904,0.2015,buy,43600,44.456112,23772,269617,2264286,0.2067,buy,46755,44.66297,6151,176069,-0.68
2005-12-28,10989919,20,False,,3276368,0.2981,buy,37846,80.149021,203,243048,3211464,0.2922,buy,91654,32.45501,4349,236832,2244092,0.2042,buy,43600,44.456112,23772,305806,2257975,0.2055,buy,46755,44.66297,6151,169758,-0.38
2005-12-29,10959087,20,False,,3261777,0.2976,buy,37846,80.149021,203,228457,3190310,0.2911,buy,91654,32.45501,4349,215679,2244092,0.2048,buy,43600,44.456112,23772,305806,2262887,0.2065,buy,46755,44.66297,6151,174670,-0.66
2005-12-30,10916716,20,False,,3244060,0.2972,buy,37846,80.149021,203,210740,3166021,0.29,buy,91654,32.45501,4349,191389,2248888,0.206,buy,43600,44.456112,23772,310602,2257727,0.2068,buy,46755,44.66297,6151,169510,-1.04
2006-01-03,11108486,20,False,,3301120,0.2972,buy,37846,80.149021,203,267800,3236535,0.2914,buy,91654,32.45501,4349,261903,2316032,0.2085,buy,43600,44.456112,23772,377745,2254779,0.203,buy,46755,44.66297,6151,166562,0.0
2006-01-04,11171062,20,False,,3316753,0.2969,buy,37846,80.149021,203,283433,3270224,0.2927,buy,91654,32.45501,4349,295593,2323880,0.208,buy,43600,44.456112,23772,385593,2260184,0.2023,buy,46755,44.66297,6151,171967,0.0
2006-01-05,11142691,20,False,,3318837,0.2978,buy,37846,80.149021,203,285517,3284326,0.2948,buy,91654,32.45501,4349,309694,2282024,0.2048,buy,43600,44.456112,23772,343738,2257485,0.2026,buy,46755,44.66297,6151,169268,-0.25
2006-01-06,11285844,20,False,,3346455,0.2965,buy,37846,80.149021,203,313135,3343871,0.2963,buy,91654,32.45501,4349,369239,2342192,0.2075,buy,43600,44.456112,23772,403906,2253305,0.1997,buy,46755,44.66297,6151,165088,0.0
2006-01-09,11347599,20,False,,3355051,0.2957,buy,37846,80.149021,203,321732,3357188,0.2959,buy,91654,32.45501,4349,382556,2380560,0.2098,buy,43600,44.456112,23772,442273,2254779,0.1987,buy,46755,44.66297,6151,166562,0.0
2006-01-10,11311615,20,False,,3358440,0.2969,buy,37846,80.149021,203,325120,3359540,0.297,buy,91654,32.45501,4349,384908,2357016,0.2084,buy,43600,44.456112,23772,418730,2236600,0.1977,buy,46755,44.66297,6151,148383,-0.32
2006-01-11,11364960,20,False,,3369122,0.2964,buy,37846,80.149021,203,335802,3385394,0.2979,buy,91654,32.45501,4349,410763,2377508,0.2092,buy,43600,44.456112,23772,439221,2232916,0.1965,buy,46755,44.66297,6151,144699,0.0
2006-01-12,11345845,20,False,,3355834,0.2958,buy,37846,80.149021,203,322514,3368942,0.2969,buy,91654,32.45501,4349,394311,2373148,0.2092,buy,43600,44.456112,23772,434862,2247900,0.1981,buy,46755,44.66297,6151,159683,-0.17
2006-01-13,11398209,20,False,,3352707,0.2941,buy,37846,80.149021,203,319387,3367375,0.2954,buy,91654,32.45501,4349,392744,2417184,0.2121,buy,43600,44.456112,23772,478897,2260922,0.1984,buy,46755,44.66297,6151,172705,0.0
2006-01-17,11369377,20,False,,3343589,0.2941,buy,37846,80.149021,203,310269,3345437,0.2942,buy,91654,32.45501,4349,370806,2409336,0.2119,buy,43600,44.456112,23772,471049,2270994,0.1997,buy,46755,44.66297,6151,182777,-0.25
2006-01-18,11265077,20,False,,3330300,0.2956,buy,37846,80.149021,203,296980,3307046,0.2936,buy,91654,32.45501,4349,332415,2357452,0.2093,buy,43600,44.456112,23772,419166,2270258,0.2015,buy,46755,44.66297,6151,182041,-1.17
2006-01-19,11361772,20,False,,3343069,0.2942,buy,37846,80.149021,203,309749,3331334,0.2932,buy,91654,32.45501,4349,356703,2423724,0.2133,buy,43600,44.456112,23772,485438,2263625,0.1992,buy,46755,44.66297,6151,175408,-0.32
2006-01-20,11190195,20,False,,3282100,0.2933,buy,37846,80.149021,203,248781,3231834,0.2888,buy,91654,32.45501,4349,257202,2406720,0.2151,buy,43600,44.456112,23772,468434,2269520,0.2028,buy,46755,44.66297,6151,181303,-1.82
2006-01-23,11226817,20,False,,3293825,0.2934,buy,37846,80.149021,203,260506,3232616,0.2879,buy,91654,32.45501,4349,257984,2431572,0.2166,buy,43600,44.456112,23772,493286,2268784,0.2021,buy,46755,44.66297,6151,180567,-1.5
2006-01-24,11231507,20,False,,3297212,0.2936,buy,37846,80.149021,203,263892,3246719,0.2891,buy,91654,32.45501,4349,272088,2429828,0.2163,buy,43600,44.456112,23772,491542,2257727,0.201,buy,46755,44.66297,6151,169510,-1.46
2006-01-25,11213580,20,False,,3300078,0.2943,buy,37846,80.149021,203,266758,3232616,0.2883,buy,91654,32.45501,4349,257984,2447704,0.2183,buy,43600,44.456112,23772,509417,2233162,0.1991,buy,46755,44.66297,6151,144945,-1.62
2006-01-26,11233620,20,False,,3318315,0.2954,buy,37846,80.149021,203,284995,3255337,0.2898,buy,91654,32.45501,4349,280705,2436368,0.2169,buy,43600,44.456112,23772,498082,2223580,0.1979,buy,46755,44.66297,6151,135362,-1.44
2006-01-27,11297343,20,False,,3349061,0.2964,buy,37846,80.149021,203,315741,3299214,0.292,buy,91654,32.45501,4349,324582,2425468,0.2147,buy,43600,44.456112,23772,487182,2223580,0.1968,buy,46755,44.66297,6151,135362,-0.88
2006-01-30,11344572,20,False,,3346455,0.295,buy,37846,80.149021,203,313135,3305480,0.2914,buy,91654,32.45501,4349,330849,2471248,0.2178,buy,43600,44.456112,23772,532962,2221369,0.1958,buy,46755,44.66297,6151,133152,-0.47
2006-01-31,11312208,20,False,,3321964,0.2937,buy,37846,80.149021,203,288644,3290595,0.2909,buy,91654,32.45501,4349,315963,2472120,0.2185,buy,43600,44.456112,23772,533834,2227509,0.1969,buy,46755,44.66297,6151,139292,-0.75
2006-02-01,11339530,20,False,,3345153,0.295,buy,37846,80.149021,203,311833,3302346,0.2912,buy,91654,32.45501,4349,327715,2472120,0.218,buy,43600,44.456112,23772,533834,2219890,0.1958,buy,46755,44.66297,6151,131673,-0.51
2006-02-02,11260695,20,False,,3306330,0.2936,buy,37846,80.149021,203,273010,3245935,0.2883,buy,91654,32.45501,4349,271303,2484328,0.2206,buy,43600,44.456112,23772,546042,2224082,0.1975,buy,46755,44.66297,6151,135865,-1.21
2006-02-03,11199176,20,False,,3289916,0.2938,buy,37846,80.149021,203,256597,3205977,0.2863,buy,91654,32.45501,4349,231346,2463400,0.22,buy,43600,44.456112,23772,525114,2239862,0.2,buy,46755,44.66297,6151,151645,-1.75
2006-02-06,11213186,20,False,,3298513,0.2942,buy,37846,80.149021,203,265193,3197360,0.2851,buy,91654,32.45501,4349,222729,2472992,0.2205,buy,43600,44.456112,23772,534706,2244300,0.2001,buy,46755,44.66297,6151,156083,-1.62
2006-02-07,11066871,20,False,,3269333,0.2954,buy,37846,80.149021,203,236013,3183258,0.2876,buy,91654,32.45501,4349,208627,2380560,0.2151,buy,43600,44.456112,23772,442273,2233700,0.2018,buy,46755,44.66297,6151,145482,-2.91
2006-02-08,11138247,20,False,,3299035,0.2962,buy,37846,80.149021,203,265715,3220082,0.2891,buy,91654,32.45501,4349,245451,2390588,0.2146,buy,43600,44.456112,23772,452302,2228522,0.2001,buy,46755,44.66297,6151,140305,-2.28
2006-02-09,11171188,20,False,,3293563,0.2948,buy,37846,80.149021,203,260243,3189526,0.2855,buy,91654,32.45501,4349,214895,2449448,0.2193,buy,43600,44.456112,23772,511162,2238630,0.2004,buy,46755,44.66297,6151,150413,-1.99
2006-02-10,11123836,20,False,,3299556,0.2966,buy,37846,80.149021,203,266236,3209112,0.2885,buy,91654,32.45501,4349,234481,2388844,0.2148,buy,43600,44.456112,23772,450558,2226303,0.2001,buy,46755,44.66297,6151,138086,-2.41
2006-02-13,11034614,20,False,,3293563,0.2985,buy,37846,80.149021,203,260243,3172290,0.2875,buy,91654,32.45501,4349,197659,2342192,0.2123,buy,43600,44.456112,23772,403906,2226548,0.2018,buy,46755,44.66297,6151,138331,-3.19
2006-02-14,11127333,20,False,,3328476,0.2991,buy,37846,80.149021,203,295156,3204413,0.288,buy,91654,32.45501,4349,229781,2375764,0.2135,buy,43600,44.456112,23772,437478,2218660,0.1994,buy,46755,44.66297,6151,130443,-2.38
2006-02-15,11133023,20,False,,3340202,0.3,buy,37846,80.149021,203,306882,3224783,0.2897,buy,91654,32.45501,4349,250152,2343936,0.2105,buy,43600,44.456112,23772,405649,2224082,0.1998,buy,46755,44.66297,6151,135865,-2.33
2006-02-16,11221438,20,False,,3365213,0.2999,buy,37846,80.149021,203,331893,3254555,0.29,buy,91654,32.45501,4349,279923,2377072,0.2118,buy,43600,44.456112,23772,438786,2224577,0.1982,buy,46755,44.66297,6151,136360,-1.55
2006-02-17,11223398,20,False,,3356095,0.299,buy,37846,80.149021,203,322775,3228698,0.2877,buy,91654,32.45501,4349,254067,2396256,0.2135,buy,43600,44.456112,23772,457969,2242329,0.1998,buy,46755,44.66297,6151,154112,-1.53
2006-02-21,11182300,20,False,,3347757,0.2994,buy,37846,80.149021,203,314437,3192660,0.2855,buy,91654,32.45501,4349,218028,2403232,0.2149,buy,43600,44.456112,23772,464945,2238630,0.2002,buy,46755,44.66297,6151,150413,-1.89
2006-02-22,11267455,20,False,,3368080,0.2989,buy,37846,80.149021,203,334760,3232616,0.2869,buy,91654,32.45501,4349,257984,2412824,0.2141,buy,43600,44.456112,23772,474538,2253915,0.2,buy,46755,44.66297,6151,165698,-1.15
2006-02-23,11217701,20,False,,3363130,0.2998,buy,37846,80.149021,203,329811,3224001,0.2874,buy,91654,32.45501,4349,249370,2382304,0.2124,buy,43600,44.456112,23772,444017,2248245,0.2004,buy,46755,44.66297,6151,160028,-1.58
2006-02-24,11275061,20,False,,3371728,0.299,buy,37846,80.149021,203,338408,3232616,0.2867,buy,91654,32.45501,4349,257984,2425904,0.2152,buy,43600,44.456112,23772,487617,2244793,0.1991,buy,46755,44.66297,6151,156576,-1.08
2006-02-27,11290394,20,False,,3373031,0.2988,buy,37846,80.149021,203,339711,3268656,0.2895,buy,91654,32.45501,4349,294025,2407592,0.2132,buy,43600,44.456112,23772,469306,2241095,0.1985,buy,46755,44.66297,6151,152878,-0.95
2006-02-28,11257925,20,False,,3340983,0.2968,buy,37846,80.149021,203,307663,3220082,0.286,buy,91654,32.45501,4349,245451,2444652,0.2171,buy,43600,44.456112,23772,506366,2252187,0.2001,buy,46755,44.66297,6151,163970,-1.23
2006-03-01,11319202,20,False,,3370685,0.2978,buy,37846,80.149021,203,337365,3263955,0.2884,buy,91654,32.45501,4349,289323,2445960,0.2161,buy,43600,44.456112,23772,507673,2238582,0.1978,buy,46755,44.66297,6151,150365,-0.69
2006-03-02,11333609,20,False,,3370425,0.2974,buy,37846,80.149021,203,337105,3266306,0.2882,buy,91654,32.45501,4349,291675,2473864,0.2183,buy,43600,44.456112,23772,535578,2222993,0.1961,buy,46755,44.66297,6151,134776,-0.57
2006-03-03,11266255,20,False,,3354793,0.2978,buy,37846,80.149021,203,321473,3247504,0.2883,buy,91654,32.45501,4349,272873,2453808,0.2178,buy,43600,44.456112,23772,515521,2210130,0.1962,buy,46755,44.66297,6151,121912,-1.16
2006-03-06,11157597,20,False,,3339420,0.2993,buy,37846,80.149021,203,306100,3219297,0.2885,buy,91654,32.45501,4349,244666,2408028,0.2158,buy,43600,44.456112,23772,469742,2190831,0.1964,buy,46755,44.66297,6151,102614,-2.11
2006-03-07,11122859,20,False,,3334209,0.2998,buy,37846,80.149021,203,300889,3200494,0.2877,buy,91654,32.45501,4349,225862,2395820,0.2154,buy,43600,44.456112,23772,457534,2192317,0.1971,buy,46755,44.66297,6151,104100,-2.42
2006-03-08,11087990,20,False,,3341244,0.3013,buy,37846,80.149021,203,307924,3202061,0.2888,buy,91654,32.45501,4349,227429,2353092,0.2122,buy,43600,44.456112,23772,414806,2191573,0.1977,buy,46755,44.66297,6151,103356,-2.72
2006-03-09,11050676,20,False,,3318837,0.3003,buy,37846,80.149021,203,285517,3174638,0.2873,buy,91654,32.45501,4349,200007,2364864,0.214,buy,43600,44.456112,23772,426578,2192317,0.1984,buy,46755,44.66297,6151,104100,-3.05
2006-03-10,11059297,20,False,,3350363,0.3029,buy,37846,80.149021,203,317043,3177774,0.2873,buy,91654,32.45501,4349,203143,2346988,0.2122,buy,43600,44.456112,23772,408702,2184151,0.1975,buy,46755,44.66297,6151,95933,-2.97
2006-03-13,11094147,20,False,,3356616,0.3026,buy,37846,80.149021,203,323296,3187176,0.2873,buy,91654,32.45501,4349,212544,2367916,0.2134,buy,43600,44.456112,23772,429630,2182419,0.1967,buy,46755,44.66297,6151,94202,-2.67
2006-03-14,11222394,20,False,,3391790,0.3022,buy,37846,80.149021,203,358470,3241235,0.2888,buy,91654,32.45501,4349,266604,2392332,0.2132,buy,43600,44.456112,23772,454045,2197016,0.1958,buy,46755,44.66297,6151,108799,-1.54
2006-03-15,11263951,20,False,,3406901,0.3025,buy,37846,80.149021,203,373581,3268656,0.2902,buy,91654,32.45501,4349,294025,2403232,0.2134,buy,43600,44.456112,23772,464945,2185142,0.194,buy,46755,44.66297,6151,96925,-1.18
2006-03-16,11272951,20,False,,3413937,0.3028,buy,37846,80.149021,203,380617,3241235,0.2875,buy,91654,32.45501,4349,266604,2412824,0.214,buy,43600,44.456112,23772,474538,2204935,0.1956,buy,46755,44.66297,6151,116717,-1.1
2006-03-17,11268075,20,False,,3416786,0.3032,buy,37846,80.149021,203,383467,3249782,0.2884,buy,91654,32.45501,4349,275150,2403232,0.2133,buy,43600,44.456112,23772,464945,2198254,0.1951,buy,46755,44.66297,6151,110037,-1.14
2006-03-20,11276065,20,False,,3411294,0.3025,buy,37846,80.149021,203,377974,3257621,0.2889,buy,91654,32.45501,4349,282990,2405412,0.2133,buy,43600,44.456112,23772,467125,2201717,0.1953,buy,46755,44.66297,6151,113500,-1.07
2006-03-21,11193911,20,False,,3389843,0.3028,buy,37846,80.149021,203,356523,3223124,0.2879,buy,91654,32.45501,4349,248492,2390588,0.2136,buy,43600,44.456112,23772,452302,2190336,0.1957,buy,46755,44.66297,6151,102119,-1.79
2006-03-22,11223631,20,False,,3410509,0.3039,buy,37846,80.149021,203,377189,3230964,0.2879,buy,91654,32.45501,4349,256332,2387100,0.2127,buy,43600,44.456112,23772,448814,2195038,0.1956,buy,46755,44.66297,6151,106820,-1.53
2006-03-23,11198053,20,False,,3403445,0.3039,buy,37846,80.149021,203,370126,3221556,0.2877,buy,91654,32.45501,4349,246924,2384920,0.213,buy,43600,44.456112,23772,446634,2188112,0.1954,buy,46755,44.66297,6151,99895,-1.76
2006-03-24,11277250,20,False,,3406062,0.302,buy,37846,80.149021,203,372742,3238020,0.2871,buy,91654,32.45501,4349,263388,2428956,0.2154,buy,43600,44.456112,23772,490669,2204192,0.1955,buy,46755,44.66297,6151,115975,-1.06
2006-03-27,11294549,20,False,,3401094,0.3011,buy,37846,80.149021,203,367774,3238806,0.2868,buy,91654,32.45501,4349,264174,2458604,0.2177,buy,43600,44.456112,23772,520317,2196025,0.1944,buy,46755,44.66297,6151,107807,-0.91
2006-03-28,11225374,20,False,,3380166,0.3011,buy,37846,80.149021,203,346846,3225479,0.2873,buy,91654,32.45501,4349,250847,2444216,0.2177,buy,43600,44.456112,23772,505930,2175492,0.1938,buy,46755,44.66297,6151,87275,-1.52
2006-03-29,11341356,20,False,,3401354,0.2999,buy,37846,80.149021,203,368034,3286629,0.2898,buy,91654,32.45501,4349,311998,2488252,0.2194,buy,43600,44.456112,23772,549966,2165101,0.1909,buy,46755,44.66297,6151,76884,-0.5
2006-03-30,11397148,20,False,,3395337,0.2979,buy,37846,80.149021,203,362017,3296822,0.2893,buy,91654,32.45501,4349,322191,2554960,0.2242,buy,43600,44.456112,23772,616673,2150009,0.1886,buy,46755,44.66297,6151,61791,-0.01
2006-03-31,11365983,20,False,,3396122,0.2988,buy,37846,80.149021,203,362803,3287413,0.2892,buy,91654,32.45501,4349,312782,2533160,0.2229,buy,43600,44.456112,23772,594873,2149267,0.1891,buy,46755,44.66297,6151,61050,-0.28
2006-04-03,11384116,20,False,,3393506,0.2981,buy,37846,80.149021,203,360186,3291336,0.2891,buy,91654,32.45501,4349,316704,2549292,0.2239,buy,43600,44.456112,23772,611006,2149962,0.1889,buy,46755,44.66297,6151,61744,-0.12
2006-04-04,11414686,59,True,monthly,3436965,0.3011,buy,38087,80.210944,203,381971,3433359,0.3008,buy,95088,32.585858,4349,334835,2270437,0.1989,buy,38924,44.456112,88341,540027,2273866,0.1992,buy,49501,44.747723,6151,58809,0.0
2006-04-05,11475068,59,False,,3448812,0.3005,buy,38087,80.210944,203,393818,3465894,0.302,buy,95088,32.585858,4349,367370,2283282,0.199,buy,38924,44.456112,88341,552872,2277021,0.1984,buy,49501,44.747723,6151,61964,0.0
2006-04-06,11487926,59,False,,3445127,0.2999,buy,38087,80.210944,203,390133,3475657,0.3025,buy,95088,32.585858,4349,377133,2307415,0.2009,buy,38924,44.456112,88341,577005,2259668,0.1967,buy,49501,44.747723,6151,44611,0.0
2006-04-07,11370617,59,False,,3410114,0.2999,buy,38087,80.210944,203,355120,3442307,0.3027,buy,95088,32.585858,4349,343783,2280557,0.2006,buy,38924,44.456112,88341,550147,2237580,0.1968,buy,49501,44.747723,6151,22523,-1.02
2006-04-10,11414522,59,False,,3415378,0.2992,buy,38087,80.210944,203,360384,3437425,0.3011,buy,95088,32.585858,4349,338901,2319870,0.2032,buy,38924,44.456112,88341,589461,2241789,0.1964,buy,49501,44.747723,6151,26732,-0.64
2006-04-11,11342831,59,False,,3386421,0.2986,buy,38087,80.210944,203,331427,3409769,0.3006,buy,95088,32.585858,4349,311245,2296905,0.2025,buy,38924,44.456112,88341,566495,2249676,0.1983,buy,49501,44.747723,6151,34619,-1.26
2006-04-12,11352639,59,False,,3392740,0.2989,buy,38087,80.210944,203,337746,3410583,0.3004,buy,95088,32.585858,4349,312059,2313253,0.2038,buy,38924,44.456112,88341,582844,2236003,0.197,buy,49501,44.747723,6151,20946,-1.18
2006-04-13,11348942,59,False,,3388265,0.2986,buy,38087,80.210944,203,333271,3424412,0.3017,buy,95088,32.585858,4349,325888,2315978,0.2041,buy,38924,44.456112,88341,585568,2220228,0.1956,buy,49501,44.747723,6151,5171,-1.21
2006-04-17,11381875,59,False,,3386948,0.2976,buy,38087,80.210944,203,331954,3388622,0.2977,buy,95088,32.585858,4349,290098,2377867,0.2089,buy,38924,44.456112,88341,647457,2228379,0.1958,buy,49501,44.747723,6151,13322,-0.92
2006-04-18,11534177,59,False,,3440651,0.2983,buy,38087,80.210944,203,385657,3453694,0.2994,buy,95088,32.585858,4349,355170,2407449,0.2087,buy,38924,44.456112,88341,677040,2232323,0.1935,buy,49501,44.747723,6151,17266,0.0
2006-04-19,11616495,59,False,,3447231,0.2968,buy,38087,80.210944,203,392237,3469148,0.2986,buy,95088,32.585858,4349,370624,2481405,0.2136,buy,38924,44.456112,88341,750995,2218652,0.191,buy,49501,44.747723,6151,3595,0.0
2006-04-20,11498592,59,False,,3451969,0.3002,buy,38087,80.210944,203,396975,3456947,0.3006,buy,95088,32.585858,4349,358423,2372807,0.2064,buy,38924,44.456112,88341,642397,2216809,0.1928,buy,49501,44.747723,6151,1752,-1.01
2006-04-21,11558522,59,False,,3452496,0.2987,buy,38087,80.210944,203,397502,3416278,0.2956,buy,95088,32.585858,4349,317754,2459997,0.2128,buy,38924,44.456112,88341,729587,2229692,0.1929,buy,49501,44.747723,6151,14635,-0.5
2006-04-24,11497561,59,False,,3446180,0.2997,buy,38087,80.210944,203,391186,3413024,0.2968,buy,95088,32.585858,4349,314500,2399665,0.2087,buy,38924,44.456112,88341,669255,2238633,0.1947,buy,49501,44.747723,6151,23576,-1.02
2006-04-25,11493451,59,False,,3431965,0.2986,buy,38087,80.210944,203,376971,3405702,0.2963,buy,95088,32.585858,4349,307178,2443649,0.2126,buy,38924,44.456112,88341,713239,2212077,0.1925,buy,49501,44.747723,6151,-2980,-1.06
2006-04-26,11523610,59,False,,3432755,0.2979,buy,38087,80.210944,203,377761,3404889,0.2955,buy,95088,32.585858,4349,306365,2477513,0.215,buy,38924,44.456112,88341,747103,2208395,0.1916,buy,49501,44.747723,6151,-6662,-0.8
2006-04-27,11548766,59,False,,3449337,0.2987,buy,38087,80.210944,203,394343,3437425,0.2976,buy,95088,32.585858,4349,338901,2450655,0.2122,buy,38924,44.456112,88341,720245,2211289,0.1915,buy,49501,44.747723,6151,-3768,-0.58
2006-04-28,11611487,59,False,,3460922,0.2981,buy,38087,80.210944,203,405927,3404076,0.2932,buy,95088,32.585858,4349,305552,2533563,0.2182,buy,38924,44.456112,88341,803153,2212867,0.1906,buy,49501,44.747723,6151,-2190,-0.04
2006-05-01,11536064,59,False,,3432755,0.2976,buy,38087,80.210944,203,377761,3370727,0.2922,buy,95088,32.585858,4349,272203,2536288,0.2199,buy,38924,44.456112,88341,805878,2196235,0.1904,buy,49501,44.747723,6151,-18822,-0.69
2006-05-02,11630718,59,False,,3458551,0.2974,buy,38087,80.210944,203,403557,3379674,0.2906,buy,95088,32.585858,4349,281150,2590392,0.2227,buy,38924,44.456112,88341,859983,2202041,0.1893,buy,49501,44.747723,6151,-13016,0.0
2006-05-03,11604683,59,False,,3445651,0.2969,buy,38087,80.210944,203,390657,3374793,0.2908,buy,95088,32.585858,4349,276269,2586889,0.2229,buy,38924,44.456112,88341,856479,2197291,0.1893,buy,49501,44.747723,6151,-17766,-0.22
2006-05-04,11680720,59,False,,3458025,0.296,buy,38087,80.210944,203,403031,3402449,0.2913,buy,95088,32.585858,4349,303925,2626592,0.2249,buy,38924,44.456112,88341,896182,2193595,0.1878,buy,49501,44.747723,6151,-21462,0.0
2006-05-05,11771149,59,False,,3488561,0.2964,buy,38087,80.210944,203,433567,3429292,0.2913,buy,95088,32.585858,4349,330768,2646443,0.2248,buy,38924,44.456112,88341,916033,2206795,0.1875,buy,49501,44.747723,6151,-8262,0.0
2006-05-08,11754775,59,False,,3484351,0.2964,buy,38087,80.210944,203,429356,3432546,0.292,buy,95088,32.585858,4349,334022,2629705,0.2237,buy,38924,44.456112,88341,899296,2208114,0.1878,buy,49501,44.747723,6151,-6943,-0.14
2006-05-09,11829804,59,False,,3491194,0.2951,buy,38087,80.210944,203,436200,3419532,0.2891,buy,95088,32.585858,4349,321008,2712224,0.2293,buy,38924,44.456112,88341,981815,2206795,0.1865,buy,49501,44.747723,6151,-8262,0.0
2006-05-10,11829072,59,False,,3489353,0.295,buy,38087,80.210944,203,434358,3389437,0.2865,buy,95088,32.585858,4349,290913,2739471,0.2316,buy,38924,44.456112,88341,1009061,2210752,0.1869,buy,49501,44.747723,6151,-4305,-0.01
2006-05-11,11725782,59,False,,3447231,0.294,buy,38087,80.210944,203,392237,3313790,0.2826,buy,95088,32.585858,4349,215266,2764772,0.2358,buy,38924,44.456112,88341,1034362,2199930,0.1876,buy,49501,44.747723,6151,-15127,-0.88
2006-05-12,11621320,59,False,,3402217,0.2928,buy,38087,80.210944,203,347223,3269051,0.2813,buy,95088,32.585858,4349,170527,2768275,0.2382,buy,38924,44.456112,88341,1037865,2181718,0.1877,buy,49501,44.747723,6151,-33339,-1.76
2006-05-15,11490027,59,False,,3409061,0.2967,buy,38087,80.210944,203,354067,3266612,0.2843,buy,95088,32.585858,4349,168088,2623867,0.2284,buy,38924,44.456112,88341,893457,2190427,0.1906,buy,49501,44.747723,6151,-24630,-2.87
2006-05-16,11523698,59,False,,3404059,0.2954,buy,38087,80.210944,203,349065,3242210,0.2814,buy,95088,32.585858,4349,143686,2670576,0.2317,buy,38924,44.456112,88341,940166,2206795,0.1915,buy,49501,44.747723,6151,-8262,-2.59
2006-05-17,11383383,59,False,,3339300,0.2933,buy,38087,80.210944,203,284306,3198286,0.281,buy,95088,32.585858,4349,99762,2652671,0.233,buy,38924,44.456112,88341,922261,2193067,0.1927,buy,49501,44.747723,6151,-21990,-3.77
2006-05-18,11347547,59,False,,3322453,0.2928,buy,38087,80.210944,203,267459,3176325,0.2799,buy,95088,32.585858,4349,77801,2625813,0.2314,buy,38924,44.456112,88341,895403,2222896,0.1959,buy,49501,44.747723,6151,7839,-4.08
2006-05-19,11328005,59,False,,3345882,0.2954,buy,38087,80.210944,203,290887,3200726,0.2825,buy,95088,32.585858,4349,102202,2552636,0.2253,buy,38924,44.456112,88341,822226,2228702,0.1967,buy,49501,44.747723,6151,13645,-4.24
2006-05-22,11265414,59,False,,3320346,0.2947,buy,38087,80.210944,203,265352,3169817,0.2814,buy,95088,32.585858,4349,71293,2541737,0.2256,buy,38924,44.456112,88341,811328,2233454,0.1983,buy,49501,44.747723,6151,18397,-4.77
2006-05-23,11249953,59,False,,3295075,0.2929,buy,38087,80.210944,203,240081,3138908,0.279,buy,95088,32.585858,4349,40384,2583775,0.2297,buy,38924,44.456112,88341,853365,2232135,0.1984,buy,49501,44.747723,6151,17078,-4.9
2006-05-24,11208180,59,False,,3321400,0.2963,buy,38087,80.210944,203,266406,3160058,0.2819,buy,95088,32.585858,4349,61534,2493471,0.2225,buy,38924,44.456112,88341,763062,2233192,0.1992,buy,49501,44.747723,6151,18135,-5.25
2006-05-25,11306927,59,False,,3362465,0.2974,buy,38087,80.210944,203,307471,3201541,0.2831,buy,95088,32.585858,4349,103017,2518383,0.2227,buy,38924,44.456112,88341,787973,2224479,0.1967,buy,49501,44.747723,6151,9422,-4.42
2006-05-26,11348601,59,False,,3379578,0.2978,buy,38087,80.210944,203,324584,3212115,0.283,buy,95088,32.585858,4349,113591,2533952,0.2233,buy,38924,44.456112,88341,803543,2222896,0.1959,buy,49501,44.747723,6151,7839,-4.07
2006-05-30,11218775,59,False,,3319556,0.2959,buy,38087,80.210944,203,264562,3142977,0.2802,buy,95088,32.585858,4349,44453,2534342,0.2259,buy,38924,44.456112,88341,803932,2221841,0.198,buy,49501,44.747723,6151,6784,-5.17
2006-05-31,11223081,59,False,,3356675,0.2991,buy,38087,80.210944,203,301681,3157617,0.2814,buy,95088,32.585858,4349,59093,2500089,0.2228,buy,38924,44.456112,88341,769679,2208641,0.1968,buy,49501,44.747723,6151,-6416,-5.13
2006-06-01,11274885,59,False,,3388790,0.3006,buy,38087,80.210944,203,333796,3232449,0.2867,buy,95088,32.585858,4349,133925,2435085,0.216,buy,38924,44.456112,88341,704676,2218501,0.1968,buy,49501,44.747723,6151,3444,-4.69
2006-06-02,11339071,59,False,,3395899,0.2995,buy,38087,80.210944,203,340905,3224316,0.2844,buy,95088,32.585858,4349,125792,2471674,0.218,buy,38924,44.456112,88341,741264,2247123,0.1982,buy,49501,44.747723,6151,32066,-4.15
2006-06-05,11208537,59,False,,3346408,0.2986,buy,38087,80.210944,203,291414,3154363,0.2814,buy,95088,32.585858,4349,55839,2463500,0.2198,buy,38924,44.456112,88341,733090,2244207,0.2002,buy,49501,44.747723,6151,29150,-5.25
2006-06-06,11179735,59,False,,3338248,0.2986,buy,38087,80.210944,203,283254,3151923,0.2819,buy,95088,32.585858,4349,53398,2434696,0.2178,buy,38924,44.456112,88341,704286,2254809,0.2017,buy,49501,44.747723,6151,39752,-5.5
2006-06-07,11121157,59,False,,3313239,0.2979,buy,38087,80.210944,203,258245,3128334,0.2813,buy,95088,32.585858,4349,29810,2424187,0.218,buy,38924,44.456112,88341,693777,2255338,0.2028,buy,49501,44.747723,6151,40281,-5.99
2006-06-08,11064562,59,False,,3310342,0.2992,buy,38087,80.210944,203,255348,3123455,0.2823,buy,95088,32.585858,4349,24931,2370861,0.2143,buy,38924,44.456112,88341,640451,2259845,0.2042,buy,49501,44.747723,6151,44788,-6.47
2006-06-09,11027719,59,False,,3299813,0.2992,buy,38087,80.210944,203,244819,3103120,0.2814,sell,95088,32.585858,4349,4596,2352956,0.2134,buy,38924,44.456112,88341,622546,2271771,0.206,buy,49501,44.747723,6151,56714,-6.78
2006-06-12,10972170,3097924,False,,3264011,0.2975,buy,38087,80.210944,203,209017,0,0.0,sell,0,0.0,3690,0,2336608,0.213,buy,38924,44.456112,88341,606198,2273627,0.2072,buy,49501,44.747723,6151,58570,-7.25
2006-06-13,10775873,3097924,False,,3226104,0.2994,buy,38087,80.210944,203,171109,0,0.0,sell,0,0.0,3690,0,2176630,0.202,buy,38924,44.456112,88341,446220,2275215,0.2111,buy,49501,44.747723,6151,60158,-8.91
2006-06-14,10766411,3097924,False,,3251112,0.302,buy,38087,80.210944,203,196117,0,0.0,sell,0,0.0,3690,0,2164953,0.2011,buy,38924,44.456112,88341,434543,2252422,0.2092,buy,49501,44.747723,6151,37365,-8.99
2006-06-15,10888567,3097924,False,,3320083,0.3049,buy,38087,80.210944,203,265088,0,0.0,sell,0,0.0,3690,0,2231124,0.2049,buy,38924,44.456112,88341,500714,2239436,0.2057,buy,49501,44.747723,6151,24379,-7.96
2006-06-16,10873352,3097924,False,,3295889,0.3031,buy,38087,80.210944,203,240895,0,0.0,sell,0,0.0,3690,0,2245136,0.2065,buy,38924,44.456112,88341,514727,2234402,0.2055,buy,49501,44.747723,6151,19345,-8.09
2006-06-19,10792881,3097924,False,,3269977,0.303,buy,38087,80.210944,203,214983,0,0.0,sell,0,0.0,3690,0,2193757,0.2033,buy,38924,44.456112,88341,463347,2231223,0.2067,buy,49501,44.747723,6151,16166,-8.77
2006-06-20,10836863,3097924,False,,3281083,0.3028,buy,38087,80.210944,203,226088,0,0.0,sell,0,0.0,3690,0,2230345,0.2058,buy,38924,44.456112,88341,499935,2227511,0.2055,buy,49501,44.747723,6151,12454,-8.39
2006-06-21,10901810,3097924,False,,3305408,0.3032,buy,38087,80.210944,203,250414,0,0.0,sell,0,0.0,3690,0,2270437,0.2083,buy,38924,44.456112,88341,540027,2228041,0.2044,buy,49501,44.747723,6151,12984,-7.84
2006-06-22,10851194,3097924,False,,3290867,0.3033,buy,38087,80.210944,203,235873,0,0.0,sell,0,0.0,3690,0,2247083,0.2071,buy,38924,44.456112,88341,516673,2215321,0.2042,buy,49501,44.747723,6151,264,-8.27
2006-06-23,10856277,3097924,False,,3290337,0.3031,buy,38087,80.210944,203,235342,0,0.0,sell,0,0.0,3690,0,2257203,0.2079,buy,38924,44.456112,88341,526793,2210813,0.2036,buy,49501,44.747723,6151,-4244,-8.23
2006-06-26,10877869,3097924,False,,3304880,0.3038,buy,38087,80.210944,203,249886,0,0.0,sell,0,0.0,3690,0,2268491,0.2085,buy,38924,44.456112,88341,538081,2206574,0.2028,buy,49501,44.747723,6151,-8483,-8.05
2006-06-27,10836824,3097924,False,,3276323,0.3023,buy,38087,80.210944,203,221329,0,0.0,sell,0,0.0,3690,0,2245136,0.2072,buy,38924,44.456112,88341,514727,2217440,0.2046,buy,49501,44.747723,6151,2383,-8.39
2006-06-28,10841925,3097924,False,,3298534,0.3042,buy,38087,80.210944,203,243540,0,0.0,sell,0,0.0,3690,0,2239687,0.2066,buy,38924,44.456112,88341,509277,2205780,0.2034,buy,49501,44.747723,6151,-9277,-8.35
2006-06-29,10993046,3097924,False,,3365166,0.3061,buy,38087,80.210944,203,310171,0,0.0,sell,0,0.0,3690,0,2316756,0.2107,buy,38924,44.456112,88341,586347,2213199,0.2013,buy,49501,44.747723,6151,-1858,-7.07
2006-06-30,11081339,3097924,False,,3365430,0.3037,buy,38087,80.210944,203,310436,0,0.0,sell,0,0.0,3690,0,2383317,0.2151,buy,38924,44.456112,88341,652907,2234668,0.2017,buy,49501,44.747723,6151,19611,-6.33
2006-07-03,11129858,3097924,False,,3379179,0.3036,buy,38087,80.210944,203,324185,0,0.0,sell,0,0.0,3690,0,2420294,0.2175,buy,38924,44.456112,88341,689885,2232460,0.2006,buy,49501,44.747723,6151,17403,-5.92
2006-07-05,11105187,3097924,False,,3359879,0.3026,buy,38087,80.210944,203,304884,0,0.0,sell,0,0.0,3690,0,2432750,0.2191,buy,38924,44.456112,88341,702340,2214634,0.1994,buy,49501,44.747723,6151,-423,-6.13
2006-07-06,11148775,3097924,False,,3369659,0.3022,buy,38087,80.210944,203,314665,0,0.0,sell,0,0.0,3690,0,2452990,0.22,buy,38924,44.456112,88341,722581,2228200,0.1999,buy,49501,44.747723,6151,13143,-5.76
2006-07-07,11126017,3097924,False,,3347715,0.3009,buy,38087,80.210944,203,292720,0,0.0,sell,0,0.0,3690,0,2437810,0.2191,buy,38924,44.456112,88341,707400,2242567,0.2016,buy,49501,44.747723,6151,27510,-5.95
2006-07-10,11110747,3097924,False,,3354060,0.3019,buy,38087,80.210944,203,299065,0,0.0,sell,0,0.0,3690,0,2414066,0.2173,buy,38924,44.456112,88341,683657,2244697,0.202,buy,49501,44.747723,6151,29640,-6.08
2006-07-11,11202413,3097924,False,,3368866,0.3007,buy,38087,80.210944,203,313872,0,0.0,sell,0,0.0,3690,0,2483740,0.2217,buy,38924,44.456112,88341,753331,2251882,0.201,buy,49501,44.747723,6151,36825,-5.3
2006-07-12,11210190,3097924,False,,3332908,0.2973,buy,38087,80.210944,203,277913,0,0.0,sell,0,0.0,3690,0,2526946,0.2254,buy,38924,44.456112,88341,796536,2252412,0.2009,buy,49501,44.747723,6151,37355,-5.24
2006-07-13,11189288,3097924,False,,3278703,0.293,buy,38087,80.210944,203,223709,0,0.0,sell,0,0.0,3690,0,2551468,0.228,buy,38924,44.456112,88341,821059,2261192,0.2021,buy,49501,44.747723,6151,46135,-5.41
2006-07-14,11189603,3097924,False,,3266011,0.2919,buy,38087,80.210944,203,211017,0,0.0,sell,0,0.0,3690,0,2563145,0.2291,buy,38924,44.456112,88341,832736,2262522,0.2022,buy,49501,44.747723,6151,47465,-5.41
2006-07-17,11114347,3097924,False,,3261251,0.2934,buy,38087,80.210944,203,206257,0,0.0,sell,0,0.0,3690,0,2489190,0.224,buy,38924,44.456112,88341,758780,2265982,0.2039,buy,49501,44.747723,6151,50925,-6.05
2006-07-18,11070714,3097924,False,,3277910,0.2961,buy,38087,80.210944,203,222915,0,0.0,sell,0,0.0,3690,0,2448320,0.2212,buy,38924,44.456112,88341,717910,2246561,0.2029,buy,49501,44.747723,6151,31503,-6.42
2006-07-19,11181460,3097924,False,,3323389,0.2972,buy,38087,80.210944,203,268395,0,0.0,sell,0,0.0,3690,0,2492304,0.2229,buy,38924,44.456112,88341,761894,2267843,0.2028,buy,49501,44.747723,6151,52786,-5.48
2006-07-20,11107374,3097924,False,,3300648,0.2972,buy,38087,80.210944,203,245654,0,0.0,sell,0,0.0,3690,0,2434307,0.2192,buy,38924,44.456112,88341,703897,2274495,0.2048,buy,49501,44.747723,6151,59438,-6.11
2006-07-21,11047545,3097924,False,,3277381,0.2967,buy,38087,80.210944,203,222387,0,0.0,sell,0,0.0,3690,0,2402000,0.2174,buy,38924,44.456112,88341,671590,2270239,0.2055,buy,49501,44.747723,6151,55182,-6.61
2006-07-24,11083784,3097924,False,,3337138,0.3011,buy,38087,80.210944,203,282144,0,0.0,sell,0,0.0,3690,0,2379813,0.2147,buy,38924,44.456112,88341,649404,2268908,0.2047,buy,49501,44.747723,6151,53851,-6.31
2006-07-25,11104989,3097924,False,,3349036,0.3016,buy,38087,80.210944,203,294042,0,0.0,sell,0,0.0,3690,0,2395772,0.2157,buy,38924,44.456112,88341,665362,2262256,0.2037,buy,49501,44.747723,6151,47199,-6.13
2006-07-26,11135247,3097924,False,,3353531,0.3012,buy,38087,80.210944,203,298537,0,0.0,sell,0,0.0,3690,0,2413288,0.2167,buy,38924,44.456112,88341,682878,2270504,0.2039,buy,49501,44.747723,6151,55447,-5.87
2006-07-27,11163648,3097924,False,,3350358,0.3001,buy,38087,80.210944,203,295364,0,0.0,sell,0,0.0,3690,0,2448320,0.2193,buy,38924,44.456112,88341,717910,2267046,0.2031,buy,49501,44.747723,6151,51989,-5.63
2006-07-28,11218439,3097924,False,,3383939,0.3016,buy,38087,80.210944,203,328945,0,0.0,sell,0,0.0,3690,0,2456494,0.219,buy,38924,44.456112,88341,726084,2280081,0.2032,buy,49501,44.747723,6151,65024,-5.17
2006-07-31,11219874,3097924,False,,3380500,0.3013,buy,38087,80.210944,203,325506,0,0.0,sell,0,0.0,3690,0,2458440,0.2191,buy,38924,44.456112,88341,728030,2283009,0.2035,buy,49501,44.747723,6151,67952,-5.16
2006-08-01,11248155,3097924,False,,3363844,0.2991,buy,38087,80.210944,203,308850,0,0.0,sell,0,0.0,3690,0,2503592,0.2226,buy,38924,44.456112,88341,773182,2282795,0.2029,buy,49501,44.747723,6151,67738,-4.92
2006-08-02,11295125,3374437,True,monthly,3397164,0.3008,buy,38206,80.237808,203,331598,0,0.0,sell,0,0.0,3690,0,2265602,0.2006,buy,34990,44.456112,167374,710083,2257921,0.1999,buy,48779,44.747723,7004,75172,-4.52
2006-08-03,11282624,3374437,False,,3406180,0.3019,buy,38206,80.237808,203,340615,0,0.0,sell,0,0.0,3690,0,2243559,0.1989,buy,34990,44.456112,167374,688040,2258448,0.2002,buy,48779,44.747723,7004,75699,-4.63
2006-08-04,11296078,3374437,False,,3400347,0.301,buy,38206,80.237808,203,334781,0,0.0,sell,0,0.0,3690,0,2249157,0.1991,buy,34990,44.456112,167374,693638,2272137,0.2011,buy,48779,44.747723,7004,89388,-4.51
2006-08-07,11297135,3374437,False,,3392390,0.3003,buy,38206,80.237808,203,326824,0,0.0,sell,0,0.0,3690,0,2256855,0.1998,buy,34990,44.456112,167374,701336,2273453,0.2012,buy,48779,44.747723,7004,90704,-4.5
2006-08-08,11260591,3374437,False,,3379392,0.3001,buy,38206,80.237808,203,313826,0,0.0,sell,0,0.0,3690,0,2238310,0.1988,buy,34990,44.456112,167374,682791,2268451,0.2015,buy,48779,44.747723,7004,85702,-4.81
2006-08-09,11264911,3374437,False,,3367988,0.299,buy,38206,80.237808,203,302423,0,0.0,sell,0,0.0,3690,0,2261404,0.2007,buy,34990,44.456112,167374,705884,2261082,0.2007,buy,48779,44.747723,7004,78332,-4.78
2006-08-10,11223545,3374437,False,,3378331,0.301,buy,38206,80.237808,203,312766,0,0.0,sell,0,0.0,3690,0,2213118,0.1972,buy,34990,44.456112,167374,657598,2257660,0.2012,buy,48779,44.747723,7004,74910,-5.12
2006-08-11,11185363,3374437,False,,3368783,0.3012,buy,38206,80.237808,203,303217,0,0.0,sell,0,0.0,3690,0,2194223,0.1962,buy,34990,44.456112,167374,638703,2247920,0.201,buy,48779,44.747723,7004,65171,-5.45
2006-08-14,11167971,3374437,False,,3371434,0.3019,buy,38206,80.237808,203,305869,0,0.0,sell,0,0.0,3690,0,2178128,0.195,buy,34990,44.456112,167374,622608,2243972,0.2009,buy,48779,44.747723,7004,61223,-5.59
2006-08-15,11218843,3374437,False,,3411752,0.3041,buy,38206,80.237808,203,346187,0,0.0,sell,0,0.0,3690,0,2169730,0.1934,buy,34990,44.456112,167374,614210,2262924,0.2017,buy,48779,44.747723,7004,80175,-5.16
2006-08-16,11279285,3374437,False,,3440133,0.305,buy,38206,80.237808,203,374567,0,0.0,sell,0,0.0,3690,0,2186525,0.1939,buy,34990,44.456112,167374,631006,2278191,0.202,buy,48779,44.747723,7004,95441,-4.65
2006-08-17,11236164,3374437,False,,3448885,0.3069,buy,38206,80.237808,203,383320,0,0.0,sell,0,0.0,3690,0,2135440,0.1901,buy,34990,44.456112,167374,579920,2277402,0.2027,buy,48779,44.747723,7004,94653,-5.02
2006-08-18,11260599,3374437,False,,3466391,0.3078,buy,38206,80.237808,203,400825,0,0.0,sell,0,0.0,3690,0,2135790,0.1897,buy,34990,44.456112,167374,580270,2283981,0.2028,buy,48779,44.747723,7004,101232,-4.81
2006-08-21,11302892,3374437,False,,3451539,0.3054,buy,38206,80.237808,203,385973,0,0.0,sell,0,0.0,3690,0,2184776,0.1933,buy,34990,44.456112,167374,629256,2292141,0.2028,buy,48779,44.747723,7004,109392,-4.45
2006-08-22,11289770,3374437,False,,3451272,0.3057,buy,38206,80.237808,203,385706,0,0.0,sell,0,0.0,3690,0,2171129,0.1923,buy,34990,44.456112,167374,615610,2292932,0.2031,buy,48779,44.747723,7004,110182,-4.57
2006-08-23,11273576,3374437,False,,3441724,0.3053,buy,38206,80.237808,203,376159,0,0.0,sell,0,0.0,3690,0,2163432,0.1919,buy,34990,44.456112,167374,607912,2293983,0.2035,buy,48779,44.747723,7004,111234,-4.7
2006-08-24,11272071,3374437,False,,3438805,0.3051,buy,38206,80.237808,203,373240,0,0.0,sell,0,0.0,3690,0,2160632,0.1917,buy,34990,44.456112,167374,605113,2298196,0.2039,buy,48779,44.747723,7004,115447,-4.71
2006-08-25,11280438,3374437,False,,3443049,0.3052,buy,38206,80.237808,203,377483,0,0.0,sell,0,0.0,3690,0,2161332,0.1916,buy,34990,44.456112,167374,605813,2301620,0.204,buy,48779,44.747723,7004,118870,-4.64
2006-08-28,11272046,3374437,False,,3459495,0.3069,buy,38206,80.237808,203,393929,0,0.0,sell,0,0.0,3690,0,2134390,0.1894,buy,34990,44.456112,167374,578871,2303724,0.2044,buy,48779,44.747723,7004,120975,-4.71
2006-08-29,11277082,3374437,False,,3463473,0.3071,buy,38206,80.237808,203,397908,0,0.0,sell,0,0.0,3690,0,2132291,0.1891,buy,34990,44.456112,167374,576771,2306881,0.2046,buy,48779,44.747723,7004,124132,-4.67
2006-08-30,11302054,3374437,False,,3465595,0.3066,buy,38206,80.237808,203,400029,0,0.0,sell,0,0.0,3690,0,2149086,0.1902,buy,34990,44.456112,167374,593566,2312936,0.2046,buy,48779,44.747723,7004,130187,-4.46
2006-08-31,11337493,3374437,False,,3465065,0.3056,buy,38206,80.237808,203,399499,0,0.0,sell,0,0.0,3690,0,2179527,0.1922,buy,34990,44.456112,167374,624008,2318464,0.2045,buy,48779,44.747723,7004,135715,-4.16
2006-09-01,11353723,3374437,False,,3485752,0.307,buy,38206,80.237808,203,420186,0,0.0,sell,0,0.0,3690,0,2174279,0.1915,buy,34990,44.456112,167374,618759,2319256,0.2043,buy,48779,44.747723,7004,136507,-4.02
2006-09-05,11388509,3374437,False,,3492385,0.3067,buy,38206,80.237808,203,426819,0,0.0,sell,0,0.0,3690,0,2216966,0.1947,buy,34990,44.456112,167374,661447,2304721,0.2024,buy,48779,44.747723,7004,121972,-3.73
2006-09-06,11337077,3374437,False,,3461616,0.3053,buy,38206,80.237808,203,396050,0,0.0,sell,0,0.0,3690,0,2199471,0.194,buy,34990,44.456112,167374,643952,2301552,0.203,buy,48779,44.747723,7004,118803,-4.17
2006-09-07,11269321,3374437,False,,3445703,0.3058,buy,38206,80.237808,203,380137,0,0.0,sell,0,0.0,3690,0,2143138,0.1902,buy,34990,44.456112,167374,587618,2306043,0.2046,buy,48779,44.747723,7004,123294,-4.74
2006-09-08,11259640,3374437,False,,3455516,0.3069,buy,38206,80.237808,203,389951,0,0.0,sell,0,0.0,3690,0,2121794,0.1884,buy,34990,44.456112,167374,566274,2307893,0.205,buy,48779,44.747723,7004,125144,-4.82
2006-09-11,11186096,3374437,False,,3458964,0.3092,buy,38206,80.237808,203,393399,0,0.0,sell,0,0.0,3690,0,2046915,0.183,buy,34990,44.456112,167374,491396,2305780,0.2061,buy,48779,44.747723,7004,123031,-5.44
2006-09-12,11225376,3374437,False,,3492915,0.3112,buy,38206,80.237808,203,427349,0,0.0,sell,0,0.0,3690,0,2040617,0.1818,buy,34990,44.456112,167374,485097,2317407,0.2064,buy,48779,44.747723,7004,134658,-5.11
2006-09-13,11250988,3374437,False,,3506973,0.3117,buy,38206,80.237808,203,441407,0,0.0,sell,0,0.0,3690,0,2051114,0.1823,buy,34990,44.456112,167374,495594,2318465,0.2061,buy,48779,44.747723,7004,135716,-4.89
2006-09-14,11195930,3374437,False,,3507238,0.3133,buy,38206,80.237808,203,441672,0,0.0,sell,0,0.0,3690,0,2001078,0.1787,buy,34990,44.456112,167374,445559,2313177,0.2066,buy,48779,44.747723,7004,130428,-5.36
2006-09-15,11209661,3374437,False,,3515469,0.3136,buy,38206,80.237808,203,449903,0,0.0,sell,0,0.0,3690,0,2008426,0.1792,buy,34990,44.456112,167374,452907,2311329,0.2062,buy,48779,44.747723,7004,128580,-5.24
2006-09-18,11239799,3374437,False,,3520265,0.3132,buy,38206,80.237808,203,454700,0,0.0,sell,0,0.0,3690,0,2037468,0.1813,buy,34990,44.456112,167374,481948,2307629,0.2053,buy,48779,44.747723,7004,124880,-4.99
2006-09-19,11211070,3374437,False,,3511474,0.3132,buy,38206,80.237808,203,445909,0,0.0,sell,0,0.0,3690,0,1991631,0.1776,buy,34990,44.456112,167374,436111,2333528,0.2081,buy,48779,44.747723,7004,150779,-5.23
2006-09-20,11245049,3374437,False,,3530121,0.3139,buy,38206,80.237808,203,464556,0,0.0,sell,0,0.0,3690,0,2003527,0.1782,buy,34990,44.456112,167374,448008,2336964,0.2078,buy,48779,44.747723,7004,154215,-4.94
2006-09-21,11273550,3374437,False,,3513073,0.3116,buy,38206,80.237808,203,447507,0,0.0,sell,0,0.0,3690,0,2027671,0.1799,buy,34990,44.456112,167374,472151,2358369,0.2092,buy,48779,44.747723,7004,175620,-4.7
2006-09-22,11293764,3374437,False,,3502416,0.3101,buy,38206,80.237808,203,436850,0,0.0,sell,0,0.0,3690,0,2046915,0.1812,buy,34990,44.456112,167374,491396,2369996,0.2098,buy,48779,44.747723,7004,187247,-4.53
2006-09-25,11337320,3374437,False,,3529322,0.3113,buy,38206,80.237808,203,463756,0,0.0,sell,0,0.0,3690,0,2046915,0.1805,buy,34990,44.456112,167374,491396,2386646,0.2105,buy,48779,44.747723,7004,203897,-4.16
2006-09-26,11364980,3374437,False,,3558627,0.3131,buy,38206,80.237808,203,493062,0,0.0,sell,0,0.0,3690,0,2055313,0.1808,buy,34990,44.456112,167374,499793,2376603,0.2091,buy,48779,44.747723,7004,193854,-3.93
2006-09-27,11399809,3374437,False,,3562890,0.3125,buy,38206,80.237808,203,497324,0,0.0,sell,0,0.0,3690,0,2092752,0.1836,buy,34990,44.456112,167374,537233,2369730,0.2079,buy,48779,44.747723,7004,186981,-3.63
2006-09-28,11393815,3374437,False,,3561557,0.3126,buy,38206,80.237808,203,495991,0,0.0,buy,0,0.0,3690,0,2092052,0.1836,buy,34990,44.456112,167374,536533,2365769,0.2076,buy,48779,44.747723,7004,183020,-3.69
2006-09-29,11344828,78,True,daily,3415094,0.301,buy,36665,80.237808,19895,473174,3386987,0.2985,buy,97282,35.135386,3690,-31054,2266759,0.1998,buy,38116,45.706188,167374,524621,2275911,0.2006,buy,46984,44.747723,13643,173484,-4.1
2006-10-02,11283585,78,False,,3402310,0.3015,buy,36665,80.237808,19895,460391,3344491,0.2964,buy,97282,35.135386,3690,-73550,2254561,0.1998,buy,38116,45.706188,167374,512424,2282145,0.2023,buy,46984,44.747723,13643,179718,-4.62
2006-10-03,11224087,78,False,,3409468,0.3038,buy,36665,80.237808,19895,467549,3358655,0.2992,buy,97282,35.135386,3690,-59385,2176805,0.1939,buy,38116,45.706188,167374,434668,2279081,0.2031,buy,46984,44.747723,13643,176654,-5.12
2006-10-04,11334864,78,False,,3449352,0.3043,buy,36665,80.237808,19895,507432,3441143,0.3036,buy,97282,35.135386,3690,23102,2148599,0.1896,buy,38116,45.706188,167374,406462,2295693,0.2025,buy,46984,44.747723,13643,193266,-4.18
2006-10-05,11363039,78,False,,3455999,0.3041,buy,36665,80.237808,19895,514080,3457808,0.3043,buy,97282,35.135386,3690,39768,2169563,0.1909,buy,38116,45.706188,167374,427426,2279591,0.2006,buy,46984,44.747723,13643,177164,-3.95
2006-10-06,11330094,78,False,,3451653,0.3046,buy,36665,80.237808,19895,509734,3450308,0.3045,buy,97282,35.135386,3690,32267,2172231,0.1917,buy,38116,45.706188,167374,430094,2255824,0.1991,buy,46984,44.747723,13643,153397,-4.22
2006-10-09,11357943,78,False,,3453696,0.3041,buy,36665,80.237808,19895,511777,3461974,0.3048,buy,97282,35.135386,3690,43933,2180235,0.192,buy,38116,45.706188,167374,438098,2261959,0.1992,buy,46984,44.747723,13643,159532,-3.99
2006-10-10,11342865,78,False,,3458301,0.3049,buy,36665,80.237808,19895,516381,3467807,0.3057,buy,97282,35.135386,3690,49766,2172612,0.1915,buy,38116,45.706188,167374,430475,2244068,0.1978,buy,46984,44.747723,13643,141641,-4.12
2006-10-11,11320892,78,False,,3454211,0.3051,buy,36665,80.237808,19895,512292,3461140,0.3057,buy,97282,35.135386,3690,43100,2168038,0.1915,buy,38116,45.706188,167374,425901,2237425,0.1976,buy,46984,44.747723,13643,134998,-4.3
2006-10-12,11430321,78,False,,3484122,0.3048,buy,36665,80.237808,19895,542203,3516131,0.3076,buy,97282,35.135386,3690,98091,2191289,0.1917,buy,38116,45.706188,167374,449152,2238701,0.1959,buy,46984,44.747723,13643,136274,-3.38
2006-10-13,11488357,78,False,,3493070,0.3041,buy,36665,80.237808,19895,551151,3535297,0.3077,buy,97282,35.135386,3690,117257,2232454,0.1943,buy,38116,45.706188,167374,490317,2227458,0.1939,buy,46984,44.747723,13643,125031,-2.89
2006-10-16,11529894,78,False,,3498437,0.3034,buy,36665,80.237808,19895,556518,3538629,0.3069,buy,97282,35.135386,3690,120589,2255324,0.1956,buy,38116,45.706188,167374,513187,2237425,0.1941,buy,46984,44.747723,13643,134998,-2.54
2006-10-17,11461710,78,False,,3487446,0.3043,buy,36665,80.237808,19895,545527,3499469,0.3053,buy,97282,35.135386,3690,81428,2235503,0.195,buy,38116,45.706188,167374,493366,2239213,0.1954,buy,46984,44.747723,13643,136786,-3.11
2006-10-18,11451958,78,False,,3492047,0.3049,buy,36665,80.237808,19895,550128,3482803,0.3041,buy,97282,35.135386,3690,64762,2233216,0.195,buy,38116,45.706188,167374,491079,2243814,0.1959,buy,46984,44.747723,13643,141387,-3.19
2006-10-19,11493080,78,False,,3497671,0.3043,buy,36665,80.237808,19895,555752,3491135,0.3038,buy,97282,35.135386,3690,73095,2264472,0.197,buy,38116,45.706188,167374,522334,2239724,0.1949,buy,46984,44.747723,13643,137297,-2.85
2006-10-20,11475868,78,False,,3498437,0.3049,buy,36665,80.237808,19895,556518,3499469,0.3049,buy,97282,35.135386,3690,81428,2240458,0.1952,buy,38116,45.706188,167374,498321,2237425,0.195,buy,46984,44.747723,13643,134998,-2.99
2006-10-23,11479979,78,False,,3514544,0.3061,buy,36665,80.237808,19895,572625,3535297,0.308,buy,97282,35.135386,3690,117257,2201580,0.1918,buy,38116,45.706188,167374,459443,2228480,0.1941,buy,46984,44.747723,13643,126053,-2.96
2006-10-24,11481925,78,False,,3525026,0.307,buy,36665,80.237808,19895,583107,3511133,0.3058,buy,97282,35.135386,3690,93092,2217208,0.1931,buy,38116,45.706188,167374,475071,2228480,0.1941,buy,46984,44.747723,13643,126053,-2.94
2006-10-25,11558228,78,False,,3537044,0.306,buy,36665,80.237808,19895,595124,3535297,0.3059,buy,97282,35.135386,3690,117257,2239696,0.1938,buy,38116,45.706188,167374,497559,2246113,0.1943,buy,46984,44.747723,13643,143686,-2.3
2006-10-26,11636480,78,False,,3548036,0.3049,buy,36665,80.237808,19895,606117,3567791,0.3066,buy,97282,35.135386,3690,149750,2259898,0.1942,buy,38116,45.706188,167374,517761,2260678,0.1943,buy,46984,44.747723,13643,158251,-1.63
2006-10-27,11578086,78,False,,3525794,0.3045,buy,36665,80.237808,19895,583874,3516965,0.3038,buy,97282,35.135386,3690,98925,2264090,0.1955,buy,38116,45.706188,167374,521953,2271159,0.1962,buy,46984,44.747723,13643,168732,-2.13
2006-10-30,11623471,78,False,,3523236,0.3031,buy,36665,80.237808,19895,581316,3539463,0.3045,buy,97282,35.135386,3690,121422,2283148,0.1964,buy,38116,45.706188,167374,541011,2277547,0.1959,buy,46984,44.747723,13643,175120,-1.74
2006-10-31,11661882,78,False,,3522724,0.3021,buy,36665,80.237808,19895,580805,3547793,0.3042,buy,97282,35.135386,3690,129752,2296108,0.1969,buy,38116,45.706188,167374,553971,2295179,0.1968,buy,46984,44.747723,13643,192752,-1.42
2006-11-01,11645174,78,False,,3498949,0.3005,buy,36665,80.237808,19895,557030,3499469,0.3005,buy,97282,35.135386,3690,81428,2338798,0.2008,buy,38116,45.706188,167374,596661,2307880,0.1982,buy,46984,44.747723,13643,205453,-1.56
2006-11-02,11658313,78,False,,3496905,0.2999,buy,36665,80.237808,19895,554986,3502800,0.3005,buy,97282,35.135386,3690,84760,2360143,0.2024,buy,38116,45.706188,167374,618006,2298387,0.1971,buy,46984,44.747723,13643,195960,-1.45
2006-11-03,11630300,78,False,,3490769,0.3001,buy,36665,80.237808,19895,548850,3493634,0.3004,buy,97282,35.135386,3690,75593,2374627,0.2042,buy,38116,45.706188,167374,632490,2271192,0.1953,buy,46984,44.747723,13643,168765,-1.69
2006-11-06,11711542,78,False,,3530141,0.3014,buy,36665,80.237808,19895,588222,3544461,0.3026,buy,97282,35.135386,3690,126420,2358999,0.2014,buy,38116,45.706188,167374,616862,2277862,0.1945,buy,46984,44.747723,13643,175435,-1.0
2006-11-07,11765493,78,False,,3543690,0.3012,buy,36665,80.237808,19895,601770,3568627,0.3033,buy,97282,35.135386,3690,150586,2364717,0.201,buy,38116,45.706188,167374,622580,2288382,0.1945,buy,46984,44.747723,13643,185955,-0.54
2006-11-08,11762586,78,False,,3551359,0.3019,buy,36665,80.237808,19895,609440,3585289,0.3048,buy,97282,35.135386,3690,167248,2329269,0.198,buy,38116,45.706188,167374,587132,2296591,0.1952,buy,46984,44.747723,13643,194164,-0.57
2006-11-09,11796116,78,False,,3532698,0.2995,buy,36665,80.237808,19895,590779,3568627,0.3025,buy,97282,35.135386,3690,150586,2399402,0.2034,buy,38116,45.706188,167374,657265,2295311,0.1946,buy,46984,44.747723,13643,192884,-0.28
2006-11-10,11806780,78,False,,3534232,0.2993,buy,36665,80.237808,19895,592312,3585289,0.3037,buy,97282,35.135386,3690,167248,2381869,0.2017,buy,38116,45.706188,167374,639732,2305313,0.1953,buy,46984,44.747723,13643,202886,-0.19
2006-11-13,11840185,78,False,,3542923,0.2992,buy,36665,80.237808,19895,601004,3621950,0.3059,buy,97282,35.135386,3690,203910,2370434,0.2002,buy,38116,45.706188,167374,628297,2304799,0.1947,buy,46984,44.747723,13643,202372,0.0
2006-11-14,11892734,78,False,,3569510,0.3001,buy,36665,80.237808,19895,627591,3660278,0.3078,buy,97282,35.135386,3690,242237,2349089,0.1975,buy,38116,45.706188,167374,606952,2313779,0.1946,buy,46984,44.747723,13643,211352,0.0
2006-11-15,11917240,78,False,,3579738,0.3004,buy,36665,80.237808,19895,637819,3675274,0.3084,buy,97282,35.135386,3690,257234,2357093,0.1978,buy,38116,45.706188,167374,614956,2305056,0.1934,buy,46984,44.747723,13643,202629,0.0
2006-11-16,11911555,78,False,,3588942,0.3013,buy,36665,80.237808,19895,647023,3691105,0.3099,buy,97282,35.135386,3690,273064,2336892,0.1962,buy,38116,45.706188,167374,594755,2294538,0.1926,buy,46984,44.747723,13643,192111,-0.05
2006-11-17,11943575,78,False,,3589964,0.3006,buy,36665,80.237808,19895,648045,3691105,0.309,buy,97282,35.135386,3690,273064,2354806,0.1972,buy,38116,45.706188,167374,612669,2307622,0.1932,buy,46984,44.747723,13643,205195,0.0
2006-11-20,11956330,78,False,,3592009,0.3004,buy,36665,80.237808,19895,650090,3698604,0.3093,buy,97282,35.135386,3690,280564,2354425,0.1969,buy,38116,45.706188,167374,612288,2311214,0.1933,buy,46984,44.747723,13643,208787,0.0
2006-11-21,11989614,78,False,,3595589,0.2999,buy,36665,80.237808,19895,653670,3703606,0.3089,buy,97282,35.135386,3690,285565,2373483,0.198,buy,38116,45.706188,167374,631346,2316858,0.1932,buy,46984,44.747723,13643,214431,0.0
2006-11-22,12032717,78,False,,3602748,0.2994,buy,36665,80.237808,19895,660829,3726935,0.3097,buy,97282,35.135386,3690,308894,2382250,0.198,buy,38116,45.706188,167374,640113,2320706,0.1929,buy,46984,44.747723,13643,218279,0.0
2006-11-24,12053694,78,False,,3588174,0.2977,buy,36665,80.237808,19895,646254,3720267,0.3086,buy,97282,35.135386,3690,302226,2420366,0.2008,buy,38116,45.706188,167374,678229,2324810,0.1929,buy,46984,44.747723,13643,222383,0.0
2006-11-27,11936289,78,False,,3538831,0.2965,buy,36665,80.237808,19895,596912,3636113,0.3046,buy,97282,35.135386,3690,218073,2427989,0.2034,buy,38116,45.706188,167374,685852,2333277,0.1955,buy,46984,44.747723,13643,230850,-0.97
2006-11-28,11962384,78,False,,3554174,0.2971,buy,36665,80.237808,19895,612255,3646946,0.3049,buy,97282,35.135386,3690,228905,2423034,0.2026,buy,38116,45.706188,167374,680897,2338152,0.1955,buy,46984,44.747723,13643,235725,-0.76
2006-11-29,12003432,78,False,,3591242,0.2992,buy,36665,80.237808,19895,649322,3671942,0.3059,buy,97282,35.135386,3690,253901,2407407,0.2006,buy,38116,45.706188,167374,665269,2332764,0.1943,buy,46984,44.747723,13643,230337,-0.42
2006-11-30,12064743,78,False,,3592776,0.2978,buy,36665,80.237808,19895,650857,3669442,0.3041,buy,97282,35.135386,3690,251402,2454289,0.2034,buy,38116,45.706188,167374,712152,2348158,0.1946,buy,46984,44.747723,13643,245731,0.0
2006-12-01,12020838,78,False,,3584851,0.2982,buy,36665,80.237808,19895,642932,3637779,0.3026,buy,97282,35.135386,3690,219738,2443998,0.2033,buy,38116,45.706188,167374,701861,2354132,0.1958,buy,46984,44.747723,13643,251705,-0.36
2006-12-04,12102306,78,False,,3612207,0.2985,buy,36665,80.237808,19895,670287,3687774,0.3047,buy,97282,35.135386,3690,269733,2443998,0.2019,buy,38116,45.706188,167374,701861,2358249,0.1949,buy,46984,44.747723,13643,255822,0.0
2006-12-05,12108343,78,False,,3627802,0.2996,buy,36665,80.237808,19895,685883,3701104,0.3057,buy,97282,35.135386,3690,283063,2432182,0.2009,buy,38116,45.706188,167374,690045,2347178,0.1938,buy,46984,44.747723,13643,244751,0.0
2006-12-06,12044621,78,False,,3624734,0.3009,buy,36665,80.237808,19895,682815,3687774,0.3062,buy,97282,35.135386,3690,269733,2389492,0.1984,buy,38116,45.706188,167374,647355,2342543,0.1945,buy,46984,44.747723,13643,240116,-0.53
2006-12-07,11981834,78,False,,3608884,0.3012,buy,36665,80.237808,19895,666964,3641114,0.3039,buy,97282,35.135386,3690,223074,2391017,0.1996,buy,38116,45.706188,167374,648880,2340741,0.1954,buy,46984,44.747723,13643,238314,-1.04
2006-12-08,11962228,78,False,,3615530,0.3022,buy,36665,80.237808,19895,673610,3657776,0.3058,buy,97282,35.135386,3690,239736,2365098,0.1977,buy,38116,45.706188,167374,622961,2323746,0.1943,buy,46984,44.747723,13643,221319,-1.21
2006-12-11,12015907,78,False,,3626014,0.3018,buy,36665,80.237808,19895,684094,3671109,0.3055,buy,97282,35.135386,3690,253068,2384918,0.1985,buy,38116,45.706188,167374,642781,2333789,0.1942,buy,46984,44.747723,13643,231362,-0.76
2006-12-12,11994415,78,False,,3623199,0.3021,buy,36665,80.237808,19895,681280,3649445,0.3043,buy,97282,35.135386,3690,231405,2383012,0.1987,buy,38116,45.706188,167374,640875,2338681,0.195,buy,46984,44.747723,13643,236254,-0.94
2006-12-13,11982532,78,False,,3627033,0.3027,buy,36665,80.237808,19895,685114,3656110,0.3051,buy,97282,35.135386,3690,238069,2381488,0.1987,buy,38116,45.706188,167374,639351,2317823,0.1934,buy,46984,44.747723,13643,215396,-1.04
2006-12-14,12033101,78,False,,3658993,0.3041,buy,36665,80.237808,19895,717074,3696939,0.3072,buy,97282,35.135386,3690,278898,2367766,0.1968,buy,38116,45.706188,167374,625629,2309325,0.1919,buy,46984,44.747723,13643,206898,-0.62
2006-12-15,12001540,78,False,,3659326,0.3049,buy,36665,80.237808,19895,717407,3706448,0.3088,buy,97282,35.135386,3690,288407,2325076,0.1937,buy,38116,45.706188,167374,582939,2310611,0.1925,buy,46984,44.747723,13643,208184,-0.88
2006-12-18,11957107,78,False,,3649299,0.3052,buy,36665,80.237808,19895,707380,3669744,0.3069,buy,97282,35.135386,3690,251703,2326601,0.1946,buy,38116,45.706188,167374,584464,2311385,0.1933,buy,46984,44.747723,13643,208958,-1.25
2006-12-19,11978247,78,False,,3656242,0.3052,buy,36665,80.237808,19895,714323,3658063,0.3054,buy,97282,35.135386,3690,240023,2355569,0.1967,buy,38116,45.706188,167374,613432,2308295,0.1927,buy,46984,44.747723,13643,205868,-1.07
2006-12-20,11955724,78,False,,3654185,0.3056,buy,36665,80.237808,19895,712266,3644717,0.3049,buy,97282,35.135386,3690,226676,2348708,0.1965,buy,38116,45.706188,167374,606571,2308037,0.193,buy,46984,44.747723,13643,205610,-1.26
2006-12-21,11918934,78,False,,3640816,0.3055,buy,36665,80.237808,19895,698897,3618855,0.3036,buy,97282,35.135386,3690,200814,2339560,0.1963,buy,38116,45.706188,167374,597423,2319624,0.1946,buy,46984,44.747723,13643,217197,-1.56
2006-12-22,11851550,78,False,,3618449,0.3053,buy,36665,80.237808,19895,676530,3581315,0.3022,buy,97282,35.135386,3690,163274,2349851,0.1983,buy,38116,45.706188,167374,607714,2301856,0.1942,buy,46984,44.747723,13643,199429,-2.12
2006-12-26,11907436,78,False,,3639788,0.3057,buy,36665,80.237808,19895,697869,3596331,0.302,buy,97282,35.135386,3690,178291,2362430,0.1984,buy,38116,45.706188,167374,620293,2308809,0.1939,buy,46984,44.747723,13643,206382,-1.66
2006-12-27,11941867,78,False,,3663695,0.3068,buy,36665,80.237808,19895,721776,3614683,0.3027,buy,97282,35.135386,3690,196642,2371578,0.1986,buy,38116,45.706188,167374,629440,2291834,0.1919,buy,46984,44.747723,13643,189407,-1.37
2006-12-28,11937391,78,False,,3655984,0.3063,buy,36665,80.237808,19895,714065,3597165,0.3013,buy,97282,35.135386,3690,179124,2397496,0.2008,buy,38116,45.706188,167374,655359,2286668,0.1916,buy,46984,44.747723,13643,184241,-1.41
2006-12-29,11935566,78,False,,3640816,0.305,buy,36665,80.237808,19895,698897,3600500,0.3017,buy,97282,35.135386,3690,182460,2409312,0.2019,buy,38116,45.706188,167374,667175,2284859,0.1914,buy,46984,44.747723,13643,182432,-1.43
2007-01-03,11916642,78,False,,3634389,0.305,buy,36665,80.237808,19895,692470,3607176,0.3027,buy,97282,35.135386,3690,189136,2373864,0.1992,buy,38116,45.706188,167374,631727,2301134,0.1931,buy,46984,44.747723,13643,198707,-1.58
2007-01-04,11982702,78,False,,3642102,0.3039,buy,36665,80.237808,19895,700183,3675582,0.3067,buy,97282,35.135386,3690,257542,2349851,0.1961,buy,38116,45.706188,167374,607714,2315089,0.1932,buy,46984,44.747723,13643,212662,-1.04
2007-01-05,11869645,78,False,,3613052,0.3044,buy,36665,80.237808,19895,671133,3658063,0.3082,buy,97282,35.135386,3690,240023,2293440,0.1932,buy,38116,45.706188,167374,551303,2305012,0.1942,buy,46984,44.747723,13643,202585,-1.97
2007-01-08,11904807,78,False,,3629762,0.3049,buy,36665,80.237808,19895,687843,3660565,0.3075,buy,97282,35.135386,3690,242525,2305256,0.1936,buy,38116,45.706188,167374,563119,2309146,0.194,buy,46984,44.747723,13643,206719,-1.68
2007-01-09,11934176,78,False,,3626674,0.3039,buy,36665,80.237808,19895,684755,3678919,0.3083,buy,97282,35.135386,3690,260879,2319359,0.1943,buy,38116,45.706188,167374,577221,2309146,0.1935,buy,46984,44.747723,13643,206719,-1.44
2007-01-10,11969396,78,False,,3638760,0.304,buy,36665,80.237808,19895,696841,3722299,0.311,buy,97282,35.135386,3690,304258,2309448,0.1929,buy,38116,45.706188,167374,567311,2298811,0.1921,buy,46984,44.747723,13643,196384,-1.15
2007-01-11,12011794,78,False,,3654699,0.3043,buy,36665,80.237808,19895,712780,3760671,0.3131,buy,97282,35.135386,3690,342631,2310973,0.1924,buy,38116,45.706188,167374,568836,2285373,0.1903,buy,46984,44.747723,13643,182946,-0.8
2007-01-12,12106855,78,False,,3682464,0.3042,buy,36665,80.237808,19895,740545,3779859,0.3122,buy,97282,35.135386,3690,361818,2369672,0.1957,buy,38116,45.706188,167374,627535,2274782,0.1879,buy,46984,44.747723,13643,172355,-0.01
2007-01-16,12094439,78,False,,3675266,0.3039,buy,36665,80.237808,19895,733347,3777358,0.3123,buy,97282,35.135386,3690,359318,2362049,0.1953,buy,38116,45.706188,167374,619911,2279688,0.1885,buy,46984,44.747723,13643,177261,-0.11
2007-01-17,12083676,78,False,,3676807,0.3043,buy,36665,80.237808,19895,734887,3746490,0.31,buy,97282,35.135386,3690,328449,2387586,0.1976,buy,38116,45.706188,167374,645449,2272716,0.1881,buy,46984,44.747723,13643,170289,-0.2
2007-01-18,11994587,78,False,,3664467,0.3055,buy,36665,80.237808,19895,722548,3677251,0.3066,buy,97282,35.135386,3690,259210,2373102,0.1978,buy,38116,45.706188,167374,630965,2279688,0.1901,buy,46984,44.747723,13643,177261,-0.94
2007-01-19,12031301,78,False,,3671667,0.3052,buy,36665,80.237808,19895,729747,3684758,0.3063,buy,97282,35.135386,3690,266718,2401308,0.1996,buy,38116,45.706188,167374,659171,2273489,0.189,buy,46984,44.747723,13643,171062,-0.64
2007-01-22,11974702,78,False,,3660356,0.3057,buy,36665,80.237808,19895,718437,3644717,0.3044,buy,97282,35.135386,3690,226676,2390636,0.1996,buy,38116,45.706188,167374,648498,2278915,0.1903,buy,46984,44.747723,13643,176488,-1.1
2007-01-23,12018891,78,False,,3671154,0.3054,buy,36665,80.237808,19895,729234,3635540,0.3025,buy,97282,35.135386,3690,217499,2448191,0.2037,buy,38116,45.706188,167374,706054,2263929,0.1884,buy,46984,44.747723,13643,161502,-0.74
2007-01-24,12112070,78,False,,3700716,0.3055,buy,36665,80.237808,19895,758797,3695603,0.3051,buy,97282,35.135386,3690,277562,2452002,0.2024,buy,38116,45.706188,167374,709865,2263671,0.1869,buy,46984,44.747723,13643,161244,0.0
2007-01-25,11994507,78,False,,3657270,0.3049,buy,36665,80.237808,19895,715350,3648054,0.3041,buy,97282,35.135386,3690,230013,2441711,0.2036,buy,38116,45.706188,167374,699574,2247394,0.1874,buy,46984,44.747723,13643,144967,-0.97
2007-01-26,11980200,78,False,,3653929,0.305,buy,36665,80.237808,19895,712010,3634704,0.3034,buy,97282,35.135386,3690,216664,2445904,0.2042,buy,38116,45.706188,167374,703767,2245585,0.1874,buy,46984,44.747723,13643,143158,-1.09
2007-01-29,11961321,78,False,,3651871,0.3053,buy,36665,80.237808,19895,709952,3638041,0.3042,buy,97282,35.135386,3690,220001,2430657,0.2032,buy,38116,45.706188,167374,688520,2240674,0.1873,buy,46984,44.747723,13643,138247,-1.24
2007-01-30,12001752,78,False,,3670895,0.3059,buy,36665,80.237808,19895,728976,3639711,0.3033,buy,97282,35.135386,3690,221670,2447810,0.204,buy,38116,45.706188,167374,705672,2243258,0.1869,buy,46984,44.747723,13643,140831,-0.91
2007-01-31,12105248,78,False,,3695574,0.3053,buy,36665,80.237808,19895,753654,3676417,0.3037,buy,97282,35.135386,3690,258376,2471060,0.2041,buy,38116,45.706188,167374,728923,2262119,0.1869,buy,46984,44.747723,13643,159692,-0.06
2007-02-01,12133660,78,False,,3717684,0.3064,buy,36665,80.237808,19895,775765,3670577,0.3025,buy,97282,35.135386,3690,252536,2485926,0.2049,buy,38116,45.706188,167374,743788,2259396,0.1862,buy,46984,44.747723,13643,156969,0.0
2007-02-02,12119176,78,False,,3722826,0.3072,buy,36665,80.237808,19895,780907,3683925,0.304,buy,97282,35.135386,3690,265884,2450096,0.2022,buy,38116,45.706188,167374,707959,2262250,0.1867,buy,46984,44.747723,13643,159823,-0.12
2007-02-05,12121122,78,False,,3723855,0.3072,buy,36665,80.237808,19895,781935,3680588,0.3037,buy,97282,35.135386,3690,262547,2451240,0.2022,buy,38116,45.706188,167374,709103,2265362,0.1869,buy,46984,44.747723,13643,162935,-0.1
2007-02-06,12147895,78,False,,3724883,0.3066,buy,36665,80.237808,19895,782963,3675582,0.3026,buy,97282,35.135386,3690,257542,2469536,0.2033,buy,38116,45.706188,167374,727399,2277817,0.1875,buy,46984,44.747723,13643,175390,0.0
2007-02-07,12190137,78,False,,3733109,0.3062,buy,36665,80.237808,19895,791190,3708951,0.3043,buy,97282,35.135386,3690,290910,2463437,0.2021,buy,38116,45.706188,167374,721300,2284562,0.1874,buy,46984,44.747723,13643,182135,0.0
2007-02-08,12220160,78,False,,3728226,0.3051,buy,36665,80.237808,19895,786307,3708119,0.3034,buy,97282,35.135386,3690,290078,2497360,0.2044,buy,38116,45.706188,167374,755223,2286377,0.1871,buy,46984,44.747723,13643,183950,0.0
2007-02-09,12154738,78,False,,3700459,0.3044,buy,36665,80.237808,19895,758540,3660565,0.3012,buy,97282,35.135386,3690,242525,2520230,0.2073,buy,38116,45.706188,167374,778093,2273405,0.187,buy,46984,44.747723,13643,170978,-0.54
2007-02-12,12105619,78,False,,3687864,0.3046,buy,36665,80.237808,19895,745944,3646384,0.3012,buy,97282,35.135386,3690,228343,2503078,0.2068,buy,38116,45.706188,167374,760941,2268216,0.1874,buy,46984,44.747723,13643,165789,-0.94
2007-02-13,12150789,78,False,,3718969,0.3061,buy,36665,80.237808,19895,777049,3658898,0.3011,buy,97282,35.135386,3690,240858,2509557,0.2065,buy,38116,45.706188,167374,767420,2263287,0.1863,buy,46984,44.747723,13643,160860,-0.57
2007-02-14,12278682,78,False,,3743393,0.3049,buy,36665,80.237808,19895,801474,3720631,0.303,buy,97282,35.135386,3690,302590,2529759,0.206,buy,38116,45.706188,167374,787622,2284821,0.1861,buy,46984,44.747723,13643,182394,0.0
2007-02-15,12313524,78,False,,3748275,0.3044,buy,36665,80.237808,19895,806356,3742320,0.3039,buy,97282,35.135386,3690,324279,2531284,0.2056,buy,38116,45.706188,167374,789147,2291567,0.1861,buy,46984,44.747723,13643,189140,0.0
2007-02-16,12305351,78,False,,3746477,0.3045,buy,36665,80.237808,19895,804558,3729809,0.3031,buy,97282,35.135386,3690,311768,2529378,0.2056,buy,38116,45.706188,167374,787241,2299609,0.1869,buy,46984,44.747723,13643,197182,-0.07
2007-02-20,12306848,78,False,,3754446,0.3051,buy,36665,80.237808,19895,812526,3758172,0.3054,buy,97282,35.135386,3690,340131,2489356,0.2023,buy,38116,45.706188,167374,747219,2304797,0.1873,buy,46984,44.747723,13643,202370,-0.05
2007-02-21,12390850,78,False,,3752904,0.3029,buy,36665,80.237808,19895,810985,3769849,0.3042,buy,97282,35.135386,3690,351808,2567113,0.2072,buy,38116,45.706188,167374,824975,2300907,0.1857,buy,46984,44.747723,13643,198480,0.0
2007-02-22,12387134,78,False,,3750077,0.3027,buy,36665,80.237808,19895,808158,3789037,0.3059,buy,97282,35.135386,3690,370996,2559489,0.2066,buy,38116,45.706188,167374,817352,2288452,0.1847,buy,46984,44.747723,13643,186025,-0.03
2007-02-23,12397202,78,False,,3735423,0.3013,buy,36665,80.237808,19895,793504,3775689,0.3046,buy,97282,35.135386,3690,357648,2581216,0.2082,buy,38116,45.706188,167374,839078,2304797,0.1859,buy,46984,44.747723,13643,202370,0.0
2007-02-26,12405299,78,False,,3732081,0.3008,buy,36665,80.237808,19895,790162,3757335,0.3029,buy,97282,35.135386,3690,339294,2595700,0.2092,buy,38116,45.706188,167374,853562,2320105,0.187,buy,46984,44.747723,13643,217678,0.0
2007-02-27,12031982,78,False,,3586313,0.2981,buy,36665,80.237808,19895,644394,3603005,0.2995,buy,97282,35.135386,3690,184964,2493168,0.2072,buy,38116,45.706188,167374,751031,2349418,0.1953,buy,46984,44.747723,13643,246991,-3.01
2007-02-28,12110574,78,False,,3623077,0.2992,buy,36665,80.237808,19895,681158,3614683,0.2985,buy,97282,35.135386,3690,196642,2533952,0.2092,buy,38116,45.706188,167374,791815,2338784,0.1931,buy,46984,44.747723,13643,236357,-2.38
2007-03-01,12056453,78,False,,3612279,0.2996,buy,36665,80.237808,19895,670360,3598000,0.2984,buy,97282,35.135386,3690,179959,2508795,0.2081,buy,38116,45.706188,167374,766658,2337301,0.1939,buy,46984,44.747723,13643,234874,-2.81
2007-03-02,11886219,78,False,,3564979,0.2999,buy,36665,80.237808,19895,623059,3543776,0.2981,buy,97282,35.135386,3690,125735,2428370,0.2043,buy,38116,45.706188,167374,686233,2349016,0.1976,buy,46984,44.747723,13643,246589,-4.18
2007-03-05,11798929,78,False,,3531042,0.2993,buy,36665,80.237808,19895,589123,3516245,0.298,buy,97282,35.135386,3690,98205,2398640,0.2033,buy,38116,45.706188,167374,656503,2352924,0.1994,buy,46984,44.747723,13643,250497,-4.89
2007-03-06,11957208,78,False,,3591456,0.3004,buy,36665,80.237808,19895,649536,3574640,0.299,buy,97282,35.135386,3690,156600,2445141,0.2045,buy,38116,45.706188,167374,703004,2345892,0.1962,buy,46984,44.747723,13643,243465,-3.61
2007-03-07,11954261,78,False,,3587857,0.3001,buy,36665,80.237808,19895,645938,3560459,0.2978,buy,97282,35.135386,3690,142418,2450859,0.205,buy,38116,45.706188,167374,708722,2355008,0.197,buy,46984,44.747723,13643,252581,-3.64
2007-03-08,12013565,78,False,,3618191,0.3012,buy,36665,80.237808,19895,676272,3584652,0.2984,buy,97282,35.135386,3690,166611,2457720,0.2046,buy,38116,45.706188,167374,715583,2352924,0.1959,buy,46984,44.747723,13643,250497,-3.16
2007-03-09,11977750,78,False,,3619221,0.3022,buy,36665,80.237808,19895,677302,3581315,0.299,buy,97282,35.135386,3690,163274,2448953,0.2045,buy,38116,45.706188,167374,706816,2328184,0.1944,buy,46984,44.747723,13643,225757,-3.45
2007-03-12,12020200,78,False,,3624621,0.3015,buy,36665,80.237808,19895,682702,3604673,0.2999,buy,97282,35.135386,3690,186633,2453527,0.2041,buy,38116,45.706188,167374,711390,2337301,0.1944,buy,46984,44.747723,13643,234874,-3.1
2007-03-13,11868966,78,False,,3554180,0.2995,buy,36665,80.237808,19895,612261,3534598,0.2978,buy,97282,35.135386,3690,116558,2428752,0.2046,buy,38116,45.706188,167374,686614,2351358,0.1981,buy,46984,44.747723,13643,248931,-4.32
2007-03-14,11944876,78,False,,3580659,0.2998,buy,36665,80.237808,19895,638740,3586319,0.3002,buy,97282,35.135386,3690,168278,2437137,0.204,buy,38116,45.706188,167374,695000,2340684,0.196,buy,46984,44.747723,13643,238257,-3.71
2007-03-15,11942683,78,False,,3585542,0.3002,buy,36665,80.237808,19895,643623,3577977,0.2996,buy,97282,35.135386,3690,159936,2438662,0.2042,buy,38116,45.706188,167374,696525,2340424,0.196,buy,46984,44.747723,13643,237997,-3.73
2007-03-16,11953764,78,False,,3575502,0.2991,buy,36665,80.237808,19895,633583,3575225,0.2991,buy,97282,35.135386,3690,157185,2463056,0.206,buy,38116,45.706188,167374,720919,2339903,0.1957,buy,46984,44.747723,13643,237476,-3.64
2007-03-19,12033221,78,False,,3618605,0.3007,buy,36665,80.237808,19895,676685,3611954,0.3002,buy,97282,35.135386,3690,193913,2467630,0.2051,buy,38116,45.706188,167374,725493,2334955,0.194,buy,46984,44.747723,13643,232528,-3.0
2007-03-20,12100476,78,False,,3638482,0.3007,buy,36665,80.237808,19895,696563,3637829,0.3006,buy,97282,35.135386,3690,219789,2487831,0.2056,buy,38116,45.706188,167374,745694,2336255,0.1931,buy,46984,44.747723,13643,233828,-2.46
2007-03-21,12252481,78,False,,3698359,0.3018,buy,36665,80.237808,19895,756439,3707948,0.3026,buy,97282,35.135386,3690,289907,2508795,0.2048,buy,38116,45.706188,167374,766658,2337301,0.1908,buy,46984,44.747723,13643,234874,-1.23
2007-03-22,12215506,78,False,,3695520,0.3025,buy,36665,80.237808,19895,753601,3694592,0.3025,buy,97282,35.135386,3690,276552,2506508,0.2052,buy,38116,45.706188,167374,764371,2318807,0.1898,buy,46984,44.747723,13643,216380,-1.53
2007-03-23,12179481,78,False,,3700941,0.3039,buy,36665,80.237808,19895,759021,3682906,0.3024,buy,97282,35.135386,3690,264866,2483257,0.2039,buy,38116,45.706188,167374,741120,2312298,0.1899,buy,46984,44.747723,13643,209871,-1.82
2007-03-26,12218765,78,False,,3696036,0.3025,buy,36665,80.237808,19895,754117,3697931,0.3026,buy,97282,35.135386,3690,279891,2509557,0.2054,buy,38116,45.706188,167374,767420,2315162,0.1895,buy,46984,44.747723,13643,212735,-1.5
2007-03-27,12174873,78,False,,3687262,0.3029,buy,36665,80.237808,19895,745343,3672056,0.3016,buy,97282,35.135386,3690,254015,2504221,0.2057,buy,38116,45.706188,167374,762084,2311256,0.1898,buy,46984,44.747723,13643,208829,-1.86
2007-03-28,12117449,78,False,,3660421,0.3021,buy,36665,80.237808,19895,718502,3632822,0.2998,buy,97282,35.135386,3690,214781,2517562,0.2078,buy,38116,45.706188,167374,775425,2306566,0.1904,buy,46984,44.747723,13643,204139,-2.32
2007-03-29,12107121,78,False,,3664290,0.3027,buy,36665,80.237808,19895,722371,3636994,0.3004,buy,97282,35.135386,3690,218954,2502315,0.2067,buy,38116,45.706188,167374,760178,2303443,0.1903,buy,46984,44.747723,13643,201016,-2.4
2007-03-30,12103559,78,False,,3665065,0.3028,buy,36665,80.237808,19895,723146,3633655,0.3002,buy,97282,35.135386,3690,215614,2505746,0.207,buy,38116,45.706188,167374,763609,2299015,0.1899,buy,46984,44.747723,13643,196588,-2.43
2007-04-02,12120705,78,False,,3669195,0.3027,buy,36665,80.237808,19895,727276,3638664,0.3002,buy,97282,35.135386,3690,220624,2509939,0.2071,buy,38116,45.706188,167374,767801,2302830,0.19,buy,46984,44.747723,13643,200403,-2.29
2007-04-03,12204140,78,False,,3708683,0.3039,buy,36665,80.237808,19895,766764,3686245,0.302,buy,97282,35.135386,3690,268204,2509176,0.2056,buy,38116,45.706188,167374,767039,2299957,0.1885,buy,46984,44.747723,13643,197530,-1.62
2007-04-04,12263002,78,False,,3712814,0.3028,buy,36665,80.237808,19895,770895,3701271,0.3018,buy,97282,35.135386,3690,283230,2546530,0.2077,buy,38116,45.706188,167374,804393,2302309,0.1877,buy,46984,44.747723,13643,199882,-1.15
2007-04-05,12284713,78,False,,3722879,0.303,buy,36665,80.237808,19895,780960,3719636,0.3028,buy,97282,35.135386,3690,301595,2548436,0.2074,buy,38116,45.706188,167374,806299,2293684,0.1867,buy,46984,44.747723,13643,191257,-0.97
2007-04-09,12252955,78,False,,3728042,0.3043,buy,36665,80.237808,19895,786123,3710454,0.3028,buy,97282,35.135386,3690,292414,2535857,0.207,buy,38116,45.706188,167374,793720,2278523,0.186,buy,46984,44.747723,13643,176096,-1.23
2007-04-10,12307348,78,False,,3732430,0.3033,buy,36665,80.237808,19895,790511,3729652,0.303,buy,97282,35.135386,3690,311611,2559871,0.208,buy,38116,45.706188,167374,817734,2285317,0.1857,buy,46984,44.747723,13643,182890,-0.79
2007-04-11,12248271,78,False,,3717203,0.3035,buy,36665,80.237808,19895,775284,3690418,0.3013,buy,97282,35.135386,3690,272378,2556821,0.2087,buy,38116,45.706188,167374,814684,2283750,0.1865,buy,46984,44.747723,13643,181323,-1.27
2007-04-12,12291097,78,False,,3733719,0.3038,buy,36665,80.237808,19895,791799,3719636,0.3026,buy,97282,35.135386,3690,301595,2553391,0.2077,buy,38116,45.706188,167374,811254,2284274,0.1858,buy,46984,44.747723,13643,181847,-0.92
2007-04-13,12340986,78,False,,3750756,0.3039,buy,36665,80.237808,19895,808837,3727147,0.302,buy,97282,35.135386,3690,309106,2585789,0.2095,buy,38116,45.706188,167374,843652,2277215,0.1845,buy,46984,44.747723,13643,174788,-0.52
2007-04-16,12444720,78,False,,3786374,0.3043,buy,36665,80.237808,19895,844455,3761371,0.3022,buy,97282,35.135386,3690,343331,2607134,0.2095,buy,38116,45.706188,167374,864997,2289762,0.184,buy,46984,44.747723,13643,187335,0.0
2007-04-17,12460695,78,False,,3796440,0.3047,buy,36665,80.237808,19895,854520,3769718,0.3025,buy,97282,35.135386,3690,351677,2591888,0.208,buy,38116,45.706188,167374,849751,2302572,0.1848,buy,46984,44.747723,13643,200145,0.0
2007-04-18,12478805,78,False,,3801085,0.3046,buy,36665,80.237808,19895,859166,3757197,0.3011,buy,97282,35.135386,3690,339157,2606372,0.2089,buy,38116,45.706188,167374,864235,2314072,0.1854,buy,46984,44.747723,13643,211645,0.0
2007-04-19,12453139,78,False,,3800053,0.3051,buy,36665,80.237808,19895,858134,3768885,0.3026,buy,97282,35.135386,3690,350845,2573973,0.2067,buy,38116,45.706188,167374,831836,2310149,0.1855,buy,46984,44.747723,13643,207722,-0.21
2007-04-20,12548467,78,False,,3835927,0.3057,buy,36665,80.237808,19895,894008,3789754,0.302,buy,97282,35.135386,3690,371713,2618569,0.2087,buy,38116,45.706188,167374,876432,2304139,0.1836,buy,46984,44.747723,13643,201712,0.0
2007-04-23,12531450,78,False,,3821475,0.305,buy,36665,80.237808,19895,879556,3795595,0.3029,buy,97282,35.135386,3690,377555,2601798,0.2076,buy,38116,45.706188,167374,859661,2312504,0.1845,buy,46984,44.747723,13643,210077,-0.14
2007-04-24,12540626,78,False,,3823024,0.3049,buy,36665,80.237808,19895,881105,3814797,0.3042,buy,97282,35.135386,3690,396756,2581597,0.2059,buy,38116,45.706188,167374,839460,2321130,0.1851,buy,46984,44.747723,13643,218703,-0.06
2007-04-25,12624643,78,False,,3858126,0.3056,buy,36665,80.237808,19895,916207,3865717,0.3062,buy,97282,35.135386,3690,447676,2587695,0.205,buy,38116,45.706188,167374,845558,2313026,0.1832,buy,46984,44.747723,13643,210599,0.0
2007-04-26,12593456,78,False,,3862514,0.3067,buy,36665,80.237808,19895,920594,3885749,0.3086,buy,97282,35.135386,3690,467709,2548817,0.2024,buy,38116,45.706188,167374,806680,2296299,0.1823,buy,46984,44.747723,13643,193872,-0.25
2007-04-27,12617806,78,False,,3859416,0.3059,buy,36665,80.237808,19895,917497,3887419,0.3081,buy,97282,35.135386,3690,469378,2575117,0.2041,buy,38116,45.706188,167374,832980,2295776,0.1819,buy,46984,44.747723,13643,193349,-0.05
2007-04-30,12541013,78,False,,3827411,0.3052,buy,36665,80.237808,19895,885491,3836500,0.3059,buy,97282,35.135386,3690,418459,2557202,0.2039,buy,38116,45.706188,167374,815065,2319823,0.185,buy,46984,44.747723,13643,217396,-0.66
2007-05-01,12533915,78,False,,3837219,0.3061,buy,36665,80.237808,19895,895300,3833160,0.3058,buy,97282,35.135386,3690,415119,2541956,0.2028,buy,38116,45.706188,167374,799819,2321502,0.1852,buy,46984,44.747723,13643,219075,-0.72
2007-05-02,12595650,78,False,,3859674,0.3064,buy,36665,80.237808,19895,917755,3874897,0.3076,buy,97282,35.135386,3690,456857,2540813,0.2017,buy,38116,45.706188,167374,798676,2320189,0.1842,buy,46984,44.747723,13643,217762,-0.23
2007-05-03,12657138,78,False,,3880581,0.3066,buy,36665,80.237808,19895,938662,3889088,0.3073,buy,97282,35.135386,3690,471047,2572449,0.2032,buy,38116,45.706188,167374,830312,2314942,0.1829,buy,46984,44.747723,13643,212515,0.0
2007-05-04,12711319,78,False,,3895293,0.3064,buy,36665,80.237808,19895,953374,3892429,0.3062,buy,97282,35.135386,3690,474388,2599130,0.2045,buy,38116,45.706188,167374,856993,2324388,0.1829,buy,46984,44.747723,13643,221961,0.0
2007-05-07,12720675,78,False,,3896066,0.3063,buy,36665,80.237808,19895,954147,3892429,0.306,buy,97282,35.135386,3690,474388,2601417,0.2045,buy,38116,45.706188,167374,859280,2330684,0.1832,buy,46984,44.747723,13643,228257,0.0
2007-05-08,12704510,78,False,,3890906,0.3063,buy,36665,80.237808,19895,948987,3900775,0.307,buy,97282,35.135386,3690,482734,2587314,0.2037,buy,38116,45.706188,167374,845177,2325437,0.183,buy,46984,44.747723,13643,223010,-0.13
2007-05-09,12697867,78,False,,3901487,0.3073,buy,36665,80.237808,19895,959567,3909123,0.3079,buy,97282,35.135386,3690,491082,2570924,0.2025,buy,38116,45.706188,167374,828787,2316256,0.1824,buy,46984,44.747723,13643,213829,-0.18
2007-05-10,12553902,78,False,,3860706,0.3075,buy,36665,80.237808,19895,918787,3855698,0.3071,buy,97282,35.135386,3690,437657,2515656,0.2004,buy,38116,45.706188,167374,773519,2321764,0.1849,buy,46984,44.747723,13643,219337,-1.31
2007-05-11,12645211,78,False,,3893744,0.3079,buy,36665,80.237808,19895,951825,3904949,0.3088,buy,97282,35.135386,3690,486909,2532808,0.2003,buy,38116,45.706188,167374,790671,2313631,0.183,buy,46984,44.747723,13643,211204,-0.59
2007-05-14,12597469,78,False,,3885228,0.3084,buy,36665,80.237808,19895,943309,3878238,0.3079,buy,97282,35.135386,3690,460197,2526328,0.2005,buy,38116,45.706188,167374,784191,2307597,0.1832,buy,46984,44.747723,13643,205170,-0.97
2007-05-15,12577575,78,False,,3886259,0.309,buy,36665,80.237808,19895,944340,3848186,0.306,buy,97282,35.135386,3690,430146,2536239,0.2016,buy,38116,45.706188,167374,794102,2306812,0.1834,buy,46984,44.747723,13643,204385,-1.12
2007-05-16,12604317,78,False,,3912845,0.3104,buy,36665,80.237808,19895,970925,3885749,0.3083,buy,97282,35.135386,3690,467709,2500410,0.1984,buy,38116,45.706188,167374,758272,2305236,0.1829,buy,46984,44.747723,13643,202809,-0.91
2007-05-17,12548184,78,False,,3905101,0.3112,buy,36665,80.237808,19895,963181,3867386,0.3082,buy,97282,35.135386,3690,449345,2479827,0.1976,buy,38116,45.706188,167374,737690,2295792,0.183,buy,46984,44.747723,13643,193365,-1.36
2007-05-18,12616289,78,False,,3939170,0.3122,buy,36665,80.237808,19895,997250,3899105,0.3091,buy,97282,35.135386,3690,481064,2497360,0.1979,buy,38116,45.706188,167374,755223,2280576,0.1808,buy,46984,44.747723,13643,178149,-0.82
2007-05-21,12651807,78,False,,3937106,0.3112,buy,36665,80.237808,19895,995187,3924148,0.3102,buy,97282,35.135386,3690,506107,2503078,0.1978,buy,38116,45.706188,167374,760941,2287398,0.1808,buy,46984,44.747723,13643,184971,-0.54
2007-05-22,12622326,78,False,,3934009,0.3117,buy,36665,80.237808,19895,992090,3927486,0.3112,buy,97282,35.135386,3690,509446,2485163,0.1969,buy,38116,45.706188,167374,743026,2275590,0.1803,buy,46984,44.747723,13643,173163,-0.77
2007-05-23,12610878,78,False,,3934524,0.312,buy,36665,80.237808,19895,992605,3909123,0.31,buy,97282,35.135386,3690,491082,2498123,0.1981,buy,38116,45.706188,167374,755986,2269031,0.1799,buy,46984,44.747723,13643,166604,-0.86
2007-05-24,12491319,78,False,,3898905,0.3121,buy,36665,80.237808,19895,956986,3853195,0.3085,buy,97282,35.135386,3690,435155,2468011,0.1976,buy,38116,45.706188,167374,725874,2271130,0.1818,buy,46984,44.747723,13643,168702,-1.8
2007-05-25,12533785,78,False,,3915167,0.3124,buy,36665,80.237808,19895,973248,3877403,0.3094,buy,97282,35.135386,3690,459362,2475253,0.1975,buy,38116,45.706188,167374,733116,2265884,0.1808,buy,46984,44.747723,13643,163457,-1.47
2007-05-29,12582724,78,False,,3929362,0.3123,buy,36665,80.237808,19895,987442,3907454,0.3105,buy,97282,35.135386,3690,489413,2480208,0.1971,buy,38116,45.706188,167374,738071,2265622,0.1801,buy,46984,44.747723,13643,163195,-1.08
2007-05-30,12637831,78,False,,3961367,0.3135,buy,36665,80.237808,19895,1019448,3939174,0.3117,buy,97282,35.135386,3690,521134,2466868,0.1952,buy,38116,45.706188,167374,724730,2270344,0.1796,buy,46984,44.747723,13643,167917,-0.65
2007-05-31,12679120,78,False,,3957238,0.3121,buy,36665,80.237808,19895,1015318,3957538,0.3121,buy,97282,35.135386,3690,539497,2498123,0.197,buy,38116,45.706188,167374,755986,2266144,0.1787,buy,46984,44.747723,13643,163717,-0.33
2007-06-01,12723644,78,False,,3976855,0.3126,buy,36665,80.237808,19895,1034935,3960042,0.3112,buy,97282,35.135386,3690,542001,2532427,0.199,buy,38116,45.706188,167374,790290,2254243,0.1772,buy,46984,44.747723,13643,151816,0.0
2007-06-04,12747082,98,True,monthly,3816605,0.2994,buy,35183,80.237808,60683,993598,3827445,0.3003,buy,93748,35.135386,22434,533573,2548415,0.1999,buy,38299,45.807025,167374,794052,2554519,0.2004,buy,53001,45.14621,13643,161724,0.0
2007-06-05,12709417,98,False,,3801497,0.2991,buy,35183,80.237808,60683,978490,3827445,0.3012,buy,93748,35.135386,22434,533573,2541905,0.2,buy,38299,45.807025,167374,787541,2538473,0.1997,buy,53001,45.14621,13643,145679,-0.3
2007-06-06,12627874,98,False,,3760631,0.2978,buy,35183,80.237808,60683,937624,3786421,0.2998,buy,93748,35.135386,22434,492549,2543437,0.2014,buy,38299,45.807025,167374,789073,2537287,0.2009,buy,53001,45.14621,13643,144493,-0.94
2007-06-07,12411786,98,False,,3692770,0.2975,buy,35183,80.237808,60683,869763,3727696,0.3003,buy,93748,35.135386,22434,433824,2499393,0.2014,buy,38299,45.807025,167374,745030,2491830,0.2008,buy,53001,45.14621,13643,99035,-2.63
2007-06-08,12463775,98,False,,3740817,0.3001,buy,35183,80.237808,60683,917810,3773550,0.3028,buy,93748,35.135386,22434,479678,2459562,0.1973,buy,38299,45.807025,167374,705199,2489749,0.1998,buy,53001,45.14621,13643,96955,-2.22
2007-06-11,12474229,98,False,,3747256,0.3004,buy,35183,80.237808,60683,924250,3766310,0.3019,buy,93748,35.135386,22434,472438,2477945,0.1986,buy,38299,45.807025,167374,723582,2482620,0.199,buy,53001,45.14621,13643,89825,-2.14
2007-06-12,12351910,98,False,,3706391,0.3001,buy,35183,80.237808,60683,883384,3743787,0.3031,buy,93748,35.135386,22434,449915,2454966,0.1988,buy,38299,45.807025,167374,700603,2446669,0.1981,buy,53001,45.14621,13643,53874,-3.1
2007-06-13,12493996,98,False,,3761870,0.3011,buy,35183,80.237808,60683,938863,3784811,0.3029,buy,93748,35.135386,22434,490939,2471434,0.1978,buy,38299,45.807025,167374,717071,2475783,0.1982,buy,53001,45.14621,13643,82989,-1.99
2007-06-14,12539404,98,False,,3785895,0.3019,buy,35183,80.237808,60683,962888,3809748,0.3038,buy,93748,35.135386,22434,515876,2474115,0.1973,buy,38299,45.807025,167374,719752,2469548,0.1969,buy,53001,45.14621,13643,76754,-1.63
2007-06-15,12622633,98,False,,3807433,0.3016,buy,35183,80.237808,60683,984426,3844930,0.3046,buy,93748,35.135386,22434,551058,2483690,0.1968,buy,38299,45.807025,167374,729327,2486482,0.197,buy,53001,45.14621,13643,93688,-0.98
2007-06-18,12617740,98,False,,3802958,0.3014,buy,35183,80.237808,60683,979951,3845736,0.3048,buy,93748,35.135386,22434,551864,2487520,0.1971,buy,38299,45.807025,167374,733157,2481429,0.1967,buy,53001,45.14621,13643,88634,-1.01
2007-06-19,12669858,98,False,,3812408,0.3009,buy,35183,80.237808,60683,989401,3844930,0.3035,buy,93748,35.135386,22434,551058,2507819,0.1979,buy,38299,45.807025,167374,753455,2504605,0.1977,buy,53001,45.14621,13643,111810,-0.61
2007-06-20,12530959,98,False,,3759429,0.3,buy,35183,80.237808,60683,936422,3808703,0.3039,buy,93748,35.135386,22434,514831,2478328,0.1978,buy,38299,45.807025,167374,723965,2484401,0.1983,buy,53001,45.14621,13643,91607,-1.7
2007-06-21,12568839,98,False,,3780321,0.3008,buy,35183,80.237808,60683,957314,3843320,0.3058,buy,93748,35.135386,22434,549447,2472583,0.1967,buy,38299,45.807025,167374,718220,2472517,0.1967,buy,53001,45.14621,13643,79723,-1.4
2007-06-22,12521514,98,False,,3744752,0.2991,buy,35183,80.237808,60683,921745,3807093,0.304,buy,93748,35.135386,22434,513221,2481009,0.1981,buy,38299,45.807025,167374,726646,2488561,0.1987,buy,53001,45.14621,13643,95767,-1.77
2007-06-25,12487764,98,False,,3726843,0.2984,buy,35183,80.237808,60683,903836,3790991,0.3036,buy,93748,35.135386,22434,497119,2467605,0.1976,buy,38299,45.807025,167374,713241,2502229,0.2004,buy,53001,45.14621,13643,109434,-2.03
2007-06-26,12397294,98,False,,3688538,0.2975,buy,35183,80.237808,60683,865531,3769255,0.304,buy,93748,35.135386,22434,475383,2436582,0.1965,buy,38299,45.807025,167374,682219,2502822,0.2019,buy,53001,45.14621,13643,110027,-2.74
2007-06-27,12512034,98,False,,3741021,0.299,buy,35183,80.237808,60683,918014,3827219,0.3059,buy,93748,35.135386,22434,533347,2438497,0.1949,buy,38299,45.807025,167374,684134,2505199,0.2002,buy,53001,45.14621,13643,112405,-1.84
2007-06-28,12531926,98,False,,3740523,0.2985,buy,35183,80.237808,60683,917516,3825606,0.3053,buy,93748,35.135386,22434,531734,2461094,0.1964,buy,38299,45.807025,167374,706731,2504605,0.1999,buy,53001,45.14621,13643,111810,-1.69
2007-06-29,12565842,98,False,,3741766,0.2978,buy,35183,80.237808,60683,918759,3832048,0.305,buy,93748,35.135386,22434,538176,2461477,0.1959,buy,38299,45.807025,167374,707113,2530454,0.2014,buy,53001,45.14621,13643,137659,-1.42
2007-07-02,12676317,98,False,,3775596,0.2978,buy,35183,80.237808,60683,952589,3866668,0.305,buy,93748,35.135386,22434,572796,2490201,0.1964,buy,38299,45.807025,167374,735838,2543755,0.2007,buy,53001,45.14621,13643,150961,-0.56
2007-07-03,12686305,98,False,,3789276,0.2987,buy,35183,80.237808,60683,966269,3889208,0.3066,buy,93748,35.135386,22434,595336,2479477,0.1954,buy,38299,45.807025,167374,725114,2528247,0.1993,buy,53001,45.14621,13643,135453,-0.48
2007-07-05,12669912,98,False,,3785296,0.2988,buy,35183,80.237808,60683,962290,3917384,0.3092,buy,93748,35.135386,22434,623512,2467222,0.1947,buy,38299,45.807025,167374,712858,2499913,0.1973,buy,53001,45.14621,13643,107118,-0.61
2007-07-06,12716453,98,False,,3805196,0.2992,buy,35183,80.237808,60683,982189,3933484,0.3093,buy,93748,35.135386,22434,639612,2487903,0.1956,buy,38299,45.807025,167374,733540,2489772,0.1958,buy,53001,45.14621,13643,96978,-0.24
2007-07-09,12746886,98,False,,3808180,0.2988,buy,35183,80.237808,60683,985173,3935901,0.3088,buy,93748,35.135386,22434,642029,2503989,0.1964,buy,38299,45.807025,167374,749625,2498719,0.196,buy,53001,45.14621,13643,105925,-0.0
2007-07-10,12710815,98,False,,3753957,0.2953,buy,35183,80.237808,60683,930950,3902893,0.3071,buy,93748,35.135386,22434,609021,2512797,0.1977,buy,38299,45.807025,167374,758434,2541070,0.1999,buy,53001,45.14621,13643,148275,-0.28
2007-07-11,12731240,98,False,,3780571,0.297,buy,35183,80.237808,60683,957565,3929460,0.3086,buy,93748,35.135386,22434,635588,2506287,0.1969,buy,38299,45.807025,167374,751923,2514824,0.1975,buy,53001,45.14621,13643,122030,-0.12
2007-07-12,12864878,98,False,,3840267,0.2985,buy,35183,80.237808,60683,1017260,3989839,0.3101,buy,93748,35.135386,22434,695967,2528500,0.1965,buy,38299,45.807025,167374,774137,2506175,0.1948,buy,53001,45.14621,13643,113380,0.0
2007-07-13,12910937,98,False,,3851710,0.2983,buy,35183,80.237808,60683,1028703,4017211,0.3111,buy,93748,35.135386,22434,723339,2528883,0.1959,buy,38299,45.807025,167374,774520,2513036,0.1946,buy,53001,45.14621,13643,120242,0.0
2007-07-16,12922527,98,False,,3851211,0.298,buy,35183,80.237808,60683,1028205,4013185,0.3106,buy,93748,35.135386,22434,719313,2520840,0.1951,buy,38299,45.807025,167374,766477,2537193,0.1963,buy,53001,45.14621,13643,144399,0.0
2007-07-17,12943082,98,False,,3849222,0.2974,buy,35183,80.237808,60683,1026215,4043777,0.3124,buy,93748,35.135386,22434,749904,2518159,0.1946,buy,38299,45.807025,167374,763796,2531827,0.1956,buy,53001,45.14621,13643,139033,0.0
2007-07-18,12974148,98,False,,3842257,0.2961,buy,35183,80.237808,60683,1019250,4038947,0.3113,buy,93748,35.135386,22434,745075,2551479,0.1967,buy,38299,45.807025,167374,797116,2541367,0.1959,buy,53001,45.14621,13643,148573,0.0
2007-07-19,13015489,98,False,,3857182,0.2964,buy,35183,80.237808,60683,1034175,4051022,0.3112,buy,93748,35.135386,22434,757150,2566416,0.1972,buy,38299,45.807025,167374,812053,2540771,0.1952,buy,53001,45.14621,13643,147977,0.0
2007-07-20,12999496,98,False,,3818128,0.2937,buy,35183,80.237808,60683,995122,4029287,0.31,buy,93748,35.135386,22434,735415,2588246,0.1991,buy,38299,45.807025,167374,833883,2563737,0.1972,buy,53001,45.14621,13643,170942,-0.12
2007-07-23,13004412,98,False,,3829820,0.2945,buy,35183,80.237808,60683,1006813,4030898,0.31,buy,93748,35.135386,22434,737026,2584034,0.1987,buy,38299,45.807025,167374,829670,2559563,0.1968,buy,53001,45.14621,13643,166768,-0.09
2007-07-24,12887967,98,False,,3763408,0.292,buy,35183,80.237808,60683,940401,3971323,0.3081,buy,93748,35.135386,22434,677451,2584034,0.2005,buy,38299,45.807025,167374,829670,2569105,0.1993,buy,53001,45.14621,13643,176311,-0.98
2007-07-25,12884554,98,False,,3771118,0.2927,buy,35183,80.237808,60683,948112,3976958,0.3087,buy,93748,35.135386,22434,683086,2562203,0.1989,buy,38299,45.807025,167374,807840,2574176,0.1998,buy,53001,45.14621,13643,181382,-1.01
2007-07-26,12735045,98,False,,3681823,0.2891,buy,35183,80.237808,60683,858816,3943146,0.3096,buy,93748,35.135386,22434,649274,2514329,0.1974,buy,38299,45.807025,167374,759966,2595650,0.2038,buy,53001,45.14621,13643,202856,-2.15
2007-07-27,12581227,98,False,,3609439,0.2869,buy,35183,80.237808,60683,786432,3863446,0.3071,buy,93748,35.135386,22434,569574,2505138,0.1991,buy,38299,45.807025,167374,750774,2603107,0.2069,buy,53001,45.14621,13643,210312,-3.34
2007-07-30,12689102,98,False,,3665902,0.2889,buy,35183,80.237808,60683,842895,3908528,0.308,buy,93748,35.135386,22434,614656,2518925,0.1985,buy,38299,45.807025,167374,764562,2595650,0.2046,buy,53001,45.14621,13643,202856,-2.51
2007-07-31,12585254,98,False,,3624611,0.288,buy,35183,80.237808,60683,801604,3826415,0.304,buy,93748,35.135386,22434,532543,2519691,0.2002,buy,38299,45.807025,167374,765328,2614439,0.2077,buy,53001,45.14621,13643,221645,-3.31
2007-08-01,12632400,98,False,,3642270,0.2883,buy,35183,80.237808,60683,819264,3856200,0.3053,buy,93748,35.135386,22434,562328,2525053,0.1999,buy,38299,45.807025,167374,770690,2608779,0.2065,buy,53001,45.14621,13643,215985,-2.94
2007-08-02,12701983,98,False,,3671374,0.289,buy,35183,80.237808,60683,848368,3891623,0.3064,buy,93748,35.135386,22434,597751,2523521,0.1987,buy,38299,45.807025,167374,769158,2615367,0.2059,buy,53001,45.14621,13643,222573,-2.41
2007-08-03,12581403,98,False,,3576853,0.2843,buy,35183,80.237808,60683,753846,3817560,0.3034,buy,93748,35.135386,22434,523687,2554160,0.203,buy,38299,45.807025,167374,799797,2632732,0.2093,buy,53001,45.14621,13643,239938,-3.34
2007-08-06,12659951,98,False,,3636799,0.2873,buy,35183,80.237808,60683,813792,3861834,0.305,buy,93748,35.135386,22434,567962,2547649,0.2012,buy,38299,45.807025,167374,793286,2613571,0.2064,buy,53001,45.14621,13643,220777,-2.73
2007-08-07,12722499,98,False,,3675603,0.2889,buy,35183,80.237808,60683,852596,3889208,0.3057,buy,93748,35.135386,22434,595336,2546118,0.2001,buy,38299,45.807025,167374,791754,2611473,0.2053,buy,53001,45.14621,13643,218679,-2.25
2007-08-08,12795777,98,False,,3726843,0.2913,buy,35183,80.237808,60683,903836,3931876,0.3073,buy,93748,35.135386,22434,638004,2557224,0.1998,buy,38299,45.807025,167374,802861,2579737,0.2016,buy,53001,45.14621,13643,186943,-1.69
2007-08-09,12547789,98,False,,3616404,0.2882,buy,35183,80.237808,60683,793397,3840904,0.3061,buy,93748,35.135386,22434,547032,2507053,0.1998,buy,38299,45.807025,167374,752689,2583330,0.2059,buy,53001,45.14621,13643,190536,-3.59
2007-08-10,12532778,98,False,,3599489,0.2872,buy,35183,80.237808,60683,776482,3806286,0.3037,buy,93748,35.135386,22434,512414,2549564,0.2034,buy,38299,45.807025,167374,795201,2577342,0.2056,buy,53001,45.14621,13643,184547,-3.71
2007-08-13,12567089,98,False,,3612424,0.2875,buy,35183,80.237808,60683,789417,3832048,0.3049,buy,93748,35.135386,22434,538176,2537692,0.2019,buy,38299,45.807025,167374,783329,2584828,0.2057,buy,53001,45.14621,13643,192034,-3.45
2007-08-14,12454695,98,False,,3557203,0.2856,buy,35183,80.237808,60683,734196,3766839,0.3024,buy,93748,35.135386,22434,472967,2538841,0.2038,buy,38299,45.807025,167374,784477,2591714,0.2081,buy,53001,45.14621,13643,198920,-4.31
2007-08-15,12318633,98,False,,3508202,0.2848,buy,35183,80.237808,60683,685196,3695190,0.3,buy,93748,35.135386,22434,401318,2532713,0.2056,buy,38299,45.807025,167374,778349,2582431,0.2096,buy,53001,45.14621,13643,189636,-5.35
2007-08-16,12279887,98,False,,3534568,0.2878,buy,35183,80.237808,60683,711562,3658961,0.298,buy,93748,35.135386,22434,365089,2477179,0.2017,buy,38299,45.807025,167374,722816,2609080,0.2125,buy,53001,45.14621,13643,216286,-5.65
2007-08-17,12416202,98,False,,3599489,0.2899,buy,35183,80.237808,60683,776482,3728198,0.3003,buy,93748,35.135386,22434,434326,2489818,0.2005,buy,38299,45.807025,167374,735455,2598600,0.2093,buy,53001,45.14621,13643,205805,-4.6
2007-08-20,12437883,98,False,,3597747,0.2893,buy,35183,80.237808,60683,774741,3745908,0.3012,buy,93748,35.135386,22434,452036,2494031,0.2005,buy,38299,45.807025,167374,739668,2600099,0.209,buy,53001,45.14621,13643,207305,-4.44
2007-08-21,12495204,98,False,,3604962,0.2885,buy,35183,80.237808,60683,781955,3785356,0.3029,buy,93748,35.135386,22434,491484,2492116,0.1994,buy,38299,45.807025,167374,737753,2612672,0.2091,buy,53001,45.14621,13643,219878,-4.0
2007-08-22,12597956,98,False,,3647744,0.2896,buy,35183,80.237808,60683,824737,3836879,0.3046,buy,93748,35.135386,22434,543006,2504755,0.1988,buy,38299,45.807025,167374,750391,2608481,0.2071,buy,53001,45.14621,13643,215687,-3.21
2007-08-23,12589794,98,False,,3644510,0.2895,buy,35183,80.237808,60683,821503,3826415,0.3039,buy,93748,35.135386,22434,532543,2501308,0.1987,buy,38299,45.807025,167374,746944,2617464,0.2079,buy,53001,45.14621,13643,224669,-3.27
2007-08-24,12732268,98,False,,3689533,0.2898,buy,35183,80.237808,60683,866527,3880352,0.3048,buy,93748,35.135386,22434,586479,2531947,0.1989,buy,38299,45.807025,167374,777584,2630339,0.2066,buy,53001,45.14621,13643,237545,-2.18
2007-08-27,12680972,98,False,,3655205,0.2882,buy,35183,80.237808,60683,832198,3854591,0.304,buy,93748,35.135386,22434,560719,2526968,0.1993,buy,38299,45.807025,167374,772605,2644111,0.2085,buy,53001,45.14621,13643,251317,-2.57
2007-08-28,12498408,98,False,,3574864,0.286,buy,35183,80.237808,60683,751857,3762813,0.3011,buy,93748,35.135386,22434,468941,2512031,0.201,buy,38299,45.807025,167374,757668,2648602,0.2119,buy,53001,45.14621,13643,255807,-3.97
2007-08-29,12687628,98,False,,3645009,0.2873,buy,35183,80.237808,60683,822002,3870690,0.3051,buy,93748,35.135386,22434,576818,2530415,0.1994,buy,38299,45.807025,167374,776052,2641416,0.2082,buy,53001,45.14621,13643,248622,-2.52
2007-08-30,12705376,98,False,,3635307,0.2861,buy,35183,80.237808,60683,812300,3890816,0.3062,buy,93748,35.135386,22434,596944,2520074,0.1983,buy,38299,45.807025,167374,765711,2659081,0.2093,buy,53001,45.14621,13643,266287,-2.38
2007-08-31,12814341,98,False,,3671126,0.2865,buy,35183,80.237808,60683,848119,3934290,0.307,buy,93748,35.135386,22434,640418,2547649,0.1988,buy,38299,45.807025,167374,793286,2661178,0.2077,buy,53001,45.14621,13643,268383,-1.55
2007-09-04,12953106,98,False,,3708186,0.2863,buy,35183,80.237808,60683,885179,3999499,0.3088,buy,93748,35.135386,22434,705627,2582885,0.1994,buy,38299,45.807025,167374,828521,2662439,0.2055,buy,53001,45.14621,13643,269645,-0.48
2007-09-05,12906710,98,False,,3676100,0.2848,buy,35183,80.237808,60683,853093,3959248,0.3068,buy,93748,35.135386,22434,665376,2587480,0.2005,buy,38299,45.807025,167374,833117,2683785,0.2079,buy,53001,45.14621,13643,290990,-0.84
2007-09-06,12954821,98,False,,3684558,0.2844,buy,35183,80.237808,60683,861551,3956025,0.3054,buy,93748,35.135386,22434,662153,2637269,0.2036,buy,38299,45.807025,167374,882906,2676871,0.2066,buy,53001,45.14621,13643,284076,-0.47
2007-09-07,12888501,98,False,,3633317,0.2819,buy,35183,80.237808,60683,810311,3882767,0.3013,buy,93748,35.135386,22434,588895,2657568,0.2062,buy,38299,45.807025,167374,903204,2714751,0.2106,buy,53001,45.14621,13643,321957,-0.98
2007-09-10,12908976,98,False,,3626353,0.2809,buy,35183,80.237808,60683,803346,3880352,0.3006,buy,93748,35.135386,22434,586479,2666376,0.2066,buy,38299,45.807025,167374,912013,2735797,0.2119,buy,53001,45.14621,13643,343002,-0.82
2007-09-11,13042392,98,False,,3668639,0.2813,buy,35183,80.237808,60683,845632,3939121,0.302,buy,93748,35.135386,22434,645249,2700845,0.2071,buy,38299,45.807025,167374,946482,2733689,0.2096,buy,53001,45.14621,13643,340895,0.0
2007-09-12,13040131,98,False,,3678091,0.2821,buy,35183,80.237808,60683,855084,3939926,0.3021,buy,93748,35.135386,22434,646054,2698548,0.2069,buy,38299,45.807025,167374,944184,2723469,0.2089,buy,53001,45.14621,13643,330675,-0.02
2007-09-13,13046416,98,False,,3703959,0.2839,buy,35183,80.237808,60683,880952,3959248,0.3035,buy,93748,35.135386,22434,665376,2683994,0.2057,buy,38299,45.807025,167374,929631,2699119,0.2069,buy,53001,45.14621,13643,306324,0.0
2007-09-14,13049847,98,False,,3703709,0.2838,buy,35183,80.237808,60683,880703,3962467,0.3036,buy,93748,35.135386,22434,668595,2680547,0.2054,buy,38299,45.807025,167374,926184,2703026,0.2071,buy,53001,45.14621,13643,310232,0.0
2007-09-17,13047402,98,False,,3683812,0.2823,buy,35183,80.237808,60683,860805,3929460,0.3012,buy,93748,35.135386,22434,635588,2718080,0.2083,buy,38299,45.807025,167374,963717,2715952,0.2082,buy,53001,45.14621,13643,323158,-0.02
2007-09-18,13262386,98,False,,3792260,0.2859,buy,35183,80.237808,60683,969253,4028480,0.3038,buy,93748,35.135386,22434,734608,2746038,0.2071,buy,38299,45.807025,167374,991675,2695510,0.2032,buy,53001,45.14621,13643,302716,0.0
2007-09-19,13259947,98,False,,3814648,0.2877,buy,35183,80.237808,60683,991641,4038947,0.3046,buy,93748,35.135386,22434,745075,2735698,0.2063,buy,38299,45.807025,167374,981334,2670557,0.2014,buy,53001,45.14621,13643,277763,-0.02
2007-09-20,13220712,98,False,,3787784,0.2865,buy,35183,80.237808,60683,964778,4027675,0.3046,buy,93748,35.135386,22434,733803,2785103,0.2107,buy,38299,45.807025,167374,1030740,2620051,0.1982,buy,53001,45.14621,13643,227256,-0.31
2007-09-21,13267303,98,False,,3798006,0.2863,buy,35183,80.237808,60683,974999,4056352,0.3057,buy,93748,35.135386,22434,762480,2770550,0.2088,buy,38299,45.807025,167374,1016186,2642298,0.1992,buy,53001,45.14621,13643,249503,0.0
2007-09-24,13284048,98,False,,3791008,0.2854,buy,35183,80.237808,60683,968001,4074877,0.3067,buy,93748,35.135386,22434,781005,2768252,0.2084,buy,38299,45.807025,167374,1013888,2649813,0.1995,buy,53001,45.14621,13643,257019,0.0
2007-09-25,13307808,98,False,,3783510,0.2843,buy,35183,80.237808,60683,960504,4113539,0.3091,buy,93748,35.135386,22434,819667,2770167,0.2082,buy,38299,45.807025,167374,1015803,2640494,0.1984,buy,53001,45.14621,13643,247700,0.0
2007-09-26,13337704,98,False,,3803505,0.2852,buy,35183,80.237808,60683,980498,4133676,0.3099,buy,93748,35.135386,22434,839804,2757528,0.2067,buy,38299,45.807025,167374,1003165,2642898,0.1982,buy,53001,45.14621,13643,250104,0.0
2007-09-27,13426289,98,False,,3825997,0.285,buy,35183,80.237808,60683,1002990,4154618,0.3094,buy,93748,35.135386,22434,860746,2784337,0.2074,buy,38299,45.807025,167374,1029974,2661239,0.1982,buy,53001,45.14621,13643,268444,0.0
2007-09-28,13436883,98,False,,3813250,0.2838,buy,35183,80.237808,60683,990244,4140926,0.3082,buy,93748,35.135386,22434,847053,2815360,0.2095,buy,38299,45.807025,167374,1060996,2667249,0.1985,buy,53001,45.14621,13643,274455,0.0
2007-10-01,13557573,98,False,,3856237,0.2844,buy,35183,80.237808,60683,1033230,4188449,0.3089,buy,93748,35.135386,22434,894576,2830296,0.2088,buy,38299,45.807025,167374,1075933,2682493,0.1979,buy,53001,45.14621,13643,289699,0.0
2007-10-02,13502212,98,False,,3850986,0.2852,buy,35183,80.237808,60683,1027980,4189253,0.3103,buy,93748,35.135386,22434,895381,2770933,0.2052,buy,38299,45.807025,167374,1016569,2690942,0.1993,buy,53001,45.14621,13643,298148,-0.41
2007-10-03,13440385,98,False,,3843238,0.2859,buy,35183,80.237808,60683,1020232,4160256,0.3095,buy,93748,35.135386,22434,866384,2753698,0.2049,buy,38299,45.807025,167374,999335,2683095,0.1996,buy,53001,45.14621,13643,290301,-0.86
2007-10-04,13503464,98,False,,3849238,0.2851,buy,35183,80.237808,60683,1026231,4169922,0.3088,buy,93748,35.135386,22434,876050,2790848,0.2067,buy,38299,45.807025,167374,1036485,2693358,0.1995,buy,53001,45.14621,13643,300564,-0.4
2007-10-05,13625100,98,False,,3894974,0.2859,buy,35183,80.237808,60683,1071967,4254498,0.3123,buy,93748,35.135386,22434,960625,2811147,0.2063,buy,38299,45.807025,167374,1056783,2664384,0.1955,buy,53001,45.14621,13643,271590,0.0
2007-10-08,13595505,98,False,,3874230,0.285,buy,35183,80.237808,60683,1051223,4281080,0.3149,buy,93748,35.135386,22434,987208,2777826,0.2043,buy,38299,45.807025,167374,1023463,2662271,0.1958,buy,53001,45.14621,13643,269477,-0.22
2007-10-09,13668644,98,False,,3910718,0.2861,buy,35183,80.237808,60683,1087711,4299604,0.3146,buy,93748,35.135386,22434,1005732,2799274,0.2048,buy,38299,45.807025,167374,1044910,2658951,0.1945,buy,53001,45.14621,13643,266156,0.0
2007-10-10,13684470,98,False,,3904222,0.2853,buy,35183,80.237808,60683,1081215,4310076,0.315,buy,93748,35.135386,22434,1016203,2809615,0.2053,buy,38299,45.807025,167374,1055251,2660460,0.1944,buy,53001,45.14621,13643,267666,0.0
2007-10-11,13615605,98,False,,3885476,0.2854,buy,35183,80.237808,60683,1062469,4241609,0.3115,buy,93748,35.135386,22434,947737,2830679,0.2079,buy,38299,45.807025,167374,1076316,2657743,0.1952,buy,53001,45.14621,13643,264949,-0.5
2007-10-12,13720241,98,False,,3906969,0.2848,buy,35183,80.237808,60683,1083962,4311686,0.3143,buy,93748,35.135386,22434,1017813,2856722,0.2082,buy,38299,45.807025,167374,1102359,2644766,0.1928,buy,53001,45.14621,13643,251972,0.0
2007-10-15,13675897,98,False,,3873980,0.2833,buy,35183,80.237808,60683,1050973,4278662,0.3129,buy,93748,35.135386,22434,984790,2877787,0.2104,buy,38299,45.807025,167374,1123424,2645370,0.1934,buy,53001,45.14621,13643,252576,-0.32
2007-10-16,13625159,98,False,,3843238,0.2821,buy,35183,80.237808,60683,1020232,4258527,0.3125,buy,93748,35.135386,22434,964655,2877021,0.2112,buy,38299,45.807025,167374,1122658,2646275,0.1942,buy,53001,45.14621,13643,253481,-0.69
2007-10-17,13696904,98,False,,3854987,0.2814,buy,35183,80.237808,60683,1031980,4313296,0.3149,buy,93748,35.135386,22434,1019423,2853276,0.2083,buy,38299,45.807025,167374,1098912,2675248,0.1953,buy,53001,45.14621,13643,282454,-0.17
2007-10-18,13773669,98,False,,3840990,0.2789,buy,35183,80.237808,60683,1017983,4331822,0.3145,buy,93748,35.135386,22434,1037950,2910724,0.2113,buy,38299,45.807025,167374,1156361,2690035,0.1953,buy,53001,45.14621,13643,297241,0.0
2007-10-19,13593924,98,False,,3740526,0.2752,buy,35183,80.237808,60683,917519,4223889,0.3107,buy,93748,35.135386,22434,930017,2899234,0.2133,buy,38299,45.807025,167374,1144871,2730178,0.2008,buy,53001,45.14621,13643,337384,-1.3
2007-10-22,13624586,98,False,,3762267,0.2761,buy,35183,80.237808,60683,939260,4274636,0.3137,buy,93748,35.135386,22434,980764,2857105,0.2097,buy,38299,45.807025,167374,1102742,2730480,0.2004,buy,53001,45.14621,13643,337686,-1.08
2007-10-23,13764987,98,False,,3792758,0.2755,buy,35183,80.237808,60683,969751,4364039,0.317,buy,93748,35.135386,22434,1070167,2881234,0.2093,buy,38299,45.807025,167374,1126871,2726858,0.1981,buy,53001,45.14621,13643,334064,-0.06
2007-10-24,13756291,98,False,,3785758,0.2752,buy,35183,80.237808,60683,962751,4331017,0.3148,buy,93748,35.135386,22434,1037145,2892340,0.2103,buy,38299,45.807025,167374,1137977,2747078,0.1997,buy,53001,45.14621,13643,354284,-0.13
2007-10-25,13717473,98,False,,3794757,0.2766,buy,35183,80.237808,60683,971750,4273022,0.3115,buy,93748,35.135386,22434,979150,2911873,0.2123,buy,38299,45.807025,167374,1157510,2737724,0.1996,buy,53001,45.14621,13643,344929,-0.41
2007-10-26,13890077,98,False,,3839242,0.2764,buy,35183,80.237808,60683,1016235,4343904,0.3127,buy,93748,35.135386,22434,1050031,2975449,0.2142,buy,38299,45.807025,167374,1221086,2731385,0.1966,buy,53001,45.14621,13643,338591,0.0
2007-10-29,13947579,98,False,,3851990,0.2762,buy,35183,80.237808,60683,1028983,4361625,0.3127,buy,93748,35.135386,22434,1067753,2991918,0.2145,buy,38299,45.807025,167374,1237555,2741949,0.1966,buy,53001,45.14621,13643,349154,0.0
2007-10-30,13898696,98,False,,3825247,0.2752,buy,35183,80.237808,60683,1002240,4370484,0.3145,buy,93748,35.135386,22434,1076612,2962428,0.2131,buy,38299,45.807025,167374,1208064,2740440,0.1972,buy,53001,45.14621,13643,347646,-0.35
2007-10-31,14024344,98,False,,3864984,0.2756,buy,35183,80.237808,60683,1041977,4432505,0.3161,buy,93748,35.135386,22434,1138633,3011067,0.2147,buy,38299,45.807025,167374,1256704,2715691,0.1936,buy,53001,45.14621,13643,322896,0.0
2007-11-01,13859769,98,False,,3774512,0.2723,buy,35183,80.237808,60683,951505,4349543,0.3138,buy,93748,35.135386,22434,1055670,2984641,0.2153,buy,38299,45.807025,167374,1230278,2750976,0.1985,buy,53001,45.14621,13643,358182,-1.17
2007-11-02,13979409,98,False,,3778761,0.2703,buy,35183,80.237808,60683,955754,4383372,0.3136,buy,93748,35.135386,22434,1089500,3057409,0.2187,buy,38299,45.807025,167374,1303046,2759769,0.1974,buy,53001,45.14621,13643,366974,-0.32
2007-11-05,13918199,98,False,,3750019,0.2694,buy,35183,80.237808,60683,927012,4355180,0.3129,buy,93748,35.135386,22434,1061308,3054345,0.2194,buy,38299,45.807025,167374,1299982,2758556,0.1982,buy,53001,45.14621,13643,365762,-0.76
2007-11-06,14068824,98,False,,3800505,0.2701,buy,35183,80.237808,60683,977499,4404315,0.3131,buy,93748,35.135386,22434,1110443,3118688,0.2217,buy,38299,45.807025,167374,1364324,2745218,0.1951,buy,53001,45.14621,13643,352424,0.0
2007-11-07,13893597,98,False,,3696538,0.2661,buy,35183,80.237808,60683,873532,4297185,0.3093,buy,93748,35.135386,22434,1003313,3149710,0.2267,buy,38299,45.807025,167374,1395346,2750066,0.1979,buy,53001,45.14621,13643,357271,-1.25
2007-11-08,13739138,98,False,,3677795,0.2677,buy,35183,80.237808,60683,854788,4166701,0.3033,buy,93748,35.135386,22434,872828,3149327,0.2292,buy,38299,45.807025,167374,1394964,2745218,0.1998,buy,53001,45.14621,13643,352424,-2.34
2007-11-09,13570732,98,False,,3627311,0.2673,buy,35183,80.237808,60683,804304,4027355,0.2968,buy,93748,35.135386,22434,733482,3147412,0.2319,buy,38299,45.807025,167374,1393049,2768557,0.204,buy,53001,45.14621,13643,375763,-3.54
2007-11-12,13293856,98,False,,3591324,0.2701,buy,35183,80.237808,60683,768317,3925059,0.2953,buy,93748,35.135386,22434,631187,2998812,0.2256,buy,38299,45.807025,167374,1244449,2778564,0.209,buy,53001,45.14621,13643,385770,-5.51
2007-11-13,13586318,98,False,,3700789,0.2724,buy,35183,80.237808,60683,877782,4086960,0.3008,buy,93748,35.135386,22434,793088,3030217,0.223,buy,38299,45.807025,167374,1275854,2768255,0.2038,buy,53001,45.14621,13643,375460,-3.43
2007-11-14,13571170,98,False,,3690541,0.2719,buy,35183,80.237808,60683,867534,4034603,0.2973,buy,93748,35.135386,22434,740731,3074644,0.2266,buy,38299,45.807025,167374,1320280,2771285,0.2042,buy,53001,45.14621,13643,378491,-3.54
2007-11-15,13433026,98,False,,3637308,0.2708,buy,35183,80.237808,60683,814302,4012856,0.2987,buy,93748,35.135386,22434,718984,2985407,0.2222,buy,38299,45.807025,167374,1231044,2797357,0.2082,buy,53001,45.14621,13643,404563,-4.52
2007-11-16,13472604,98,False,,3643557,0.2704,buy,35183,80.237808,60683,820550,4049907,0.3006,buy,93748,35.135386,22434,756035,2977747,0.221,buy,38299,45.807025,167374,1223384,2801296,0.2079,buy,53001,45.14621,13643,408501,-4.24
2007-11-19,13373812,98,False,,3592823,0.2686,buy,35183,80.237808,60683,769816,4003190,0.2993,buy,93748,35.135386,22434,709318,2958215,0.2212,buy,38299,45.807025,167374,1203851,2819486,0.2108,buy,53001,45.14621,13643,426692,-4.94
2007-11-20,13494288,98,False,,3614815,0.2679,buy,35183,80.237808,60683,791808,4019300,0.2979,buy,93748,35.135386,22434,725428,3043622,0.2255,buy,38299,45.807025,167374,1289258,2816454,0.2087,buy,53001,45.14621,13643,423659,-4.08
2007-11-21,13384945,98,False,,3540840,0.2645,buy,35183,80.237808,60683,717833,3971776,0.2967,buy,93748,35.135386,22434,677904,3039409,0.2271,buy,38299,45.807025,167374,1285045,2832824,0.2116,buy,53001,45.14621,13643,440030,-4.86
2007-11-23,13569740,98,False,,3602070,0.2654,buy,35183,80.237808,60683,779063,4014467,0.2958,buy,93748,35.135386,22434,720595,3111794,0.2293,buy,38299,45.807025,167374,1357430,2841311,0.2094,buy,53001,45.14621,13643,448517,-3.55
2007-11-26,13478992,98,False,,3522597,0.2613,buy,35183,80.237808,60683,699590,3945196,0.2927,buy,93748,35.135386,22434,651324,3113709,0.231,buy,38299,45.807025,167374,1359346,2897392,0.215,buy,53001,45.14621,13643,504598,-4.19
2007-11-27,13524866,98,False,,3563081,0.2634,buy,35183,80.237808,60683,740075,4024131,0.2975,buy,93748,35.135386,22434,730259,3067750,0.2268,buy,38299,45.807025,167374,1313387,2869806,0.2122,buy,53001,45.14621,13643,477011,-3.87
2007-11-28,13721564,98,False,,3677044,0.268,buy,35183,80.237808,60683,854037,4146565,0.3022,buy,93748,35.135386,22434,852693,3047451,0.2221,buy,38299,45.807025,167374,1293088,2850406,0.2077,buy,53001,45.14621,13643,457612,-2.47
2007-11-29,13715682,98,False,,3678295,0.2682,buy,35183,80.237808,60683,855288,4164283,0.3036,buy,93748,35.135386,22434,870411,2998046,0.2186,buy,38299,45.807025,167374,1243682,2874961,0.2096,buy,53001,45.14621,13643,482166,-2.51
2007-11-30,13670543,98,False,,3715283,0.2718,buy,35183,80.237808,60683,892277,4132872,0.3023,buy,93748,35.135386,22434,839000,2961279,0.2166,buy,38299,45.807025,167374,1206915,2861011,0.2093,buy,53001,45.14621,13643,468217,-2.83
2007-12-03,13670887,98,False,,3690790,0.27,buy,35183,80.237808,60683,867783,4098236,0.2998,buy,93748,35.135386,22434,804364,2998046,0.2193,buy,38299,45.807025,167374,1243682,2883718,0.2109,buy,53001,45.14621,13643,490924,-2.83
2007-12-04,13657934,120,True,monthly,4066072,0.2977,buy,39110,82.673016,60683,832731,4084282,0.299,buy,93816,35.141456,22434,787451,2773760,0.2031,buy,34934,45.807025,277029,1173537,2733700,0.2002,buy,50249,45.14621,38921,465148,-2.92
2007-12-05,13739841,120,False,,4134135,0.3009,buy,39110,82.673016,60683,900793,4157632,0.3026,buy,93816,35.141456,22434,860801,2746860,0.1999,buy,34934,45.807025,277029,1146638,2701093,0.1966,buy,50249,45.14621,38921,432541,-2.34
2007-12-06,13860857,120,False,,4193312,0.3025,buy,39110,82.673016,60683,959970,4217281,0.3043,buy,93816,35.141456,22434,920450,2772712,0.2,buy,34934,45.807025,277029,1172489,2677432,0.1932,buy,50249,45.14621,38921,408880,-1.48
2007-12-07,13803920,120,False,,4192476,0.3037,buy,39110,82.673016,60683,959135,4218087,0.3056,buy,93816,35.141456,22434,921256,2745812,0.1989,buy,34934,45.807025,277029,1145590,2647424,0.1918,buy,50249,45.14621,38921,378872,-1.88
2007-12-10,13886386,120,False,,4224980,0.3043,buy,39110,82.673016,60683,991639,4235013,0.305,buy,93816,35.141456,22434,938183,2794720,0.2013,buy,34934,45.807025,277029,1194497,2631552,0.1895,buy,50249,45.14621,38921,363000,-1.3
2007-12-11,13683326,120,False,,4109133,0.3003,buy,39110,82.673016,60683,875791,4136674,0.3023,buy,93816,35.141456,22434,839843,2754196,0.2013,buy,34934,45.807025,277029,1153974,2683203,0.1961,buy,50249,45.14621,38921,414651,-2.74
2007-12-12,13790906,120,False,,4149694,0.3009,buy,39110,82.673016,60683,916353,4173753,0.3026,buy,93816,35.141456,22434,876922,2811838,0.2039,buy,34934,45.807025,277029,1211615,2655501,0.1926,buy,50249,45.14621,38921,386949,-1.98
2007-12-13,13661353,120,False,,4141081,0.3031,buy,39110,82.673016,60683,907739,4151185,0.3039,buy,93816,35.141456,22434,854354,2742319,0.2007,buy,34934,45.807025,277029,1142096,2626648,0.1923,buy,50249,45.14621,38921,358096,-2.9
2007-12-14,13554705,120,False,,4088575,0.3016,buy,39110,82.673016,60683,855234,4108462,0.3031,buy,93816,35.141456,22434,811631,2743018,0.2024,buy,34934,45.807025,277029,1142795,2614530,0.1929,buy,50249,45.14621,38921,345978,-3.65
2007-12-17,13406161,120,False,,4030235,0.3006,buy,39110,82.673016,60683,796893,4008512,0.299,buy,93816,35.141456,22434,711681,2729393,0.2036,buy,34934,45.807025,277029,1129171,2637900,0.1968,buy,50249,45.14621,38921,369348,-4.71
2007-12-18,13497709,120,False,,4052736,0.3003,buy,39110,82.673016,60683,819395,4021408,0.2979,buy,93816,35.141456,22434,724577,2768520,0.2051,buy,34934,45.807025,277029,1168297,2654924,0.1967,buy,50249,45.14621,38921,386372,-4.06
2007-12-19,13531759,120,False,,4052736,0.2995,buy,39110,82.673016,60683,819395,4020604,0.2971,buy,93816,35.141456,22434,723773,2768170,0.2046,buy,34934,45.807025,277029,1167947,2690128,0.1988,buy,50249,45.14621,38921,421576,-3.82
2007-12-20,13613850,120,False,,4078295,0.2996,buy,39110,82.673016,60683,844953,4102820,0.3014,buy,93816,35.141456,22434,805989,2748258,0.2019,buy,34934,45.807025,277029,1148035,2684357,0.1972,buy,50249,45.14621,38921,415805,-3.23
2007-12-21,13764283,120,False,,4137087,0.3006,buy,39110,82.673016,60683,903745,4183750,0.304,buy,93816,35.141456,22434,886919,2798213,0.2033,buy,34934,45.807025,277029,1197991,2645112,0.1922,buy,50249,45.14621,38921,376560,-2.16
2007-12-24,13815464,120,False,,4167806,0.3017,buy,39110,82.673016,60683,934464,4215222,0.3051,buy,93816,35.141456,22434,918391,2799611,0.2026,buy,34934,45.807025,277029,1199388,2632705,0.1906,buy,50249,45.14621,38921,364153,-1.8
2007-12-26,13870510,120,False,,4176745,0.3011,buy,39110,82.673016,60683,943403,4236201,0.3054,buy,93816,35.141456,22434,939370,2847820,0.2053,buy,34934,45.807025,277029,1247597,2609624,0.1881,buy,50249,45.14621,38921,341072,-1.41
2007-12-27,13797015,120,False,,4124239,0.2989,buy,39110,82.673016,60683,890897,4185366,0.3034,buy,93816,35.141456,22434,888535,2849217,0.2065,buy,34934,45.807025,277029,1248994,2638073,0.1912,buy,50249,45.14621,38921,369521,-1.93
2007-12-28,13874089,120,False,,4113906,0.2965,buy,39110,82.673016,60683,880564,4181330,0.3014,buy,93816,35.141456,22434,884499,2899522,0.209,buy,34934,45.807025,277029,1299299,2679211,0.1931,buy,50249,45.14621,38921,410659,-1.38
2007-12-31,13792593,120,False,,4083462,0.2961,buy,39110,82.673016,60683,850120,4132918,0.2996,buy,93816,35.141456,22434,836087,2880658,0.2089,buy,34934,45.807025,277029,1280435,2695435,0.1954,buy,50249,45.14621,38921,426883,-1.96
2008-01-02,13814145,120,False,,4047714,0.293,buy,39110,82.673016,60683,814372,4067558,0.2944,buy,93816,35.141456,22434,770727,2964499,0.2146,buy,34934,45.807025,277029,1364277,2734253,0.1979,buy,50249,45.14621,38921,465701,-1.81
2008-01-03,13850176,120,False,,4045760,0.2921,buy,39110,82.673016,60683,812418,4084505,0.2949,buy,93816,35.141456,22434,787674,2989302,0.2158,buy,34934,45.807025,277029,1389080,2730489,0.1971,buy,50249,45.14621,38921,461938,-1.55
2008-01-04,13557105,120,False,,3946612,0.2911,buy,39110,82.673016,60683,713270,3905374,0.2881,buy,93816,35.141456,22434,608544,2973931,0.2194,buy,34934,45.807025,277029,1373709,2731067,0.2014,buy,50249,45.14621,38921,462515,-3.64
2008-01-07,13534496,120,False,,3943260,0.2913,buy,39110,82.673016,60683,709918,3886814,0.2872,buy,93816,35.141456,22434,589984,2961355,0.2188,buy,34934,45.807025,277029,1361132,2742946,0.2027,buy,50249,45.14621,38921,474394,-3.8
2008-01-08,13436987,120,False,,3879583,0.2887,buy,39110,82.673016,60683,646241,3785952,0.2818,buy,93816,35.141456,22434,489121,3031572,0.2256,buy,34934,45.807025,277029,1431350,2739759,0.2039,buy,50249,45.14621,38921,471207,-4.49
2008-01-09,13555633,120,False,,3920358,0.2892,buy,39110,82.673016,60683,687017,3866642,0.2852,buy,93816,35.141456,22434,569811,3023538,0.223,buy,34934,45.807025,277029,1423315,2744974,0.2025,buy,50249,45.14621,38921,476422,-3.65
2008-01-10,13609280,120,False,,3946052,0.29,buy,39110,82.673016,60683,712711,3872290,0.2845,buy,93816,35.141456,22434,575459,3082926,0.2265,buy,34934,45.807025,277029,1482703,2707892,0.199,buy,50249,45.14621,38921,439340,-3.27
2008-01-11,13534270,120,False,,3914213,0.2892,buy,39110,82.673016,60683,680872,3796442,0.2805,buy,93816,35.141456,22434,499611,3094454,0.2286,buy,34934,45.807025,277029,1494231,2729040,0.2016,buy,50249,45.14621,38921,460488,-3.8
2008-01-14,13675669,120,False,,3945773,0.2885,buy,39110,82.673016,60683,712432,3862606,0.2824,buy,93816,35.141456,22434,565776,3127990,0.2287,buy,34934,45.807025,277029,1527768,2739179,0.2003,buy,50249,45.14621,38921,470627,-2.79
2008-01-15,13458865,120,False,,3858916,0.2867,sell,39110,82.673016,60683,625574,3756098,0.2791,buy,93816,35.141456,22434,459267,3073843,0.2284,buy,34934,45.807025,277029,1473620,2769889,0.2058,buy,50249,45.14621,38921,501337,-4.34
2008-01-16,13319334,3824904,False,,0,0.0,sell,0,0.0,652125,0,3715753,0.279,sell,93816,35.141456,22434,418922,3028778,0.2274,buy,34934,45.807025,277029,1428555,2749899,0.2065,buy,50249,45.14621,38921,481347,-5.33
2008-01-17,13352119,7544794,False,,0,0.0,sell,0,0.0,652125,0,0,0.0,sell,0,0.0,445493,0,3021791,0.2263,buy,34934,45.807025,277029,1421568,2785534,0.2086,buy,50249,45.14621,38921,516982,-5.09
2008-01-18,13365137,7544794,False,,0,0.0,sell,0,0.0,652125,0,0,0.0,sell,0,0.0,445493,0,3053930,0.2285,buy,34934,45.807025,277029,1453708,2766413,0.207,buy,50249,45.14621,38921,497861,-5.0
2008-01-22,13420885,7544794,False,,0,0.0,sell,0,0.0,652125,0,0,0.0,sell,0,0.0,445493,0,3080131,0.2295,buy,34934,45.807025,277029,1479908,2795961,0.2083,buy,50249,45.14621,38921,527409,-4.61
2008-01-23,13404732,7544794,False,,0,0.0,sell,0,0.0,652125,0,0,0.0,sell,0,0.0,445493,0,3070349,0.229,buy,34934,45.807025,277029,1470127,2789589,0.2081,buy,50249,45.14621,38921,521037,-4.72
2008-01-24,13425325,7544794,False,,0,0.0,sell,0,0.0,652125,0,0,0.0,sell,0,0.0,445493,0,3146855,0.2344,buy,34934,45.807025,277029,1546632,2733676,0.2036,buy,50249,45.14621,38921,465124,-4.57
2008-01-25,13479073,7544794,False,,0,0.0,sell,0,0.0,652125,0,0,0.0,sell,0,0.0,445493,0,3154540,0.234,buy,34934,45.807025,277029,1554318,2779738,0.2062,buy,50249,45.14621,38921,511187,-4.19
2008-01-28,13519299,7544794,False,,0,0.0,sell,0,0.0,652125,0,0,0.0,sell,0,0.0,445493,0,3205194,0.2371,buy,34934,45.807025,277029,1604972,2769311,0.2048,buy,50249,45.14621,38921,500759,-3.91
2008-01-29,13479508,7544794,False,,0,0.0,sell,0,0.0,652125,0,0,0.0,sell,0,0.0,445493,0,3184234,0.2362,buy,34934,45.807025,277029,1584012,2750480,0.204,buy,50249,45.14621,38921,481928,-4.19
2008-01-30,13493334,7544794,False,,0,0.0,sell,0,0.0,652125,0,0,0.0,sell,0,0.0,445493,0,3216024,0.2383,buy,34934,45.807025,277029,1615801,2732517,0.2025,buy,50249,45.14621,38921,463965,-4.09
2008-01-31,13489689,7544794,False,,0,0.0,sell,0,0.0,652125,0,0,0.0,sell,0,0.0,445493,0,3192968,0.2367,buy,34934,45.807025,277029,1592745,2751927,0.204,buy,50249,45.14621,38921,483375,-4.12
2008-02-01,13434616,7544794,False,,0,0.0,sell,0,0.0,652125,0,0,0.0,sell,0,0.0,445493,0,3121353,0.2323,buy,34934,45.807025,277029,1521130,2768469,0.2061,buy,50249,45.14621,38921,499917,-4.51
2008-02-04,13393056,8060726,True,monthly,0,0.0,sell,0,0.0,652125,0,0,0.0,sell,0,0.0,445493,0,2673980,0.1997,buy,30011,45.807025,485949,1299265,2658350,0.1985,buy,48752,45.14621,52841,457382,-4.8
2008-02-05,13370750,8060726,False,,0,0.0,sell,0,0.0,652125,0,0,0.0,sell,0,0.0,445493,0,2631364,0.1968,buy,30011,45.807025,485949,1256650,2678659,0.2003,buy,48752,45.14621,52841,477691,-4.96
2008-02-06,13400682,8060726,False,,0,0.0,sell,0,0.0,652125,0,0,0.0,sell,0,0.0,445493,0,2669478,0.1992,buy,30011,45.807025,485949,1294764,2670478,0.1993,buy,48752,45.14621,52841,469510,-4.75
2008-02-07,13370154,8060726,False,,0,0.0,sell,0,0.0,652125,0,0,0.0,sell,0,0.0,445493,0,2696488,0.2017,buy,30011,45.807025,485949,1321774,2612940,0.1954,buy,48752,45.14621,52841,411972,-4.97
2008-02-08,13434564,8060726,False,,0,0.0,sell,0,0.0,652125,0,0,0.0,sell,0,0.0,445493,0,2731001,0.2033,buy,30011,45.807025,485949,1356286,2642837,0.1967,buy,48752,45.14621,52841,441869,-4.51
2008-02-11,13455467,8060726,False,,0,0.0,sell,0,0.0,652125,0,0,0.0,sell,0,0.0,445493,0,2740905,0.2037,buy,30011,45.807025,485949,1366190,2653836,0.1972,buy,48752,45.14621,52841,452868,-4.36
2008-02-12,13379652,8060726,False,,0,0.0,sell,0,0.0,652125,0,0,0.0,sell,0,0.0,445493,0,2680883,0.2004,buy,30011,45.807025,485949,1306168,2638043,0.1972,buy,48752,45.14621,52841,437075,-4.9
2008-02-13,13355029,8060726,False,,0,0.0,sell,0,0.0,652125,0,0,0.0,sell,0,0.0,445493,0,2684184,0.201,buy,30011,45.807025,485949,1309469,2610119,0.1954,buy,48752,45.14621,52841,409151,-5.07
2008-02-14,13324772,8060726,False,,0,0.0,sell,0,0.0,652125,0,0,0.0,sell,0,0.0,445493,0,2692287,0.2021,buy,30011,45.807025,485949,1317572,2571759,0.193,buy,48752,45.14621,52841,370791,-5.29
2008-02-15,13327711,8060726,False,,0,0.0,sell,0,0.0,652125,0,0,0.0,sell,0,0.0,445493,0,2675481,0.2007,buy,30011,45.807025,485949,1300766,2591504,0.1944,buy,48752,45.14621,52841,390536,-5.27
2008-02-19,13374407,8060726,False,,0,0.0,sell,0,0.0,652125,0,0,0.0,sell,0,0.0,445493,0,2748407,0.2055,buy,30011,45.807025,485949,1373693,2565274,0.1918,buy,48752,45.14621,52841,364306,-4.94
2008-02-20,13441994,8060726,False,,0,0.0,sell,0,0.0,652125,0,0,0.0,sell,0,0.0,445493,0,2798226,0.2082,buy,30011,45.807025,485949,1423511,2583042,0.1922,buy,48752,45.14621,52841,382074,-4.46
2008-02-21,13469651,8060726,False,,0,0.0,sell,0,0.0,652125,0,0,0.0,sell,0,0.0,445493,0,2798526,0.2078,buy,30011,45.807025,485949,1423811,2610399,0.1938,buy,48752,45.14621,52841,409431,-4.26
2008-02-22,13458906,8060726,False,,0,0.0,sell,0,0.0,652125,0,0,0.0,sell,0,0.0,445493,0,2802727,0.2082,buy,30011,45.807025,485949,1428013,2595453,0.1928,buy,48752,45.14621,52841,394485,-4.34
2008-02-25,13412888,8060726,False,,0,0.0,sell,0,0.0,652125,0,0,0.0,sell,0,0.0,445493,0,2783220,0.2075,buy,30011,45.807025,485949,1408505,2568942,0.1915,buy,48752,45.14621,52841,367974,-4.66
2008-02-26,13442842,8060726,False,,0,0.0,sell,0,0.0,652125,0,0,0.0,sell,0,0.0,445493,0,2812331,0.2092,buy,30011,45.807025,485949,1437616,2569786,0.1912,buy,48752,45.14621,52841,368818,-4.45
2008-02-27,13477209,8060726,False,,0,0.0,sell,0,0.0,652125,0,0,0.0,sell,0,0.0,445493,0,2844443,0.2111,buy,30011,45.807025,485949,1469728,2572041,0.1908,buy,48752,45.14621,52841,371073,-4.21
2008-02-28,13559214,8060726,False,,0,0.0,sell,0,0.0,652125,0,0,0.0,sell,0,0.0,445493,0,2880756,0.2125,buy,30011,45.807025,485949,1506041,2617732,0.1931,buy,48752,45.14621,52841,416764,-3.62
2008-02-29,13604970,8060726,False,,0,0.0,sell,0,0.0,652125,0,0,0.0,sell,0,0.0,445493,0,2886458,0.2122,buy,30011,45.807025,485949,1511743,2657786,0.1954,buy,48752,45.14621,52841,456818,-3.3
2008-03-03,13629930,8060726,False,,0,0.0,sell,0,0.0,652125,0,0,0.0,sell,0,0.0,445493,0,2918270,0.2141,buy,30011,45.807025,485949,1543555,2650934,0.1945,buy,48752,45.14621,52841,449966,-3.12
2008-03-04,13542346,8060726,False,,0,0.0,sell,0,0.0,652125,0,0,0.0,sell,0,0.0,445493,0,2856447,0.2109,buy,30011,45.807025,485949,1481732,2625174,0.1938,buy,48752,45.14621,52841,424206,-3.74
2008-03-05,13587151,8060726,False,,0,0.0,sell,0,0.0,652125,0,0,0.0,sell,0,0.0,445493,0,2932675,0.2158,buy,30011,45.807025,485949,1557960,2593750,0.1909,buy,48752,45.14621,52841,392782,-3.42
2008-03-06,13564409,8060726,False,,0,0.0,sell,0,0.0,652125,0,0,0.0,sell,0,0.0,445493,0,2896062,0.2135,buy,30011,45.807025,485949,1521347,2607622,0.1922,buy,48752,45.14621,52841,406654,-3.59
2008-03-07,13555501,8060726,False,,0,0.0,sell,0,0.0,652125,0,0,0.0,sell,0,0.0,445493,0,2883757,0.2127,buy,30011,45.807025,485949,1509042,2611018,0.1926,buy,48752,45.14621,52841,410050,-3.65
2008-03-10,13587399,8060726,False,,0,0.0,sell,0,0.0,652125,0,0,0.0,sell,0,0.0,445493,0,2877155,0.2118,buy,30011,45.807025,485949,1502440,2649518,0.195,buy,48752,45.14621,52841,448550,-3.42
2008-03-11,13568354,8060726,False,,0,0.0,sell,0,0.0,652125,0,0,0.0,sell,0,0.0,445493,0,2880756,0.2123,buy,30011,45.807025,485949,1506041,2626872,0.1936,buy,48752,45.14621,52841,425904,-3.56
2008-03-12,13649638,8060726,False,,0,0.0,sell,0,0.0,652125,0,0,0.0,sell,0,0.0,445493,0,2911367,0.2133,buy,30011,45.807025,485949,1536653,2677545,0.1962,buy,48752,45.14621,52841,476577,-2.98
2008-03-13,13668603,8060726,False,,0,0.0,sell,0,0.0,652125,0,0,0.0,sell,0,0.0,445493,0,2951282,0.2159,buy,30011,45.807025,485949,1576567,2656596,0.1944,buy,48752,45.14621,52841,455628,-2.84
2008-03-14,13712548,8060726,False,,0,0.0,sell,0,0.0,652125,0,0,0.0,sell,0,0.0,445493,0,2962386,0.216,buy,30011,45.807025,485949,1587671,2689436,0.1961,buy,48752,45.14621,52841,488468,-2.53
2008-03-17,13747021,8060726,False,,0,0.0,sell,0,0.0,652125,0,0,0.0,sell,0,0.0,445493,0,2976191,0.2165,buy,30011,45.807025,485949,1601476,2710104,0.1971,buy,48752,45.14621,52841,509136,-2.29
2008-03-18,13656415,8060726,False,,0,0.0,sell,0,0.0,652125,0,0,0.0,sell,0,0.0,445493,0,2896062,0.2121,buy,30011,45.807025,485949,1521347,2699627,0.1977,buy,48752,45.14621,52841,498659,-2.93
2008-03-19,13597306,8060726,False,,0,0.0,sell,0,0.0,652125,0,0,0.0,sell,0,0.0,445493,0,2792223,0.2054,buy,30011,45.807025,485949,1417509,2744357,0.2018,buy,48752,45.14621,52841,543389,-3.35
2008-03-20,13510167,8060726,False,,0,0.0,sell,0,0.0,652125,0,0,0.0,sell,0,0.0,445493,0,2698289,0.1997,buy,30011,45.807025,485949,1323574,2751151,0.2036,buy,48752,45.14621,52841,550183,-3.97
2008-03-24,13462645,8060726,False,,0,0.0,sell,0,0.0,652125,0,0,0.0,sell,0,0.0,445493,0,2703991,0.2009,buy,30011,45.807025,485949,1329276,2697928,0.2004,buy,48752,45.14621,52841,496960,-4.31
2008-03-25,13552899,8060726,False,,0,0.0,sell,0,0.0,652125,0,0,0.0,sell,0,0.0,445493,0,2782920,0.2053,buy,30011,45.807025,485949,1408205,2709253,0.1999,buy,48752,45.14621,52841,508285,-3.67
2008-03-26,13573686,8060726,False,,0,0.0,sell,0,0.0,652125,0,0,0.0,sell,0,0.0,445493,0,2815032,0.2074,buy,30011,45.807025,485949,1440317,2697928,0.1988,buy,48752,45.14621,52841,496960,-3.52
2008-03-27,13544516,8060726,False,,0,0.0,sell,0,0.0,652125,0,0,0.0,sell,0,0.0,445493,0,2804828,0.2071,buy,30011,45.807025,485949,1430113,2678962,0.1978,buy,48752,45.14621,52841,477994,-3.73
2008-03-28,13523144,8060726,False,,0,0.0,sell,0,0.0,652125,0,0,0.0,sell,0,0.0,445493,0,2757411,0.2039,buy,30011,45.807025,485949,1382696,2705008,0.2,buy,48752,45.14621,52841,504040,-3.88
2008-03-31,13488652,8060726,False,,0,0.0,sell,0,0.0,652125,0,0,0.0,sell,0,0.0,445493,0,2713295,0.2012,buy,30011,45.807025,485949,1338580,2714631,0.2013,buy,48752,45.14621,52841,513663,-4.12
2008-04-01,13337934,8060726,False,,0,0.0,sell,0,0.0,652125,0,0,0.0,sell,0,0.0,445493,0,2606755,0.1954,buy,30011,45.807025,485949,1232041,2670452,0.2002,buy,48752,45.14621,52841,469484,-5.2
2008-04-02,13415945,8060726,False,,0,0.0,sell,0,0.0,652125,0,0,0.0,sell,0,0.0,445493,0,2679082,0.1997,buy,30011,45.807025,485949,1304367,2676137,0.1995,buy,48752,45.14621,52841,475169,-4.64
2008-04-03,13426417,8060726,False,,0,0.0,sell,0,0.0,652125,0,0,0.0,sell,0,0.0,445493,0,2683584,0.1999,buy,30011,45.807025,485949,1308869,2682108,0.1998,buy,48752,45.14621,52841,481140,-4.57
2008-04-04,13475777,8060726,False,,0,0.0,sell,0,0.0,652125,0,0,0.0,sell,0,0.0,445493,0,2708493,0.201,buy,30011,45.807025,485949,1333778,2706558,0.2008,buy,48752,45.14621,52841,505590,-4.22
2008-04-07,13489171,8060726,False,,0,0.0,sell,0,0.0,652125,0,0,0.0,sell,0,0.0,445493,0,2736103,0.2028,buy,30011,45.807025,485949,1361388,2692343,0.1996,buy,48752,45.14621,52841,491375,-4.12
2008-04-08,13455181,8060726,False,,0,0.0,sell,0,0.0,652125,0,0,0.0,sell,0,0.0,445493,0,2711494,0.2015,buy,30011,45.807025,485949,1336779,2682961,0.1994,buy,48752,45.14621,52841,481993,-4.36
2008-04-09,13541262,8060726,False,,0,0.0,sell,0,0.0,652125,0,0,0.0,sell,0,0.0,445493,0,2769715,0.2045,buy,30011,45.807025,485949,1395001,2710821,0.2002,buy,48752,45.14621,52841,509853,-3.75
2008-04-10,13516559,8060726,False,,0,0.0,sell,0,0.0,652125,0,0,0.0,sell,0,0.0,445493,0,2754109,0.2038,buy,30011,45.807025,485949,1379395,2701723,0.1999,buy,48752,45.14621,52841,500755,-3.93
2008-04-11,13520650,8060726,False,,0,0.0,sell,0,0.0,652125,0,0,0.0,sell,0,0.0,445493,0,2740004,0.2027,buy,30011,45.807025,485949,1365290,2719920,0.2012,buy,48752,45.14621,52841,518952,-3.9
2008-04-14,13499029,8060726,False,,0,0.0,sell,0,0.0,652125,0,0,0.0,sell,0,0.0,445493,0,2734302,0.2026,buy,30011,45.807025,485949,1359588,2704001,0.2003,buy,48752,45.14621,52841,503033,-4.05
2008-04-15,13481987,8060726,False,,0,0.0,sell,0,0.0,652125,0,0,0.0,sell,0,0.0,445493,0,2750808,0.204,buy,30011,45.807025,485949,1376094,2670452,0.1981,buy,48752,45.14621,52841,469484,-4.17
2008-04-16,13504148,8060726,False,,0,0.0,sell,0,0.0,652125,0,0,0.0,sell,0,0.0,445493,0,2799126,0.2073,buy,30011,45.807025,485949,1424411,2644296,0.1958,buy,48752,45.14621,52841,443328,-4.01
2008-04-17,13478290,8060726,False,,0,0.0,sell,0,0.0,652125,0,0,0.0,sell,0,0.0,445493,0,2777818,0.2061,buy,30011,45.807025,485949,1403103,2639746,0.1959,buy,48752,45.14621,52841,438778,-4.2
2008-04-18,13417796,8060726,False,,0,0.0,sell,0,0.0,652125,0,0,0.0,sell,0,0.0,445493,0,2719597,0.2027,buy,30011,45.807025,485949,1344882,2637473,0.1966,buy,48752,45.14621,52841,436505,-4.63
2008-04-21,13417212,8060726,False,,0,0.0,sell,0,0.0,652125,0,0,0.0,sell,0,0.0,445493,0,2708493,0.2019,buy,30011,45.807025,485949,1333778,2647993,0.1974,buy,48752,45.14621,52841,447025,-4.63
2008-04-22,13426908,8060726,False,,0,0.0,sell,0,0.0,652125,0,0,0.0,sell,0,0.0,445493,0,2709093,0.2018,buy,30011,45.807025,485949,1334378,2657090,0.1979,buy,48752,45.14621,52841,456122,-4.56
2008-04-23,13386584,8060726,False,,0,0.0,sell,0,0.0,652125,0,0,0.0,sell,0,0.0,445493,0,2677581,0.2,buy,30011,45.807025,485949,1302867,2648277,0.1978,buy,48752,45.14621,52841,447309,-4.85
2008-04-24,13304103,8060726,False,,0,0.0,sell,0,0.0,652125,0,0,0.0,sell,0,0.0,445493,0,2617559,0.1967,buy,30011,45.807025,485949,1242845,2625817,0.1974,buy,48752,45.14621,52841,424849,-5.44
2008-04-25,13290250,8060726,False,,0,0.0,sell,0,0.0,652125,0,0,0.0,sell,0,0.0,445493,0,2619060,0.1971,buy,30011,45.807025,485949,1244345,2610464,0.1964,buy,48752,45.14621,52841,409496,-5.53
2008-04-28,13310815,8060726,False,,0,0.0,sell,0,0.0,652125,0,0,0.0,sell,0,0.0,445493,0,2631665,0.1977,buy,30011,45.807025,485949,1256950,2618424,0.1967,buy,48752,45.14621,52841,417456,-5.39
2008-04-29,13264344,8060726,False,,0,0.0,sell,0,0.0,652125,0,0,0.0,sell,0,0.0,445493,0,2575244,0.1941,buy,30011,45.807025,485949,1200529,2628374,0.1982,buy,48752,45.14621,52841,427406,-5.72
2008-04-30,13308317,8060726,False,,0,0.0,sell,0,0.0,652125,0,0,0.0,sell,0,0.0,445493,0,2600453,0.1954,buy,30011,45.807025,485949,1225739,2647138,0.1989,buy,48752,45.14621,52841,446170,-5.41
2008-05-01,13228659,8060726,False,,0,0.0,sell,0,0.0,652125,0,0,0.0,sell,0,0.0,445493,0,2520624,0.1905,buy,30011,45.807025,485949,1145909,2647309,0.2001,buy,48752,45.14621,52841,446341,-5.97
2008-05-02,13212983,8060726,False,,0,0.0,sell,0,0.0,652125,0,0,0.0,sell,0,0.0,445493,0,2538330,0.1921,buy,30011,45.807025,485949,1163616,2613926,0.1978,buy,48752,45.14621,52841,412958,-6.08
2008-05-05,13263701,8060726,False,,0,0.0,sell,0,0.0,652125,0,0,0.0,sell,0,0.0,445493,0,2589049,0.1952,buy,30011,45.807025,485949,1214334,2613926,0.1971,buy,48752,45.14621,52841,412958,-5.72
2008-05-06,13255674,8060726,False,,0,0.0,sell,0,0.0,652125,0,0,0.0,buy,0,0.0,445493,0,2599853,0.1961,buy,30011,45.807025,485949,1225138,2595095,0.1958,buy,48752,45.14621,52841,394127,-5.78
2008-05-07,13157952,3976742,True,daily,0,0.0,sell,0,0.0,652125,0,3891883,0.2958,buy,94119,42.251716,445493,-84806,2626864,0.1996,buy,30609,46.58692,485949,1200885,2662463,0.2023,buy,49804,45.317619,52841,405464,-6.47
2008-05-08,13254483,3976742,False,,0,0.0,sell,0,0.0,652125,0,3921049,0.2958,buy,94119,42.251716,445493,-55641,2670329,0.2015,buy,30609,46.58692,485949,1244350,2686364,0.2027,buy,49804,45.317619,52841,429366,-5.79
2008-05-09,13254509,3976742,False,,0,0.0,sell,0,0.0,652125,0,3905655,0.2947,buy,94119,42.251716,445493,-71034,2675839,0.2019,buy,30609,46.58692,485949,1249860,2696273,0.2034,buy,49804,45.317619,52841,439275,-5.79
2008-05-12,13308559,3976742,False,,0,0.0,sell,0,0.0,652125,0,3976947,0.2988,buy,94119,42.251716,445493,258,2662677,0.2001,buy,30609,46.58692,485949,1236698,2692193,0.2023,buy,49804,45.317619,52841,435195,-5.4
2008-05-13,13240676,3976742,False,,0,0.0,sell,0,0.0,652125,0,3987479,0.3012,buy,94119,42.251716,445493,10789,2613702,0.1974,buy,30609,46.58692,485949,1187723,2662754,0.2011,buy,49804,45.317619,52841,405755,-5.89
2008-05-14,13227113,3976742,False,,0,0.0,sell,0,0.0,652125,0,3978568,0.3008,buy,94119,42.251716,445493,1879,2607887,0.1972,buy,30609,46.58692,485949,1181908,2663917,0.2014,buy,49804,45.317619,52841,406919,-5.98
2008-05-15,13376075,3976742,False,,0,0.0,sell,0,0.0,652125,0,4048240,0.3026,buy,94119,42.251716,445493,71550,2662983,0.1991,buy,30609,46.58692,485949,1237004,2688111,0.201,buy,49804,45.317619,52841,431112,-4.92
2008-05-16,13432520,3976742,False,,0,0.0,sell,0,0.0,652125,0,4051480,0.3016,buy,94119,42.251716,445493,74791,2727262,0.203,buy,30609,46.58692,485949,1301283,2677037,0.1993,buy,49804,45.317619,52841,420038,-4.52
2008-05-19,13415727,3976742,False,,0,0.0,sell,0,0.0,652125,0,4022315,0.2998,buy,94119,42.251716,445493,45626,2736138,0.204,buy,30609,46.58692,485949,1310159,2680533,0.1998,buy,49804,45.317619,52841,423534,-4.64
2008-05-20,13445156,3976742,False,,0,0.0,sell,0,0.0,652125,0,3991530,0.2969,buy,94119,42.251716,445493,14841,2782358,0.2069,buy,30609,46.58692,485949,1356379,2694526,0.2004,buy,49804,45.317619,52841,437527,-4.43
2008-05-21,13389878,3976742,False,,0,0.0,sell,0,0.0,652125,0,3903225,0.2915,buy,94119,42.251716,445493,-73464,2814804,0.2102,buy,30609,46.58692,485949,1388825,2695107,0.2013,buy,49804,45.317619,52841,438109,-4.83
2008-05-22,13341881,3976742,False,,0,0.0,sell,0,0.0,652125,0,3916997,0.2936,buy,94119,42.251716,445493,-59692,2784807,0.2087,buy,30609,46.58692,485949,1358828,2663335,0.1996,buy,49804,45.317619,52841,406337,-5.17
2008-05-23,13349040,3976742,False,,0,0.0,sell,0,0.0,652125,0,3904845,0.2925,buy,94119,42.251716,445493,-71844,2792459,0.2092,buy,30609,46.58692,485949,1366480,2674994,0.2004,buy,49804,45.317619,52841,417995,-5.12
2008-05-27,13342590,3976742,False,,0,0.0,sell,0,0.0,652125,0,3973707,0.2978,buy,94119,42.251716,445493,-2982,2735220,0.205,buy,30609,46.58692,485949,1309241,2656921,0.1991,buy,49804,45.317619,52841,399922,-5.16
2008-05-28,13328449,3976742,False,,0,0.0,sell,0,0.0,652125,0,3989909,0.2994,buy,94119,42.251716,445493,13220,2728486,0.2047,buy,30609,46.58692,485949,1302507,2633312,0.1976,buy,49804,45.317619,52841,376314,-5.26
2008-05-29,13264648,3976742,False,,0,0.0,sell,0,0.0,652125,0,4025555,0.3035,buy,94119,42.251716,445493,48866,2647985,0.1996,buy,30609,46.58692,485949,1222006,2614366,0.1971,buy,49804,45.317619,52841,357367,-5.72
2008-05-30,13336542,3976742,False,,0,0.0,sell,0,0.0,652125,0,4051480,0.3038,buy,94119,42.251716,445493,74791,2676757,0.2007,buy,30609,46.58692,485949,1250778,2631563,0.1973,buy,49804,45.317619,52841,374564,-5.21
2008-06-02,13312886,3976742,False,,0,0.0,sell,0,0.0,652125,0,4002061,0.3006,buy,94119,42.251716,445493,25372,2692368,0.2022,buy,30609,46.58692,485949,1266389,2641716,0.1984,buy,49804,45.317619,52841,384717,-5.37
2008-06-03,13276970,3976742,False,,0,0.0,sell,0,0.0,652125,0,3980188,0.2998,buy,94119,42.251716,445493,3499,2659310,0.2003,buy,30609,46.58692,485949,1233331,2660731,0.2004,buy,49804,45.317619,52841,403732,-5.63
2008-06-04,13297270,3976742,False,,0,0.0,sell,0,0.0,652125,0,4031226,0.3032,buy,94119,42.251716,445493,54537,2652270,0.1995,buy,30609,46.58692,485949,1226291,2637033,0.1983,buy,49804,45.317619,52841,380034,-5.48
2008-06-05,13339352,3976742,False,,0,0.0,sell,0,0.0,652125,0,4095226,0.307,buy,94119,42.251716,445493,118536,2646148,0.1984,buy,30609,46.58692,485949,1220169,2621237,0.1965,buy,49804,45.317619,52841,364239,-5.19
2008-06-06,13330037,3976742,False,,0,0.0,sell,0,0.0,652125,0,3972086,0.298,buy,94119,42.251716,445493,-4603,2726037,0.2045,buy,30609,46.58692,485949,1300058,2655171,0.1992,buy,49804,45.317619,52841,398173,-5.25
2008-06-09,13276222,3976742,False,,0,0.0,sell,0,0.0,652125,0,3951023,0.2976,buy,94119,42.251716,445493,-25666,2693286,0.2029,buy,30609,46.58692,485949,1267307,2655171,0.2,buy,49804,45.317619,52841,398173,-5.63
2008-06-10,13165642,3976742,False,,0,0.0,sell,0,0.0,652125,0,3932390,0.2987,buy,94119,42.251716,445493,-44299,2618600,0.1989,buy,30609,46.58692,485949,1192621,2637910,0.2004,buy,49804,45.317619,52841,380911,-6.42
2008-06-11,13109707,3976742,False,,0,0.0,sell,0,0.0,652125,0,3837604,0.2927,buy,94119,42.251716,445493,-139085,2663595,0.2032,buy,30609,46.58692,485949,1237616,2631767,0.2007,buy,49804,45.317619,52841,374768,-6.82
2008-06-12,13043966,3976742,False,,0,0.0,sell,0,0.0,652125,0,3841655,0.2945,buy,94119,42.251716,445493,-135034,2620130,0.2009,buy,30609,46.58692,485949,1194151,2605439,0.1997,buy,49804,45.317619,52841,348441,-7.28
2008-06-13,13122410,3976742,False,,0,0.0,sell,0,0.0,652125,0,3918618,0.2986,buy,94119,42.251716,445493,-58071,2627171,0.2002,buy,30609,46.58692,485949,1201191,2599880,0.1981,buy,49804,45.317619,52841,342881,-6.73
2008-06-16,13193950,3976742,False,,0,0.0,sell,0,0.0,652125,0,3953453,0.2996,buy,94119,42.251716,445493,-23236,2663289,0.2019,buy,30609,46.58692,485949,1237310,2600466,0.1971,buy,49804,45.317619,52841,343468,-6.22
2008-06-17,13185499,3976742,False,,0,0.0,sell,0,0.0,652125,0,3932390,0.2982,buy,94119,42.251716,445493,-44299,2670635,0.2025,buy,30609,46.58692,485949,1244656,2605732,0.1976,buy,49804,45.317619,52841,348733,-6.28
2008-06-18,13196841,3976742,False,,0,0.0,sell,0,0.0,652125,0,3890264,0.2948,buy,94119,42.251716,445493,-86426,2702162,0.2048,buy,30609,46.58692,485949,1276183,2627673,0.1991,buy,49804,45.317619,52841,370674,-6.2
2008-06-19,13246379,3976742,False,,0,0.0,sell,0,0.0,652125,0,3951023,0.2983,buy,94119,42.251716,445493,-25666,2706448,0.2043,buy,30609,46.58692,485949,1280469,2612167,0.1972,buy,49804,45.317619,52841,355169,-5.85
2008-06-20,13171126,3976742,False,,0,0.0,sell,0,0.0,652125,0,3844335,0.2919,buy,94119,42.251716,445493,-132355,2722670,0.2067,buy,30609,46.58692,485949,1296691,2627380,0.1995,buy,49804,45.317619,52841,370381,-6.38
2008-06-23,13089759,3976742,False,,0,0.0,sell,0,0.0,652125,0,3814340,0.2914,buy,94119,42.251716,445493,-162350,2665738,0.2037,buy,30609,46.58692,485949,1239759,2632940,0.2011,buy,49804,45.317619,52841,375942,-6.96
2008-06-24,13099483,3976742,False,,0,0.0,sell,0,0.0,652125,0,3794882,0.2897,buy,94119,42.251716,445493,-181807,2677369,0.2044,buy,30609,46.58692,485949,1251390,2650489,0.2023,buy,49804,45.317619,52841,393491,-6.89
2008-06-25,13160738,3976742,False,,0,0.0,sell,0,0.0,652125,0,3856496,0.293,buy,94119,42.251716,445493,-120194,2675839,0.2033,buy,30609,46.58692,485949,1249860,2651662,0.2015,buy,49804,45.317619,52841,394663,-6.45
2008-06-26,13120571,3976742,False,,0,0.0,sell,0,0.0,652125,0,3700842,0.2821,buy,94119,42.251716,445493,-275848,2773482,0.2114,buy,30609,46.58692,485949,1347502,2669507,0.2035,buy,49804,45.317619,52841,412508,-6.74
2008-06-27,13178197,3976742,False,,0,0.0,sell,0,0.0,652125,0,3700842,0.2808,buy,94119,42.251716,445493,-275848,2799805,0.2125,buy,30609,46.58692,485949,1373826,2700809,0.2049,buy,49804,45.317619,52841,443810,-6.33
2008-06-30,13137729,3976742,False,,0,0.0,sell,0,0.0,652125,0,3661928,0.2787,buy,94119,42.251716,445493,-314761,2797663,0.2129,buy,30609,46.58692,485949,1371684,2701396,0.2056,buy,49804,45.317619,52841,444398,-6.62
2008-07-01,13221780,3976742,False,,0,0.0,sell,0,0.0,652125,0,3713813,0.2809,buy,94119,42.251716,445493,-262876,2836230,0.2145,buy,30609,46.58692,485949,1410251,2694995,0.2038,buy,49804,45.317619,52841,437997,-6.02
2008-07-02,13162305,3976742,False,,0,0.0,sell,0,0.0,652125,0,3624637,0.2754,sell,94119,42.251716,445493,-352053,2851840,0.2167,buy,30609,46.58692,485949,1425861,2709086,0.2058,buy,49804,45.317619,52841,452088,-6.44
2008-07-03,13133405,7612327,False,,0,0.0,sell,0,0.0,652125,0,0,0.0,sell,0,0.0,104389,0,2817864,0.2146,buy,30609,46.58692,485949,1391885,2703214,0.2058,buy,49804,45.317619,52841,446215,-6.65
2008-07-07,13120334,7612327,False,,0,0.0,sell,0,0.0,652125,0,0,0.0,sell,0,0.0,104389,0,2792459,0.2128,buy,30609,46.58692,485949,1366480,2715548,0.207,buy,49804,45.317619,52841,458549,-6.74
2008-07-08,13126624,7612327,False,,0,0.0,sell,0,0.0,652125,0,0,0.0,sell,0,0.0,104389,0,2781134,0.2119,buy,30609,46.58692,485949,1355155,2733163,0.2082,buy,49804,45.317619,52841,476164,-6.7
2008-07-09,13158248,7612327,False,,0,0.0,sell,0,0.0,652125,0,0,0.0,sell,0,0.0,104389,0,2800724,0.2128,buy,30609,46.58692,485949,1374744,2745198,0.2086,buy,49804,45.317619,52841,488199,-6.47
2008-07-10,13220094,7612327,False,,0,0.0,sell,0,0.0,652125,0,0,0.0,sell,0,0.0,104389,0,2862860,0.2166,buy,30609,46.58692,485949,1436881,2744907,0.2076,buy,49804,45.317619,52841,487909,-6.03
2008-07-11,13230937,7612327,False,,0,0.0,sell,0,0.0,652125,0,0,0.0,sell,0,0.0,104389,0,2912753,0.2201,buy,30609,46.58692,485949,1486774,2705857,0.2045,buy,49804,45.317619,52841,448859,-5.96
2008-07-14,13277676,7612327,False,,0,0.0,sell,0,0.0,652125,0,0,0.0,sell,0,0.0,104389,0,2935709,0.2211,buy,30609,46.58692,485949,1509730,2729640,0.2056,buy,49804,45.317619,52841,472641,-5.62
2008-07-15,13284751,7612327,False,,0,0.0,sell,0,0.0,652125,0,0,0.0,sell,0,0.0,104389,0,2943667,0.2216,buy,30609,46.58692,485949,1517688,2728757,0.2054,buy,49804,45.317619,52841,471758,-5.57
2008-07-16,13182472,7612327,False,,0,0.0,sell,0,0.0,652125,0,0,0.0,sell,0,0.0,104389,0,2890714,0.2193,buy,30609,46.58692,485949,1464735,2679431,0.2033,buy,49804,45.317619,52841,422433,-6.3
2008-07-17,13161939,7612327,False,,0,0.0,sell,0,0.0,652125,0,0,0.0,sell,0,0.0,104389,0,2883980,0.2191,buy,30609,46.58692,485949,1458001,2665632,0.2025,buy,49804,45.317619,52841,408634,-6.45
2008-07-18,13150428,7612327,False,,0,0.0,sell,0,0.0,652125,0,0,0.0,sell,0,0.0,104389,0,2882449,0.2192,buy,30609,46.58692,485949,1456470,2655652,0.2019,buy,49804,45.317619,52841,398653,-6.53
2008-07-21,13189782,7612327,False,,0,0.0,sell,0,0.0,652125,0,0,0.0,sell,0,0.0,104389,0,2911528,0.2207,buy,30609,46.58692,485949,1485549,2665927,0.2021,buy,49804,45.317619,52841,408928,-6.25
2008-07-22,13113514,7612327,False,,0,0.0,sell,0,0.0,652125,0,0,0.0,sell,0,0.0,104389,0,2848473,0.2172,buy,30609,46.58692,485949,1422494,2652714,0.2023,buy,49804,45.317619,52841,395715,-6.79
2008-07-23,13032010,7612327,False,,0,0.0,sell,0,0.0,652125,0,0,0.0,sell,0,0.0,104389,0,2772257,0.2127,buy,30609,46.58692,485949,1346278,2647427,0.2031,buy,49804,45.317619,52841,390428,-7.37
2008-07-24,13081114,7612327,False,,0,0.0,sell,0,0.0,652125,0,0,0.0,sell,0,0.0,104389,0,2795520,0.2137,buy,30609,46.58692,485949,1369541,2673267,0.2044,buy,49804,45.317619,52841,416268,-7.02
2008-07-25,13065414,7612327,False,,0,0.0,sell,0,0.0,652125,0,0,0.0,sell,0,0.0,104389,0,2806539,0.2148,buy,30609,46.58692,485949,1380560,2646548,0.2026,buy,49804,45.317619,52841,389550,-7.13
2008-07-28,13093357,7612327,False,,0,0.0,sell,0,0.0,652125,0,0,0.0,sell,0,0.0,104389,0,2807764,0.2144,buy,30609,46.58692,485949,1381785,2673267,0.2042,buy,49804,45.317619,52841,416268,-6.93
2008-07-29,13047600,7612327,False,,0,0.0,sell,0,0.0,652125,0,0,0.0,sell,0,0.0,104389,0,2772869,0.2125,buy,30609,46.58692,485949,1346890,2662404,0.2041,buy,49804,45.317619,52841,405405,-7.26
2008-07-30,13017489,7612327,False,,0,0.0,sell,0,0.0,652125,0,0,0.0,sell,0,0.0,104389,0,2740118,0.2105,buy,30609,46.58692,485949,1314139,2665044,0.2047,buy,49804,45.317619,52841,408046,-7.47
2008-07-31,13061056,7612327,False,,0,0.0,sell,0,0.0,652125,0,0,0.0,sell,0,0.0,104389,0,2757259,0.2111,buy,30609,46.58692,485949,1331280,2691471,0.2061,buy,49804,45.317619,52841,434472,-7.16
2008-08-01,13051399,7612327,False,,0,0.0,sell,0,0.0,652125,0,0,0.0,sell,0,0.0,104389,0,2741648,0.2101,buy,30609,46.58692,485949,1315669,2697424,0.2067,buy,49804,45.317619,52841,440425,-7.23
2008-08-04,13001439,7612327,False,,0,0.0,sell,0,0.0,652125,0,0,0.0,sell,0,0.0,104389,0,2697877,0.2075,buy,30609,46.58692,485949,1271898,2691235,0.207,buy,49804,45.317619,52841,434236,-7.59
2008-08-05,12918346,7612327,False,,0,0.0,sell,0,0.0,652125,0,0,0.0,sell,0,0.0,104389,0,2634823,0.204,buy,30609,46.58692,485949,1208844,2671197,0.2068,buy,49804,45.317619,52841,414198,-8.18
2008-08-06,12924585,7612327,False,,0,0.0,sell,0,0.0,652125,0,0,0.0,sell,0,0.0,104389,0,2651964,0.2052,buy,30609,46.58692,485949,1225985,2660295,0.2058,buy,49804,45.317619,52841,403296,-8.13
2008-08-07,12951066,7612327,False,,0,0.0,sell,0,0.0,652125,0,0,0.0,sell,0,0.0,104389,0,2635129,0.2035,buy,30609,46.58692,485949,1209150,2703611,0.2088,buy,49804,45.317619,52841,446612,-7.94
2008-08-08,12907623,7612327,False,,0,0.0,sell,0,0.0,652125,0,0,0.0,sell,0,0.0,104389,0,2584318,0.2002,buy,30609,46.58692,485949,1158339,2710978,0.21,buy,49804,45.317619,52841,453980,-8.25
2008-08-11,12780681,7612327,False,,0,0.0,sell,0,0.0,652125,0,0,0.0,sell,0,0.0,104389,0,2483308,0.1943,buy,30609,46.58692,485949,1057329,2685047,0.2101,buy,49804,45.317619,52841,428048,-9.16
2008-08-12,12787060,7612327,False,,0,0.0,sell,0,0.0,652125,0,0,0.0,sell,0,0.0,104389,0,2464637,0.1927,buy,30609,46.58692,485949,1038658,2710096,0.2119,buy,49804,45.317619,52841,453098,-9.11
2008-08-13,12809461,7612327,False,,0,0.0,sell,0,0.0,652125,0,0,0.0,sell,0,0.0,104389,0,2496470,0.1949,buy,30609,46.58692,485949,1070491,2700665,0.2108,buy,49804,45.317619,52841,443666,-8.95
2008-08-14,12759202,7612327,False,,0,0.0,sell,0,0.0,652125,0,0,0.0,sell,0,0.0,104389,0,2428824,0.1904,buy,30609,46.58692,485949,1002845,2718051,0.213,buy,49804,45.317619,52841,461052,-9.31
2008-08-15,12730128,7612327,False,,0,0.0,sell,0,0.0,652125,0,0,0.0,sell,0,0.0,104389,0,2376177,0.1867,buy,30609,46.58692,485949,950198,2741625,0.2154,buy,49804,45.317619,52841,484626,-9.52
2008-08-18,12776843,7612327,False,,0,0.0,sell,0,0.0,652125,0,0,0.0,sell,0,0.0,104389,0,2411989,0.1888,buy,30609,46.58692,485949,986010,2752527,0.2154,buy,49804,45.317619,52841,495528,-9.18
2008-08-19,12816126,7612327,False,,0,0.0,sell,0,0.0,652125,0,0,0.0,sell,0,0.0,104389,0,2461882,0.1921,buy,30609,46.58692,485949,1035903,2741917,0.2139,buy,49804,45.317619,52841,484919,-8.9
2008-08-20,12812464,7612327,False,,0,0.0,sell,0,0.0,652125,0,0,0.0,sell,0,0.0,104389,0,2450556,0.1913,buy,30609,46.58692,485949,1024577,2749581,0.2146,buy,49804,45.317619,52841,492582,-8.93
2008-08-21,12876018,7612327,False,,0,0.0,sell,0,0.0,652125,0,0,0.0,sell,0,0.0,104389,0,2519121,0.1956,buy,30609,46.58692,485949,1093142,2744570,0.2132,buy,49804,45.317619,52841,487572,-8.48
2008-08-22,12836907,7612327,False,,0,0.0,sell,0,0.0,652125,0,0,0.0,sell,0,0.0,104389,0,2481778,0.1933,buy,30609,46.58692,485949,1055799,2742802,0.2137,buy,49804,45.317619,52841,485804,-8.76
2008-08-25,12859720,7612327,False,,0,0.0,sell,0,0.0,652125,0,0,0.0,sell,0,0.0,104389,0,2477186,0.1926,buy,30609,46.58692,485949,1051207,2770207,0.2154,buy,49804,45.317619,52841,513208,-8.59
2008-08-26,12871261,7612327,False,,0,0.0,sell,0,0.0,652125,0,0,0.0,sell,0,0.0,104389,0,2486369,0.1932,buy,30609,46.58692,485949,1060390,2772565,0.2154,buy,49804,45.317619,52841,515566,-8.51
2008-08-27,12879952,7612327,False,,0,0.0,sell,0,0.0,652125,0,0,0.0,sell,0,0.0,104389,0,2490348,0.1934,buy,30609,46.58692,485949,1064369,2777277,0.2156,buy,49804,45.317619,52841,520278,-8.45
2008-08-28,12905347,7612327,False,,0,0.0,sell,0,0.0,652125,0,0,0.0,sell,0,0.0,104389,0,2515448,0.1949,buy,30609,46.58692,485949,1089469,2777573,0.2152,buy,49804,45.317619,52841,520574,-8.27
2008-08-29,12878585,7612327,False,,0,0.0,sell,0,0.0,652125,0,0,0.0,sell,0,0.0,104389,0,2501061,0.1942,buy,30609,46.58692,485949,1075082,2765197,0.2147,buy,49804,45.317619,52841,508198,-8.46
2008-09-02,12827486,7612327,False,,0,0.0,sell,0,0.0,652125,0,0,0.0,sell,0,0.0,104389,0,2424233,0.189,buy,30609,46.58692,485949,998254,2790926,0.2176,buy,49804,45.317619,52841,533928,-8.82
2008-09-03,12829827,7612327,False,,0,0.0,sell,0,0.0,652125,0,0,0.0,sell,0,0.0,104389,0,2414744,0.1882,buy,30609,46.58692,485949,988765,2802756,0.2185,buy,49804,45.317619,52841,545757,-8.81
2008-09-04,12837000,7612327,False,,0,0.0,sell,0,0.0,652125,0,0,0.0,sell,0,0.0,104389,0,2399439,0.1869,buy,30609,46.58692,485949,973460,2825234,0.2201,buy,49804,45.317619,52841,568235,-8.76
2008-09-05,12853580,7612327,False,,0,0.0,sell,0,0.0,652125,0,0,0.0,sell,0,0.0,104389,0,2417499,0.1881,buy,30609,46.58692,485949,991520,2823754,0.2197,buy,49804,45.317619,52841,566756,-8.64
2008-09-08,12861738,7612327,False,,0,0.0,sell,0,0.0,652125,0,0,0.0,sell,0,0.0,104389,0,2413826,0.1877,buy,30609,46.58692,485949,987847,2835586,0.2205,buy,49804,45.317619,52841,578587,-8.58
2008-09-09,12817288,7612327,False,,0,0.0,sell,0,0.0,652125,0,0,0.0,sell,0,0.0,104389,0,2341282,0.1827,buy,30609,46.58692,485949,915303,2863679,0.2234,buy,49804,45.317619,52841,606680,-8.9
2008-09-10,12730063,7612327,False,,0,0.0,sell,0,0.0,652125,0,0,0.0,sell,0,0.0,104389,0,2271800,0.1785,buy,30609,46.58692,485949,845821,2845936,0.2236,buy,49804,45.317619,52841,588938,-9.52
2008-09-11,12693689,7612327,False,,0,0.0,sell,0,0.0,652125,0,0,0.0,sell,0,0.0,104389,0,2236906,0.1762,buy,30609,46.58692,485949,810927,2844456,0.2241,buy,49804,45.317619,52841,587458,-9.77
2008-09-12,12732622,7612327,False,,0,0.0,sell,0,0.0,652125,0,0,0.0,sell,0,0.0,104389,0,2312510,0.1816,buy,30609,46.58692,485949,886531,2807786,0.2205,buy,49804,45.317619,52841,550787,-9.5
2008-09-15,12885233,7612327,False,,0,0.0,sell,0,0.0,652125,0,0,0.0,sell,0,0.0,104389,0,2374034,0.1842,buy,30609,46.58692,485949,948055,2898872,0.225,buy,49804,45.317619,52841,641873,-8.41
2008-09-16,12861074,7612327,False,,0,0.0,sell,0,0.0,652125,0,0,0.0,sell,0,0.0,104389,0,2350465,0.1828,buy,30609,46.58692,485949,924486,2898282,0.2254,buy,49804,45.317619,52841,641283,-8.58
2008-09-17,13140944,7612327,False,,0,0.0,sell,0,0.0,652125,0,0,0.0,sell,0,0.0,104389,0,2615845,0.1991,buy,30609,46.58692,485949,1189866,2912772,0.2217,buy,49804,45.317619,52841,655773,-6.6
2008-09-18,13016938,7612327,False,,0,0.0,sell,0,0.0,652125,0,0,0.0,sell,0,0.0,104389,0,2534425,0.1947,buy,30609,46.58692,485949,1108446,2870186,0.2205,buy,49804,45.317619,52841,613187,-7.48
2008-09-19,13023188,7612327,False,,0,0.0,sell,0,0.0,652125,0,0,0.0,sell,0,0.0,104389,0,2631762,0.2021,buy,30609,46.58692,485949,1205783,2779100,0.2134,buy,49804,45.317619,52841,522101,-7.43
2008-09-22,13120839,7612327,False,,0,0.0,sell,0,0.0,652125,0,0,0.0,sell,0,0.0,104389,0,2729711,0.208,buy,30609,46.58692,485949,1303732,2778801,0.2118,buy,49804,45.317619,52841,521803,-6.74
2008-09-23,13083869,7612327,False,,0,0.0,sell,0,0.0,652125,0,0,0.0,sell,0,0.0,104389,0,2703387,0.2066,buy,30609,46.58692,485949,1277408,2768155,0.2116,buy,49804,45.317619,52841,511157,-7.0
2008-09-24,13046714,7612327,False,,0,0.0,sell,0,0.0,652125,0,0,0.0,sell,0,0.0,104389,0,2654106,0.2034,buy,30609,46.58692,485949,1228127,2780281,0.2131,buy,49804,45.317619,52841,523282,-7.27
2008-09-25,13033136,7612327,False,,0,0.0,sell,0,0.0,652125,0,0,0.0,sell,0,0.0,104389,0,2646148,0.203,buy,30609,46.58692,485949,1220169,2774661,0.2129,buy,49804,45.317619,52841,517662,-7.36
2008-09-26,13059062,7612327,False,,0,0.0,sell,0,0.0,652125,0,0,0.0,sell,0,0.0,104389,0,2651964,0.2031,buy,30609,46.58692,485949,1225985,2794772,0.214,buy,49804,45.317619,52841,537773,-7.18
2008-09-29,13230075,7612327,False,,0,0.0,sell,0,0.0,652125,0,0,0.0,sell,0,0.0,104389,0,2741648,0.2072,buy,30609,46.58692,485949,1315669,2876100,0.2174,buy,49804,45.317619,52841,619101,-5.96
2008-09-30,13022245,7612327,False,,0,0.0,sell,0,0.0,652125,0,0,0.0,sell,0,0.0,104389,0,2603908,0.2,buy,30609,46.58692,485949,1177929,2806010,0.2155,buy,49804,45.317619,52841,549012,-7.44
2008-10-01,13085093,7612327,False,,0,0.0,sell,0,0.0,652125,0,0,0.0,sell,0,0.0,104389,0,2631456,0.2011,buy,30609,46.58692,485949,1205477,2841310,0.2171,buy,49804,45.317619,52841,584311,-6.99
2008-10-02,12996518,7612327,False,,0,0.0,sell,0,0.0,652125,0,0,0.0,sell,0,0.0,104389,0,2520039,0.1939,buy,30609,46.58692,485949,1094060,2864153,0.2204,buy,49804,45.317619,52841,607154,-7.62
2008-10-03,13029692,7612327,False,,0,0.0,sell,0,0.0,652125,0,0,0.0,sell,0,0.0,104389,0,2527997,0.194,buy,30609,46.58692,485949,1102018,2889368,0.2218,buy,49804,45.317619,52841,632370,-7.39
2008-10-06,13133930,7612327,False,,0,0.0,sell,0,0.0,652125,0,0,0.0,sell,0,0.0,104389,0,2579726,0.1964,buy,30609,46.58692,485949,1153747,2941877,0.224,buy,49804,45.317619,52841,684878,-6.65
2008-10-07,13216549,7612327,False,,0,0.0,sell,0,0.0,652125,0,0,0.0,sell,0,0.0,104389,0,2671247,0.2021,buy,30609,46.58692,485949,1245268,2932975,0.2219,buy,49804,45.317619,52841,675976,-6.06
2008-10-08,13240235,7612327,False,,0,0.0,sell,0,0.0,652125,0,0,0.0,sell,0,0.0,104389,0,2737057,0.2067,buy,30609,46.58692,485949,1311078,2890851,0.2183,buy,49804,45.317619,52841,633852,-5.89
2008-10-09,13230601,7612327,False,,0,0.0,sell,0,0.0,652125,0,0,0.0,sell,0,0.0,104389,0,2751749,0.208,buy,30609,46.58692,485949,1325770,2866525,0.2167,buy,49804,45.317619,52841,609527,-5.96
2008-10-10,13005962,7612327,False,,0,0.0,sell,0,0.0,652125,0,0,0.0,sell,0,0.0,104389,0,2547281,0.1959,buy,30609,46.58692,485949,1121302,2846355,0.2188,buy,49804,45.317619,52841,589356,-7.55
2008-10-13,12931824,7612327,False,,0,0.0,sell,0,0.0,652125,0,0,0.0,sell,0,0.0,104389,0,2509632,0.1941,buy,30609,46.58692,485949,1083653,2809866,0.2173,buy,49804,45.317619,52841,552867,-8.08
2008-10-14,12920156,7612327,False,,0,0.0,sell,0,0.0,652125,0,0,0.0,sell,0,0.0,104389,0,2516060,0.1947,buy,30609,46.58692,485949,1090081,2791770,0.2161,buy,49804,45.317619,52841,534771,-8.16
2008-10-15,12980832,7612327,False,,0,0.0,sell,0,0.0,652125,0,0,0.0,sell,0,0.0,104389,0,2550036,0.1964,buy,30609,46.58692,485949,1124057,2818470,0.2171,buy,49804,45.317619,52841,561471,-7.73
2008-10-16,12843246,7612327,False,,0,0.0,sell,0,0.0,652125,0,0,0.0,sell,0,0.0,104389,0,2426988,0.189,buy,30609,46.58692,485949,1001009,2803931,0.2183,buy,49804,45.317619,52841,546933,-8.71
2008-10-17,12760298,7612327,False,,0,0.0,sell,0,0.0,652125,0,0,0.0,sell,0,0.0,104389,0,2363321,0.1852,buy,30609,46.58692,485949,937342,2784651,0.2182,buy,49804,45.317619,52841,527652,-9.3
2008-10-20,12822033,7612327,False,,0,0.0,sell,0,0.0,652125,0,0,0.0,sell,0,0.0,104389,0,2402806,0.1874,buy,30609,46.58692,485949,976827,2806900,0.2189,buy,49804,45.317619,52841,549901,-8.86
2008-10-21,12761260,7612327,False,,0,0.0,sell,0,0.0,652125,0,0,0.0,sell,0,0.0,104389,0,2327202,0.1824,buy,30609,46.58692,485949,901223,2821731,0.2211,buy,49804,45.317619,52841,564732,-9.29
2008-10-22,12686284,7612327,False,,0,0.0,sell,0,0.0,652125,0,0,0.0,sell,0,0.0,104389,0,2194971,0.173,buy,30609,46.58692,485949,768992,2878986,0.2269,buy,49804,45.317619,52841,621987,-9.83
2008-10-23,12675198,7612327,False,,0,0.0,sell,0,0.0,652125,0,0,0.0,sell,0,0.0,104389,0,2162526,0.1706,buy,30609,46.58692,485949,736547,2900345,0.2288,buy,49804,45.317619,52841,643346,-9.91
2008-10-24,12692095,7612327,False,,0,0.0,sell,0,0.0,652125,0,0,0.0,sell,0,0.0,104389,0,2210276,0.1741,buy,30609,46.58692,485949,784297,2869493,0.2261,buy,49804,45.317619,52841,612494,-9.79
2008-10-27,12693254,7612327,False,,0,0.0,sell,0,0.0,652125,0,0,0.0,sell,0,0.0,104389,0,2209358,0.1741,buy,30609,46.58692,485949,783379,2871570,0.2262,buy,49804,45.317619,52841,614571,-9.78
2008-10-28,12700707,7612327,False,,0,0.0,sell,0,0.0,652125,0,0,0.0,sell,0,0.0,104389,0,2258638,0.1778,buy,30609,46.58692,485949,832659,2829742,0.2228,buy,49804,45.317619,52841,572743,-9.72
2008-10-29,12692896,7612327,False,,0,0.0,sell,0,0.0,652125,0,0,0.0,sell,0,0.0,104389,0,2265066,0.1785,buy,30609,46.58692,485949,839087,2815503,0.2218,buy,49804,45.317619,52841,558505,-9.78
2008-10-30,12627897,7612327,False,,0,0.0,sell,0,0.0,652125,0,0,0.0,sell,0,0.0,104389,0,2225580,0.1762,buy,30609,46.58692,485949,799601,2789990,0.2209,buy,49804,45.317619,52841,532991,-10.24
2008-10-31,12549771,7612327,False,,0,0.0,sell,0,0.0,652125,0,0,0.0,sell,0,0.0,104389,0,2183646,0.174,buy,30609,46.58692,485949,757667,2753799,0.2194,buy,49804,45.317619,52841,496800,-10.8
2008-11-03,12549873,7612327,False,,0,0.0,sell,0,0.0,652125,0,0,0.0,sell,0,0.0,104389,0,2176300,0.1734,buy,30609,46.58692,485949,750321,2761246,0.22,buy,49804,45.317619,52841,504247,-10.8
2008-11-04,12740563,7529957,True,monthly,0,0.0,sell,0,0.0,652125,0,0,0.0,sell,0,0.0,104389,0,2653575,0.2083,buy,35156,50.050914,485949,893985,2557031,0.2007,buy,45271,45.317619,98658,505457,-9.44
2008-11-05,12676668,7529957,False,,0,0.0,sell,0,0.0,652125,0,0,0.0,sell,0,0.0,104389,0,2559357,0.2019,buy,35156,50.050914,485949,799767,2587354,0.2041,buy,45271,45.317619,98658,535781,-9.9
2008-11-06,12637598,7529957,False,,0,0.0,sell,0,0.0,652125,0,0,0.0,sell,0,0.0,104389,0,2538966,0.2009,buy,35156,50.050914,485949,779376,2568675,0.2033,buy,45271,45.317619,98658,517101,-10.17
2008-11-07,12630655,7529957,False,,0,0.0,sell,0,0.0,652125,0,0,0.0,sell,0,0.0,104389,0,2548810,0.2018,buy,35156,50.050914,485949,789220,2551888,0.202,buy,45271,45.317619,98658,500314,-10.22
2008-11-10,12681077,7529957,False,,0,0.0,sell,0,0.0,652125,0,0,0.0,sell,0,0.0,104389,0,2586779,0.204,buy,35156,50.050914,485949,827189,2564341,0.2022,buy,45271,45.317619,98658,512768,-9.86
2008-11-11,12634871,7529957,False,,0,0.0,sell,0,0.0,652125,0,0,0.0,sell,0,0.0,104389,0,2532990,0.2005,buy,35156,50.050914,485949,773400,2571924,0.2036,buy,45271,45.317619,98658,520350,-10.19
2008-11-12,12579316,7529957,False,,0,0.0,sell,0,0.0,652125,0,0,0.0,sell,0,0.0,104389,0,2460920,0.1956,buy,35156,50.050914,485949,701330,2588438,0.2058,buy,45271,45.317619,98658,536865,-10.59
2008-11-13,12592905,7529957,False,,0,0.0,sell,0,0.0,652125,0,0,0.0,sell,0,0.0,104389,0,2536505,0.2014,buy,35156,50.050914,485949,776916,2526442,0.2006,buy,45271,45.317619,98658,474868,-10.49
2008-11-14,12683417,7529957,False,,0,0.0,sell,0,0.0,652125,0,0,0.0,sell,0,0.0,104389,0,2576935,0.2032,buy,35156,50.050914,485949,817345,2576525,0.2031,buy,45271,45.317619,98658,524951,-9.85
2008-11-17,12671935,7529957,False,,0,0.0,sell,0,0.0,652125,0,0,0.0,sell,0,0.0,104389,0,2554083,0.2016,buy,35156,50.050914,485949,794494,2587895,0.2042,buy,45271,45.317619,98658,536321,-9.93
2008-11-18,12700315,7529957,False,,0,0.0,sell,0,0.0,652125,0,0,0.0,sell,0,0.0,104389,0,2549162,0.2007,buy,35156,50.050914,485949,789572,2621196,0.2064,buy,45271,45.317619,98658,569622,-9.73
2008-11-19,12758666,7529957,False,,0,0.0,sell,0,0.0,652125,0,0,0.0,sell,0,0.0,104389,0,2540373,0.1991,buy,35156,50.050914,485949,780783,2688336,0.2107,buy,45271,45.317619,98658,636762,-9.31
2008-11-20,12939384,7529957,False,,0,0.0,sell,0,0.0,652125,0,0,0.0,sell,0,0.0,104389,0,2582208,0.1996,buy,35156,50.050914,485949,822618,2827219,0.2185,buy,45271,45.317619,98658,775645,-8.03
2008-11-21,13088349,7529957,False,,0,0.0,sell,0,0.0,652125,0,0,0.0,sell,0,0.0,104389,0,2772051,0.2118,buy,35156,50.050914,485949,1012461,2786341,0.2129,buy,45271,45.317619,98658,734767,-6.97
2008-11-24,13117182,7529957,False,,0,0.0,sell,0,0.0,652125,0,0,0.0,sell,0,0.0,104389,0,2844472,0.2169,buy,35156,50.050914,485949,1084882,2742752,0.2091,buy,45271,45.317619,98658,691178,-6.76
2008-11-25,13196453,7529957,False,,0,0.0,sell,0,0.0,652125,0,0,0.0,sell,0,0.0,104389,0,2843066,0.2154,buy,35156,50.050914,485949,1083476,2823430,0.214,buy,45271,45.317619,98658,771856,-6.2
2008-11-26,13183015,7529957,False,,0,0.0,sell,0,0.0,652125,0,0,0.0,sell,0,0.0,104389,0,2825839,0.2144,buy,35156,50.050914,485949,1066249,2827219,0.2145,buy,45271,45.317619,98658,775645,-6.3
2008-11-28,13215479,7529957,False,,0,0.0,sell,0,0.0,652125,0,0,0.0,sell,0,0.0,104389,0,2823378,0.2136,buy,35156,50.050914,485949,1063788,2862144,0.2166,buy,45271,45.317619,98658,810570,-6.07
2008-12-01,13161260,7529957,False,,0,0.0,sell,0,0.0,652125,0,0,0.0,sell,0,0.0,104389,0,2659551,0.2021,buy,35156,50.050914,485949,899962,2971752,0.2258,buy,45271,45.317619,98658,920178,-6.45
2008-12-02,13213298,7896714,True,monthly,0,0.0,sell,0,0.0,652125,0,0,0.0,sell,0,0.0,104389,0,2677860,0.2027,buy,34800,50.050914,495425,936088,2638724,0.1997,buy,40044,45.317619,201246,824025,-6.08
2008-12-03,13193950,7896714,False,,0,0.0,sell,0,0.0,652125,0,0,0.0,sell,0,0.0,104389,0,2651064,0.2009,buy,34800,50.050914,495425,909292,2646171,0.2006,buy,40044,45.317619,201246,831472,-6.22
2008-12-04,13222428,7896714,False,,0,0.0,sell,0,0.0,652125,0,0,0.0,sell,0,0.0,104389,0,2627400,0.1987,buy,34800,50.050914,495425,885628,2698313,0.2041,buy,40044,45.317619,201246,883614,-6.02
2008-12-05,13144594,7896714,False,,0,0.0,sell,0,0.0,652125,0,0,0.0,sell,0,0.0,104389,0,2593296,0.1973,buy,34800,50.050914,495425,851524,2654584,0.202,buy,40044,45.317619,201246,839885,-6.57
2008-12-08,13197290,7896714,False,,0,0.0,sell,0,0.0,652125,0,0,0.0,sell,0,0.0,104389,0,2651760,0.2009,buy,34800,50.050914,495425,909988,2648815,0.2007,buy,40044,45.317619,201246,834117,-6.19
2008-12-09,13254195,7896714,False,,0,0.0,sell,0,0.0,652125,0,0,0.0,sell,0,0.0,104389,0,2656284,0.2004,buy,34800,50.050914,495425,914512,2701196,0.2038,buy,40044,45.317619,201246,886498,-5.79
2008-12-10,13366723,7896714,False,,0,0.0,sell,0,0.0,652125,0,0,0.0,sell,0,0.0,104389,0,2775300,0.2076,buy,34800,50.050914,495425,1033528,2694709,0.2016,buy,40044,45.317619,201246,880010,-4.99
2008-12-11,13403329,7896714,False,,0,0.0,sell,0,0.0,652125,0,0,0.0,sell,0,0.0,104389,0,2806620,0.2094,buy,34800,50.050914,495425,1064848,2699994,0.2014,buy,40044,45.317619,201246,885295,-4.73
2008-12-12,13408896,7896714,False,,0,0.0,sell,0,0.0,652125,0,0,0.0,sell,0,0.0,104389,0,2812188,0.2097,buy,34800,50.050914,495425,1070416,2699994,0.2014,buy,40044,45.317619,201246,885295,-4.69
2008-12-15,13501943,7896714,False,,0,0.0,sell,0,0.0,652125,0,0,0.0,sell,0,0.0,104389,0,2874480,0.2129,buy,34800,50.050914,495425,1132708,2730749,0.2022,buy,40044,45.317619,201246,916050,-4.03
2008-12-16,13634190,7896714,False,,0,0.0,sell,0,0.0,652125,0,0,0.0,sell,0,0.0,104389,0,2939208,0.2156,buy,34800,50.050914,495425,1197436,2798268,0.2052,buy,40044,45.317619,201246,983569,-3.09
2008-12-17,13743874,7896714,False,,0,0.0,sell,0,0.0,652125,0,0,0.0,sell,0,0.0,104389,0,2972964,0.2163,buy,34800,50.050914,495425,1231192,2874195,0.2091,buy,40044,45.317619,201246,1059497,-2.31
2008-12-18,13749894,7896714,False,,0,0.0,sell,0,0.0,652125,0,0,0.0,sell,0,0.0,104389,0,2918676,0.2123,buy,34800,50.050914,495425,1176904,2934503,0.2134,buy,40044,45.317619,201246,1119805,-2.27
2008-12-19,13709867,7896714,False,,0,0.0,sell,0,0.0,652125,0,0,0.0,sell,0,0.0,104389,0,2875524,0.2097,buy,34800,50.050914,495425,1133752,2937629,0.2143,buy,40044,45.317619,201246,1122930,-2.55
2008-12-22,13716165,7896714,False,,0,0.0,sell,0,0.0,652125,0,0,0.0,sell,0,0.0,104389,0,2904408,0.2118,buy,34800,50.050914,495425,1162636,2915043,0.2125,buy,40044,45.317619,201246,1100344,-2.51
2008-12-23,13683438,7896714,False,,0,0.0,sell,0,0.0,652125,0,0,0.0,sell,0,0.0,104389,0,2875524,0.2101,buy,34800,50.050914,495425,1133752,2911199,0.2128,buy,40044,45.317619,201246,1096501,-2.74
2008-12-24,13706074,7896714,False,,0,0.0,sell,0,0.0,652125,0,0,0.0,sell,0,0.0,104389,0,2904408,0.2119,buy,34800,50.050914,495425,1162636,2904952,0.2119,buy,40044,45.317619,201246,1090253,-2.58
2008-12-26,13790156,7896714,False,,0,0.0,sell,0,0.0,652125,0,0,0.0,sell,0,0.0,104389,0,2978880,0.216,buy,34800,50.050914,495425,1237108,2914562,0.2114,buy,40044,45.317619,201246,1099863,-1.98
2008-12-29,13812760,7896714,False,,0,0.0,sell,0,0.0,652125,0,0,0.0,sell,0,0.0,104389,0,3004980,0.2176,buy,34800,50.050914,495425,1263208,2911065,0.2108,buy,40044,45.317619,201246,1096366,-1.82
2008-12-30,13824825,7896714,False,,0,0.0,sell,0,0.0,652125,0,0,0.0,sell,0,0.0,104389,0,2989320,0.2162,buy,34800,50.050914,495425,1247548,2938790,0.2126,buy,40044,45.317619,201246,1124091,-1.73
2008-12-31,13784927,7896714,False,,0,0.0,sell,0,0.0,652125,0,0,0.0,sell,0,0.0,104389,0,3010896,0.2184,buy,34800,50.050914,495425,1269124,2877317,0.2087,buy,40044,45.317619,201246,1062618,-2.02
2009-01-02,13702509,7896714,False,,0,0.0,sell,0,0.0,652125,0,0,0.0,sell,0,0.0,104389,0,3000804,0.219,buy,34800,50.050914,495425,1259032,2804990,0.2047,buy,40044,45.317619,201246,990292,-2.6
2009-01-05,13569283,7896714,False,,0,0.0,sell,0,0.0,652125,0,0,0.0,sell,0,0.0,104389,0,2939904,0.2167,buy,34800,50.050914,495425,1198132,2732665,0.2014,buy,40044,45.317619,201246,917966,-3.55
2009-01-06,13564422,7896714,False,,0,0.0,sell,0,0.0,652125,0,0,0.0,sell,0,0.0,104389,0,2962524,0.2184,buy,34800,50.050914,495425,1220752,2705183,0.1994,buy,40044,45.317619,201246,890485,-3.59
2009-01-07,13492204,7896714,False,,0,0.0,sell,0,0.0,652125,0,0,0.0,sell,0,0.0,104389,0,2879700,0.2134,buy,34800,50.050914,495425,1137928,2715789,0.2013,buy,40044,45.317619,201246,901091,-4.1
2009-01-08,13549543,7896714,False,,0,0.0,sell,0,0.0,652125,0,0,0.0,sell,0,0.0,104389,0,2939208,0.2169,buy,34800,50.050914,495425,1197436,2713621,0.2003,buy,40044,45.317619,201246,898922,-3.69
2009-01-09,13534850,7896714,False,,0,0.0,sell,0,0.0,652125,0,0,0.0,sell,0,0.0,104389,0,2920416,0.2158,buy,34800,50.050914,495425,1178644,2717720,0.2008,buy,40044,45.317619,201246,903021,-3.8
2009-01-12,13453087,7896714,False,,0,0.0,sell,0,0.0,652125,0,0,0.0,sell,0,0.0,104389,0,2810448,0.2089,buy,34800,50.050914,495425,1068676,2745925,0.2041,buy,40044,45.317619,201246,931226,-4.38
2009-01-13,13460157,7896714,False,,0,0.0,sell,0,0.0,652125,0,0,0.0,sell,0,0.0,104389,0,2814624,0.2091,buy,34800,50.050914,495425,1072852,2748819,0.2042,buy,40044,45.317619,201246,934120,-4.33
2009-01-14,13467547,7896714,False,,0,0.0,sell,0,0.0,652125,0,0,0.0,sell,0,0.0,104389,0,2776692,0.2062,buy,34800,50.050914,495425,1034920,2794140,0.2075,buy,40044,45.317619,201246,979442,-4.27
2009-01-15,13493009,7896714,False,,0,0.0,sell,0,0.0,652125,0,0,0.0,sell,0,0.0,104389,0,2797572,0.2073,buy,34800,50.050914,495425,1055800,2798722,0.2074,buy,40044,45.317619,201246,984023,-4.09
2009-01-16,13530592,7896714,False,,0,0.0,sell,0,0.0,652125,0,0,0.0,sell,0,0.0,104389,0,2878308,0.2127,buy,34800,50.050914,495425,1136536,2755570,0.2037,buy,40044,45.317619,201246,940871,-3.83
2009-01-20,13593098,7896714,False,,0,0.0,sell,0,0.0,652125,0,0,0.0,sell,0,0.0,104389,0,2941296,0.2164,buy,34800,50.050914,495425,1199524,2755087,0.2027,buy,40044,45.317619,201246,940388,-3.38
2009-01-21,13493189,7896714,False,,0,0.0,sell,0,0.0,652125,0,0,0.0,sell,0,0.0,104389,0,2928420,0.217,buy,34800,50.050914,495425,1186648,2668054,0.1977,buy,40044,45.317619,201246,853356,-4.09
2009-01-22,13456804,7896714,False,,0,0.0,sell,0,0.0,652125,0,0,0.0,sell,0,0.0,104389,0,2943384,0.2187,buy,34800,50.050914,495425,1201612,2616706,0.1945,buy,40044,45.317619,201246,802007,-4.35
2009-01-23,13573772,7896714,False,,0,0.0,sell,0,0.0,652125,0,0,0.0,sell,0,0.0,104389,0,3080844,0.227,buy,34800,50.050914,495425,1339072,2596214,0.1913,buy,40044,45.317619,201246,781515,-3.52
2009-01-26,13565726,7896714,False,,0,0.0,sell,0,0.0,652125,0,0,0.0,sell,0,0.0,104389,0,3095460,0.2282,buy,34800,50.050914,495425,1353688,2573552,0.1897,buy,40044,45.317619,201246,758853,-3.58
2009-01-27,13606401,7896714,False,,0,0.0,sell,0,0.0,652125,0,0,0.0,sell,0,0.0,104389,0,3075624,0.226,buy,34800,50.050914,495425,1333852,2634063,0.1936,buy,40044,45.317619,201246,819364,-3.29
2009-01-28,13507178,7896714,False,,0,0.0,sell,0,0.0,652125,0,0,0.0,sell,0,0.0,104389,0,3042216,0.2252,buy,34800,50.050914,495425,1300444,2568248,0.1901,buy,40044,45.317619,201246,753549,-3.99
2009-01-29,13520498,7896714,False,,0,0.0,sell,0,0.0,652125,0,0,0.0,sell,0,0.0,104389,0,3114600,0.2304,buy,34800,50.050914,495425,1372828,2509183,0.1856,buy,40044,45.317619,201246,694485,-3.9
2009-01-30,13575529,7896714,False,,0,0.0,sell,0,0.0,652125,0,0,0.0,sell,0,0.0,104389,0,3177588,0.2341,buy,34800,50.050914,495425,1435816,2501227,0.1842,buy,40044,45.317619,201246,686528,-3.51
2009-02-02,13536110,7896714,False,,0,0.0,sell,0,0.0,652125,0,0,0.0,sell,0,0.0,104389,0,3091632,0.2284,buy,34800,50.050914,495425,1349860,2547764,0.1882,buy,40044,45.317619,201246,733065,-3.79
2009-02-03,13462512,8121657,True,monthly,0,0.0,sell,0,0.0,652125,0,0,0.0,sell,0,0.0,104389,0,2697008,0.2003,buy,30485,50.050914,663801,1171206,2643847,0.1964,buy,42568,46.375254,201246,669745,-4.31
2009-02-04,13474904,8121657,False,,0,0.0,sell,0,0.0,652125,0,0,0.0,sell,0,0.0,104389,0,2718652,0.2018,buy,30485,50.050914,663801,1192850,2634595,0.1955,buy,42568,46.375254,201246,660493,-4.22
2009-02-05,13505873,8121657,False,,0,0.0,sell,0,0.0,652125,0,0,0.0,sell,0,0.0,104389,0,2747308,0.2034,buy,30485,50.050914,663801,1221506,2636908,0.1952,buy,42568,46.375254,201246,662806,-4.0
2009-02-06,13481493,8121657,False,,0,0.0,sell,0,0.0,652125,0,0,0.0,sell,0,0.0,104389,0,2731151,0.2026,buy,30485,50.050914,663801,1205349,2628685,0.195,buy,42568,46.375254,201246,654583,-4.17
2009-02-09,13451259,8121657,False,,0,0.0,sell,0,0.0,652125,0,0,0.0,sell,0,0.0,104389,0,2692435,0.2002,buy,30485,50.050914,663801,1166633,2637167,0.1961,buy,42568,46.375254,201246,663066,-4.39
2009-02-10,13566182,8121657,False,,0,0.0,sell,0,0.0,652125,0,0,0.0,sell,0,0.0,104389,0,2750052,0.2027,buy,30485,50.050914,663801,1224250,2694474,0.1986,buy,42568,46.375254,201246,720372,-3.57
2009-02-11,13664538,8121657,False,,0,0.0,sell,0,0.0,652125,0,0,0.0,sell,0,0.0,104389,0,2813461,0.2059,buy,30485,50.050914,663801,1287659,2729420,0.1997,buy,42568,46.375254,201246,755318,-2.87
2009-02-12,13665668,8121657,False,,0,0.0,sell,0,0.0,652125,0,0,0.0,sell,0,0.0,104389,0,2840287,0.2078,buy,30485,50.050914,663801,1314485,2703724,0.1978,buy,42568,46.375254,201246,729622,-2.87
2009-02-13,13574813,8121657,False,,0,0.0,sell,0,0.0,652125,0,0,0.0,sell,0,0.0,104389,0,2821387,0.2078,buy,30485,50.050914,663801,1295585,2631769,0.1939,buy,42568,46.375254,201246,657667,-3.51
2009-02-17,13745196,8121657,False,,0,0.0,sell,0,0.0,652125,0,0,0.0,sell,0,0.0,104389,0,2909793,0.2117,buy,30485,50.050914,663801,1383991,2713746,0.1974,buy,42568,46.375254,201246,739645,-2.3
2009-02-18,13766575,8121657,False,,0,0.0,sell,0,0.0,652125,0,0,0.0,sell,0,0.0,104389,0,2954301,0.2146,buy,30485,50.050914,663801,1428499,2690617,0.1954,buy,42568,46.375254,201246,716515,-2.15
2009-02-19,13686079,8121657,False,,0,0.0,sell,0,0.0,652125,0,0,0.0,sell,0,0.0,104389,0,2919548,0.2133,buy,30485,50.050914,663801,1393746,2644874,0.1933,buy,42568,46.375254,201246,670772,-2.72
2009-02-20,13773662,8121657,False,,0,0.0,sell,0,0.0,652125,0,0,0.0,sell,0,0.0,104389,0,2981433,0.2165,buy,30485,50.050914,663801,1455631,2670572,0.1939,buy,42568,46.375254,201246,696470,-2.1
2009-02-23,13796199,8121657,False,,0,0.0,sell,0,0.0,652125,0,0,0.0,sell,0,0.0,104389,0,2979299,0.216,buy,30485,50.050914,663801,1453497,2695243,0.1954,buy,42568,46.375254,201246,721141,-1.94
2009-02-24,13701919,8121657,False,,0,0.0,sell,0,0.0,652125,0,0,0.0,sell,0,0.0,104389,0,2887844,0.2108,buy,30485,50.050914,663801,1362042,2692418,0.1965,buy,42568,46.375254,201246,718316,-2.61
2009-02-25,13622657,8121657,False,,0,0.0,sell,0,0.0,652125,0,0,0.0,sell,0,0.0,104389,0,2839678,0.2085,buy,30485,50.050914,663801,1313876,2661322,0.1954,buy,42568,46.375254,201246,687220,-3.17
2009-02-26,13591903,8121657,False,,0,0.0,sell,0,0.0,652125,0,0,0.0,sell,0,0.0,104389,0,2836934,0.2087,buy,30485,50.050914,663801,1311132,2633312,0.1937,buy,42568,46.375254,201246,659210,-3.39
2009-02-27,13563631,8121657,False,,0,0.0,sell,0,0.0,652125,0,0,0.0,sell,0,0.0,104389,0,2823825,0.2082,buy,30485,50.050914,663801,1298023,2618148,0.193,buy,42568,46.375254,201246,644047,-3.59
2009-03-02,13555152,8121657,False,,0,0.0,sell,0,0.0,652125,0,0,0.0,sell,0,0.0,104389,0,2772001,0.2045,buy,30485,50.050914,663801,1246199,2661494,0.1963,buy,42568,46.375254,201246,687392,-3.65
2009-03-03,13510238,8121657,False,,0,0.0,sell,0,0.0,652125,0,0,0.0,sell,0,0.0,104389,0,2744869,0.2032,buy,30485,50.050914,663801,1219067,2643711,0.1957,buy,42568,46.375254,201246,669609,-3.97
2009-03-04,13466118,8121657,False,,0,0.0,sell,0,0.0,652125,0,0,0.0,sell,0,0.0,104389,0,2712860,0.2015,buy,30485,50.050914,663801,1187058,2631601,0.1954,buy,42568,46.375254,201246,657499,-4.28
2009-03-05,13630758,8121657,False,,0,0.0,sell,0,0.0,652125,0,0,0.0,sell,0,0.0,104389,0,2804315,0.2057,buy,30485,50.050914,663801,1278513,2704786,0.1984,buy,42568,46.375254,201246,730685,-3.11
2009-03-06,13621865,8121657,False,,0,0.0,sell,0,0.0,652125,0,0,0.0,sell,0,0.0,104389,0,2813461,0.2065,buy,30485,50.050914,663801,1287659,2686747,0.1972,buy,42568,46.375254,201246,712645,-3.18
2009-03-09,13553713,8121657,False,,0,0.0,sell,0,0.0,652125,0,0,0.0,sell,0,0.0,104389,0,2761026,0.2037,buy,30485,50.050914,663801,1235224,2671029,0.1971,buy,42568,46.375254,201246,696927,-3.66
2009-03-10,13428353,8121657,False,,0,0.0,sell,0,0.0,652125,0,0,0.0,sell,0,0.0,104389,0,2686948,0.2001,buy,30485,50.050914,663801,1161146,2619748,0.1951,buy,42568,46.375254,201246,645646,-4.55
2009-03-11,13489622,8121657,False,,0,0.0,sell,0,0.0,652125,0,0,0.0,sell,0,0.0,104389,0,2719872,0.2016,buy,30485,50.050914,663801,1194070,2648093,0.1963,buy,42568,46.375254,201246,673991,-4.12
2009-03-12,13559561,8121657,False,,0,0.0,sell,0,0.0,652125,0,0,0.0,sell,0,0.0,104389,0,2777183,0.2048,buy,30485,50.050914,663801,1251381,2660721,0.1962,buy,42568,46.375254,201246,686619,-3.62
2009-03-13,13552257,8121657,False,,0,0.0,sell,0,0.0,652125,0,0,0.0,sell,0,0.0,104389,0,2783281,0.2054,buy,30485,50.050914,663801,1257478,2647320,0.1953,buy,42568,46.375254,201246,673218,-3.67
2009-03-16,13495269,8121657,False,,0,0.0,sell,0,0.0,652125,0,0,0.0,sell,0,0.0,104389,0,2768038,0.2051,buy,30485,50.050914,663801,1242236,2605574,0.1931,buy,42568,46.375254,201246,631472,-4.08
2009-03-17,13457927,8121657,False,,0,0.0,sell,0,0.0,652125,0,0,0.0,sell,0,0.0,104389,0,2744869,0.204,buy,30485,50.050914,663801,1219067,2591401,0.1926,buy,42568,46.375254,201246,617299,-4.34
2009-03-18,13649087,8121657,False,,0,0.0,sell,0,0.0,652125,0,0,0.0,sell,0,0.0,104389,0,2837849,0.2079,buy,30485,50.050914,663801,1312046,2689582,0.1971,buy,42568,46.375254,201246,715480,-2.98
2009-03-19,13690848,8121657,False,,0,0.0,sell,0,0.0,652125,0,0,0.0,sell,0,0.0,104389,0,2876260,0.2101,buy,30485,50.050914,663801,1350458,2692932,0.1967,buy,42568,46.375254,201246,718830,-2.69
2009-03-20,13652732,8121657,False,,0,0.0,sell,0,0.0,652125,0,0,0.0,sell,0,0.0,104389,0,2853091,0.209,buy,30485,50.050914,663801,1327289,2677984,0.1962,buy,42568,46.375254,201246,703882,-2.96
2009-03-23,13583511,8121657,False,,0,0.0,sell,0,0.0,652125,0,0,0.0,sell,0,0.0,104389,0,2807059,0.2067,buy,30485,50.050914,663801,1281257,2654795,0.1954,buy,42568,46.375254,201246,680693,-3.45
2009-03-24,13574315,8121657,False,,0,0.0,sell,0,0.0,652125,0,0,0.0,sell,0,0.0,104389,0,2772611,0.2043,buy,30485,50.050914,663801,1246809,2680048,0.1974,buy,42568,46.375254,201246,705946,-3.51
2009-03-25,13569636,8121657,False,,0,0.0,sell,0,0.0,652125,0,0,0.0,sell,0,0.0,104389,0,2804010,0.2066,buy,30485,50.050914,663801,1278208,2643969,0.1948,buy,42568,46.375254,201246,669867,-3.55
2009-03-26,13598777,8121657,False,,0,0.0,sell,0,0.0,652125,0,0,0.0,sell,0,0.0,104389,0,2802486,0.2061,buy,30485,50.050914,663801,1276684,2674634,0.1967,buy,42568,46.375254,201246,700532,-3.34
2009-03-27,13580820,8121657,False,,0,0.0,sell,0,0.0,652125,0,0,0.0,sell,0,0.0,104389,0,2764685,0.2036,buy,30485,50.050914,663801,1238883,2694479,0.1984,buy,42568,46.375254,201246,720377,-3.47
2009-03-30,13569484,8121657,False,,0,0.0,sell,0,0.0,652125,0,0,0.0,sell,0,0.0,104389,0,2743040,0.2021,buy,30485,50.050914,663801,1217238,2704786,0.1993,buy,42568,46.375254,201246,730685,-3.55
2009-03-31,13597956,8121657,False,,0,0.0,sell,0,0.0,652125,0,0,0.0,sell,0,0.0,104389,0,2752186,0.2024,buy,30485,50.050914,663801,1226384,2724113,0.2003,buy,42568,46.375254,201246,750011,-3.35
2009-04-01,13645682,8121657,False,,0,0.0,sell,0,0.0,652125,0,0,0.0,sell,0,0.0,104389,0,2775050,0.2034,buy,30485,50.050914,663801,1249247,2748976,0.2015,buy,42568,46.375254,201246,774874,-3.01
2009-04-02,13544103,8121657,False,,0,0.0,sell,0,0.0,652125,0,0,0.0,sell,0,0.0,104389,0,2707068,0.1999,buy,30485,50.050914,663801,1181266,2715378,0.2005,buy,42568,46.375254,201246,741276,-3.73
2009-04-03,13451654,8121657,False,,0,0.0,sell,0,0.0,652125,0,0,0.0,sell,0,0.0,104389,0,2670181,0.1985,buy,30485,50.050914,663801,1144379,2659816,0.1977,buy,42568,46.375254,201246,685714,-4.39
2009-04-06,13369557,8121657,False,,0,0.0,sell,0,0.0,652125,0,0,0.0,sell,0,0.0,104389,0,2599456,0.1944,buy,30485,50.050914,663801,1073654,2648444,0.1981,buy,42568,46.375254,201246,674343,-4.97
2009-04-07,13421088,8121657,False,,0,0.0,sell,0,0.0,652125,0,0,0.0,sell,0,0.0,104389,0,2644269,0.197,buy,30485,50.050914,663801,1118467,2655163,0.1978,buy,42568,46.375254,201246,681061,-4.6
2009-04-08,13440644,8121657,False,,0,0.0,sell,0,0.0,652125,0,0,0.0,sell,0,0.0,104389,0,2640306,0.1964,buy,30485,50.050914,663801,1114504,2678682,0.1993,buy,42568,46.375254,201246,704580,-4.47
2009-04-09,13397900,8121657,False,,0,0.0,sell,0,0.0,652125,0,0,0.0,sell,0,0.0,104389,0,2631160,0.1964,buy,30485,50.050914,663801,1105358,2645083,0.1974,buy,42568,46.375254,201246,670981,-4.77
2009-04-13,13470057,8121657,False,,0,0.0,sell,0,0.0,652125,0,0,0.0,sell,0,0.0,104389,0,2679022,0.1989,buy,30485,50.050914,663801,1153220,2669378,0.1982,buy,42568,46.375254,201246,695277,-4.26
2009-04-14,13468464,8121657,False,,0,0.0,sell,0,0.0,652125,0,0,0.0,sell,0,0.0,104389,0,2663475,0.1978,buy,30485,50.050914,663801,1137672,2683332,0.1992,buy,42568,46.375254,201246,709230,-4.27
2009-04-15,13467776,8121657,False,,0,0.0,sell,0,0.0,652125,0,0,0.0,sell,0,0.0,104389,0,2667438,0.1981,buy,30485,50.050914,663801,1141635,2678682,0.1989,buy,42568,46.375254,201246,704580,-4.27
2009-04-16,13395063,8121657,False,,0,0.0,sell,0,0.0,652125,0,0,0.0,sell,0,0.0,104389,0,2615918,0.1953,buy,30485,50.050914,663801,1090116,2657488,0.1984,buy,42568,46.375254,201246,683386,-4.79
2009-04-17,13347875,8121657,False,,0,0.0,sell,0,0.0,652125,0,0,0.0,sell,0,0.0,104389,0,2597932,0.1946,buy,30485,50.050914,663801,1072130,2628286,0.1969,buy,42568,46.375254,201246,654184,-5.12
2009-04-20,13440413,8121657,False,,0,0.0,sell,0,0.0,652125,0,0,0.0,sell,0,0.0,104389,0,2650671,0.1972,buy,30485,50.050914,663801,1124869,2668086,0.1985,buy,42568,46.375254,201246,693984,-4.47
2009-04-21,13412225,8121657,False,,0,0.0,sell,0,0.0,652125,0,0,0.0,sell,0,0.0,104389,0,2648842,0.1975,buy,30485,50.050914,663801,1123040,2641726,0.197,buy,42568,46.375254,201246,667624,-4.67
2009-04-22,13411138,8121657,False,,0,0.0,sell,0,0.0,652125,0,0,0.0,sell,0,0.0,104389,0,2663779,0.1986,buy,30485,50.050914,663801,1137977,2625702,0.1958,buy,42568,46.375254,201246,651600,-4.67
2009-04-23,13454167,8121657,False,,0,0.0,sell,0,0.0,652125,0,0,0.0,sell,0,0.0,104389,0,2707068,0.2012,buy,30485,50.050914,663801,1181266,2625442,0.1951,buy,42568,46.375254,201246,651340,-4.37
2009-04-24,13455852,8121657,False,,0,0.0,sell,0,0.0,652125,0,0,0.0,sell,0,0.0,104389,0,2735114,0.2033,buy,30485,50.050914,663801,1209312,2599081,0.1932,buy,42568,46.375254,201246,624979,-4.36
2009-04-27,13445322,8121657,False,,0,0.0,sell,0,0.0,652125,0,0,0.0,sell,0,0.0,104389,0,2713470,0.2018,buy,30485,50.050914,663801,1187668,2610195,0.1941,buy,42568,46.375254,201246,636093,-4.43
2009-04-28,13364269,8121657,False,,0,0.0,sell,0,0.0,652125,0,0,0.0,sell,0,0.0,104389,0,2675059,0.2002,buy,30485,50.050914,663801,1149257,2567553,0.1921,buy,42568,46.375254,201246,593451,-5.01
2009-04-29,13359208,8121657,False,,0,0.0,sell,0,0.0,652125,0,0,0.0,sell,0,0.0,104389,0,2692740,0.2016,buy,30485,50.050914,663801,1166938,2544811,0.1905,buy,42568,46.375254,201246,570709,-5.04
2009-04-30,13316816,8121657,False,,0,0.0,sell,0,0.0,652125,0,0,0.0,sell,0,0.0,104389,0,2660426,0.1998,buy,30485,50.050914,663801,1134624,2534733,0.1903,buy,42568,46.375254,201246,560631,-5.35
2009-05-01,13289614,8121657,False,,0,0.0,sell,0,0.0,652125,0,0,0.0,sell,0,0.0,104389,0,2650671,0.1995,buy,30485,50.050914,663801,1124869,2517287,0.1894,buy,42568,46.375254,201246,543185,-5.54
2009-05-04,13349431,8121657,False,,0,0.0,sell,0,0.0,652125,0,0,0.0,sell,0,0.0,104389,0,2702190,0.2024,buy,30485,50.050914,663801,1176388,2525583,0.1892,buy,42568,46.375254,201246,551481,-5.11
2009-05-05,13334429,8121657,False,,0,0.0,sell,0,0.0,652125,0,0,0.0,sell,0,0.0,104389,0,2690301,0.2018,buy,30485,50.050914,663801,1164499,2522471,0.1892,buy,42568,46.375254,201246,548369,-5.22
2009-05-06,13367792,8121657,False,,0,0.0,sell,0,0.0,652125,0,0,0.0,sell,0,0.0,104389,0,2729627,0.2042,buy,30485,50.050914,663801,1203825,2516509,0.1883,buy,42568,46.375254,201246,542407,-4.98
2009-05-07,13303310,8121657,False,,0,0.0,sell,0,0.0,652125,0,0,0.0,sell,0,0.0,104389,0,2726578,0.205,buy,30485,50.050914,663801,1200776,2455074,0.1845,buy,42568,46.375254,201246,480972,-5.44
2009-05-08,13325734,8121657,False,,0,0.0,sell,0,0.0,652125,0,0,0.0,sell,0,0.0,104389,0,2743040,0.2058,buy,30485,50.050914,663801,1217238,2461036,0.1847,buy,42568,46.375254,201246,486934,-5.28
2009-05-11,13351886,8121657,False,,0,0.0,sell,0,0.0,652125,0,0,0.0,sell,0,0.0,104389,0,2734200,0.2048,buy,30485,50.050914,663801,1208398,2496030,0.1869,buy,42568,46.375254,201246,521928,-5.1
2009-05-12,13391749,8121657,False,,0,0.0,sell,0,0.0,652125,0,0,0.0,sell,0,0.0,104389,0,2764989,0.2065,buy,30485,50.050914,663801,1239187,2505103,0.1871,buy,42568,46.375254,201246,531001,-4.81
2009-05-13,13430856,8121657,False,,0,0.0,sell,0,0.0,652125,0,0,0.0,sell,0,0.0,104389,0,2776879,0.2068,buy,30485,50.050914,663801,1251076,2532321,0.1885,buy,42568,46.375254,201246,558219,-4.53
2009-05-14,13438879,8121657,False,,0,0.0,sell,0,0.0,652125,0,0,0.0,sell,0,0.0,104389,0,2775050,0.2065,buy,30485,50.050914,663801,1249247,2542172,0.1892,buy,42568,46.375254,201246,568071,-4.48
2009-05-15,13453954,8121657,False,,0,0.0,sell,0,0.0,652125,0,0,0.0,sell,0,0.0,104389,0,2790902,0.2074,buy,30485,50.050914,663801,1265100,2541395,0.1889,buy,42568,46.375254,201246,567293,-4.37
2009-05-18,13378274,8121657,False,,0,0.0,sell,0,0.0,652125,0,0,0.0,sell,0,0.0,104389,0,2754625,0.2059,buy,30485,50.050914,663801,1228823,2501993,0.187,buy,42568,46.375254,201246,527891,-4.91
2009-05-19,13383345,8121657,False,,0,0.0,sell,0,0.0,652125,0,0,0.0,sell,0,0.0,104389,0,2772916,0.2072,buy,30485,50.050914,663801,1247113,2488773,0.186,buy,42568,46.375254,201246,514671,-4.87
2009-05-20,13448852,8121657,False,,0,0.0,sell,0,0.0,652125,0,0,0.0,sell,0,0.0,104389,0,2812241,0.2091,buy,30485,50.050914,663801,1286439,2514954,0.187,buy,42568,46.375254,201246,540852,-4.41
2009-05-21,13434377,8121657,False,,0,0.0,sell,0,0.0,652125,0,0,0.0,sell,0,0.0,104389,0,2861017,0.213,buy,30485,50.050914,663801,1335215,2451703,0.1825,buy,42568,46.375254,201246,477601,-4.51
2009-05-22,13416306,8121657,False,,0,0.0,sell,0,0.0,652125,0,0,0.0,sell,0,0.0,104389,0,2870163,0.2139,buy,30485,50.050914,663801,1344361,2424486,0.1807,buy,42568,46.375254,201246,450384,-4.64
2009-05-26,13367867,8121657,False,,0,0.0,sell,0,0.0,652125,0,0,0.0,sell,0,0.0,104389,0,2858274,0.2138,buy,30485,50.050914,663801,1332472,2387937,0.1786,buy,42568,46.375254,201246,413835,-4.98
2009-05-27,13316162,8121657,False,,0,0.0,sell,0,0.0,652125,0,0,0.0,sell,0,0.0,104389,0,2848823,0.2139,buy,30485,50.050914,663801,1323021,2345682,0.1762,buy,42568,46.375254,201246,371581,-5.35
2009-05-28,13374206,8121657,False,,0,0.0,sell,0,0.0,652125,0,0,0.0,sell,0,0.0,104389,0,2872906,0.2148,buy,30485,50.050914,663801,1347104,2379642,0.1779,buy,42568,46.375254,201246,405541,-4.94
2009-05-29,13495389,8121657,False,,0,0.0,sell,0,0.0,652125,0,0,0.0,sell,0,0.0,104389,0,2932657,0.2173,buy,30485,50.050914,663801,1406855,2441075,0.1809,buy,42568,46.375254,201246,466973,-4.08
2009-06-01,13408894,8121657,False,,0,0.0,sell,0,0.0,652125,0,0,0.0,sell,0,0.0,104389,0,2918329,0.2176,buy,30485,50.050914,663801,1392527,2368908,0.1767,buy,42568,46.375254,201246,394806,-4.69
2009-06-02,13438674,8045306,True,monthly,0,0.0,sell,0,0.0,652125,0,0,0.0,sell,0,0.0,104389,0,2699911,0.2009,buy,28019,50.050914,776868,1297534,2693457,0.2004,buy,48141,47.505148,201246,406512,-4.48
2009-06-03,13409332,8045306,False,,0,0.0,sell,0,0.0,652125,0,0,0.0,buy,0,0.0,104389,0,2645274,0.1973,buy,28019,50.050914,776868,1242897,2718752,0.2028,buy,48141,47.505148,201246,431807,-4.69
2009-06-04,13428992,4022796,True,daily,0,0.0,sell,0,0.0,652125,0,4047110,0.3014,buy,127404,31.575076,104389,24319,2733125,0.2035,buy,28402,50.66414,776868,1294162,2625961,0.1955,buy,47479,47.505148,206664,370464,-4.55
2009-06-05,13341808,4022796,False,,0,0.0,sell,0,0.0,652125,0,4051515,0.3037,buy,127404,31.575076,104389,28724,2661551,0.1995,buy,28402,50.66414,776868,1222588,2605945,0.1953,buy,47479,47.505148,206664,350449,-5.17
2009-06-08,13318761,4022796,False,,0,0.0,sell,0,0.0,652125,0,4039397,0.3033,buy,127404,31.575076,104389,16606,2657291,0.1995,buy,28402,50.66414,776868,1218328,2599278,0.1952,buy,47479,47.505148,206664,343781,-5.33
2009-06-09,13356983,4022796,False,,0,0.0,sell,0,0.0,652125,0,4070243,0.3047,buy,127404,31.575076,104389,47452,2664960,0.1995,buy,28402,50.66414,776868,1225997,2598985,0.1946,buy,47479,47.505148,206664,343488,-5.06
2009-06-10,13302617,4022796,False,,0,0.0,sell,0,0.0,652125,0,4055922,0.3049,buy,127404,31.575076,104389,33131,2665812,0.2004,buy,28402,50.66414,776868,1226849,2558087,0.1923,buy,47479,47.505148,206664,302590,-5.45
2009-06-11,13326497,4022796,False,,0,0.0,sell,0,0.0,652125,0,4055922,0.3044,buy,127404,31.575076,104389,33131,2661267,0.1997,buy,28402,50.66414,776868,1222304,2586512,0.1941,buy,47479,47.505148,206664,331015,-5.28
2009-06-12,13287522,4022796,False,,0,0.0,sell,0,0.0,652125,0,4037197,0.3038,buy,127404,31.575076,104389,14406,2617812,0.197,buy,28402,50.66414,776868,1178849,2609717,0.1964,buy,47479,47.505148,206664,354221,-5.55
2009-06-15,13198011,4022796,False,,0,0.0,sell,0,0.0,652125,0,3954580,0.2996,buy,127404,31.575076,104389,-68211,2587422,0.196,buy,28402,50.66414,776868,1148459,2633213,0.1995,buy,47479,47.505148,206664,377716,-6.19
2009-06-16,13228860,4022796,False,,0,0.0,sell,0,0.0,652125,0,3916024,0.296,buy,127404,31.575076,104389,-106767,2610996,0.1974,buy,28402,50.66414,776868,1172033,2679045,0.2025,buy,47479,47.505148,206664,423548,-5.97
2009-06-17,13263157,4022796,False,,0,0.0,sell,0,0.0,652125,0,3953478,0.2981,buy,127404,31.575076,104389,-69313,2622925,0.1978,buy,28402,50.66414,776868,1183962,2663959,0.2009,buy,47479,47.505148,206664,408462,-5.73
2009-06-18,13194110,4022796,False,,0,0.0,sell,0,0.0,652125,0,3945765,0.2991,buy,127404,31.575076,104389,-77026,2601907,0.1972,buy,28402,50.66414,776868,1162944,2623642,0.1988,buy,47479,47.505148,206664,368145,-6.22
2009-06-19,13280666,4022796,False,,0,0.0,sell,0,0.0,652125,0,3988118,0.3003,buy,127404,31.575076,104389,-34673,2610144,0.1965,buy,28402,50.66414,776868,1171181,2659609,0.2003,buy,47479,47.505148,206664,404112,-5.6
2009-06-22,13148742,4022796,False,,0,0.0,sell,0,0.0,652125,0,3869004,0.2942,buy,127404,31.575076,104389,-153787,2571517,0.1956,buy,28402,50.66414,776868,1132554,2685425,0.2042,buy,47479,47.505148,206664,429928,-6.54
2009-06-23,13182330,4022796,False,,0,0.0,sell,0,0.0,652125,0,3860180,0.2928,buy,127404,31.575076,104389,-162611,2582310,0.1959,buy,28402,50.66414,776868,1143347,2717044,0.2061,buy,47479,47.505148,206664,461547,-6.3
2009-06-24,13235188,4022796,False,,0,0.0,sell,0,0.0,652125,0,3925252,0.2966,buy,127404,31.575076,104389,-97539,2597363,0.1962,buy,28402,50.66414,776868,1158400,2689777,0.2032,buy,47479,47.505148,206664,434280,-5.93
2009-06-25,13386131,4022796,False,,0,0.0,sell,0,0.0,652125,0,4002457,0.299,buy,127404,31.575076,104389,-20334,2621789,0.1959,buy,28402,50.66414,776868,1182826,2739089,0.2046,buy,47479,47.505148,206664,483592,-4.85
2009-06-26,13399025,4022796,False,,0,0.0,sell,0,0.0,652125,0,4011280,0.2994,buy,127404,31.575076,104389,-11511,2621221,0.1956,buy,28402,50.66414,776868,1182258,2743729,0.2048,buy,47479,47.505148,206664,488232,-4.76
2009-06-29,13404808,4022796,False,,0,0.0,sell,0,0.0,652125,0,4020103,0.2999,buy,127404,31.575076,104389,-2688,2614120,0.195,buy,28402,50.66414,776868,1175157,2747789,0.205,buy,47479,47.505148,206664,492292,-4.72
2009-06-30,13368018,4022796,False,,0,0.0,sell,0,0.0,652125,0,4012381,0.3001,buy,127404,31.575076,104389,-10410,2589694,0.1937,buy,28402,50.66414,776868,1150731,2743147,0.2052,buy,47479,47.505148,206664,487650,-4.98
2009-07-01,13399153,4022796,False,,0,0.0,sell,0,0.0,652125,0,4014590,0.2996,buy,127404,31.575076,104389,-8201,2624061,0.1958,buy,28402,50.66414,776868,1185098,2737706,0.2043,buy,47479,47.505148,206664,482209,-4.76
2009-07-02,13284941,4022796,False,,0,0.0,sell,0,0.0,652125,0,3926355,0.2955,buy,127404,31.575076,104389,-96436,2591682,0.1951,buy,28402,50.66414,776868,1152720,2744108,0.2066,buy,47479,47.505148,206664,488611,-5.57
2009-07-06,13244833,4022796,False,,0,0.0,sell,0,0.0,652125,0,3905400,0.2949,buy,127404,31.575076,104389,-117391,2577766,0.1946,buy,28402,50.66414,776868,1138803,2738872,0.2068,buy,47479,47.505148,206664,483375,-5.86
2009-07-07,13164686,4022796,False,,0,0.0,sell,0,0.0,652125,0,3808343,0.2893,buy,127404,31.575076,104389,-214448,2576345,0.1957,buy,28402,50.66414,776868,1137382,2757201,0.2094,buy,47479,47.505148,206664,501705,-6.43
2009-07-08,13194566,4022796,False,,0,0.0,sell,0,0.0,652125,0,3828197,0.2901,buy,127404,31.575076,104389,-194594,2535446,0.1922,buy,28402,50.66414,776868,1096484,2808127,0.2128,buy,47479,47.505148,206664,552630,-6.21
2009-07-09,13174537,4022796,False,,0,0.0,sell,0,0.0,652125,0,3834814,0.2911,buy,127404,31.575076,104389,-187977,2542263,0.193,buy,28402,50.66414,776868,1103300,2774664,0.2106,buy,47479,47.505148,206664,519167,-6.36
2009-07-10,13218674,4022796,False,,0,0.0,sell,0,0.0,652125,0,3851357,0.2914,buy,127404,31.575076,104389,-171434,2544251,0.1925,buy,28402,50.66414,776868,1105288,2800270,0.2118,buy,47479,47.505148,206664,544773,-6.04
2009-07-13,13294180,4022796,False,,0,0.0,sell,0,0.0,652125,0,3925252,0.2953,buy,127404,31.575076,104389,-97539,2561576,0.1927,buy,28402,50.66414,776868,1122614,2784556,0.2095,buy,47479,47.505148,206664,529059,-5.51
2009-07-14,13279860,4022796,False,,0,0.0,sell,0,0.0,652125,0,3939589,0.2967,buy,127404,31.575076,104389,-83202,2579186,0.1942,buy,28402,50.66414,776868,1140223,2738290,0.2062,buy,47479,47.505148,206664,482793,-5.61
2009-07-15,13382403,4022796,False,,0,0.0,sell,0,0.0,652125,0,4071939,0.3043,buy,127404,31.575076,104389,49148,2619800,0.1958,buy,28402,50.66414,776868,1180838,2667868,0.1994,buy,47479,47.505148,206664,412371,-4.88
2009-07-16,13452354,4022796,False,,0,0.0,sell,0,0.0,652125,0,4120467,0.3063,buy,127404,31.575076,104389,97676,2612416,0.1942,buy,28402,50.66414,776868,1173453,2696675,0.2005,buy,47479,47.505148,206664,441178,-4.38
2009-07-17,13431379,4022796,False,,0,0.0,sell,0,0.0,652125,0,4142523,0.3084,buy,127404,31.575076,104389,119733,2610996,0.1944,buy,28402,50.66414,776868,1172033,2655064,0.1977,buy,47479,47.505148,206664,399567,-4.53
2009-07-20,13523396,4022796,False,,0,0.0,sell,0,0.0,652125,0,4182230,0.3093,buy,127404,31.575076,104389,159439,2649339,0.1959,buy,28402,50.66414,776868,1210376,2669032,0.1974,buy,47479,47.505148,206664,413535,-3.88
2009-07-21,13601064,4022796,False,,0,0.0,sell,0,0.0,652125,0,4210905,0.3096,buy,127404,31.575076,104389,188114,2645078,0.1945,buy,28402,50.66414,776868,1206115,2722285,0.2002,buy,47479,47.505148,206664,466788,-3.32
2009-07-22,13620718,4022796,False,,0,0.0,sell,0,0.0,652125,0,4246199,0.3117,buy,127404,31.575076,104389,223408,2653883,0.1948,buy,28402,50.66414,776868,1214920,2697840,0.1981,buy,47479,47.505148,206664,442343,-3.19
2009-07-23,13659882,4022796,False,,0,0.0,sell,0,0.0,652125,0,4339946,0.3177,buy,127404,31.575076,104389,317155,2648771,0.1939,buy,28402,50.66414,776868,1209808,2648370,0.1939,buy,47479,47.505148,206664,392873,-2.91
2009-07-24,13643855,4022796,False,,0,0.0,buy,0,0.0,652125,0,4306856,0.3157,buy,127404,31.575076,104389,284065,2653031,0.1944,buy,28402,50.66414,776868,1214068,2661172,0.195,buy,47479,47.505148,206664,405675,-3.02
2009-07-27,13661060,71,True,daily,4100480,0.3002,buy,56289,72.716287,652125,7353,4125510,0.302,buy,121109,31.575076,119307,301484,2736894,0.2003,buy,29206,51.862117,776868,1222209,2698105,0.1975,buy,48697,47.704305,206664,375048,-2.9
2009-07-28,13590721,71,False,,4081300,0.3003,buy,56289,72.716287,652125,-11827,4097204,0.3015,buy,121109,31.575076,119307,273178,2690165,0.1979,buy,29206,51.862117,776868,1175480,2721981,0.2003,buy,48697,47.704305,206664,398925,-3.4
2009-07-29,13596317,71,False,,4071295,0.2994,buy,56289,72.716287,652125,-21832,4124461,0.3034,buy,121109,31.575076,119307,300435,2663587,0.1959,buy,29206,51.862117,776868,1148902,2736904,0.2013,buy,48697,47.704305,206664,413847,-3.36
2009-07-30,13714030,71,False,,4113822,0.3,buy,56289,72.716287,652125,20695,4148576,0.3025,buy,121109,31.575076,119307,324551,2675854,0.1951,buy,29206,51.862117,776868,1161169,2775707,0.2024,buy,48697,47.704305,206664,452651,-2.52
2009-07-31,13811832,71,False,,4119660,0.2983,buy,56289,72.716287,652125,26533,4135995,0.2995,buy,121109,31.575076,119307,311969,2726380,0.1974,buy,29206,51.862117,776868,1211695,2829727,0.2049,buy,48697,47.704305,206664,506670,-1.83
2009-08-03,13913950,71,False,,4187618,0.301,buy,56289,72.716287,652125,94491,4197851,0.3017,buy,121109,31.575076,119307,373825,2741567,0.197,buy,29206,51.862117,776868,1226882,2786843,0.2003,buy,48697,47.704305,206664,463786,-1.1
2009-08-04,13926285,71,False,,4198458,0.3015,buy,56289,72.716287,652125,105331,4197851,0.3014,buy,121109,31.575076,119307,373825,2765224,0.1986,buy,29206,51.862117,776868,1250539,2764681,0.1985,buy,48697,47.704305,206664,441625,-1.01
2009-08-05,13843291,71,False,,4186369,0.3024,buy,56289,72.716287,652125,93241,4165351,0.3009,buy,121109,31.575076,119307,341325,2768145,0.2,buy,29206,51.862117,776868,1253460,2723356,0.1967,buy,48697,47.704305,206664,400300,-1.6
2009-08-06,13788938,71,False,,4164686,0.302,buy,56289,72.716287,652125,71558,4128655,0.2994,buy,121109,31.575076,119307,304629,2762888,0.2004,buy,29206,51.862117,776868,1248203,2732639,0.1982,buy,48697,47.704305,206664,409582,-1.99
2009-08-07,13848392,71,False,,4219304,0.3047,buy,56289,72.716287,652125,126177,4181076,0.3019,buy,121109,31.575076,119307,357050,2738062,0.1977,buy,29206,51.862117,776868,1223378,2709878,0.1957,buy,48697,47.704305,206664,386822,-1.57
2009-08-10,13820173,71,False,,4210550,0.3047,buy,56289,72.716287,652125,117423,4151721,0.3004,buy,121109,31.575076,119307,327695,2714114,0.1964,buy,29206,51.862117,776868,1199429,2743718,0.1985,buy,48697,47.704305,206664,420662,-1.77
2009-08-11,13759649,71,False,,4158017,0.3022,buy,56289,72.716287,652125,64890,4116075,0.2991,buy,121109,31.575076,119307,292049,2710025,0.197,buy,29206,51.862117,776868,1195340,2775462,0.2017,buy,48697,47.704305,206664,452405,-2.2
2009-08-12,13843237,71,False,,4202627,0.3036,buy,56289,72.716287,652125,109500,4180026,0.302,buy,121109,31.575076,119307,356000,2714698,0.1961,buy,29206,51.862117,776868,1200013,2745815,0.1984,buy,48697,47.704305,206664,422759,-1.6
2009-08-13,13959825,71,False,,4234729,0.3034,buy,56289,72.716287,652125,141602,4203092,0.3011,buy,121109,31.575076,119307,379066,2737186,0.1961,buy,29206,51.862117,776868,1222501,2784746,0.1995,buy,48697,47.704305,206664,461689,-0.77
2009-08-14,13868834,71,False,,4202211,0.303,buy,56289,72.716287,652125,109083,4154866,0.2996,buy,121109,31.575076,119307,330840,2716158,0.1958,buy,29206,51.862117,776868,1201473,2795528,0.2016,buy,48697,47.704305,206664,472472,-1.42
2009-08-17,13645600,71,False,,4098813,0.3004,buy,56289,72.716287,652125,5686,4034299,0.2956,buy,121109,31.575076,119307,210274,2675562,0.1961,buy,29206,51.862117,776868,1160877,2836855,0.2079,buy,48697,47.704305,206664,513799,-3.01
2009-08-18,13732450,71,False,,4131333,0.3008,buy,56289,72.716287,652125,38206,4091959,0.298,buy,121109,31.575076,119307,267933,2688704,0.1958,buy,29206,51.862117,776868,1174019,2820383,0.2054,buy,48697,47.704305,206664,497327,-2.39
2009-08-19,13834115,71,False,,4167605,0.3013,buy,56289,72.716287,652125,74477,4120267,0.2978,buy,121109,31.575076,119307,296241,2702431,0.1953,buy,29206,51.862117,776868,1187746,2843742,0.2056,buy,48697,47.704305,206664,520685,-1.67
2009-08-20,13941053,71,False,,4210550,0.302,buy,56289,72.716287,652125,117423,4168496,0.299,buy,121109,31.575076,119307,344470,2694838,0.1933,buy,29206,51.862117,776868,1180153,2867098,0.2057,buy,48697,47.704305,206664,544042,-0.91
2009-08-21,14060477,71,False,,4293102,0.3053,buy,56289,72.716287,652125,199975,4224060,0.3004,buy,121109,31.575076,119307,400034,2735142,0.1945,buy,29206,51.862117,776868,1220457,2808103,0.1997,buy,48697,47.704305,206664,485046,-0.06
2009-08-24,14068517,71,False,,4292683,0.3051,buy,56289,72.716287,652125,199556,4219867,0.3,buy,121109,31.575076,119307,395841,2696882,0.1917,buy,29206,51.862117,776868,1182197,2859014,0.2032,buy,48697,47.704305,206664,535957,-0.0
2009-08-25,14117876,71,False,,4301023,0.3047,buy,56289,72.716287,652125,207895,4232446,0.2998,buy,121109,31.575076,119307,408420,2709149,0.1919,buy,29206,51.862117,776868,1194464,2875187,0.2037,buy,48697,47.704305,206664,552131,0.0
2009-08-26,14125005,71,False,,4301439,0.3045,buy,56289,72.716287,652125,208312,4225108,0.2991,buy,121109,31.575076,119307,401082,2710025,0.1919,buy,29206,51.862117,776868,1195340,2888363,0.2045,buy,48697,47.704305,206664,565306,0.0
2009-08-27,14145385,71,False,,4311030,0.3048,buy,56289,72.716287,652125,217902,4235595,0.2994,buy,121109,31.575076,119307,411569,2721707,0.1924,buy,29206,51.862117,776868,1207022,2876983,0.2034,buy,48697,47.704305,206664,553926,0.0
2009-08-28,14181779,71,False,,4310196,0.3039,buy,56289,72.716287,652125,217069,4239788,0.299,buy,121109,31.575076,119307,415762,2741567,0.1933,buy,29206,51.862117,776868,1226882,2890157,0.2038,buy,48697,47.704305,206664,567100,0.0
2009-08-31,14089406,71,False,,4271838,0.3032,buy,56289,72.716287,652125,178711,4196803,0.2979,buy,121109,31.575076,119307,372777,2727840,0.1936,buy,29206,51.862117,776868,1213155,2892854,0.2053,buy,48697,47.704305,206664,569797,-0.65
2009-09-01,13924149,71,False,,4177610,0.3,buy,56289,72.716287,652125,84483,4118170,0.2958,buy,121109,31.575076,119307,294144,2742443,0.197,buy,29206,51.862117,776868,1227758,2885854,0.2073,buy,48697,47.704305,206664,562797,-1.82
2009-09-02,14014104,71,False,,4161769,0.297,buy,56289,72.716287,652125,68642,4115026,0.2936,buy,121109,31.575076,119307,291001,2809325,0.2005,buy,29206,51.862117,776868,1294640,2927913,0.2089,buy,48697,47.704305,206664,604857,-1.18
2009-09-03,14095035,71,False,,4196375,0.2977,buy,56289,72.716287,652125,103248,4142285,0.2939,buy,121109,31.575076,119307,318259,2846417,0.2019,buy,29206,51.862117,776868,1331732,2909887,0.2064,buy,48697,47.704305,206664,586831,-0.61
2009-09-04,14195408,71,False,,4255160,0.2998,buy,56289,72.716287,652125,162033,4231399,0.2981,buy,121109,31.575076,119307,407373,2848461,0.2007,buy,29206,51.862117,776868,1333776,2860317,0.2015,buy,48697,47.704305,206664,537261,0.0
2009-09-08,14248892,71,False,,4291850,0.3012,buy,56289,72.716287,652125,198723,4271240,0.2998,buy,121109,31.575076,119307,447214,2845541,0.1997,buy,29206,51.862117,776868,1330856,2840190,0.1993,buy,48697,47.704305,206664,517134,0.0
2009-09-09,14304999,71,False,,4324787,0.3023,buy,56289,72.716287,652125,231660,4307935,0.3011,buy,121109,31.575076,119307,483909,2835319,0.1982,buy,29206,51.862117,776868,1320634,2836887,0.1983,buy,48697,47.704305,206664,513831,0.0
2009-09-10,14460461,71,False,,4368982,0.3021,buy,56289,72.716287,652125,275855,4348824,0.3007,buy,121109,31.575076,119307,524798,2853426,0.1973,buy,29206,51.862117,776868,1338741,2889158,0.1998,buy,48697,47.704305,206664,566101,0.0
2009-09-11,14511283,71,False,,4368147,0.301,buy,56289,72.716287,652125,275019,4353016,0.3,buy,121109,31.575076,119307,528990,2884969,0.1988,buy,29206,51.862117,776868,1370284,2905081,0.2002,buy,48697,47.704305,206664,582024,0.0
2009-09-14,14496534,71,False,,4389410,0.3028,buy,56289,72.716287,652125,296283,4369793,0.3014,buy,121109,31.575076,119307,545767,2861020,0.1974,buy,29206,51.862117,776868,1346335,2876240,0.1984,buy,48697,47.704305,206664,553184,-0.1
2009-09-15,14541238,71,False,,4407755,0.3031,buy,56289,72.716287,652125,314628,4383419,0.3014,buy,121109,31.575076,119307,559393,2888473,0.1986,buy,29206,51.862117,776868,1373788,2861520,0.1968,buy,48697,47.704305,206664,538464,0.0
2009-09-16,14706506,71,False,,4474464,0.3043,buy,56289,72.716287,652125,381337,4447373,0.3024,buy,121109,31.575076,119307,623347,2917972,0.1984,buy,29206,51.862117,776868,1403287,2866627,0.1949,buy,48697,47.704305,206664,543571,0.0
2009-09-17,14718193,71,False,,4467793,0.3036,buy,56289,72.716287,652125,374666,4446326,0.3021,buy,121109,31.575076,119307,622300,2901324,0.1971,buy,29206,51.862117,776868,1386639,2902679,0.1972,buy,48697,47.704305,206664,579623,0.0
2009-09-18,14683089,71,False,,4470643,0.3045,buy,56289,72.716287,652125,377516,4453777,0.3033,buy,121109,31.575076,119307,629751,2881756,0.1963,buy,29206,51.862117,776868,1367071,2876842,0.1959,buy,48697,47.704305,206664,553786,-0.24
2009-09-21,14682971,71,False,,4459330,0.3037,buy,56289,72.716287,652125,366203,4467418,0.3043,buy,121109,31.575076,119307,643392,2872702,0.1956,buy,29206,51.862117,776868,1358017,2883450,0.1964,buy,48697,47.704305,206664,560394,-0.24
2009-09-22,14761611,71,False,,4485303,0.3038,buy,56289,72.716287,652125,392175,4475817,0.3032,buy,121109,31.575076,119307,651791,2910962,0.1972,buy,29206,51.862117,776868,1396277,2889459,0.1957,buy,48697,47.704305,206664,566402,0.0
2009-09-23,14687519,71,False,,4448021,0.3028,buy,56289,72.716287,652125,354894,4454825,0.3033,buy,121109,31.575076,119307,630799,2886429,0.1965,buy,29206,51.862117,776868,1371744,2898174,0.1973,buy,48697,47.704305,206664,575117,-0.5
2009-09-24,14569655,71,False,,4399009,0.3019,buy,56289,72.716287,652125,305882,4414946,0.303,buy,121109,31.575076,119307,590920,2849045,0.1955,buy,29206,51.862117,776868,1334360,2906585,0.1995,buy,48697,47.704305,206664,583528,-1.3
2009-09-25,14528256,71,False,,4375550,0.3012,buy,56289,72.716287,652125,282423,4376119,0.3012,buy,121109,31.575076,119307,552093,2832982,0.195,buy,29206,51.862117,776868,1318297,2943534,0.2026,buy,48697,47.704305,206664,620478,-1.58
2009-09-28,14708399,71,False,,4453885,0.3028,buy,56289,72.716287,652125,360758,4450629,0.3026,buy,121109,31.575076,119307,626603,2834442,0.1927,buy,29206,51.862117,776868,1319757,2969372,0.2019,buy,48697,47.704305,206664,646315,-0.36
2009-09-29,14683445,71,False,,4440478,0.3024,buy,56289,72.716287,652125,347351,4430688,0.3017,buy,121109,31.575076,119307,606662,2845541,0.1938,buy,29206,51.862117,776868,1330856,2966667,0.202,buy,48697,47.704305,206664,643610,-0.53
2009-09-30,14708188,71,False,,4423306,0.3007,buy,56289,72.716287,652125,330179,4433836,0.3015,buy,121109,31.575076,119307,609810,2887013,0.1963,buy,29206,51.862117,776868,1372328,2963962,0.2015,buy,48697,47.704305,206664,640906,-0.36
2009-10-01,14479813,71,False,,4313549,0.2979,buy,56289,72.716287,652125,220422,4302659,0.2971,buy,121109,31.575076,119307,478633,2858975,0.1974,buy,29206,51.862117,776868,1344290,3004559,0.2075,buy,48697,47.704305,206664,681503,-1.91
2009-10-02,14440334,71,False,,4293441,0.2973,buy,56289,72.716287,652125,200314,4290065,0.2971,buy,121109,31.575076,119307,466039,2872994,0.199,buy,29206,51.862117,776868,1358309,2983763,0.2066,buy,48697,47.704305,206664,660707,-2.18
2009-10-05,14581707,71,False,,4357534,0.2988,buy,56289,72.716287,652125,264407,4324695,0.2966,buy,121109,31.575076,119307,500669,2915343,0.1999,buy,29206,51.862117,776868,1400658,2984064,0.2046,buy,48697,47.704305,206664,661007,-1.22
2009-10-06,14763049,71,False,,4419953,0.2994,buy,56289,72.716287,652125,326826,4401305,0.2981,buy,121109,31.575076,119307,577279,2987190,0.2023,buy,29206,51.862117,776868,1472505,2954530,0.2001,buy,48697,47.704305,206664,631474,0.0
2009-10-07,14824788,71,False,,4432103,0.299,buy,56289,72.716287,652125,338975,4413899,0.2977,buy,121109,31.575076,119307,589873,2989526,0.2017,buy,29206,51.862117,776868,1474841,2989189,0.2016,buy,48697,47.704305,206664,666133,0.0
2009-10-08,14883648,71,False,,4466033,0.3001,buy,56289,72.716287,652125,372906,4432787,0.2978,buy,121109,31.575076,119307,608761,3026910,0.2034,buy,29206,51.862117,776868,1512225,2957847,0.1987,buy,48697,47.704305,206664,634790,0.0
2009-10-09,14844893,71,False,,4493264,0.3027,buy,56289,72.716287,652125,400137,4457974,0.3003,buy,121109,31.575076,119307,633948,3003545,0.2023,buy,29206,51.862117,776868,1488860,2890039,0.1947,buy,48697,47.704305,206664,566983,-0.26
2009-10-12,14897480,71,False,,4510856,0.3028,buy,56289,72.716287,652125,417729,4467418,0.2999,buy,121109,31.575076,119307,643392,3024573,0.203,buy,29206,51.862117,776868,1509888,2894563,0.1943,buy,48697,47.704305,206664,571506,0.0
2009-10-13,14924827,71,False,,4501642,0.3016,buy,56289,72.716287,652125,408515,4468468,0.2994,buy,121109,31.575076,119307,644442,3045018,0.204,buy,29206,51.862117,776868,1530333,2909628,0.195,buy,48697,47.704305,206664,586571,0.0
2009-10-14,15017761,71,False,,4579141,0.3049,buy,56289,72.716287,652125,486014,4529334,0.3016,buy,121109,31.575076,119307,705308,3042681,0.2026,buy,29206,51.862117,776868,1527996,2866534,0.1909,buy,48697,47.704305,206664,543477,0.0
2009-10-15,14972213,71,False,,4595897,0.307,buy,56289,72.716287,652125,502770,4518841,0.3018,buy,121109,31.575076,119307,694815,3004129,0.2006,buy,29206,51.862117,776868,1489444,2853275,0.1906,buy,48697,47.704305,206664,530218,-0.3
2009-10-16,14941027,71,False,,4561546,0.3053,buy,56289,72.716287,652125,468419,4489455,0.3005,buy,121109,31.575076,119307,665429,3013475,0.2017,buy,29206,51.862117,776868,1498790,2876479,0.1925,buy,48697,47.704305,206664,553423,-0.51
2009-10-19,15077123,71,False,,4599249,0.305,buy,56289,72.716287,652125,506122,4534580,0.3008,buy,121109,31.575076,119307,710554,3044141,0.2019,buy,29206,51.862117,776868,1529456,2899082,0.1923,buy,48697,47.704305,206664,576025,0.0
2009-10-20,15045889,71,False,,4574951,0.3041,buy,56289,72.716287,652125,481824,4535631,0.3015,buy,121109,31.575076,119307,711605,3020484,0.2008,buy,29206,51.862117,776868,1505799,2914752,0.1937,buy,48697,47.704305,206664,591695,-0.21
2009-10-21,14988599,71,False,,4533897,0.3025,buy,56289,72.716287,652125,440770,4527235,0.302,buy,121109,31.575076,119307,703209,3030122,0.2022,buy,29206,51.862117,776868,1515438,2897273,0.1933,buy,48697,47.704305,206664,574217,-0.59
2009-10-22,15043322,71,False,,4579979,0.3045,buy,56289,72.716287,652125,486852,4545076,0.3021,buy,121109,31.575076,119307,721050,3035087,0.2018,buy,29206,51.862117,776868,1520402,2883108,0.1917,buy,48697,47.704305,206664,560051,-0.22
2009-10-23,14937813,71,False,,4527615,0.3031,buy,56289,72.716287,652125,434488,4526188,0.303,buy,121109,31.575076,119307,702162,3022529,0.2023,buy,29206,51.862117,776868,1507844,2861411,0.1916,buy,48697,47.704305,206664,538354,-0.92
2009-10-26,14789434,71,False,,4478601,0.3028,buy,56289,72.716287,652125,385474,4511495,0.305,buy,121109,31.575076,119307,687469,2974923,0.2012,buy,29206,51.862117,776868,1460238,2824344,0.191,buy,48697,47.704305,206664,501288,-1.91
2009-10-27,14738976,71,False,,4458075,0.3025,buy,56289,72.716287,652125,364948,4443281,0.3015,buy,121109,31.575076,119307,619255,2974631,0.2018,buy,29206,51.862117,776868,1459946,2862919,0.1942,buy,48697,47.704305,206664,539862,-2.24
2009-10-28,14535926,71,False,,4373872,0.3009,buy,56289,72.716287,652125,280745,4343584,0.2988,buy,121109,31.575076,119307,519558,2941920,0.2024,buy,29206,51.862117,776868,1427235,2876479,0.1979,buy,48697,47.704305,206664,553423,-3.59
2009-10-29,14729129,71,False,,4467711,0.3033,buy,56289,72.716287,652125,374584,4417045,0.2999,buy,121109,31.575076,119307,593020,2999164,0.2036,buy,29206,51.862117,776868,1484479,2845137,0.1932,buy,48697,47.704305,206664,522081,-2.31
2009-10-30,14517711,71,False,,4338266,0.2988,buy,56289,72.716287,652125,245139,4298460,0.2961,buy,121109,31.575076,119307,474434,2994491,0.2063,buy,29206,51.862117,776868,1479806,2886424,0.1988,buy,48697,47.704305,206664,563367,-3.71
2009-11-02,14596103,71,False,,4370104,0.2994,buy,56289,72.716287,652125,276976,4316299,0.2957,buy,121109,31.575076,119307,492273,3035964,0.208,buy,29206,51.862117,776868,1521279,2873665,0.1969,buy,48697,47.704305,206664,550609,-3.19
2009-11-03,14668157,71,False,,4383926,0.2989,buy,56289,72.716287,652125,290799,4329943,0.2952,buy,121109,31.575076,119307,505917,3109271,0.212,buy,29206,51.862117,776868,1594586,2844946,0.194,buy,48697,47.704305,206664,521889,-2.71
2009-11-04,14679504,71,False,,4395238,0.2994,buy,56289,72.716287,652125,302111,4337290,0.2955,buy,121109,31.575076,119307,513265,3127963,0.2131,buy,29206,51.862117,776868,1613278,2818943,0.192,buy,48697,47.704305,206664,495886,-2.64
2009-11-05,14863889,71,False,,4476088,0.3011,buy,56289,72.716287,652125,382961,4444329,0.299,buy,121109,31.575076,119307,620304,3124458,0.2102,buy,29206,51.862117,776868,1609773,2818943,0.1897,buy,48697,47.704305,206664,495886,-1.41
2009-11-06,14917721,71,False,,4487820,0.3008,buy,56289,72.716287,652125,394692,4470567,0.2997,buy,121109,31.575076,119307,646541,3137601,0.2103,buy,29206,51.862117,776868,1622916,2821664,0.1891,buy,48697,47.704305,206664,498607,-1.06
2009-11-09,15140956,71,False,,4590032,0.3032,buy,56289,72.716287,652125,496905,4566064,0.3016,buy,121109,31.575076,119307,742038,3159797,0.2087,buy,29206,51.862117,776868,1645112,2824992,0.1866,buy,48697,47.704305,206664,501935,0.0
2009-11-10,15154039,71,False,,4590870,0.3029,buy,56289,72.716287,652125,497743,4577610,0.3021,buy,121109,31.575076,119307,753584,3165638,0.2089,buy,29206,51.862117,776868,1650953,2819850,0.1861,buy,48697,47.704305,206664,496794,0.0
2009-11-11,15254013,71,False,,4614329,0.3025,buy,56289,72.716287,652125,521202,4606993,0.302,buy,121109,31.575076,119307,782967,3200978,0.2098,buy,29206,51.862117,776868,1686293,2831643,0.1856,buy,48697,47.704305,206664,508587,0.0
2009-11-12,15135122,71,False,,4567411,0.3018,buy,56289,72.716287,652125,474284,4580758,0.3027,buy,121109,31.575076,119307,756732,3160381,0.2088,buy,29206,51.862117,776868,1645696,2826502,0.1868,buy,48697,47.704305,206664,503445,-0.78
2009-11-13,15255302,71,False,,4592128,0.301,buy,56289,72.716287,652125,499001,4618536,0.3027,buy,121109,31.575076,119307,794510,3205066,0.2101,buy,29206,51.862117,776868,1690381,2839501,0.1861,buy,48697,47.704305,206664,516444,0.0
2009-11-16,15457589,71,False,,4658735,0.3014,buy,56289,72.716287,652125,565607,4665761,0.3018,buy,121109,31.575076,119307,841735,3260266,0.2109,buy,29206,51.862117,776868,1745581,2872757,0.1858,buy,48697,47.704305,206664,549700,0.0
2009-11-17,15503079,71,False,,4664182,0.3009,buy,56289,72.716287,652125,571055,4680453,0.3019,buy,121109,31.575076,119307,856427,3270196,0.2109,buy,29206,51.862117,776868,1755511,2888178,0.1863,buy,48697,47.704305,206664,565121,0.0
2009-11-18,15465152,71,False,,4661247,0.3014,buy,56289,72.716287,652125,568120,4654216,0.3009,buy,121109,31.575076,119307,830190,3278374,0.212,buy,29206,51.862117,776868,1763689,2871244,0.1857,buy,48697,47.704305,206664,548188,-0.24
2009-11-19,15338603,71,False,,4600505,0.2999,buy,56289,72.716287,652125,507378,4581806,0.2987,buy,121109,31.575076,119307,757780,3279834,0.2138,buy,29206,51.862117,776868,1765149,2876388,0.1875,buy,48697,47.704305,206664,553331,-1.06
2009-11-20,15317264,71,False,,4584168,0.2993,buy,56289,72.716287,652125,491041,4558719,0.2976,buy,121109,31.575076,119307,734693,3298526,0.2153,buy,29206,51.862117,776868,1783841,2875781,0.1877,buy,48697,47.704305,206664,552724,-1.2
2009-11-23,15484753,71,False,,4642396,0.2998,buy,56289,72.716287,652125,549269,4632178,0.2991,buy,121109,31.575076,119307,808152,3337954,0.2156,buy,29206,51.862117,776868,1823269,2872155,0.1855,buy,48697,47.704305,206664,549098,-0.12
2009-11-24,15507123,71,False,,4649518,0.2998,buy,56289,72.716287,652125,556391,4616435,0.2977,buy,121109,31.575076,119307,792409,3350804,0.2161,buy,29206,51.862117,776868,1836119,2890295,0.1864,buy,48697,47.704305,206664,567238,0.0
2009-11-25,15611906,71,False,,4665856,0.2989,buy,56289,72.716287,652125,572729,4636378,0.297,buy,121109,31.575076,119307,812352,3406004,0.2182,buy,29206,51.862117,776868,1891319,2903598,0.186,buy,48697,47.704305,206664,580541,0.0
2009-11-27,15431090,71,False,,4590032,0.2975,buy,56289,72.716287,652125,496905,4566064,0.2959,buy,121109,31.575076,119307,742038,3360442,0.2178,buy,29206,51.862117,776868,1845757,2914480,0.1889,buy,48697,47.704305,206664,591424,-1.16
2009-11-30,15475732,71,False,,4605532,0.2976,buy,56289,72.716287,652125,512405,4571313,0.2954,buy,121109,31.575076,119307,747287,3377382,0.2182,buy,29206,51.862117,776868,1862697,2921435,0.1888,buy,48697,47.704305,206664,598378,-0.87
2009-12-01,15598203,71,False,,4662506,0.2989,buy,56289,72.716287,652125,569378,4618536,0.2961,buy,121109,31.575076,119307,794510,3428200,0.2198,buy,29206,51.862117,776868,1913515,2888891,0.1852,buy,48697,47.704305,206664,565834,-0.09
2009-12-02,15657400,71,False,,4660410,0.2976,buy,56289,72.716287,652125,567283,4624832,0.2954,buy,121109,31.575076,119307,800807,3480771,0.2223,buy,29206,51.862117,776868,1966086,2891315,0.1847,buy,48697,47.704305,206664,568259,0.0
2009-12-03,15558017,71,False,,4623964,0.2972,buy,56289,72.716287,652125,530837,4605942,0.296,buy,121109,31.575076,119307,781916,3466752,0.2228,buy,29206,51.862117,776868,1952067,2861289,0.1839,buy,48697,47.704305,206664,538232,-0.63
2009-12-04,15433650,71,False,,4650356,0.3013,buy,56289,72.716287,652125,557229,4630079,0.3,buy,121109,31.575076,119307,806053,3322182,0.2153,buy,29206,51.862117,776868,1807498,2830962,0.1834,buy,48697,47.704305,206664,507906,-1.43
2009-12-07,15389436,71,False,,4643234,0.3017,buy,56289,72.716287,652125,550107,4608040,0.2994,buy,121109,31.575076,119307,784014,3303491,0.2147,buy,29206,51.862117,776868,1788806,2834600,0.1842,buy,48697,47.704305,206664,511544,-1.71
2009-12-08,15250739,71,False,,4591709,0.3011,buy,56289,72.716287,652125,498582,4579704,0.3003,buy,121109,31.575076,119307,755679,3240406,0.2125,buy,29206,51.862117,776868,1725721,2838850,0.1861,buy,48697,47.704305,206664,515793,-2.6
2009-12-09,15297834,71,False,,4608884,0.3013,buy,56289,72.716287,652125,515757,4625882,0.3024,buy,121109,31.575076,119307,801856,3237193,0.2116,buy,29206,51.862117,776868,1722508,2825804,0.1847,buy,48697,47.704305,206664,502747,-2.3
2009-12-10,15313856,71,False,,4634856,0.3027,buy,56289,72.716287,652125,541729,4648970,0.3036,buy,121109,31.575076,119307,824944,3236609,0.2114,buy,29206,51.862117,776868,1721924,2793350,0.1824,buy,48697,47.704305,206664,470294,-2.19
2009-12-11,15271596,71,False,,4654545,0.3048,buy,56289,72.716287,652125,561418,4631130,0.3033,buy,121109,31.575076,119307,807104,3192800,0.2091,buy,29206,51.862117,776868,1678115,2793050,0.1829,buy,48697,47.704305,206664,469994,-2.46
2009-12-14,15377716,71,False,,4686383,0.3048,buy,56289,72.716287,652125,593256,4675206,0.304,buy,121109,31.575076,119307,851180,3219669,0.2094,buy,29206,51.862117,776868,1704984,2796386,0.1818,buy,48697,47.704305,206664,473329,-1.79
2009-12-15,15316386,71,False,,4664599,0.3045,buy,56289,72.716287,652125,571472,4648970,0.3035,buy,121109,31.575076,119307,824944,3218793,0.2102,buy,29206,51.862117,776868,1704108,2783953,0.1818,buy,48697,47.704305,206664,460896,-2.18
2009-12-16,15366769,71,False,,4671721,0.304,buy,56289,72.716287,652125,578594,4655266,0.3029,buy,121109,31.575076,119307,831240,3259097,0.2121,buy,29206,51.862117,776868,1744412,2780614,0.1809,buy,48697,47.704305,206664,457557,-1.86
2009-12-17,15175637,71,False,,4615586,0.3041,buy,56289,72.716287,652125,522459,4598596,0.303,buy,121109,31.575076,119307,774570,3134972,0.2066,buy,29206,51.862117,776868,1620287,2826413,0.1862,buy,48697,47.704305,206664,503357,-3.08
2009-12-18,15311587,71,False,,4641698,0.3031,buy,56289,72.716287,652125,548571,4673547,0.3052,buy,121109,31.575076,119307,849521,3181994,0.2078,buy,29206,51.862117,776868,1667309,2814278,0.1838,buy,48697,47.704305,206664,491221,-2.21
2009-12-21,15302863,71,False,,4688870,0.3064,buy,56289,72.716287,652125,595742,4726103,0.3088,buy,121109,31.575076,119307,902077,3123582,0.2041,buy,29206,51.862117,776868,1608897,2764238,0.1806,buy,48697,47.704305,206664,441182,-2.26
2009-12-22,15309844,71,False,,4705715,0.3074,buy,56289,72.716287,652125,612588,4754488,0.3106,buy,121109,31.575076,119307,930462,3100801,0.2025,buy,29206,51.862117,776868,1586116,2748770,0.1795,buy,48697,47.704305,206664,425713,-2.22
2009-12-23,15365501,71,False,,4714982,0.3069,buy,56289,72.716287,652125,621855,4789176,0.3117,buy,121109,31.575076,119307,965150,3111899,0.2025,buy,29206,51.862117,776868,1597214,2749373,0.1789,buy,48697,47.704305,206664,426317,-1.86
2009-12-24,15456326,71,False,,4737304,0.3065,buy,56289,72.716287,652125,644176,4833325,0.3127,buy,121109,31.575076,119307,1009299,3164762,0.2048,buy,29206,51.862117,776868,1650077,2720865,0.176,buy,48697,47.704305,206664,397808,-1.28
2009-12-28,15489633,71,False,,4747412,0.3065,buy,56289,72.716287,652125,654285,4858554,0.3137,buy,121109,31.575076,119307,1034528,3170311,0.2047,buy,29206,51.862117,776868,1655626,2713284,0.1752,buy,48697,47.704305,206664,390228,-1.07
2009-12-29,15449274,71,False,,4740673,0.3069,buy,56289,72.716287,652125,647546,4838581,0.3132,buy,121109,31.575076,119307,1014555,3138769,0.2032,buy,29206,51.862117,776868,1624084,2731180,0.1768,buy,48697,47.704305,206664,408124,-1.33
2009-12-30,15464491,71,False,,4738987,0.3064,buy,56289,72.716287,652125,645860,4853298,0.3138,buy,121109,31.575076,119307,1029272,3122998,0.2019,buy,29206,51.862117,776868,1608313,2749138,0.1778,buy,48697,47.704305,206664,426081,-1.23
2009-12-31,15372867,71,False,,4693503,0.3053,buy,56289,72.716287,652125,600375,4809148,0.3128,buy,121109,31.575076,119307,985122,3134096,0.2039,buy,29206,51.862117,776868,1619411,2736051,0.178,buy,48697,47.704305,206664,412994,-1.82
2010-01-04,15593182,71,False,,4773103,0.3061,buy,56289,72.716287,652125,679976,4879576,0.3129,buy,121109,31.575076,119307,1055551,3206819,0.2057,buy,29206,51.862117,776868,1692134,2733613,0.1753,buy,48697,47.704305,206664,410557,-0.41
2010-01-05,15619395,40,True,monthly,4690004,0.3003,buy,55163,72.716287,665382,678756,4677236,0.2995,buy,116087,31.575076,162340,1011780,3115699,0.1995,buy,28402,51.862117,823250,1642711,3136415,0.2008,buy,55514,48.778757,206664,428511,-0.24
2010-01-06,15603904,40,False,,4693306,0.3008,buy,55163,72.716287,665382,682057,4649023,0.2979,buy,116087,31.575076,162340,983568,3167107,0.203,buy,28402,51.862117,823250,1694119,3094427,0.1983,buy,55514,48.778757,206664,386523,-0.34
2010-01-07,15612347,40,False,,4713120,0.3019,buy,55163,72.716287,665382,701872,4652047,0.298,buy,116087,31.575076,162340,986591,3147510,0.2016,buy,28402,51.862117,823250,1674522,3099630,0.1985,buy,55514,48.778757,206664,391726,-0.29
2010-01-08,15680554,40,False,,4728803,0.3016,buy,55163,72.716287,665382,717554,4690335,0.2991,buy,116087,31.575076,162340,1024879,3163131,0.2017,buy,28402,51.862117,823250,1690143,3098246,0.1976,buy,55514,48.778757,206664,390342,0.0
2010-01-11,15693045,40,False,,4735406,0.3018,buy,55163,72.716287,665382,724158,4671191,0.2977,buy,116087,31.575076,162340,1005736,3205166,0.2042,buy,28402,51.862117,823250,1732178,3081242,0.1963,buy,55514,48.778757,206664,373338,0.0
2010-01-12,15576151,40,False,,4691241,0.3012,buy,55163,72.716287,665382,679992,4612749,0.2961,buy,116087,31.575076,162340,947293,3138137,0.2015,buy,28402,51.862117,823250,1665149,3133984,0.2012,buy,55514,48.778757,206664,426080,-0.74
2010-01-13,15666603,40,False,,4730867,0.302,buy,55163,72.716287,665382,719619,4670185,0.2981,buy,116087,31.575076,162340,1004729,3167959,0.2022,buy,28402,51.862117,823250,1694971,3097551,0.1977,buy,55514,48.778757,206664,389647,-0.17
2010-01-14,15740718,40,False,,4743662,0.3014,buy,55163,72.716287,665382,732413,4674216,0.297,buy,116087,31.575076,162340,1008760,3181876,0.2021,buy,28402,51.862117,823250,1708888,3140925,0.1995,buy,55514,48.778757,206664,433021,0.0
2010-01-15,15619263,40,False,,4690417,0.3003,buy,55163,72.716287,665382,679168,4619804,0.2958,buy,116087,31.575076,162340,954348,3148646,0.2016,buy,28402,51.862117,823250,1675658,3160356,0.2023,buy,55514,48.778757,206664,452452,-0.77
2010-01-19,15762158,40,False,,4749027,0.3013,buy,55163,72.716287,665382,737778,4694366,0.2978,buy,116087,31.575076,162340,1028910,3167391,0.2009,buy,28402,51.862117,823250,1694403,3151334,0.1999,buy,55514,48.778757,206664,443430,0.0
2010-01-20,15605005,40,False,,4700736,0.3012,buy,55163,72.716287,665382,689488,4626858,0.2965,buy,116087,31.575076,162340,961402,3094114,0.1983,buy,28402,51.862117,823250,1621126,3183257,0.204,buy,55514,48.778757,206664,475353,-1.0
2010-01-21,15441270,40,False,,4610346,0.2986,buy,55163,72.716287,665382,599097,4583530,0.2968,buy,116087,31.575076,162340,918074,3049523,0.1975,buy,28402,51.862117,823250,1576535,3197831,0.2071,buy,55514,48.778757,206664,489927,-2.04
2010-01-22,15193256,40,False,,4507574,0.2967,buy,55163,72.716287,665382,496325,4449523,0.2929,buy,116087,31.575076,162340,784067,3043842,0.2003,buy,28402,51.862117,823250,1570854,3192276,0.2101,buy,55514,48.778757,206664,484372,-3.61
2010-01-25,15225712,40,False,,4530684,0.2976,buy,55163,72.716287,665382,519435,4464637,0.2932,buy,116087,31.575076,162340,799181,3052647,0.2005,buy,28402,51.862117,823250,1579659,3177704,0.2087,buy,55514,48.778757,206664,469800,-3.4
2010-01-26,15214071,40,False,,4511700,0.2965,buy,55163,72.716287,665382,500451,4468665,0.2937,buy,116087,31.575076,162340,803209,3054919,0.2008,buy,28402,51.862117,823250,1581931,3178747,0.2089,buy,55514,48.778757,206664,470843,-3.48
2010-01-27,15239810,40,False,,4533163,0.2975,buy,55163,72.716287,665382,521915,4503931,0.2955,buy,116087,31.575076,162340,838476,3025665,0.1985,buy,28402,51.862117,823250,1552677,3177010,0.2085,buy,55514,48.778757,206664,469106,-3.31
2010-01-28,15068775,40,False,,4481155,0.2974,buy,55163,72.716287,665382,469907,4388058,0.2912,buy,116087,31.575076,162340,722603,3024245,0.2007,buy,28402,51.862117,823250,1551257,3175276,0.2107,buy,55514,48.778757,206664,467372,-4.4
2010-01-29,14956485,40,False,,4432453,0.2964,buy,55163,72.716287,665382,421204,4311483,0.2883,buy,116087,31.575076,162340,646027,3009476,0.2012,buy,28402,51.862117,823250,1536488,3203034,0.2142,buy,55514,48.778757,206664,495130,-5.11
2010-02-01,15111576,40,False,,4501381,0.2979,buy,55163,72.716287,665382,490132,4358839,0.2884,buy,116087,31.575076,162340,693383,3077357,0.2036,buy,28402,51.862117,823250,1604369,3173960,0.21,buy,55514,48.778757,206664,466056,-4.13
2010-02-02,15236560,40,False,,4555864,0.299,buy,55163,72.716287,665382,544615,4398133,0.2887,buy,116087,31.575076,162340,732677,3099510,0.2034,buy,28402,51.862117,823250,1626522,3183013,0.2089,buy,55514,48.778757,206664,475109,-3.33
2010-02-03,15188920,40,False,,4533163,0.2985,buy,55163,72.716287,665382,521915,4422316,0.2912,buy,116087,31.575076,162340,756860,3087297,0.2033,buy,28402,51.862117,823250,1614309,3146103,0.2071,buy,55514,48.778757,206664,438199,-3.64
2010-02-04,14847848,40,False,,4393242,0.2959,buy,55163,72.716287,665382,381994,4294352,0.2892,buy,116087,31.575076,162340,628896,2964317,0.1996,buy,28402,51.862117,823250,1491329,3195897,0.2152,buy,55514,48.778757,206664,487993,-5.8
2010-02-05,14908969,40,False,,4402322,0.2953,buy,55163,72.716287,665382,391073,4330626,0.2905,buy,116087,31.575076,162340,665170,2973121,0.1994,buy,28402,51.862117,823250,1500134,3202860,0.2148,buy,55514,48.778757,206664,494956,-5.41
2010-02-08,14831955,40,False,,4370542,0.2947,buy,55163,72.716287,665382,359293,4299390,0.2899,buy,116087,31.575076,162340,633934,2954944,0.1992,buy,28402,51.862117,823250,1481956,3207039,0.2162,buy,55514,48.778757,206664,499135,-5.9
2010-02-09,14938057,40,False,,4425435,0.2963,buy,55163,72.716287,665382,414187,4343725,0.2908,buy,116087,31.575076,162340,678269,2993855,0.2004,buy,28402,51.862117,823250,1520867,3175002,0.2125,buy,55514,48.778757,206664,467098,-5.23
2010-02-10,14881794,40,False,,4416769,0.2968,buy,55163,72.716287,665382,405520,4334658,0.2913,buy,116087,31.575076,162340,669202,2985618,0.2006,buy,28402,51.862117,823250,1512630,3144708,0.2113,buy,55514,48.778757,206664,436805,-5.59
2010-02-11,15033540,40,False,,4462994,0.2969,buy,55163,72.716287,665382,451746,4400150,0.2927,buy,116087,31.575076,162340,734694,3042706,0.2024,buy,28402,51.862117,823250,1569718,3127649,0.208,buy,55514,48.778757,206664,419745,-4.62
2010-02-12,15049215,40,False,,4459280,0.2963,buy,55163,72.716287,665382,448031,4409215,0.293,buy,116087,31.575076,162340,743760,3040150,0.202,buy,28402,51.862117,823250,1567162,3140529,0.2087,buy,55514,48.778757,206664,432626,-4.52
2010-02-16,15255010,40,False,,4529448,0.2969,buy,55163,72.716287,665382,518200,4465643,0.2927,buy,116087,31.575076,162340,800188,3113427,0.2041,buy,28402,51.862117,823250,1640439,3146451,0.2063,buy,55514,48.778757,206664,438547,-3.22
2010-02-17,15255283,40,False,,4550910,0.2983,buy,55163,72.716287,665382,539662,4490833,0.2944,buy,116087,31.575076,162340,825377,3102918,0.2034,buy,28402,51.862117,823250,1629931,3110581,0.2039,buy,55514,48.778757,206664,402677,-3.22
2010-02-18,15318527,40,False,,4577739,0.2988,buy,55163,72.716287,665382,566491,4519046,0.295,buy,116087,31.575076,162340,853590,3123652,0.2039,buy,28402,51.862117,823250,1650664,3098049,0.2022,buy,55514,48.778757,206664,390145,-2.81
2010-02-19,15328233,40,False,,4587232,0.2993,buy,55163,72.716287,665382,575983,4517030,0.2947,buy,116087,31.575076,162340,851574,3109167,0.2028,buy,28402,51.862117,823250,1636179,3114764,0.2032,buy,55514,48.778757,206664,406860,-2.75
2010-02-22,15295745,40,False,,4588057,0.3,buy,55163,72.716287,665382,576808,4507961,0.2947,buy,116087,31.575076,162340,842505,3097806,0.2025,buy,28402,51.862117,823250,1624818,3101881,0.2028,buy,55514,48.778757,206664,393977,-2.96
2010-02-23,15196473,40,False,,4532337,0.2982,buy,55163,72.716287,665382,521088,4449523,0.2928,buy,116087,31.575076,162340,784067,3064292,0.2016,buy,28402,51.862117,823250,1591304,3150280,0.2073,buy,55514,48.778757,206664,442376,-3.59
2010-02-24,15276108,40,False,,4574024,0.2994,buy,55163,72.716287,665382,562776,4494862,0.2942,buy,116087,31.575076,162340,829406,3049239,0.1996,buy,28402,51.862117,823250,1576251,3157943,0.2067,buy,55514,48.778757,206664,450039,-3.08
2010-02-25,15313650,40,False,,4567833,0.2983,buy,55163,72.716287,665382,556585,4493856,0.2935,buy,116087,31.575076,162340,828400,3076221,0.2009,buy,28402,51.862117,823250,1603233,3175700,0.2074,buy,55514,48.778757,206664,467796,-2.85
2010-02-26,15380834,40,False,,4570721,0.2972,buy,55163,72.716287,665382,559472,4509976,0.2932,buy,116087,31.575076,162340,844520,3108031,0.2021,buy,28402,51.862117,823250,1635043,3192066,0.2075,buy,55514,48.778757,206664,484162,-2.42
2010-03-01,15492397,40,False,,4618188,0.2981,buy,55163,72.716287,665382,606939,4575469,0.2953,buy,116087,31.575076,162340,910013,3108031,0.2006,buy,28402,51.862117,823250,1635043,3190669,0.206,buy,55514,48.778757,206664,482765,-1.71
2010-03-02,15560265,40,False,,4630983,0.2976,buy,55163,72.716287,665382,619734,4589576,0.295,buy,116087,31.575076,162340,924120,3153190,0.2026,buy,28402,51.862117,823250,1680202,3186476,0.2048,buy,55514,48.778757,206664,478572,-1.28
2010-03-03,15578724,40,False,,4635110,0.2975,buy,55163,72.716287,665382,623861,4594615,0.2949,buy,116087,31.575076,162340,929159,3170515,0.2035,buy,28402,51.862117,823250,1697527,3178444,0.204,buy,55514,48.778757,206664,470540,-1.16
2010-03-04,15601916,40,False,,4649143,0.298,buy,55163,72.716287,665382,637894,4609728,0.2955,buy,116087,31.575076,162340,944272,3147794,0.2018,buy,28402,51.862117,823250,1674806,3195211,0.2048,buy,55514,48.778757,206664,487307,-1.02
2010-03-05,15695407,40,False,,4715596,0.3004,buy,55163,72.716287,665382,704347,4679253,0.2981,buy,116087,31.575076,162340,1013797,3147226,0.2005,buy,28402,51.862117,823250,1674238,3153292,0.2009,buy,55514,48.778757,206664,445388,-0.42
2010-03-08,15662462,40,False,,4716419,0.3011,buy,55163,72.716287,665382,705170,4688319,0.2993,buy,116087,31.575076,162340,1022864,3120812,0.1993,buy,28402,51.862117,823250,1647824,3136871,0.2003,buy,55514,48.778757,206664,428967,-0.63
2010-03-09,15692661,40,False,,4724262,0.301,buy,55163,72.716287,665382,713013,4714517,0.3004,buy,116087,31.575076,162340,1049061,3116267,0.1986,buy,28402,51.862117,823250,1643280,3137575,0.1999,buy,55514,48.778757,206664,429671,-0.44
2010-03-10,15708462,40,False,,4745311,0.3021,buy,55163,72.716287,665382,734063,4752806,0.3026,buy,116087,31.575076,162340,1087350,3080765,0.1961,buy,28402,51.862117,823250,1607777,3129539,0.1992,buy,55514,48.778757,206664,421635,-0.34
2010-03-11,15761630,40,False,,4765126,0.3023,buy,55163,72.716287,665382,753877,4770942,0.3027,buy,116087,31.575076,162340,1105486,3084457,0.1957,buy,28402,51.862117,823250,1611469,3141065,0.1993,buy,55514,48.778757,206664,433161,-0.0
2010-03-12,15764149,40,False,,4765537,0.3023,buy,55163,72.716287,665382,754288,4771951,0.3027,buy,116087,31.575076,162340,1106495,3065996,0.1945,buy,28402,51.862117,823250,1593008,3160625,0.2005,buy,55514,48.778757,206664,452721,0.0
2010-03-15,15760751,40,False,,4766774,0.3024,buy,55163,72.716287,665382,755526,4759859,0.302,buy,116087,31.575076,162340,1094403,3077641,0.1953,buy,28402,51.862117,823250,1604653,3156436,0.2003,buy,55514,48.778757,206664,448532,-0.02
2010-03-16,15912043,40,False,,4804749,0.302,buy,55163,72.716287,665382,793500,4790086,0.301,buy,116087,31.575076,162340,1124631,3135581,0.1971,buy,28402,51.862117,823250,1662593,3181587,0.1999,buy,55514,48.778757,206664,473683,0.0
2010-03-17,15944238,40,False,,4833226,0.3031,buy,55163,72.716287,665382,821977,4803185,0.3012,buy,116087,31.575076,162340,1137729,3112575,0.1952,buy,28402,51.862117,823250,1639587,3195211,0.2004,buy,55514,48.778757,206664,487307,0.0
2010-03-18,15968702,40,False,,4830750,0.3025,buy,55163,72.716287,665382,819501,4819306,0.3018,buy,116087,31.575076,162340,1153850,3133877,0.1963,buy,28402,51.862117,823250,1660889,3184729,0.1994,buy,55514,48.778757,206664,476826,0.0
2010-03-19,15859742,40,False,,4806299,0.3031,buy,55163,72.716287,665382,795051,4790156,0.302,buy,116087,31.575076,162340,1124701,3075369,0.1939,buy,28402,51.862117,823250,1602381,3187877,0.201,buy,55514,48.778757,206664,479973,-0.68
2010-03-22,15917248,40,False,,4831993,0.3036,buy,55163,72.716287,665382,820745,4833531,0.3037,buy,116087,31.575076,162340,1168075,3060316,0.1923,buy,28402,51.862117,823250,1587328,3191368,0.2005,buy,55514,48.778757,206664,483464,-0.32
2010-03-23,15985682,40,False,,4865977,0.3044,buy,55163,72.716287,665382,854729,4866814,0.3044,buy,116087,31.575076,162340,1201358,3076505,0.1925,buy,28402,51.862117,823250,1603517,3176346,0.1987,buy,55514,48.778757,206664,468442,0.0
2010-03-24,15823507,40,False,,4842355,0.306,buy,55163,72.716287,665382,831107,4843617,0.3061,buy,116087,31.575076,162340,1178162,3019133,0.1908,buy,28402,51.862117,823250,1546145,3118361,0.1971,buy,55514,48.778757,206664,410457,-1.01
2010-03-25,15802293,40,False,,4834480,0.3059,buy,55163,72.716287,665382,823232,4836558,0.3061,buy,116087,31.575076,162340,1171102,3032766,0.1919,buy,28402,51.862117,823250,1559778,3098449,0.1961,buy,55514,48.778757,206664,390545,-1.15
2010-03-26,15864574,40,False,,4831578,0.3046,buy,55163,72.716287,665382,820330,4841599,0.3052,buy,116087,31.575076,162340,1176144,3084173,0.1944,buy,28402,51.862117,823250,1611185,3107182,0.1959,buy,55514,48.778757,206664,399278,-0.76
2010-03-29,15911107,40,False,,4862248,0.3056,buy,55163,72.716287,665382,850999,4864797,0.3057,buy,116087,31.575076,162340,1199342,3088718,0.1941,buy,28402,51.862117,823250,1615730,3095304,0.1945,buy,55514,48.778757,206664,387400,-0.47
2010-03-30,15918194,40,False,,4865565,0.3057,buy,55163,72.716287,665382,854316,4880937,0.3066,buy,116087,31.575076,162340,1215481,3066564,0.1926,buy,28402,51.862117,823250,1593576,3105087,0.1951,buy,55514,48.778757,206664,397183,-0.42
2010-03-31,15927555,40,False,,4848985,0.3044,buy,55163,72.716287,665382,837737,4857738,0.305,buy,116087,31.575076,162340,1192282,3094398,0.1943,buy,28402,51.862117,823250,1621410,3126394,0.1963,buy,55514,48.778757,206664,418490,-0.36
2010-04-01,15990273,40,False,,4882141,0.3053,buy,55163,72.716287,665382,870892,4857738,0.3038,buy,116087,31.575076,162340,1192282,3131605,0.1958,buy,28402,51.862117,823250,1658617,3118750,0.195,buy,55514,48.778757,206664,410846,0.0
2010-04-05,16041450,40,False,,4921927,0.3068,buy,55163,72.716287,665382,910679,4903126,0.3057,buy,116087,31.575076,162340,1237670,3149498,0.1963,buy,28402,51.862117,823250,1676510,3066859,0.1912,buy,55514,48.778757,206664,358955,0.0
2010-04-06,16076061,40,False,,4933533,0.3069,buy,55163,72.716287,665382,922284,4917248,0.3059,buy,116087,31.575076,162340,1251792,3153474,0.1962,buy,28402,51.862117,823250,1680486,3071767,0.1911,buy,55514,48.778757,206664,363863,0.0
2010-04-07,16116514,40,False,,4905350,0.3044,buy,55163,72.716287,665382,894102,4905145,0.3044,buy,116087,31.575076,162340,1239689,3194941,0.1982,buy,28402,51.862117,823250,1721953,3111037,0.193,buy,55514,48.778757,206664,403133,0.0
2010-04-08,16150548,40,False,,4922342,0.3048,buy,55163,72.716287,665382,911093,4916240,0.3044,buy,116087,31.575076,162340,1250784,3199485,0.1981,buy,28402,51.862117,823250,1726498,3112440,0.1927,buy,55514,48.778757,206664,404537,0.0
2010-04-09,16247607,40,False,,4954669,0.3049,buy,55163,72.716287,665382,943421,4945492,0.3044,buy,116087,31.575076,162340,1280036,3227603,0.1987,buy,28402,51.862117,823250,1754615,3119803,0.192,buy,55514,48.778757,206664,411899,0.0
2010-04-12,16258102,40,False,,4962544,0.3052,buy,55163,72.716287,665382,951295,4949527,0.3044,buy,116087,31.575076,162340,1284071,3209710,0.1974,buy,28402,51.862117,823250,1736722,3136282,0.1929,buy,55514,48.778757,206664,428378,0.0
2010-04-13,16288130,40,False,,4966274,0.3049,buy,55163,72.716287,665382,955025,4974742,0.3054,buy,116087,31.575076,162340,1309286,3200621,0.1965,buy,28402,51.862117,823250,1727634,3146452,0.1932,buy,55514,48.778757,206664,438548,0.0
2010-04-14,16391570,40,False,,5022636,0.3064,buy,55163,72.716287,665382,1011388,5034254,0.3071,buy,116087,31.575076,162340,1368798,3210278,0.1958,buy,28402,51.862117,823250,1737290,3124361,0.1906,buy,55514,48.778757,206664,416457,0.0
2010-04-15,16439022,40,False,,5026783,0.3058,buy,55163,72.716287,665382,1015534,5056445,0.3076,buy,116087,31.575076,162340,1390989,3227887,0.1964,buy,28402,51.862117,823250,1754900,3127867,0.1903,buy,55514,48.778757,206664,419963,0.0
2010-04-16,16252854,40,False,,4946795,0.3044,buy,55163,72.716287,665382,935547,4995924,0.3074,buy,116087,31.575076,162340,1330468,3159438,0.1944,buy,28402,51.862117,823250,1686451,3150657,0.1939,buy,55514,48.778757,206664,442753,-1.13
2010-04-19,16258208,40,False,,4965444,0.3054,buy,55163,72.716287,665382,954195,4992898,0.3071,buy,116087,31.575076,162340,1327442,3156882,0.1942,buy,28402,51.862117,823250,1683895,3142943,0.1933,buy,55514,48.778757,206664,435039,-1.1
2010-04-20,16347796,40,False,,5009789,0.3065,buy,55163,72.716287,665382,998541,5018115,0.307,buy,116087,31.575076,162340,1352659,3165687,0.1936,buy,28402,51.862117,823250,1692699,3154165,0.1929,buy,55514,48.778757,206664,446261,-0.55
2010-04-21,16417007,40,False,,5000671,0.3046,buy,55163,72.716287,665382,989423,5046357,0.3074,buy,116087,31.575076,162340,1380902,3189829,0.1943,buy,28402,51.862117,823250,1716841,3180110,0.1937,buy,55514,48.778757,206664,472206,-0.13
2010-04-22,16437355,40,False,,5015593,0.3051,buy,55163,72.716287,665382,1004344,5074601,0.3087,buy,116087,31.575076,162340,1409145,3176480,0.1932,buy,28402,51.862117,823250,1703492,3170642,0.1929,buy,55514,48.778757,206664,462738,-0.01
2010-04-23,16518401,40,False,,5048333,0.3056,buy,55163,72.716287,665382,1037085,5095782,0.3085,buy,116087,31.575076,162340,1430327,3214822,0.1946,buy,28402,51.862117,823250,1741835,3159423,0.1913,buy,55514,48.778757,206664,451519,0.0
2010-04-26,16479249,40,False,,5029268,0.3052,buy,55163,72.716287,665382,1018019,5084688,0.3086,buy,116087,31.575076,162340,1419232,3202326,0.1943,buy,28402,51.862117,823250,1729338,3162927,0.1919,buy,55514,48.778757,206664,455023,-0.24
2010-04-27,16350304,40,False,,4910324,0.3003,buy,55163,72.716287,665382,899075,4976761,0.3044,buy,116087,31.575076,162340,1311305,3255721,0.1991,buy,28402,51.862117,823250,1782733,3207458,0.1962,buy,55514,48.778757,206664,499555,-1.02
2010-04-28,16354191,40,False,,4947623,0.3025,buy,55163,72.716287,665382,936375,4979785,0.3045,buy,116087,31.575076,162340,1314329,3246633,0.1985,buy,28402,51.862117,823250,1773645,3180110,0.1945,buy,55514,48.778757,206664,472206,-0.99
2010-04-29,16514745,40,False,,5008961,0.3033,buy,55163,72.716287,665382,997713,5066532,0.3068,buy,116087,31.575076,162340,1401076,3245781,0.1965,buy,28402,51.862117,823250,1772793,3193431,0.1934,buy,55514,48.778757,206664,485527,-0.02
2010-04-30,16397414,40,False,,4923999,0.3003,buy,55163,72.716287,665382,912751,4966672,0.3029,buy,116087,31.575076,162340,1301217,3276455,0.1998,buy,28402,51.862117,823250,1803467,3230247,0.197,buy,55514,48.778757,206664,522343,-0.73
2010-05-03,16537126,40,False,,4987825,0.3016,buy,55163,72.716287,665382,976576,5036271,0.3045,buy,116087,31.575076,162340,1370816,3286964,0.1988,buy,28402,51.862117,823250,1813976,3226026,0.1951,buy,55514,48.778757,206664,518122,0.0
2010-05-04,16302165,40,False,,4870537,0.2988,buy,55163,72.716287,665382,859288,4884971,0.2997,buy,116087,31.575076,162340,1219515,3262538,0.2001,buy,28402,51.862117,823250,1789550,3284079,0.2015,buy,55514,48.778757,206664,576175,-1.42
2010-05-05,16273538,40,False,,4841526,0.2975,buy,55163,72.716287,665382,830278,4859755,0.2986,buy,116087,31.575076,162340,1194299,3268786,0.2009,buy,28402,51.862117,823250,1795798,3303431,0.203,buy,55514,48.778757,206664,595527,-1.59
2010-05-06,16148939,40,False,,4680721,0.2898,buy,55163,72.716287,665382,669472,4697359,0.2909,buy,116087,31.575076,162340,1031903,3365353,0.2084,buy,28402,51.862117,823250,1892365,3405465,0.2109,buy,55514,48.778757,206664,697561,-2.35
2010-05-07,15913485,40,False,,4611094,0.2898,buy,55163,72.716287,665382,599846,4580354,0.2878,buy,116087,31.575076,162340,914898,3359104,0.2111,buy,28402,51.862117,823250,1886117,3362892,0.2113,buy,55514,48.778757,206664,654988,-3.77
2010-05-10,16265063,40,False,,4814172,0.296,buy,55163,72.716287,665382,802923,4818399,0.2962,buy,116087,31.575076,162340,1152943,3339223,0.2053,buy,28402,51.862117,823250,1866235,3293228,0.2025,buy,55514,48.778757,206664,585324,-1.65
2010-05-11,16325662,40,False,,4800496,0.294,buy,55163,72.716287,665382,789247,4813355,0.2948,buy,116087,31.575076,162340,1147899,3426985,0.2099,buy,28402,51.862117,823250,1953998,3284785,0.2012,buy,55514,48.778757,206664,576881,-1.28
2010-05-12,16479619,40,False,,4867637,0.2954,buy,55163,72.716287,665382,856388,4904136,0.2976,buy,116087,31.575076,162340,1238681,3448003,0.2092,buy,28402,51.862117,823250,1975015,3259802,0.1978,buy,55514,48.778757,206664,551899,-0.35
2010-05-13,16339048,40,False,,4807128,0.2942,buy,55163,72.716287,665382,795880,4826467,0.2954,buy,116087,31.575076,162340,1161011,3424145,0.2096,buy,28402,51.862117,823250,1951157,3281267,0.2008,buy,55514,48.778757,206664,573363,-1.2
2010-05-14,16210818,40,False,,4720094,0.2912,buy,55163,72.716287,665382,708846,4733672,0.292,buy,116087,31.575076,162340,1068216,3418749,0.2109,buy,28402,51.862117,823250,1945761,3338262,0.2059,buy,55514,48.778757,206664,630359,-1.97
2010-05-17,16187435,40,False,,4722581,0.2917,buy,55163,72.716287,665382,711333,4748804,0.2934,buy,116087,31.575076,162340,1083348,3390063,0.2094,buy,28402,51.862117,823250,1917075,3325946,0.2055,buy,55514,48.778757,206664,618043,-2.11
2010-05-18,16112341,40,False,,4658342,0.2891,buy,55163,72.716287,665382,647093,4683239,0.2907,buy,116087,31.575076,162340,1017783,3393755,0.2106,buy,28402,51.862117,823250,1920767,3376965,0.2096,buy,55514,48.778757,206664,669061,-2.57
2010-05-19,15978525,40,False,,4631817,0.2899,buy,55163,72.716287,665382,620569,4645917,0.2908,buy,116087,31.575076,162340,980461,3312525,0.2073,buy,28402,51.862117,823250,1839537,3388225,0.212,buy,55514,48.778757,206664,680321,-3.38
2010-05-20,15680135,40,False,,4456923,0.2842,buy,55163,72.716287,665382,445675,4473436,0.2853,buy,116087,31.575076,162340,807980,3290088,0.2098,buy,28402,51.862117,823250,1817100,3459649,0.2206,buy,55514,48.778757,206664,751745,-5.18
2010-05-21,15780534,40,False,,4521990,0.2866,buy,55163,72.716287,665382,510741,4522859,0.2866,buy,116087,31.575076,162340,857403,3272478,0.2074,buy,28402,51.862117,823250,1799491,3463166,0.2195,buy,55514,48.778757,206664,755263,-4.58
2010-05-24,15738404,40,False,,4463969,0.2836,buy,55163,72.716287,665382,452720,4504703,0.2862,buy,116087,31.575076,162340,839247,3318490,0.2109,buy,28402,51.862117,823250,1845502,3451202,0.2193,buy,55514,48.778757,206664,743298,-4.83
2010-05-25,15778659,40,False,,4468527,0.2832,buy,55163,72.716287,665382,457279,4508740,0.2857,buy,116087,31.575076,162340,843284,3333259,0.2113,buy,28402,51.862117,823250,1860271,3468093,0.2198,buy,55514,48.778757,206664,760189,-4.59
2010-05-26,15722960,40,False,,4441588,0.2825,buy,55163,72.716287,665382,430339,4458305,0.2836,buy,116087,31.575076,162340,792849,3364785,0.214,buy,28402,51.862117,823250,1891797,3458242,0.2199,buy,55514,48.778757,206664,750338,-4.92
2010-05-27,15967979,40,False,,4590374,0.2875,buy,55163,72.716287,665382,579126,4626751,0.2898,buy,116087,31.575076,162340,961295,3371033,0.2111,buy,28402,51.862117,823250,1898046,3379780,0.2117,buy,55514,48.778757,206664,671876,-3.44
2010-05-28,15904016,40,False,,4532766,0.285,buy,55163,72.716287,665382,521518,4599518,0.2892,buy,116087,31.575076,162340,934062,3376430,0.2123,buy,28402,51.862117,823250,1903442,3395262,0.2135,buy,55514,48.778757,206664,687358,-3.83
2010-06-01,15838514,40,False,,4456509,0.2814,buy,55163,72.716287,665382,445260,4557155,0.2877,buy,116087,31.575076,162340,891699,3405684,0.215,buy,28402,51.862117,823250,1932696,3419126,0.2159,buy,55514,48.778757,206664,711222,-4.22
2010-06-02,16026314,40,False,,4572551,0.2853,buy,55163,72.716287,665382,561302,4665083,0.2911,buy,116087,31.575076,162340,999627,3401992,0.2123,buy,28402,51.862117,823250,1929004,3386648,0.2113,buy,55514,48.778757,206664,678744,-3.09
2010-06-03,16010038,40,False,,4588301,0.2866,buy,55163,72.716287,665382,577052,4709463,0.2942,buy,116087,31.575076,162340,1044007,3350300,0.2093,buy,28402,51.862117,823250,1877312,3361934,0.21,buy,55514,48.778757,206664,654030,-3.19
2010-06-04,15812746,40,False,,4427083,0.28,buy,55163,72.716287,665382,415834,4548077,0.2876,buy,116087,31.575076,162340,882621,3385234,0.2141,buy,28402,51.862117,823250,1912247,3452311,0.2183,buy,55514,48.778757,206664,744407,-4.38
2010-06-07,15766715,40,False,,4371961,0.2773,buy,55163,72.716287,665382,360713,4465366,0.2832,buy,116087,31.575076,162340,799910,3450559,0.2189,buy,28402,51.862117,823250,1977571,3478788,0.2206,buy,55514,48.778757,206664,770884,-4.66
2010-06-08,15774263,40,False,,4418794,0.2801,buy,55163,72.716287,665382,407545,4457297,0.2826,buy,116087,31.575076,162340,791841,3436642,0.2179,buy,28402,51.862117,823250,1963654,3461490,0.2194,buy,55514,48.778757,206664,753586,-4.61
2010-06-09,15696941,40,False,,4395170,0.28,buy,55163,72.716287,665382,383922,4419977,0.2816,buy,116087,31.575076,162340,754521,3424145,0.2181,buy,28402,51.862117,823250,1951157,3457608,0.2203,buy,55514,48.778757,206664,749704,-5.08
2010-06-10,15844558,40,False,,4523647,0.2855,buy,55163,72.716287,665382,512398,4546058,0.2869,buy,116087,31.575076,162340,880602,3378986,0.2133,buy,28402,51.862117,823250,1905998,3395827,0.2143,buy,55514,48.778757,206664,687923,-4.19
2010-06-11,15982505,40,False,,4545612,0.2844,buy,55163,72.716287,665382,534363,4589432,0.2872,buy,116087,31.575076,162340,923976,3408524,0.2133,buy,28402,51.862117,823250,1935536,3438897,0.2152,buy,55514,48.778757,206664,730993,-3.35
2010-06-14,15945156,40,False,,4538569,0.2846,buy,55163,72.716287,665382,527320,4588423,0.2878,buy,116087,31.575076,162340,922967,3396879,0.213,buy,28402,51.862117,823250,1923891,3421245,0.2146,buy,55514,48.778757,206664,713342,-3.58
2010-06-15,16196766,40,False,,4641763,0.2866,buy,55163,72.716287,665382,630515,4711481,0.2909,buy,116087,31.575076,162340,1046025,3436358,0.2122,buy,28402,51.862117,823250,1963370,3407124,0.2104,buy,55514,48.778757,206664,699220,-2.06
2010-06-16,16214944,40,False,,4640107,0.2862,buy,55163,72.716287,665382,628858,4730646,0.2917,buy,116087,31.575076,162340,1065190,3417613,0.2108,buy,28402,51.862117,823250,1944625,3426539,0.2113,buy,55514,48.778757,206664,718635,-1.95
2010-06-17,16310014,40,False,,4647566,0.285,buy,55163,72.716287,665382,636317,4745774,0.291,buy,116087,31.575076,162340,1080319,3462204,0.2123,buy,28402,51.862117,823250,1989216,3454430,0.2118,buy,55514,48.778757,206664,746526,-1.37
2010-06-18,16339763,40,False,,4652605,0.2847,buy,55163,72.716287,665382,641356,4749718,0.2907,buy,116087,31.575076,162340,1084262,3488618,0.2135,buy,28402,51.862117,823250,2015630,3448783,0.2111,buy,55514,48.778757,206664,740879,-1.19
2010-06-21,16206827,40,False,,4639280,0.2863,buy,55163,72.716287,665382,628032,4709293,0.2906,buy,116087,31.575076,162340,1043837,3419317,0.211,buy,28402,51.862117,823250,1946329,3438897,0.2122,buy,55514,48.778757,206664,730993,-2.0
2010-06-22,16164882,40,False,,4562659,0.2823,buy,55163,72.716287,665382,551411,4672912,0.2891,buy,116087,31.575076,162340,1007456,3449423,0.2134,buy,28402,51.862117,823250,1976435,3479848,0.2153,buy,55514,48.778757,206664,771944,-2.25
2010-06-23,16140975,40,False,,4548500,0.2818,buy,55163,72.716287,665382,537252,4653711,0.2883,buy,116087,31.575076,162340,988255,3435222,0.2128,buy,28402,51.862117,823250,1962234,3503502,0.2171,buy,55514,48.778757,206664,795598,-2.4
2010-06-24,15983974,40,False,,4473129,0.2799,buy,55163,72.716287,665382,461881,4582969,0.2867,buy,116087,31.575076,162340,917513,3445163,0.2155,buy,28402,51.862117,823250,1972175,3482673,0.2179,buy,55514,48.778757,206664,774769,-3.34
2010-06-25,16059217,40,False,,4491871,0.2797,buy,55163,72.716287,665382,480623,4583883,0.2854,buy,116087,31.575076,162340,918427,3486630,0.2171,buy,28402,51.862117,823250,2013642,3496793,0.2177,buy,55514,48.778757,206664,788890,-2.89
2010-06-28,16014255,40,False,,4477710,0.2796,buy,55163,72.716287,665382,466462,4567682,0.2852,buy,116087,31.575076,162340,902226,3439198,0.2148,buy,28402,51.862117,823250,1966210,3529625,0.2204,buy,55514,48.778757,206664,821721,-3.16
2010-06-29,15743415,40,False,,4339463,0.2756,buy,55163,72.716287,665382,328214,4391495,0.2789,buy,116087,31.575076,162340,726039,3444310,0.2188,buy,28402,51.862117,823250,1971323,3568107,0.2266,buy,55514,48.778757,206664,860203,-4.8
2010-06-30,15671009,40,False,,4298235,0.2743,sell,55163,72.716287,665382,286986,4324666,0.276,buy,116087,31.575076,162340,659210,3455955,0.2205,buy,28402,51.862117,823250,1982968,3592113,0.2292,buy,55514,48.778757,206664,884209,-5.24
2010-07-01,15516937,4282474,False,,0,0.0,sell,0,0.0,936568,0,4312515,0.2779,buy,116087,31.575076,162340,647059,3324170,0.2142,buy,28402,51.862117,823250,1851182,3597778,0.2319,buy,55514,48.778757,206664,889874,-6.17
2010-07-02,15513633,4655036,True,monthly,0,0.0,sell,0,0.0,936568,0,4640357,0.2991,buy,125265,31.996122,162340,632363,3143421,0.2026,buy,26529,51.862117,946855,1767571,3074819,0.1982,buy,47826,48.778757,326010,741926,-6.19
2010-07-06,15500634,4655036,False,,0,0.0,sell,0,0.0,936568,0,4654562,0.3003,buy,125265,31.996122,162340,646568,3090894,0.1994,buy,26529,51.862117,946855,1715044,3100142,0.2,buy,47826,48.778757,326010,767249,-6.27
2010-07-07,15645288,4655036,False,,0,0.0,sell,0,0.0,936568,0,4803156,0.307,buy,125265,31.996122,162340,795161,3123259,0.1996,buy,26529,51.862117,946855,1747409,3063837,0.1958,buy,47826,48.778757,326010,730944,-5.39
2010-07-08,15638193,4655036,False,,0,0.0,sell,0,0.0,936568,0,4829382,0.3088,buy,125265,31.996122,162340,821388,3109464,0.1988,buy,26529,51.862117,946855,1733614,3044311,0.1947,buy,47826,48.778757,326010,711418,-5.44
2010-07-09,15697203,4655036,False,,0,0.0,sell,0,0.0,936568,0,4875271,0.3106,buy,125265,31.996122,162340,867277,3139972,0.2,buy,26529,51.862117,946855,1764122,3026923,0.1928,buy,47826,48.778757,326010,694031,-5.08
2010-07-12,15683126,4655036,False,,0,0.0,sell,0,0.0,936568,0,4889476,0.3118,buy,125265,31.996122,162340,881482,3112913,0.1985,buy,26529,51.862117,946855,1737063,3025701,0.1929,buy,47826,48.778757,326010,692808,-5.16
2010-07-13,15747630,4655036,False,,0,0.0,sell,0,0.0,936568,0,4952849,0.3145,buy,125265,31.996122,162340,944855,3139972,0.1994,buy,26529,51.862117,946855,1764122,2999773,0.1905,buy,47826,48.778757,326010,666880,-4.77
2010-07-14,15801369,4655036,False,,0,0.0,sell,0,0.0,936568,0,4977978,0.315,buy,125265,31.996122,162340,969984,3138381,0.1986,buy,26529,51.862117,946855,1762531,3029975,0.1918,buy,47826,48.778757,326010,697082,-4.45
2010-07-15,15834083,4655036,False,,0,0.0,sell,0,0.0,936568,0,4982347,0.3147,buy,125265,31.996122,162340,974353,3136524,0.1981,buy,26529,51.862117,946855,1760674,3060177,0.1933,buy,47826,48.778757,326010,727284,-4.25
2010-07-16,15669977,4655036,False,,0,0.0,sell,0,0.0,936568,0,4844679,0.3092,buy,125265,31.996122,162340,836685,3095138,0.1975,buy,26529,51.862117,946855,1719288,3075124,0.1962,buy,47826,48.778757,326010,742231,-5.24
2010-07-19,15667645,4655036,False,,0,0.0,sell,0,0.0,936568,0,4886197,0.3119,buy,125265,31.996122,162340,878202,3070201,0.196,buy,26529,51.862117,946855,1694351,3056211,0.1951,buy,47826,48.778757,326010,723318,-5.26
2010-07-20,15755628,4655036,False,,0,0.0,sell,0,0.0,936568,0,4945198,0.3139,buy,125265,31.996122,162340,937204,3094608,0.1964,buy,26529,51.862117,946855,1718758,3060786,0.1943,buy,47826,48.778757,326010,727893,-4.73
2010-07-21,15718524,4655036,False,,0,0.0,sell,0,0.0,936568,0,4877456,0.3103,buy,125265,31.996122,162340,869461,3073385,0.1955,buy,26529,51.862117,946855,1697534,3112648,0.198,buy,47826,48.778757,326010,779755,-4.95
2010-07-22,15832785,4655036,False,,0,0.0,sell,0,0.0,936568,0,5000920,0.3159,buy,125265,31.996122,162340,992926,3100179,0.1958,buy,26529,51.862117,946855,1724329,3076650,0.1943,buy,47826,48.778757,326010,743757,-4.26
2010-07-23,15811404,4655036,False,,0,0.0,sell,0,0.0,936568,0,5032609,0.3183,buy,125265,31.996122,162340,1024614,3079752,0.1948,buy,26529,51.862117,946855,1703901,3044007,0.1925,buy,47826,48.778757,326010,711115,-4.39
2010-07-26,15832613,4655036,False,,0,0.0,sell,0,0.0,936568,0,5074126,0.3205,buy,125265,31.996122,162340,1066132,3064630,0.1936,buy,26529,51.862117,946855,1688780,3038821,0.1919,buy,47826,48.778757,326010,705928,-4.26
2010-07-27,15747819,4655036,False,,0,0.0,sell,0,0.0,936568,0,5071942,0.3221,buy,125265,31.996122,162340,1063948,3011307,0.1912,buy,26529,51.862117,946855,1635457,3009535,0.1911,buy,47826,48.778757,326010,676642,-4.77
2010-07-28,15724315,4655036,False,,0,0.0,sell,0,0.0,936568,0,5031514,0.32,buy,125265,31.996122,162340,1023520,3018470,0.192,buy,26529,51.862117,946855,1642619,3019296,0.192,buy,47826,48.778757,326010,686403,-4.92
2010-07-29,15699779,4655036,False,,0,0.0,sell,0,0.0,936568,0,4994364,0.3181,buy,125265,31.996122,162340,986369,3031999,0.1931,buy,26529,51.862117,946855,1656149,3018380,0.1923,buy,47826,48.778757,326010,685488,-5.06
2010-07-30,15789526,4655036,False,,0,0.0,sell,0,0.0,936568,0,5005294,0.317,buy,125265,31.996122,162340,997300,3063834,0.194,buy,26529,51.862117,946855,1687984,3065362,0.1941,buy,47826,48.778757,326010,732469,-4.52
2010-08-02,15841786,4655036,False,,0,0.0,sell,0,0.0,936568,0,5099259,0.3219,buy,125265,31.996122,162340,1091265,3065161,0.1935,buy,26529,51.862117,946855,1689311,3022330,0.1908,buy,47826,48.778757,326010,689437,-4.2
2010-08-03,15849317,4655036,False,,0,0.0,sell,0,0.0,936568,0,5077406,0.3204,buy,125265,31.996122,162340,1069411,3077099,0.1941,buy,26529,51.862117,946855,1701249,3039777,0.1918,buy,47826,48.778757,326010,706884,-4.16
2010-08-04,15896772,4655036,False,,0,0.0,sell,0,0.0,936568,0,5128757,0.3226,buy,125265,31.996122,162340,1120763,3096465,0.1948,buy,26529,51.862117,946855,1720615,3016514,0.1898,buy,47826,48.778757,326010,683621,-3.87
2010-08-05,15905736,4655036,False,,0,0.0,buy,0,0.0,936568,0,5116741,0.3217,buy,125265,31.996122,162340,1108746,3103362,0.1951,buy,26529,51.862117,946855,1727512,3030597,0.1905,buy,47826,48.778757,326010,697704,-3.82
2010-08-06,15962711,136,True,daily,4785038,0.2998,buy,56400,84.60348,936568,13402,4759755,0.2982,buy,116700,31.996122,233303,1025808,3203598,0.2007,buy,27186,53.468774,946855,1749996,3214184,0.2014,buy,50176,49.494053,326010,730770,-3.47
2010-08-09,15996989,136,False,,4810580,0.3007,buy,56400,84.60348,936568,38944,4792331,0.2996,buy,116700,31.996122,233303,1058383,3191636,0.1995,buy,27186,53.468774,946855,1738034,3202306,0.2002,buy,50176,49.494053,326010,718892,-3.27
2010-08-10,15944998,136,False,,4784610,0.3001,buy,56400,84.60348,936568,12973,4750597,0.2979,buy,116700,31.996122,233303,1016649,3200608,0.2007,buy,27186,53.468774,946855,1747006,3209047,0.2013,buy,50176,49.494053,326010,725634,-3.58
2010-08-11,15717017,136,False,,4653479,0.2961,buy,56400,84.60348,936568,-118157,4621322,0.294,buy,116700,31.996122,233303,887375,3190005,0.203,buy,27186,53.468774,946855,1736403,3252074,0.2069,buy,50176,49.494053,326010,768661,-4.96
2010-08-12,15682692,136,False,,4624954,0.2949,buy,56400,84.60348,936568,-146682,4584675,0.2923,buy,116700,31.996122,233303,850727,3228881,0.2059,buy,27186,53.468774,946855,1775279,3244047,0.2069,buy,50176,49.494053,326010,760633,-5.17
2010-08-13,15676139,136,False,,4611329,0.2942,buy,56400,84.60348,936568,-160308,4552103,0.2904,buy,116700,31.996122,233303,818155,3228066,0.2059,buy,27186,53.468774,946855,1774463,3284506,0.2095,buy,50176,49.494053,326010,801092,-5.21
2010-08-16,15791271,136,False,,4609202,0.2919,buy,56400,84.60348,936568,-162434,4560246,0.2888,buy,116700,31.996122,233303,826298,3254980,0.2061,buy,27186,53.468774,946855,1801378,3366707,0.2132,buy,50176,49.494053,326010,883293,-4.51
2010-08-17,15887195,136,False,,4665825,0.2937,buy,56400,84.60348,936568,-105811,4618269,0.2907,buy,116700,31.996122,233303,884322,3255524,0.2049,buy,27186,53.468774,946855,1801921,3347442,0.2107,buy,50176,49.494053,326010,864028,-3.93
2010-08-18,15935797,136,False,,4674342,0.2933,buy,56400,84.60348,936568,-97294,4636588,0.291,buy,116700,31.996122,233303,902641,3268301,0.2051,buy,27186,53.468774,946855,1814699,3356430,0.2106,buy,50176,49.494053,326010,873016,-3.64
2010-08-19,15841203,136,False,,4593021,0.2899,buy,56400,84.60348,936568,-178615,4566353,0.2883,buy,116700,31.996122,233303,832405,3272923,0.2066,buy,27186,53.468774,946855,1819320,3408770,0.2152,buy,50176,49.494053,326010,925357,-4.21
2010-08-20,15817136,136,False,,4578120,0.2894,buy,56400,84.60348,936568,-193516,4572460,0.2891,buy,116700,31.996122,233303,838513,3261504,0.2062,buy,27186,53.468774,946855,1807902,3404915,0.2153,buy,50176,49.494053,326010,921502,-4.35
2010-08-23,15750370,136,False,,4560665,0.2896,buy,56400,84.60348,936568,-210972,4527672,0.2875,buy,116700,31.996122,233303,793725,3256339,0.2067,buy,27186,53.468774,946855,1802737,3405559,0.2162,buy,50176,49.494053,326010,922145,-4.76
2010-08-24,15668547,136,False,,4492971,0.2868,buy,56400,84.60348,936568,-278665,4443187,0.2836,buy,116700,31.996122,233303,709240,3272107,0.2088,buy,27186,53.468774,946855,1818505,3460145,0.2208,buy,50176,49.494053,326010,976732,-5.25
2010-08-25,15744702,136,False,,4510427,0.2865,buy,56400,84.60348,936568,-261209,4485939,0.2849,buy,116700,31.996122,233303,751991,3299293,0.2095,buy,27186,53.468774,946855,1845691,3448907,0.2191,buy,50176,49.494053,326010,965494,-4.79
2010-08-26,15682080,136,False,,4480198,0.2857,buy,56400,84.60348,936568,-291438,4431990,0.2826,buy,116700,31.996122,233303,698042,3288419,0.2097,buy,27186,53.468774,946855,1834816,3481338,0.222,buy,50176,49.494053,326010,997924,-5.17
2010-08-27,15708209,136,False,,4549594,0.2896,buy,56400,84.60348,936568,-222042,4485939,0.2856,buy,116700,31.996122,233303,751991,3289778,0.2094,buy,27186,53.468774,946855,1836176,3382762,0.2153,buy,50176,49.494053,326010,899349,-5.01
2010-08-30,15657536,136,False,,4483603,0.2864,buy,56400,84.60348,936568,-288033,4439115,0.2835,buy,116700,31.996122,233303,705168,3287059,0.2099,buy,27186,53.468774,946855,1833457,3447623,0.2202,buy,50176,49.494053,326010,964209,-5.32
2010-08-31,15712286,136,False,,4483603,0.2854,buy,56400,84.60348,936568,-288033,4423847,0.2816,buy,116700,31.996122,233303,689900,3318867,0.2112,buy,27186,53.468774,946855,1865265,3485833,0.2219,buy,50176,49.494053,326010,1002419,-4.99
2010-09-01,15896050,136,False,,4617716,0.2905,buy,56400,84.60348,936568,-153920,4556176,0.2866,buy,116700,31.996122,233303,822228,3308264,0.2081,buy,27186,53.468774,946855,1854662,3413758,0.2148,buy,50176,49.494053,326010,930344,-3.88
2010-09-02,15970188,136,False,,4660717,0.2918,buy,56400,84.60348,936568,-110919,4607070,0.2885,buy,116700,31.996122,233303,873123,3324576,0.2082,buy,27186,53.468774,946855,1870974,3377689,0.2115,buy,50176,49.494053,326010,894275,-3.43
2010-09-03,16053429,136,False,,4721174,0.2941,buy,56400,84.60348,936568,-50463,4683413,0.2917,buy,116700,31.996122,233303,949465,3312886,0.2064,buy,27186,53.468774,946855,1859284,3335821,0.2078,buy,50176,49.494053,326010,852407,-2.92
2010-09-07,16059766,136,False,,4667954,0.2907,buy,56400,84.60348,936568,-103682,4651859,0.2897,buy,116700,31.996122,233303,917911,3335722,0.2077,buy,27186,53.468774,946855,1882120,3404095,0.212,buy,50176,49.494053,326010,920681,-2.89
2010-09-08,16121756,136,False,,4700739,0.2916,buy,56400,84.60348,936568,-70897,4707844,0.292,buy,116700,31.996122,233303,973896,3335994,0.2069,buy,27186,53.468774,946855,1882392,3377044,0.2095,buy,50176,49.494053,326010,893630,-2.51
2010-09-09,16063866,136,False,,4722452,0.294,buy,56400,84.60348,936568,-49184,4726167,0.2942,buy,116700,31.996122,233303,992219,3304730,0.2057,buy,27186,53.468774,946855,1851128,3310382,0.2061,buy,50176,49.494053,326010,826969,-2.86
2010-09-10,16094495,136,False,,4746295,0.2949,buy,56400,84.60348,936568,-25341,4743468,0.2947,buy,116700,31.996122,233303,1009521,3309352,0.2056,buy,27186,53.468774,946855,1855750,3295244,0.2047,buy,50176,49.494053,326010,811830,-2.68
2010-09-13,16226565,136,False,,4799087,0.2958,buy,56400,84.60348,936568,27451,4809635,0.2964,buy,116700,31.996122,233303,1075688,3306361,0.2038,buy,27186,53.468774,946855,1852759,3311345,0.2041,buy,50176,49.494053,326010,827932,-1.88
2010-09-14,16341070,136,False,,4796106,0.2935,buy,56400,84.60348,936568,24470,4829992,0.2956,buy,116700,31.996122,233303,1096045,3371608,0.2063,buy,27186,53.468774,946855,1918006,3343228,0.2046,buy,50176,49.494053,326010,859814,-1.19
2010-09-15,16338146,136,False,,4814415,0.2947,buy,56400,84.60348,936568,42778,4860530,0.2975,buy,116700,31.996122,233303,1126582,3369433,0.2062,buy,27186,53.468774,946855,1915831,3293633,0.2016,buy,50176,49.494053,326010,810219,-1.2
2010-09-16,16342437,136,False,,4813137,0.2945,buy,56400,84.60348,936568,41500,4879869,0.2986,buy,116700,31.996122,233303,1145922,3388191,0.2073,buy,27186,53.468774,946855,1934589,3261104,0.1995,buy,50176,49.494053,326010,777691,-1.18
2010-09-17,16371524,136,False,,4814935,0.2941,buy,56400,84.60348,936568,43299,4896399,0.2991,buy,116700,31.996122,233303,1162452,3385744,0.2068,buy,27186,53.468774,946855,1932142,3274310,0.2,buy,50176,49.494053,326010,790896,-1.0
2010-09-20,16558819,136,False,,4888555,0.2952,buy,56400,84.60348,936568,116919,4982104,0.3009,buy,116700,31.996122,233303,1248157,3394716,0.205,buy,27186,53.468774,946855,1941114,3293308,0.1989,buy,50176,49.494053,326010,809895,0.0
2010-09-21,16624683,136,False,,4878714,0.2935,buy,56400,84.60348,936568,107078,4981085,0.2996,buy,116700,31.996122,233303,1247138,3425708,0.2061,buy,27186,53.468774,946855,1972106,3339040,0.2008,buy,50176,49.494053,326010,855627,0.0
2010-09-22,16622562,136,False,,4854740,0.2921,buy,56400,84.60348,936568,83104,4967820,0.2989,buy,116700,31.996122,233303,1233873,3430873,0.2064,buy,27186,53.468774,946855,1977271,3368993,0.2027,buy,50176,49.494053,326010,885580,-0.01
2010-09-23,16593523,136,False,,4815362,0.2902,buy,56400,84.60348,936568,43726,4965779,0.2993,buy,116700,31.996122,233303,1231832,3433592,0.2069,buy,27186,53.468774,946855,1979990,3378654,0.2036,buy,50176,49.494053,326010,895240,-0.19
2010-09-24,16759029,136,False,,4914665,0.2933,buy,56400,84.60348,936568,143029,5066790,0.3023,buy,116700,31.996122,233303,1332842,3444194,0.2055,buy,27186,53.468774,946855,1990592,3333244,0.1989,buy,50176,49.494053,326010,849830,0.0
2010-09-27,16766722,136,False,,4891124,0.2917,buy,56400,84.60348,936568,119488,5039240,0.3006,buy,116700,31.996122,233303,1305293,3445010,0.2055,buy,27186,53.468774,946855,1991408,3391212,0.2023,buy,50176,49.494053,326010,907798,0.0
2010-09-28,16835714,136,False,,4908245,0.2915,buy,56400,84.60348,936568,136609,5037201,0.2992,buy,116700,31.996122,233303,1303253,3475730,0.2064,buy,27186,53.468774,946855,2022128,3414403,0.2028,buy,50176,49.494053,326010,930989,0.0
2010-09-29,16807539,136,False,,4899685,0.2915,buy,56400,84.60348,936568,128048,5029038,0.2992,buy,116700,31.996122,233303,1295091,3478449,0.207,buy,27186,53.468774,946855,2024847,3400232,0.2023,buy,50176,49.494053,326010,916819,-0.17
2010-09-30,16767197,136,False,,4885130,0.2914,buy,56400,84.60348,936568,113494,5006590,0.2986,buy,116700,31.996122,233303,1272643,3477361,0.2074,buy,27186,53.468774,946855,2023759,3397979,0.2027,buy,50176,49.494053,326010,914566,-0.41
2010-10-01,16792387,136,False,,4905677,0.2921,buy,56400,84.60348,936568,134041,5000469,0.2978,buy,116700,31.996122,233303,1266522,3504547,0.2087,buy,27186,53.468774,946855,2050945,3381557,0.2014,buy,50176,49.494053,326010,898143,-0.26
2010-10-04,16697995,136,False,,4868866,0.2916,buy,56400,84.60348,936568,97230,4946396,0.2962,buy,116700,31.996122,233303,1212448,3492314,0.2091,buy,27186,53.468774,946855,2038712,3390284,0.203,buy,50176,49.494053,326010,906871,-0.82
2010-10-05,16964826,136,False,,4966886,0.2928,buy,56400,84.60348,936568,195249,5066790,0.2987,buy,116700,31.996122,233303,1332842,3561094,0.2099,buy,27186,53.468774,946855,2107492,3369920,0.1986,buy,50176,49.494053,326010,886507,0.0
2010-10-06,16985161,136,False,,4966459,0.2924,buy,56400,84.60348,936568,194822,5022916,0.2957,buy,116700,31.996122,233303,1288968,3583387,0.211,buy,27186,53.468774,946855,2129785,3412264,0.2009,buy,50176,49.494053,326010,928851,0.0
2010-10-07,16929941,136,False,,4960465,0.293,buy,56400,84.60348,936568,188829,5041282,0.2978,buy,116700,31.996122,233303,1307334,3544239,0.2093,buy,27186,53.468774,946855,2090637,3383820,0.1999,buy,50176,49.494053,326010,900407,-0.33
2010-10-08,17012654,136,False,,4988288,0.2932,buy,56400,84.60348,936568,216652,5075971,0.2984,buy,116700,31.996122,233303,1342024,3579309,0.2104,buy,27186,53.468774,946855,2125707,3368950,0.198,buy,50176,49.494053,326010,885537,0.0
2010-10-11,17037176,136,False,,4992997,0.2931,buy,56400,84.60348,936568,221361,5078011,0.2981,buy,116700,31.996122,233303,1344063,3596436,0.2111,buy,27186,53.468774,946855,2142834,3369596,0.1978,buy,50176,49.494053,326010,886183,0.0
2010-10-12,17045008,136,False,,5008406,0.2938,buy,56400,84.60348,936568,236769,5112702,0.3,buy,116700,31.996122,233303,1378754,3587465,0.2105,buy,27186,53.468774,946855,2133863,3336300,0.1957,buy,50176,49.494053,326010,852887,0.0
2010-10-13,17177982,136,False,,5047355,0.2938,buy,56400,84.60348,936568,275719,5154534,0.3001,buy,116700,31.996122,233303,1420587,3644827,0.2122,buy,27186,53.468774,946855,2191225,3331129,0.1939,buy,50176,49.494053,326010,847716,0.0
2010-10-14,17116795,136,False,,5027667,0.2937,buy,56400,84.60348,936568,256030,5144331,0.3005,buy,116700,31.996122,233303,1410383,3663314,0.214,buy,27186,53.468774,946855,2209711,3281349,0.1917,buy,50176,49.494053,326010,797935,-0.36
2010-10-15,17167067,136,False,,5037940,0.2935,buy,56400,84.60348,936568,266303,5253503,0.306,buy,116700,31.996122,233303,1519555,3634224,0.2117,buy,27186,53.468774,946855,2180622,3241264,0.1888,buy,50176,49.494053,326010,757851,-0.06
2010-10-18,17215000,136,False,,5062765,0.2941,buy,56400,84.60348,936568,291129,5234117,0.304,buy,116700,31.996122,233303,1500170,3650536,0.2121,buy,27186,53.468774,946855,2196934,3267446,0.1898,buy,50176,49.494053,326010,784033,0.0
2010-10-19,17006034,136,False,,4996420,0.2938,buy,56400,84.60348,936568,224784,5185143,0.3049,buy,116700,31.996122,233303,1451196,3537170,0.208,buy,27186,53.468774,946855,2083568,3287164,0.1933,buy,50176,49.494053,326010,803751,-1.21
2010-10-20,17132588,136,False,,5045216,0.2945,buy,56400,84.60348,936568,273580,5222894,0.3049,buy,116700,31.996122,233303,1488947,3570066,0.2084,buy,27186,53.468774,946855,2116464,3294276,0.1923,buy,50176,49.494053,326010,810863,-0.48
2010-10-21,17064515,136,False,,5056345,0.2963,buy,56400,84.60348,936568,284709,5233098,0.3067,buy,116700,31.996122,233303,1499151,3519771,0.2063,buy,27186,53.468774,946855,2066169,3255165,0.1908,buy,50176,49.494053,326010,771751,-0.87
2010-10-22,17138689,136,False,,5065761,0.2956,buy,56400,84.60348,936568,294124,5268808,0.3074,buy,116700,31.996122,233303,1534861,3526840,0.2058,buy,27186,53.468774,946855,2073238,3277144,0.1912,buy,50176,49.494053,326010,793731,-0.44
2010-10-25,17219002,136,False,,5080742,0.2951,buy,56400,84.60348,936568,309106,5294317,0.3075,buy,116700,31.996122,233303,1560369,3557288,0.2066,buy,27186,53.468774,946855,2103686,3286519,0.1909,buy,50176,49.494053,326010,803105,0.0
2010-10-26,17184210,136,False,,5081600,0.2957,buy,56400,84.60348,936568,309964,5308600,0.3089,buy,116700,31.996122,233303,1574653,3558104,0.2071,buy,27186,53.468774,946855,2104502,3235770,0.1883,buy,50176,49.494053,326010,752356,-0.2
2010-10-27,17120559,136,False,,5067045,0.296,buy,56400,84.60348,936568,295409,5324924,0.311,buy,116700,31.996122,233303,1590977,3521131,0.2057,buy,27186,53.468774,946855,2067529,3207323,0.1873,buy,50176,49.494053,326010,723910,-0.57
2010-10-28,17188124,136,False,,5067901,0.2948,buy,56400,84.60348,936568,296264,5336146,0.3105,buy,116700,31.996122,233303,1602199,3567891,0.2076,buy,27186,53.468774,946855,2114289,3216051,0.1871,buy,50176,49.494053,326010,732637,-0.18
2010-10-29,17247314,136,False,,5071753,0.2941,buy,56400,84.60348,936568,300117,5323904,0.3087,buy,116700,31.996122,233303,1589957,3605407,0.209,buy,27186,53.468774,946855,2151805,3246113,0.1882,buy,50176,49.494053,326010,762699,0.0
2010-11-01,17220100,136,False,,5073467,0.2946,buy,56400,84.60348,936568,301831,5327984,0.3094,buy,116700,31.996122,233303,1594036,3586377,0.2083,buy,27186,53.468774,946855,2132775,3232136,0.1877,buy,50176,49.494053,326010,748722,-0.16
2010-11-02,17375447,136,False,,5113701,0.2943,buy,56400,84.60348,936568,342064,5385121,0.3099,buy,116700,31.996122,233303,1651173,3601873,0.2073,buy,27186,53.468774,946855,2148271,3274616,0.1885,buy,50176,49.494053,326010,791203,0.0
2010-11-03,17328667,136,False,,5134246,0.2963,buy,56400,84.60348,936568,362610,5409608,0.3122,buy,116700,31.996122,233303,1675661,3576862,0.2064,buy,27186,53.468774,946855,2123260,3207815,0.1851,buy,50176,49.494053,326010,724401,-0.27
2010-11-04,17640081,136,False,,5233122,0.2967,buy,56400,84.60348,936568,461485,5475927,0.3104,buy,116700,31.996122,233303,1741980,3698112,0.2096,buy,27186,53.468774,946855,2244509,3232785,0.1833,buy,50176,49.494053,326010,749371,0.0
2010-11-05,17613832,136,False,,5252812,0.2982,buy,56400,84.60348,936568,481175,5475927,0.3109,buy,116700,31.996122,233303,1741980,3707627,0.2105,buy,27186,53.468774,946855,2254025,3177331,0.1804,buy,50176,49.494053,326010,693917,-0.15
2010-11-08,17663458,136,False,,5242965,0.2968,buy,56400,84.60348,936568,471329,5483070,0.3104,buy,116700,31.996122,233303,1749122,3745687,0.2121,buy,27186,53.468774,946855,2292085,3191600,0.1807,buy,50176,49.494053,326010,708186,0.0
2010-11-09,17466297,136,False,,5205301,0.298,buy,56400,84.60348,936568,433664,5453480,0.3122,buy,116700,31.996122,233303,1719533,3686150,0.211,buy,27186,53.468774,946855,2232548,3121231,0.1787,buy,50176,49.494053,326010,637817,-1.12
2010-11-10,17563890,136,False,,5226273,0.2976,buy,56400,84.60348,936568,454637,5481028,0.3121,buy,116700,31.996122,233303,1747081,3731007,0.2124,buy,27186,53.468774,946855,2277405,3125446,0.1779,buy,50176,49.494053,326010,642032,-0.56
2010-11-11,17519305,136,False,,5206582,0.2972,buy,56400,84.60348,936568,434945,5446338,0.3109,buy,116700,31.996122,233303,1712390,3742425,0.2136,buy,27186,53.468774,946855,2288823,3123825,0.1783,buy,50176,49.494053,326010,640412,-0.82
2010-11-12,17244114,136,False,,5144947,0.2984,buy,56400,84.60348,936568,373311,5357573,0.3107,buy,116700,31.996122,233303,1623625,3634496,0.2108,buy,27186,53.468774,946855,2180894,3106962,0.1802,buy,50176,49.494053,326010,623548,-2.37
2010-11-15,17117050,136,False,,5137672,0.3001,buy,56400,84.60348,936568,366036,5337167,0.3118,buy,116700,31.996122,233303,1603219,3599970,0.2103,buy,27186,53.468774,946855,2146368,3042104,0.1777,buy,50176,49.494053,326010,558691,-3.09
2010-11-16,16985400,136,False,,5057628,0.2978,buy,56400,84.60348,936568,285992,5249422,0.3091,buy,116700,31.996122,233303,1515474,3560550,0.2096,buy,27186,53.468774,946855,2106948,3117664,0.1835,buy,50176,49.494053,326010,634250,-3.84
2010-11-17,16970044,136,False,,5060196,0.2982,buy,56400,84.60348,936568,288560,5264727,0.3102,buy,116700,31.996122,233303,1530779,3544511,0.2089,buy,27186,53.468774,946855,2090909,3100475,0.1827,buy,50176,49.494053,326010,617061,-3.93
2010-11-18,17188340,136,False,,5134673,0.2987,buy,56400,84.60348,936568,363037,5349410,0.3112,buy,116700,31.996122,233303,1615463,3590999,0.2089,buy,27186,53.468774,946855,2137397,3113123,0.1811,buy,50176,49.494053,326010,629709,-2.69
2010-11-19,17228675,136,False,,5148799,0.2989,buy,56400,84.60348,936568,377163,5353493,0.3107,buy,116700,31.996122,233303,1619546,3593989,0.2086,buy,27186,53.468774,946855,2140387,3132257,0.1818,buy,50176,49.494053,326010,648844,-2.46
2010-11-22,17317379,136,False,,5144520,0.2971,buy,56400,84.60348,936568,372884,5398386,0.3117,buy,116700,31.996122,233303,1664438,3628787,0.2095,buy,27186,53.468774,946855,2175185,3145551,0.1816,buy,50176,49.494053,326010,662137,-1.96
2010-11-23,17198047,136,False,,5070043,0.2948,buy,56400,84.60348,936568,298406,5312680,0.3089,buy,116700,31.996122,233303,1578733,3654070,0.2125,buy,27186,53.468774,946855,2200468,3161118,0.1838,buy,50176,49.494053,326010,677704,-2.63
2010-11-24,17317405,136,False,,5144947,0.2971,buy,56400,84.60348,936568,373311,5419812,0.313,buy,116700,31.996122,233303,1685864,3647817,0.2106,buy,27186,53.468774,946855,2194215,3104693,0.1793,buy,50176,49.494053,326010,621279,-1.96
2010-11-26,17235812,136,False,,5085023,0.295,buy,56400,84.60348,936568,313387,5384101,0.3124,buy,116700,31.996122,233303,1650154,3618728,0.21,buy,27186,53.468774,946855,2165126,3147824,0.1826,buy,50176,49.494053,326010,664410,-2.42
2010-11-29,17284925,136,False,,5100433,0.2951,buy,56400,84.60348,936568,328796,5380018,0.3113,buy,116700,31.996122,233303,1646070,3629603,0.21,buy,27186,53.468774,946855,2176001,3174736,0.1837,buy,50176,49.494053,326010,691322,-2.14
2010-11-30,17259415,136,False,,5071753,0.2939,buy,56400,84.60348,936568,300117,5314722,0.3079,buy,116700,31.996122,233303,1580774,3681528,0.2133,buy,27186,53.468774,946855,2227926,3191277,0.1849,buy,50176,49.494053,326010,707863,-2.29
2010-12-01,17407487,136,False,,5179619,0.2976,buy,56400,84.60348,936568,407983,5426953,0.3118,buy,116700,31.996122,233303,1693006,3680441,0.2114,buy,27186,53.468774,946855,2226839,3120338,0.1793,buy,50176,49.494053,326010,636925,-1.45
2010-12-02,17511595,147,True,monthly,5288842,0.302,buy,56861,84.665534,936568,474675,5274980,0.3012,buy,112292,31.996122,296943,1682072,3476668,0.1985,buy,25715,53.468774,1067101,2101718,3470958,0.1982,buy,55960,50.830065,326010,626507,-0.86
2010-12-03,17586167,147,False,,5303084,0.3015,buy,56861,84.665534,936568,488917,5288725,0.3007,buy,112292,31.996122,296943,1695816,3550470,0.2019,buy,25715,53.468774,1067101,2175521,3443742,0.1958,buy,55960,50.830065,326010,599291,-0.44
2010-12-06,17653969,147,False,,5297474,0.3001,buy,56861,84.665534,936568,483307,5286761,0.2995,buy,112292,31.996122,296943,1693853,3577214,0.2026,buy,25715,53.468774,1067101,2202264,3492374,0.1978,buy,55960,50.830065,326010,647923,-0.05
2010-12-07,17518053,147,False,,5300495,0.3026,buy,56861,84.665534,936568,486328,5289706,0.302,buy,112292,31.996122,296943,1696798,3510098,0.2004,buy,25715,53.468774,1067101,2135148,3417608,0.1951,buy,55960,50.830065,326010,573158,-0.82
2010-12-08,17480112,147,False,,5319912,0.3043,buy,56861,84.665534,936568,505745,5309344,0.3037,buy,112292,31.996122,296943,1716435,3466125,0.1983,buy,25715,53.468774,1067101,2091175,3384585,0.1936,buy,55960,50.830065,326010,540135,-1.04
2010-12-09,17537343,147,False,,5340628,0.3045,buy,56861,84.665534,936568,526461,5314249,0.303,buy,112292,31.996122,296943,1721341,3481039,0.1985,buy,25715,53.468774,1067101,2106090,3401280,0.1939,buy,55960,50.830065,326010,556829,-0.71
2010-12-10,17584098,147,False,,5371696,0.3055,buy,56861,84.665534,936568,557529,5349593,0.3042,buy,112292,31.996122,296943,1756685,3482068,0.198,buy,25715,53.468774,1067101,2107119,3380594,0.1923,buy,55960,50.830065,326010,536143,-0.45
2010-12-13,17598056,147,False,,5375148,0.3054,buy,56861,84.665534,936568,560981,5330941,0.3029,buy,112292,31.996122,296943,1738032,3498526,0.1988,buy,25715,53.468774,1067101,2123576,3393294,0.1928,buy,55960,50.830065,326010,548844,-0.37
2010-12-14,17566607,147,False,,5379895,0.3063,buy,56861,84.665534,936568,565728,5340759,0.304,buy,112292,31.996122,296943,1747851,3501869,0.1993,buy,25715,53.468774,1067101,2126919,3343938,0.1904,buy,55960,50.830065,326010,499488,-0.55
2010-12-15,17436839,147,False,,5355299,0.3071,buy,56861,84.665534,936568,541132,5317198,0.3049,buy,112292,31.996122,296943,1724289,3463810,0.1986,buy,25715,53.468774,1067101,2088861,3300385,0.1893,buy,55960,50.830065,326010,455935,-1.28
2010-12-16,17509117,147,False,,5386367,0.3076,buy,56861,84.665534,936568,572200,5358431,0.306,buy,112292,31.996122,296943,1765522,3440924,0.1965,buy,25715,53.468774,1067101,2065975,3323249,0.1898,buy,55960,50.830065,326010,478798,-0.87
2010-12-17,17590246,147,False,,5392137,0.3065,buy,56861,84.665534,936568,577970,5363151,0.3049,buy,112292,31.996122,296943,1770243,3450953,0.1962,buy,25715,53.468774,1067101,2076003,3383858,0.1924,buy,55960,50.830065,326010,539407,-0.41
2010-12-20,17626968,147,False,,5405153,0.3066,buy,56861,84.665534,936568,590986,5367086,0.3045,buy,112292,31.996122,296943,1774177,3474354,0.1971,buy,25715,53.468774,1067101,2099404,3380230,0.1918,buy,55960,50.830065,326010,535779,-0.21
2010-12-21,17722690,147,False,,5439421,0.3069,buy,56861,84.665534,936568,625254,5399548,0.3047,buy,112292,31.996122,296943,1806639,3479754,0.1963,buy,25715,53.468774,1067101,2104804,3403821,0.1921,buy,55960,50.830065,326010,559370,0.0
2010-12-22,17707365,147,False,,5456340,0.3081,buy,56861,84.665534,936568,642173,5398566,0.3049,buy,112292,31.996122,296943,1805657,3472811,0.1961,buy,25715,53.468774,1067101,2097861,3379502,0.1909,buy,55960,50.830065,326010,535051,-0.09
2010-12-23,17668860,147,False,,5448531,0.3084,buy,56861,84.665534,936568,634364,5384794,0.3048,buy,112292,31.996122,296943,1791885,3462782,0.196,buy,25715,53.468774,1067101,2087832,3372606,0.1909,buy,55960,50.830065,326010,528156,-0.3
2010-12-27,17713357,147,False,,5450701,0.3077,buy,56861,84.665534,936568,636534,5387743,0.3042,buy,112292,31.996122,296943,1794834,3472039,0.196,buy,25715,53.468774,1067101,2097090,3402727,0.1921,buy,55960,50.830065,326010,558277,-0.05
2010-12-28,17701258,147,False,,5458508,0.3084,buy,56861,84.665534,936568,644341,5377906,0.3038,buy,112292,31.996122,296943,1784997,3528612,0.1993,buy,25715,53.468774,1067101,2153663,3336085,0.1885,buy,55960,50.830065,326010,491635,-0.12
2010-12-29,17786019,147,False,,5462412,0.3071,buy,56861,84.665534,936568,648245,5389712,0.303,buy,112292,31.996122,296943,1796804,3541213,0.1991,buy,25715,53.468774,1067101,2166263,3392535,0.1907,buy,55960,50.830065,326010,548084,0.0
2010-12-30,17744520,147,False,,5453738,0.3073,buy,56861,84.665534,936568,639571,5376924,0.303,buy,112292,31.996122,296943,1784016,3523726,0.1986,buy,25715,53.468774,1067101,2148777,3389985,0.191,buy,55960,50.830065,326010,545534,-0.23
2010-12-31,17807113,147,False,,5455038,0.3063,buy,56861,84.665534,936568,640871,5357250,0.3008,buy,112292,31.996122,296943,1764341,3567185,0.2003,buy,25715,53.468774,1067101,2192235,3427493,0.1925,buy,55960,50.830065,326010,583043,0.0
2011-01-03,17902752,147,False,,5511434,0.3079,buy,56861,84.665534,936568,697267,5440865,0.3039,buy,112292,31.996122,296943,1847956,3548670,0.1982,buy,25715,53.468774,1067101,2173720,3401637,0.19,buy,55960,50.830065,326010,557187,0.0
2011-01-04,17816213,147,False,,5508396,0.3092,buy,56861,84.665534,936568,694229,5436930,0.3052,buy,112292,31.996122,296943,1844022,3465096,0.1945,buy,25715,53.468774,1067101,2090147,3405644,0.1912,buy,55960,50.830065,326010,561193,-0.48
2011-01-05,17806288,147,False,,5537028,0.311,buy,56861,84.665534,936568,722861,5483164,0.3079,buy,112292,31.996122,296943,1890255,3455324,0.1941,buy,25715,53.468774,1067101,2080375,3330625,0.187,buy,55960,50.830065,326010,486175,-0.54
2011-01-06,17813828,147,False,,5526181,0.3102,buy,56861,84.665534,936568,712014,5500871,0.3088,buy,112292,31.996122,296943,1907963,3441439,0.1932,buy,25715,53.468774,1067101,2066489,3345191,0.1878,buy,55960,50.830065,326010,500741,-0.5
2011-01-07,17809482,147,False,,5515337,0.3097,buy,56861,84.665534,936568,701170,5495952,0.3086,buy,112292,31.996122,296943,1903044,3435010,0.1929,buy,25715,53.468774,1067101,2060060,3363037,0.1888,buy,55960,50.830065,326010,518586,-0.52
2011-01-10,17855296,147,False,,5508396,0.3085,buy,56861,84.665534,936568,694229,5516613,0.309,buy,112292,31.996122,296943,1923704,3448896,0.1932,buy,25715,53.468774,1067101,2073946,3381245,0.1894,buy,55960,50.830065,326010,536795,-0.27
2011-01-11,17884061,147,False,,5527916,0.3091,buy,56861,84.665534,936568,713749,5524480,0.3089,buy,112292,31.996122,296943,1931571,3469211,0.194,buy,25715,53.468774,1067101,2094261,3362308,0.188,buy,55960,50.830065,326010,517858,-0.1
2011-01-12,17961219,147,False,,5577805,0.3105,buy,56861,84.665534,936568,763638,5563828,0.3098,buy,112292,31.996122,296943,1970919,3483354,0.1939,buy,25715,53.468774,1067101,2108405,3336085,0.1857,buy,55960,50.830065,326010,491635,0.0
2011-01-13,17947681,147,False,,5568694,0.3103,buy,56861,84.665534,936568,754528,5565794,0.3101,buy,112292,31.996122,296943,1972886,3447096,0.1921,buy,25715,53.468774,1067101,2072146,3365950,0.1875,buy,55960,50.830065,326010,521499,-0.08
2011-01-14,17972884,147,False,,5609039,0.3121,buy,56861,84.665534,936568,794872,5607110,0.312,buy,112292,31.996122,296943,2014202,3412123,0.1898,buy,25715,53.468774,1067101,2037174,3344465,0.1861,buy,55960,50.830065,326010,500015,0.0
2011-01-18,18001537,147,False,,5618582,0.3121,buy,56861,84.665534,936568,804415,5622850,0.3124,buy,112292,31.996122,296943,2029942,3431152,0.1906,buy,25715,53.468774,1067101,2056203,3328806,0.1849,buy,55960,50.830065,326010,484355,0.0
2011-01-19,17913997,147,False,,5563489,0.3106,buy,56861,84.665534,936568,749322,5558908,0.3103,buy,112292,31.996122,296943,1966000,3438610,0.192,buy,25715,53.468774,1067101,2063660,3352843,0.1872,buy,55960,50.830065,326010,508393,-0.49
2011-01-20,17756221,147,False,,5556113,0.3129,buy,56861,84.665534,936568,741946,5519562,0.3109,buy,112292,31.996122,296943,1926653,3373808,0.19,buy,25715,53.468774,1067101,1998858,3306592,0.1862,buy,55960,50.830065,326010,462141,-1.36
2011-01-21,17748350,147,False,,5568694,0.3138,buy,56861,84.665534,936568,754528,5477262,0.3086,buy,112292,31.996122,296943,1884353,3369436,0.1898,buy,25715,53.468774,1067101,1994487,3332811,0.1878,buy,55960,50.830065,326010,488360,-1.41
2011-01-24,17839994,147,False,,5600362,0.3139,buy,56861,84.665534,936568,786195,5553008,0.3113,buy,112292,31.996122,296943,1960099,3352207,0.1879,buy,25715,53.468774,1067101,1977258,3334270,0.1869,buy,55960,50.830065,326010,489819,-0.9
2011-01-25,17875892,147,False,,5603398,0.3135,buy,56861,84.665534,936568,789231,5560876,0.3111,buy,112292,31.996122,296943,1967968,3345522,0.1872,buy,25715,53.468774,1067101,1970572,3365950,0.1883,buy,55960,50.830065,326010,521499,-0.7
2011-01-26,17903369,147,False,,5625089,0.3142,buy,56861,84.665534,936568,810922,5590387,0.3123,buy,112292,31.996122,296943,1997478,3372780,0.1884,buy,25715,53.468774,1067101,1997830,3314967,0.1852,buy,55960,50.830065,326010,470517,-0.55
2011-01-27,17883548,147,False,,5638969,0.3153,buy,56861,84.665534,936568,824803,5624816,0.3145,buy,112292,31.996122,296943,2031907,3289720,0.184,buy,25715,53.468774,1067101,1914770,3329897,0.1862,buy,55960,50.830065,326010,485446,-0.66
2011-01-28,17720354,147,False,,5540498,0.3127,buy,56861,84.665534,936568,726331,5482180,0.3094,buy,112292,31.996122,296943,1889271,3350150,0.1891,buy,25715,53.468774,1067101,1975201,3347379,0.1889,buy,55960,50.830065,326010,502929,-1.56
2011-01-31,17752522,147,False,,5582141,0.3144,buy,56861,84.665534,936568,767975,5508741,0.3103,buy,112292,31.996122,296943,1915833,3339607,0.1881,buy,25715,53.468774,1067101,1964657,3321886,0.1871,buy,55960,50.830065,326010,477436,-1.38
2011-02-01,17952645,147,False,,5671504,0.3159,buy,56861,84.665534,936568,857337,5612030,0.3126,buy,112292,31.996122,296943,2019121,3363522,0.1874,buy,25715,53.468774,1067101,1988573,3305442,0.1841,buy,55960,50.830065,326010,460991,-0.27
2011-02-02,17924678,147,False,,5660661,0.3158,buy,56861,84.665534,936568,846494,5603177,0.3126,buy,112292,31.996122,296943,2010268,3354522,0.1871,buy,25715,53.468774,1067101,1979572,3306173,0.1844,buy,55960,50.830065,326010,461723,-0.43
2011-02-03,17964690,147,False,,5673240,0.3158,buy,56861,84.665534,936568,859074,5613014,0.3124,buy,112292,31.996122,296943,2020106,3399523,0.1892,buy,25715,53.468774,1067101,2024573,3278766,0.1825,buy,55960,50.830065,326010,434316,-0.2
2011-02-04,17965076,147,False,,5689292,0.3167,buy,56861,84.665534,936568,875125,5644492,0.3142,buy,112292,31.996122,296943,2051583,3385637,0.1885,buy,25715,53.468774,1067101,2010687,3245509,0.1807,buy,55960,50.830065,326010,401058,-0.2
2011-02-07,18044530,147,False,,5724863,0.3173,buy,56861,84.665534,936568,910696,5671051,0.3143,buy,112292,31.996122,296943,2078142,3386151,0.1877,buy,25715,53.468774,1067101,2011201,3262319,0.1808,buy,55960,50.830065,326010,417868,0.0
2011-02-08,18115518,147,False,,5750891,0.3175,buy,56861,84.665534,936568,936724,5708433,0.3151,buy,112292,31.996122,296943,2115524,3423695,0.189,buy,25715,53.468774,1067101,2048746,3232353,0.1784,buy,55960,50.830065,326010,387903,0.0
2011-02-09,18119002,147,False,,5737876,0.3167,buy,56861,84.665534,936568,923709,5698594,0.3145,buy,112292,31.996122,296943,2105685,3421895,0.1889,buy,25715,53.468774,1067101,2046946,3260491,0.1799,buy,55960,50.830065,326010,416041,0.0
2011-02-10,18086729,147,False,,5740046,0.3174,buy,56861,84.665534,936568,925879,5707449,0.3156,buy,112292,31.996122,296943,2114541,3416238,0.1889,buy,25715,53.468774,1067101,2041288,3222849,0.1782,buy,55960,50.830065,326010,378399,-0.18
2011-02-11,18195100,147,False,,5774318,0.3174,buy,56861,84.665534,936568,960151,5748763,0.316,buy,112292,31.996122,296943,2155854,3402609,0.187,buy,25715,53.468774,1067101,2027659,3269264,0.1797,buy,55960,50.830065,326010,424813,0.0
2011-02-14,18241145,147,False,,5788198,0.3173,buy,56861,84.665534,936568,974031,5762536,0.3159,buy,112292,31.996122,296943,2169627,3418809,0.1874,buy,25715,53.468774,1067101,2043860,3271456,0.1793,buy,55960,50.830065,326010,427005,0.0
2011-02-15,18255899,147,False,,5769977,0.3161,buy,56861,84.665534,936568,955810,5754665,0.3152,buy,112292,31.996122,296943,2161757,3445039,0.1887,buy,25715,53.468774,1067101,2070089,3286072,0.18,buy,55960,50.830065,326010,441622,0.0
2011-02-16,18322468,147,False,,5806416,0.3169,buy,56861,84.665534,936568,992249,5792046,0.3161,buy,112292,31.996122,296943,2199138,3448382,0.1882,buy,25715,53.468774,1067101,2073432,3275477,0.1788,buy,55960,50.830065,326010,431027,0.0
2011-02-17,18367137,147,False,,5823768,0.3171,buy,56861,84.665534,936568,1009601,5790080,0.3152,buy,112292,31.996122,296943,2197171,3472553,0.1891,buy,25715,53.468774,1067101,2097604,3280590,0.1786,buy,55960,50.830065,326010,436139,0.0
2011-02-18,18365781,147,False,,5835915,0.3178,buy,56861,84.665534,936568,1021749,5777292,0.3146,buy,112292,31.996122,296943,2184384,3482068,0.1896,buy,25715,53.468774,1067101,2107119,3270359,0.1781,buy,55960,50.830065,326010,425909,-0.01
2011-02-22,18153023,147,False,,5718789,0.315,buy,56861,84.665534,936568,904622,5610062,0.309,buy,112292,31.996122,296943,2017153,3504697,0.1931,buy,25715,53.468774,1067101,2129748,3319329,0.1829,buy,55960,50.830065,326010,474878,-1.17
2011-02-23,18115083,147,False,,5683652,0.3138,buy,56861,84.665534,936568,869485,5563828,0.3071,buy,112292,31.996122,296943,1970919,3536070,0.1952,buy,25715,53.468774,1067101,2161120,3331388,0.1839,buy,55960,50.830065,326010,486937,-1.37
2011-02-24,18135399,147,False,,5679748,0.3132,buy,56861,84.665534,936568,865581,5593338,0.3084,buy,112292,31.996122,296943,2000430,3509583,0.1935,buy,25715,53.468774,1067101,2134634,3352583,0.1849,buy,55960,50.830065,326010,508133,-1.26
2011-02-25,18316719,147,False,,5740479,0.3134,buy,56861,84.665534,936568,926312,5671051,0.3096,buy,112292,31.996122,296943,2078142,3532727,0.1929,buy,25715,53.468774,1067101,2157777,3372316,0.1841,buy,55960,50.830065,326010,527866,-0.27
2011-02-28,18375678,147,False,,5776049,0.3143,buy,56861,84.665534,936568,961882,5682855,0.3093,buy,112292,31.996122,296943,2089946,3539927,0.1926,buy,25715,53.468774,1067101,2164977,3376701,0.1838,buy,55960,50.830065,326010,532251,0.0
2011-03-01,18258630,147,False,,5679748,0.3111,buy,56861,84.665534,936568,865581,5591373,0.3062,buy,112292,31.996122,296943,1998465,3600871,0.1972,buy,25715,53.468774,1067101,2225922,3386491,0.1855,buy,55960,50.830065,326010,542040,-0.64
2011-03-02,18245397,147,False,,5691893,0.312,buy,56861,84.665534,936568,877726,5620882,0.3081,buy,112292,31.996122,296943,2027974,3598043,0.1972,buy,25715,53.468774,1067101,2223093,3334432,0.1828,buy,55960,50.830065,326010,489981,-0.71
2011-03-03,18374907,147,False,,5789932,0.3151,buy,56861,84.665534,936568,975765,5732041,0.3119,buy,112292,31.996122,296943,2139132,3550984,0.1933,buy,25715,53.468774,1067101,2176035,3301803,0.1797,buy,55960,50.830065,326010,457352,-0.0
2011-03-04,18361915,147,False,,5746555,0.313,buy,56861,84.665534,936568,932388,5702530,0.3106,buy,112292,31.996122,296943,2109621,3583385,0.1952,buy,25715,53.468774,1067101,2208436,3329299,0.1813,buy,55960,50.830065,326010,484848,-0.07
2011-03-07,18228319,147,False,,5701438,0.3128,buy,56861,84.665534,936568,887271,5625801,0.3086,buy,112292,31.996122,296943,2032892,3592900,0.1971,buy,25715,53.468774,1067101,2217950,3308034,0.1815,buy,55960,50.830065,326010,463584,-0.8
2011-03-08,18271410,147,False,,5751324,0.3148,buy,56861,84.665534,936568,937157,5648426,0.3091,buy,112292,31.996122,296943,2055518,3583642,0.1961,buy,25715,53.468774,1067101,2208693,3287871,0.1799,buy,55960,50.830065,326010,443420,-0.57
2011-03-09,18257985,147,False,,5743085,0.3146,buy,56861,84.665534,936568,928918,5610062,0.3073,buy,112292,31.996122,296943,2017153,3584928,0.1963,buy,25715,53.468774,1067101,2209979,3319764,0.1818,buy,55960,50.830065,326010,475313,-0.64
2011-03-10,18077709,147,False,,5636802,0.3118,buy,56861,84.665534,936568,822635,5522511,0.3055,buy,112292,31.996122,296943,1929603,3542756,0.196,buy,25715,53.468774,1067101,2167806,3375494,0.1867,buy,55960,50.830065,326010,531043,-1.62
2011-03-11,18143687,147,False,,5675843,0.3128,buy,56861,84.665534,936568,861676,5556941,0.3063,buy,112292,31.996122,296943,1964033,3554327,0.1959,buy,25715,53.468774,1067101,2179378,3356429,0.185,buy,55960,50.830065,326010,511978,-1.26
2011-03-14,18104740,147,False,,5641574,0.3116,buy,56861,84.665534,936568,827407,5537269,0.3058,buy,112292,31.996122,296943,1944360,3570785,0.1972,buy,25715,53.468774,1067101,2195835,3354966,0.1853,buy,55960,50.830065,326010,510515,-1.47
2011-03-15,17945027,147,False,,5576937,0.3108,buy,56861,84.665534,936568,762770,5458572,0.3042,buy,112292,31.996122,296943,1865663,3504183,0.1953,buy,25715,53.468774,1067101,2129234,3405189,0.1898,buy,55960,50.830065,326010,560739,-2.34
2011-03-16,17747690,147,False,,5473691,0.3084,buy,56861,84.665534,936568,659524,5326756,0.3001,buy,112292,31.996122,296943,1733847,3503412,0.1974,buy,25715,53.468774,1067101,2128462,3443685,0.194,buy,55960,50.830065,326010,599234,-3.42
2011-03-17,17861693,147,False,,5546136,0.3105,buy,56861,84.665534,936568,731969,5375940,0.301,buy,112292,31.996122,296943,1783032,3522184,0.1972,buy,25715,53.468774,1067101,2147234,3417287,0.1913,buy,55960,50.830065,326010,572837,-2.8
2011-03-18,17914917,147,False,,5566309,0.3107,buy,56861,84.665534,936568,752142,5363825,0.2994,buy,112292,31.996122,296943,1770916,3558184,0.1986,buy,25715,53.468774,1067101,2183235,3426452,0.1913,buy,55960,50.830065,326010,582002,-2.51
2011-03-21,18104255,147,False,,5652575,0.3122,buy,56861,84.665534,936568,838408,5467259,0.302,buy,112292,31.996122,296943,1874351,3577985,0.1976,buy,25715,53.468774,1067101,2203036,3406290,0.1881,buy,55960,50.830065,326010,561839,-1.48
2011-03-22,18083845,147,False,,5632968,0.3115,buy,56861,84.665534,936568,818801,5457406,0.3018,buy,112292,31.996122,296943,1864498,3575671,0.1977,buy,25715,53.468774,1067101,2200721,3417654,0.189,buy,55960,50.830065,326010,573203,-1.59
2011-03-23,18159281,147,False,,5649090,0.3111,buy,56861,84.665534,936568,834923,5487946,0.3022,buy,112292,31.996122,296943,1895037,3608843,0.1987,buy,25715,53.468774,1067101,2233893,3413256,0.188,buy,55960,50.830065,326010,568805,-1.18
2011-03-24,18256364,147,False,,5703115,0.3124,buy,56861,84.665534,936568,888948,5585471,0.3059,buy,112292,31.996122,296943,1992562,3580042,0.1961,buy,25715,53.468774,1067101,2205093,3387590,0.1856,buy,55960,50.830065,326010,543140,-0.65
2011-03-25,18280178,147,False,,5720539,0.3129,buy,56861,84.665534,936568,906372,5599262,0.3063,buy,112292,31.996122,296943,2006354,3581071,0.1959,buy,25715,53.468774,1067101,2206121,3379159,0.1849,buy,55960,50.830065,326010,534709,-0.52
2011-03-28,18221947,147,False,,5706598,0.3132,buy,56861,84.665534,936568,892431,5568723,0.3056,buy,112292,31.996122,296943,1975814,3562556,0.1955,buy,25715,53.468774,1067101,2187606,3383924,0.1857,buy,55960,50.830065,326010,539473,-0.84
2011-03-29,18279955,147,False,,5744940,0.3143,buy,56861,84.665534,936568,930773,5622903,0.3076,buy,112292,31.996122,296943,2029994,3554070,0.1944,buy,25715,53.468774,1067101,2179121,3357895,0.1837,buy,55960,50.830065,326010,513445,-0.52
2011-03-30,18384793,147,False,,5784588,0.3146,buy,56861,84.665534,936568,970421,5649500,0.3073,buy,112292,31.996122,296943,2056591,3565899,0.194,buy,25715,53.468774,1067101,2190949,3384660,0.1841,buy,55960,50.830065,326010,540209,0.0
2011-03-31,18408466,147,False,,5776745,0.3138,buy,56861,84.665534,936568,962578,5657382,0.3073,buy,112292,31.996122,296943,2064473,3596500,0.1954,buy,25715,53.468774,1067101,2221550,3377693,0.1835,buy,55960,50.830065,326010,533242,0.0
2011-04-01,18435267,147,False,,5801143,0.3147,buy,56861,84.665534,936568,986976,5660337,0.307,buy,112292,31.996122,296943,2067429,3579528,0.1942,buy,25715,53.468774,1067101,2204578,3394112,0.1841,buy,55960,50.830065,326010,549662,0.0
2011-04-04,18441482,147,False,,5805936,0.3148,buy,56861,84.665534,936568,991769,5641620,0.3059,buy,112292,31.996122,296943,2048712,3595985,0.195,buy,25715,53.468774,1067101,2221036,3397794,0.1842,buy,55960,50.830065,326010,553343,0.0
2011-04-05,18469041,147,False,,5805064,0.3143,buy,56861,84.665534,936568,990897,5626843,0.3047,buy,112292,31.996122,296943,2033934,3652816,0.1978,buy,25715,53.468774,1067101,2277866,3384173,0.1832,buy,55960,50.830065,326010,539722,0.0
2011-04-06,18458811,147,False,,5823364,0.3155,buy,56861,84.665534,936568,1009197,5640634,0.3056,buy,112292,31.996122,296943,2047725,3661302,0.1983,buy,25715,53.468774,1067101,2286352,3333366,0.1806,buy,55960,50.830065,326010,488915,-0.06
2011-04-07,18436775,147,False,,5808551,0.3151,buy,56861,84.665534,936568,994384,5636693,0.3057,buy,112292,31.996122,296943,2043785,3664645,0.1988,buy,25715,53.468774,1067101,2289695,3326740,0.1804,buy,55960,50.830065,326010,482289,-0.17
2011-04-08,18402036,147,False,,5788509,0.3146,buy,56861,84.665534,936568,974342,5610097,0.3049,buy,112292,31.996122,296943,2017188,3694217,0.2008,buy,25715,53.468774,1067101,2319267,3309067,0.1798,buy,55960,50.830065,326010,464617,-0.36
2011-04-11,18342608,147,False,,5771080,0.3146,buy,56861,84.665534,936568,956914,5591380,0.3048,buy,112292,31.996122,296943,1998471,3667988,0.2,buy,25715,53.468774,1067101,2293038,3312013,0.1806,buy,55960,50.830065,326010,467563,-0.68
2011-04-12,18270282,147,False,,5727949,0.3135,buy,56861,84.665534,936568,913782,5552960,0.3039,buy,112292,31.996122,296943,1960052,3641501,0.1993,buy,25715,53.468774,1067101,2266552,3347725,0.1832,buy,55960,50.830065,326010,503275,-1.08
2011-04-13,18345571,147,False,,5727511,0.3122,buy,56861,84.665534,936568,913344,5600246,0.3053,buy,112292,31.996122,296943,2007337,3648958,0.1989,buy,25715,53.468774,1067101,2274009,3368709,0.1836,buy,55960,50.830065,326010,524259,-0.67
2011-04-14,18386616,147,False,,5731868,0.3117,buy,56861,84.665534,936568,917701,5590396,0.304,buy,112292,31.996122,296943,1997487,3698074,0.2011,buy,25715,53.468774,1067101,2323125,3366132,0.1831,buy,55960,50.830065,326010,521681,-0.45
2011-04-15,18475217,147,False,,5752781,0.3114,buy,56861,84.665534,936568,938614,5580544,0.3021,buy,112292,31.996122,296943,1987635,3729961,0.2019,buy,25715,53.468774,1067101,2355011,3411784,0.1847,buy,55960,50.830065,326010,567334,0.0
2011-04-18,18401694,147,False,,5688301,0.3091,buy,56861,84.665534,936568,874134,5541141,0.3011,buy,112292,31.996122,296943,1948232,3752590,0.2039,buy,25715,53.468774,1067101,2377640,3419516,0.1858,buy,55960,50.830065,326010,575066,-0.4
2011-04-19,18483575,147,False,,5720978,0.3095,buy,56861,84.665534,936568,906811,5575619,0.3017,buy,112292,31.996122,296943,1982710,3752590,0.203,buy,25715,53.468774,1067101,2377640,3434242,0.1858,buy,55960,50.830065,326010,589792,0.0
2011-04-20,18680224,147,False,,5798966,0.3104,buy,56861,84.665534,936568,984799,5701710,0.3052,buy,112292,31.996122,296943,2108802,3767248,0.2017,buy,25715,53.468774,1067101,2392298,3412153,0.1827,buy,55960,50.830065,326010,567703,0.0
2011-04-21,18758392,147,False,,5828591,0.3107,buy,56861,84.665534,936568,1014424,5747025,0.3064,buy,112292,31.996122,296943,2154116,3773419,0.2012,buy,25715,53.468774,1067101,2398470,3409210,0.1817,buy,55960,50.830065,326010,564760,0.0
2011-04-25,18783293,147,False,,5822491,0.31,buy,56861,84.665534,936568,1008325,5761802,0.3068,buy,112292,31.996122,296943,2168893,3776762,0.2011,buy,25715,53.468774,1067101,2401812,3422092,0.1822,buy,55960,50.830065,326010,577641,0.0
2011-04-26,18886441,147,False,,5872594,0.3109,buy,56861,84.665534,936568,1058428,5794309,0.3068,buy,112292,31.996122,296943,2201401,3764162,0.1993,buy,25715,53.468774,1067101,2389212,3455229,0.1829,buy,55960,50.830065,326010,610779,0.0
2011-04-27,19001359,147,False,,5910936,0.3111,buy,56861,84.665534,936568,1096769,5833713,0.307,buy,112292,31.996122,296943,2240805,3836678,0.2019,buy,25715,53.468774,1067101,2461728,3419885,0.18,buy,55960,50.830065,326010,575435,0.0
2011-04-28,19053746,147,False,,5930107,0.3112,buy,56861,84.665534,936568,1115941,5824847,0.3057,buy,112292,31.996122,296943,2231938,3852621,0.2022,buy,25715,53.468774,1067101,2477672,3446024,0.1809,buy,55960,50.830065,326010,601573,0.0
2011-04-29,19139013,147,False,,5944049,0.3106,buy,56861,84.665534,936568,1129882,5819921,0.3041,buy,112292,31.996122,296943,2227013,3918194,0.2047,buy,25715,53.468774,1067101,2543245,3456703,0.1806,buy,55960,50.830065,326010,612252,0.0
2011-05-02,19074169,147,False,,5934897,0.3111,buy,56861,84.665534,936568,1120730,5809085,0.3046,buy,112292,31.996122,296943,2216177,3867793,0.2028,buy,25715,53.468774,1067101,2492844,3462247,0.1815,buy,55960,50.830065,326010,617796,-0.34
2011-05-03,19031203,147,False,,5913547,0.3107,buy,56861,84.665534,936568,1099381,5781501,0.3038,buy,112292,31.996122,296943,2188593,3854164,0.2025,buy,25715,53.468774,1067101,2479215,3481844,0.183,buy,55960,50.830065,326010,637393,-0.56
2011-05-04,18943372,147,False,,5874338,0.3101,buy,56861,84.665534,936568,1060171,5772637,0.3047,buy,112292,31.996122,296943,2179728,3798877,0.2005,buy,25715,53.468774,1067101,2423927,3497373,0.1846,buy,55960,50.830065,326010,652923,-1.02
2011-05-05,18782423,147,False,,5821182,0.3099,buy,56861,84.665534,936568,1007015,5741114,0.3057,buy,112292,31.996122,296943,2148205,3689331,0.1964,buy,25715,53.468774,1067101,2314382,3530650,0.188,buy,55960,50.830065,326010,686199,-1.86
2011-05-06,18858378,147,False,,5846889,0.31,buy,56861,84.665534,936568,1032722,5759832,0.3054,buy,112292,31.996122,296943,2166923,3736390,0.1981,buy,25715,53.468774,1067101,2361440,3515122,0.1864,buy,55960,50.830065,326010,670671,-1.47
2011-05-09,18952494,147,False,,5869546,0.3097,buy,56861,84.665534,936568,1055379,5781501,0.3051,buy,112292,31.996122,296943,2188593,3789877,0.2,buy,25715,53.468774,1067101,2414927,3511424,0.1853,buy,55960,50.830065,326010,666973,-0.97
2011-05-10,19040085,147,False,,5919650,0.3109,buy,56861,84.665534,936568,1105483,5830759,0.3062,buy,112292,31.996122,296943,2237850,3803248,0.1997,buy,25715,53.468774,1067101,2428299,3486282,0.1831,buy,55960,50.830065,326010,641831,-0.52
2011-05-11,18920411,147,False,,5857346,0.3096,buy,56861,84.665534,936568,1043179,5788398,0.3059,buy,112292,31.996122,296943,2195490,3768276,0.1992,buy,25715,53.468774,1067101,2393326,3506245,0.1853,buy,55960,50.830065,326010,661794,-1.14
2011-05-12,18961878,147,False,,5885231,0.3104,buy,56861,84.665534,936568,1071065,5822875,0.3071,buy,112292,31.996122,296943,2229967,3769562,0.1988,buy,25715,53.468774,1067101,2394612,3484063,0.1837,buy,55960,50.830065,326010,639613,-0.93
2011-05-13,18854352,147,False,,5839919,0.3097,buy,56861,84.665534,936568,1025752,5753921,0.3052,buy,112292,31.996122,296943,2161012,3744876,0.1986,buy,25715,53.468774,1067101,2369926,3515491,0.1865,buy,55960,50.830065,326010,671040,-1.49
2011-05-16,18730735,147,False,,5802886,0.3098,buy,56861,84.665534,936568,988719,5654425,0.3019,buy,112292,31.996122,296943,2061517,3738189,0.1996,buy,25715,53.468774,1067101,2363240,3535088,0.1887,buy,55960,50.830065,326010,690637,-2.13
2011-05-17,18765656,147,False,,5802015,0.3092,buy,56861,84.665534,936568,987848,5670187,0.3022,buy,112292,31.996122,296943,2077278,3721989,0.1983,buy,25715,53.468774,1067101,2347040,3571319,0.1903,buy,55960,50.830065,326010,726868,-1.95
2011-05-18,18839577,147,False,,5853861,0.3107,buy,56861,84.665534,936568,1039695,5717471,0.3035,buy,112292,31.996122,296943,2124563,3744104,0.1987,buy,25715,53.468774,1067101,2369155,3523994,0.1871,buy,55960,50.830065,326010,679543,-1.56
2011-05-19,18870065,147,False,,5867799,0.311,buy,56861,84.665534,936568,1053633,5734217,0.3039,buy,112292,31.996122,296943,2141309,3745390,0.1985,buy,25715,53.468774,1067101,2370440,3522512,0.1867,buy,55960,50.830065,326010,678062,-1.41
2011-05-20,18829269,147,False,,5821182,0.3092,buy,56861,84.665534,936568,1007015,5690873,0.3022,buy,112292,31.996122,296943,2097964,3792705,0.2014,buy,25715,53.468774,1067101,2417756,3524362,0.1872,buy,55960,50.830065,326010,679911,-1.62
2011-05-23,18703762,147,False,,5753654,0.3076,buy,56861,84.665534,936568,939487,5607142,0.2998,buy,112292,31.996122,296943,2014234,3801449,0.2032,buy,25715,53.468774,1067101,2426499,3541371,0.1893,buy,55960,50.830065,326010,696921,-2.27
2011-05-24,18697345,147,False,,5748860,0.3075,buy,56861,84.665534,936568,934693,5572664,0.298,buy,112292,31.996122,296943,1979755,3820992,0.2044,buy,25715,53.468774,1067101,2446042,3554683,0.1901,buy,55960,50.830065,326010,710232,-2.31
2011-05-25,18721295,147,False,,5768034,0.3081,buy,56861,84.665534,936568,953867,5594335,0.2988,buy,112292,31.996122,296943,2001427,3820735,0.2041,buy,25715,53.468774,1067101,2445785,3538045,0.189,buy,55960,50.830065,326010,693595,-2.18
2011-05-26,18803406,147,False,,5794607,0.3082,buy,56861,84.665534,936568,980440,5628813,0.2994,buy,112292,31.996122,296943,2035904,3811477,0.2027,buy,25715,53.468774,1067101,2436528,3568362,0.1898,buy,55960,50.830065,326010,723912,-1.75
2011-05-27,18890776,147,False,,5816828,0.3079,buy,56861,84.665534,936568,1002661,5657382,0.2995,buy,112292,31.996122,296943,2064473,3849535,0.2038,buy,25715,53.468774,1067101,2474586,3566885,0.1888,buy,55960,50.830065,326010,722434,-1.3
2011-05-31,19049543,147,False,,5877389,0.3085,buy,56861,84.665534,936568,1063222,5748995,0.3018,buy,112292,31.996122,296943,2156086,3847993,0.202,buy,25715,53.468774,1067101,2473043,3575020,0.1877,buy,55960,50.830065,326010,730569,-0.47
2011-06-01,18847680,147,False,,5745376,0.3048,buy,56861,84.665534,936568,931209,5623890,0.2984,buy,112292,31.996122,296943,2030981,3854936,0.2045,buy,25715,53.468774,1067101,2479986,3623332,0.1922,buy,55960,50.830065,326010,778881,-1.52
2011-06-02,18773836,147,False,,5739278,0.3057,buy,56861,84.665534,936568,925111,5635710,0.3002,buy,112292,31.996122,296943,2042802,3844392,0.2048,buy,25715,53.468774,1067101,2469443,3554309,0.1893,buy,55960,50.830065,326010,709859,-1.91
2011-06-03,18670967,147,False,,5682201,0.3043,buy,56861,84.665534,936568,868034,5550991,0.2973,buy,112292,31.996122,296943,1958083,3862907,0.2069,buy,25715,53.468774,1067101,2487958,3574721,0.1915,buy,55960,50.830065,326010,730271,-2.45
2011-06-06,18545122,147,False,,5622077,0.3032,buy,56861,84.665534,936568,807910,5505677,0.2969,buy,112292,31.996122,296943,1912768,3869593,0.2087,buy,25715,53.468774,1067101,2494644,3547629,0.1913,buy,55960,50.830065,326010,703178,-3.1
2011-06-07,18546577,147,False,,5618592,0.3029,buy,56861,84.665534,936568,804425,5495827,0.2963,buy,112292,31.996122,296943,1902918,3868050,0.2086,buy,25715,53.468774,1067101,2493101,3563961,0.1922,buy,55960,50.830065,326010,719511,-3.1
2011-06-08,18495789,147,False,,5595064,0.3025,buy,56861,84.665534,936568,780897,5456422,0.295,buy,112292,31.996122,296943,1863513,3852364,0.2083,buy,25715,53.468774,1067101,2477415,3591792,0.1942,buy,55960,50.830065,326010,747342,-3.36
2011-06-09,18553148,147,False,,5637762,0.3039,buy,56861,84.665534,936568,823595,5466273,0.2946,buy,112292,31.996122,296943,1873365,3871650,0.2087,buy,25715,53.468774,1067101,2496701,3577317,0.1928,buy,55960,50.830065,326010,732866,-3.06
2011-06-10,18384508,147,False,,5559337,0.3024,buy,56861,84.665534,936568,745171,5382540,0.2928,buy,112292,31.996122,296943,1789631,3837707,0.2087,buy,25715,53.468774,1067101,2462757,3604777,0.1961,buy,55960,50.830065,326010,760327,-3.94
2011-06-13,18332882,147,False,,5563694,0.3035,buy,56861,84.665534,936568,749527,5382540,0.2936,buy,112292,31.996122,296943,1789631,3799906,0.2073,buy,25715,53.468774,1067101,2424956,3586596,0.1956,buy,55960,50.830065,326010,742146,-4.21
2011-06-14,18441386,147,False,,5634278,0.3055,buy,56861,84.665534,936568,820111,5451497,0.2956,buy,112292,31.996122,296943,1858588,3823049,0.2073,buy,25715,53.468774,1067101,2448099,3532416,0.1915,buy,55960,50.830065,326010,687965,-3.65
2011-06-15,18313514,147,False,,5534069,0.3022,buy,56861,84.665534,936568,719902,5348062,0.292,buy,112292,31.996122,296943,1755154,3834621,0.2094,buy,25715,53.468774,1067101,2459671,3596616,0.1964,buy,55960,50.830065,326010,752166,-4.31
2011-06-16,18317495,147,False,,5546268,0.3028,buy,56861,84.665534,936568,732101,5327375,0.2908,buy,112292,31.996122,296943,1734466,3830764,0.2091,buy,25715,53.468774,1067101,2455814,3612942,0.1972,buy,55960,50.830065,326010,768492,-4.29
2011-06-17,18325237,147,False,,5562818,0.3036,buy,56861,84.665534,936568,748652,5310691,0.2898,buy,112292,31.996122,296943,1717783,3855707,0.2104,buy,25715,53.468774,1067101,2480758,3595874,0.1962,buy,55960,50.830065,326010,751423,-4.25
2011-06-20,18388106,147,False,,5591277,0.3041,buy,56861,84.665534,936568,777110,5338335,0.2903,buy,112292,31.996122,296943,1745427,3858021,0.2098,buy,25715,53.468774,1067101,2483072,3600326,0.1958,buy,55960,50.830065,326010,755875,-3.92
2011-06-21,18582072,147,False,,5667899,0.305,buy,56861,84.665534,936568,853732,5452862,0.2934,buy,112292,31.996122,296943,1859954,3876793,0.2086,buy,25715,53.468774,1067101,2501844,3584370,0.1929,buy,55960,50.830065,326010,739920,-2.91
2011-06-22,18516568,147,False,,5633748,0.3043,buy,56861,84.665534,936568,819581,5413369,0.2924,buy,112292,31.996122,296943,1820461,3882708,0.2097,buy,25715,53.468774,1067101,2507758,3586596,0.1937,buy,55960,50.830065,326010,742146,-3.25
2011-06-23,18510039,147,False,,5617549,0.3035,buy,56861,84.665534,936568,803382,5463721,0.2952,buy,112292,31.996122,296943,1870813,3814563,0.2061,buy,25715,53.468774,1067101,2439613,3614058,0.1952,buy,55960,50.830065,326010,769608,-3.29
2011-06-24,18281315,147,False,,5552311,0.3037,buy,56861,84.665534,936568,738144,5368940,0.2937,buy,112292,31.996122,296943,1776031,3761076,0.2057,buy,25715,53.468774,1067101,2386126,3598842,0.1969,buy,55960,50.830065,326010,754392,-4.48
2011-06-27,18353703,147,False,,5601786,0.3052,buy,56861,84.665534,936568,787619,5454837,0.2972,buy,112292,31.996122,296943,1861928,3747447,0.2042,buy,25715,53.468774,1067101,2372497,3549487,0.1934,buy,55960,50.830065,326010,705037,-4.1
2011-06-28,18492323,147,False,,5674906,0.3069,buy,56861,84.665534,936568,860739,5535793,0.2994,buy,112292,31.996122,296943,1942885,3760562,0.2034,buy,25715,53.468774,1067101,2385612,3520915,0.1904,buy,55960,50.830065,326010,676465,-3.38
2011-06-29,18564422,147,False,,5723505,0.3083,buy,56861,84.665534,936568,909338,5558502,0.2994,buy,112292,31.996122,296943,1965594,3784734,0.2039,buy,25715,53.468774,1067101,2409784,3497534,0.1884,buy,55960,50.830065,326010,653084,-3.0
2011-06-30,18657293,147,False,,5778238,0.3097,buy,56861,84.665534,936568,964071,5632551,0.3019,buy,112292,31.996122,296943,2039642,3754390,0.2012,buy,25715,53.468774,1067101,2379440,3491967,0.1872,buy,55960,50.830065,326010,647517,-2.52
2011-07-01,18794477,147,False,,5863618,0.312,buy,56861,84.665534,936568,1049451,5717456,0.3042,buy,112292,31.996122,296943,2124548,3726875,0.1983,buy,25715,53.468774,1067101,2351925,3486382,0.1855,buy,55960,50.830065,326010,641931,-1.8
2011-07-05,18895546,147,False,,5858801,0.3101,buy,56861,84.665534,936568,1044634,5746090,0.3041,buy,112292,31.996122,296943,2153181,3796306,0.2009,buy,25715,53.468774,1067101,2421356,3494203,0.1849,buy,55960,50.830065,326010,649752,-1.27
2011-07-06,18972098,147,False,,5865807,0.3092,buy,56861,84.665534,936568,1051640,5764848,0.3039,buy,112292,31.996122,296943,2171939,3829221,0.2018,buy,25715,53.468774,1067101,2454271,3512076,0.1851,buy,55960,50.830065,326010,667625,-0.87
2011-07-07,19107690,147,False,,5926670,0.3102,buy,56861,84.665534,936568,1112503,5843833,0.3058,buy,112292,31.996122,296943,2250925,3835392,0.2007,buy,25715,53.468774,1067101,2460443,3501649,0.1833,buy,55960,50.830065,326010,657198,-0.16
2011-07-08,19127670,147,False,,5884635,0.3077,buy,56861,84.665534,936568,1070468,5828036,0.3047,buy,112292,31.996122,296943,2235128,3863679,0.202,buy,25715,53.468774,1067101,2488729,3551174,0.1857,buy,55960,50.830065,326010,706723,-0.06
2011-07-11,19003336,147,False,,5778238,0.3041,buy,56861,84.665534,936568,964071,5722395,0.3011,buy,112292,31.996122,296943,2129486,3898137,0.2051,buy,25715,53.468774,1067101,2523187,3604419,0.1897,buy,55960,50.830065,326010,759969,-0.71
2011-07-12,18977567,147,False,,5753280,0.3032,buy,56861,84.665534,936568,939113,5678954,0.2992,buy,112292,31.996122,296943,2086045,3928481,0.207,buy,25715,53.468774,1067101,2553531,3616706,0.1906,buy,55960,50.830065,326010,772255,-0.84
2011-07-13,19065811,147,False,,5772547,0.3028,buy,56861,84.665534,936568,958380,5702648,0.2991,buy,112292,31.996122,296943,2109740,3963710,0.2079,buy,25715,53.468774,1067101,2588761,3626759,0.1902,buy,55960,50.830065,326010,782309,-0.38
2011-07-14,18918347,147,False,,5732702,0.303,buy,56861,84.665534,936568,918535,5636500,0.2979,buy,112292,31.996122,296943,2043591,3973996,0.2101,buy,25715,53.468774,1067101,2599046,3575003,0.189,buy,55960,50.830065,326010,730553,-1.15
2011-07-15,19049590,147,False,,5765977,0.3027,buy,56861,84.665534,936568,951811,5711535,0.2998,buy,112292,31.996122,296943,2118626,3990968,0.2095,buy,25715,53.468774,1067101,2616018,3580964,0.188,buy,55960,50.830065,326010,736513,-0.47
2011-07-18,18972297,147,False,,5718691,0.3014,buy,56861,84.665534,936568,904524,5680927,0.2994,buy,112292,31.996122,296943,2088019,4026198,0.2122,buy,25715,53.468774,1067101,2651248,3546334,0.1869,buy,55960,50.830065,326010,701884,-0.87
2011-07-19,19219063,147,False,,5811514,0.3024,buy,56861,84.665534,936568,997347,5810264,0.3023,buy,112292,31.996122,296943,2217355,3977082,0.2069,buy,25715,53.468774,1067101,2602132,3620057,0.1884,buy,55960,50.830065,326010,775606,0.0
2011-07-20,19183033,147,False,,5808011,0.3028,buy,56861,84.665534,936568,993844,5785582,0.3016,buy,112292,31.996122,296943,2192673,4012054,0.2091,buy,25715,53.468774,1067101,2637105,3577240,0.1865,buy,55960,50.830065,326010,732789,-0.19
2011-07-21,19243945,147,False,,5888574,0.306,buy,56861,84.665534,936568,1074407,5824086,0.3026,buy,112292,31.996122,296943,2231178,3981454,0.2069,buy,25715,53.468774,1067101,2606504,3549684,0.1845,buy,55960,50.830065,326010,705234,0.0
2011-07-22,19368093,147,False,,5892517,0.3042,buy,56861,84.665534,936568,1078350,5884311,0.3038,buy,112292,31.996122,296943,2291403,4014626,0.2073,buy,25715,53.468774,1067101,2639676,3576493,0.1847,buy,55960,50.830065,326010,732043,0.0
2011-07-25,19315680,147,False,,5859676,0.3034,buy,56861,84.665534,936568,1045509,5872463,0.304,buy,112292,31.996122,296943,2279555,4045998,0.2095,buy,25715,53.468774,1067101,2671048,3537396,0.1831,buy,55960,50.830065,326010,692945,-0.27
2011-07-26,19343860,147,False,,5837786,0.3018,buy,56861,84.665534,936568,1023619,5887273,0.3043,buy,112292,31.996122,296943,2294365,4057056,0.2097,buy,25715,53.468774,1067101,2682106,3561599,0.1841,buy,55960,50.830065,326010,717149,-0.13
2011-07-27,19057744,147,False,,5718255,0.3,buy,56861,84.665534,936568,904088,5735230,0.3009,buy,112292,31.996122,296943,2142321,4042141,0.2121,buy,25715,53.468774,1067101,2667191,3561972,0.1869,buy,55960,50.830065,326010,717521,-1.6
2011-07-28,19067722,147,False,,5701615,0.299,buy,56861,84.665534,936568,887448,5745102,0.3013,buy,112292,31.996122,296943,2152193,4045484,0.2122,buy,25715,53.468774,1067101,2670534,3575374,0.1875,buy,55960,50.830065,326010,730924,-1.55
2011-07-29,19105689,147,False,,5662647,0.2964,buy,56861,84.665534,936568,848480,5726344,0.2997,buy,112292,31.996122,296943,2133436,4070427,0.213,buy,25715,53.468774,1067101,2695478,3646124,0.1908,buy,55960,50.830065,326010,801673,-1.35
2011-08-01,19077089,147,False,,5638565,0.2956,buy,56861,84.665534,936568,824398,5699685,0.2988,buy,112292,31.996122,296943,2106776,4055770,0.2126,buy,25715,53.468774,1067101,2680820,3682923,0.1931,buy,55960,50.830065,326010,838472,-1.5
2011-08-02,18997193,147,False,,5494513,0.2892,buy,56861,84.665534,936568,680346,5555540,0.2924,buy,112292,31.996122,296943,1962631,4153487,0.2186,buy,25715,53.468774,1067101,2778537,3793507,0.1997,buy,55960,50.830065,326010,949056,-1.92
2011-08-03,19086981,147,False,,5524287,0.2894,buy,56861,84.665534,936568,710120,5608854,0.2939,buy,112292,31.996122,296943,2015946,4152715,0.2176,buy,25715,53.468774,1067101,2777766,3800978,0.1991,buy,55960,50.830065,326010,956527,-1.45
2011-08-04,18680954,147,False,,5265521,0.2819,sell,56861,84.665534,936568,451354,5348208,0.2863,buy,112292,31.996122,296943,1755300,4130858,0.2211,buy,25715,53.468774,1067101,2755908,3936221,0.2107,buy,55960,50.830065,326010,1091771,-3.55
2011-08-05,18612037,5315349,False,,0,0.0,sell,0,0.0,1437604,0,5314639,0.2855,buy,112292,31.996122,296943,1721730,4159401,0.2235,buy,25715,53.468774,1067101,2784452,3822648,0.2054,buy,55960,50.830065,326010,978198,-3.9
2011-08-08,18550913,5315349,False,,0,0.0,sell,0,0.0,1437604,0,4994753,0.2692,sell,112292,31.996122,296943,1401844,4297491,0.2317,buy,25715,53.468774,1067101,2922541,3943321,0.2126,buy,55960,50.830065,326010,1098870,-4.22
2011-08-09,18661015,10369930,False,,0,0.0,sell,0,0.0,1437604,0,0,0.0,sell,0,0.0,1758615,0,4335806,0.2323,buy,25715,53.468774,1067101,2960857,3955279,0.212,buy,55960,50.830065,326010,1110828,-3.65
2011-08-10,18932212,10369930,False,,0,0.0,sell,0,0.0,1437604,0,0,0.0,sell,0,0.0,1758615,0,4489325,0.2371,buy,25715,53.468774,1067101,3114375,4072957,0.2151,buy,55960,50.830065,326010,1228507,-2.25
2011-08-11,18628246,10369930,False,,0,0.0,sell,0,0.0,1437604,0,0,0.0,sell,0,0.0,1758615,0,4390836,0.2357,buy,25715,53.468774,1067101,3015887,3867480,0.2076,buy,55960,50.830065,326010,1023029,-3.82
2011-08-12,18684775,10369930,False,,0,0.0,sell,0,0.0,1437604,0,0,0.0,sell,0,0.0,1758615,0,4370779,0.2339,buy,25715,53.468774,1067101,2995829,3944067,0.2111,buy,55960,50.830065,326010,1099616,-3.53
2011-08-15,18691859,10369930,False,,0,0.0,sell,0,0.0,1437604,0,0,0.0,sell,0,0.0,1758615,0,4417837,0.2364,buy,25715,53.468774,1067101,3042888,3904092,0.2089,buy,55960,50.830065,326010,1059642,-3.49
2011-08-16,18811006,10369930,False,,0,0.0,sell,0,0.0,1437604,0,0,0.0,sell,0,0.0,1758615,0,4472353,0.2378,buy,25715,53.468774,1067101,3097403,3968723,0.211,buy,55960,50.830065,326010,1124273,-2.88
2011-08-17,18893354,10369930,False,,0,0.0,sell,0,0.0,1437604,0,0,0.0,sell,0,0.0,1758615,0,4485210,0.2374,buy,25715,53.468774,1067101,3110261,4038214,0.2137,buy,55960,50.830065,326010,1193763,-2.45
2011-08-18,19061152,10369930,False,,0,0.0,sell,0,0.0,1437604,0,0,0.0,sell,0,0.0,1758615,0,4570070,0.2398,buy,25715,53.468774,1067101,3195120,4121152,0.2162,buy,55960,50.830065,326010,1276702,-1.58
2011-08-19,19151747,10369930,False,,0,0.0,sell,0,0.0,1437604,0,0,0.0,sell,0,0.0,1758615,0,4627414,0.2416,buy,25715,53.468774,1067101,3252465,4154403,0.2169,buy,55960,50.830065,326010,1309953,-1.12
2011-08-22,19244279,11490856,True,daily,0,0.0,sell,0,0.0,1437604,0,0,0.0,sell,0,0.0,1758615,0,3935828,0.2045,buy,21322,53.468774,1629121,2795767,3817595,0.1984,buy,51553,50.830065,426020,1197152,-0.64
2011-08-23,19044071,11490856,False,,0,0.0,sell,0,0.0,1437604,0,0,0.0,sell,0,0.0,1758615,0,3788280,0.1989,buy,21322,53.468774,1629121,2648218,3764936,0.1977,buy,51553,50.830065,426020,1144493,-1.67
2011-08-24,18808674,11490856,False,,0,0.0,sell,0,0.0,1437604,0,0,0.0,sell,0,0.0,1758615,0,3659921,0.1946,buy,21322,53.468774,1629121,2519860,3657896,0.1945,buy,51553,50.830065,426020,1037454,-2.89
2011-08-25,18863393,11490856,False,,0,0.0,sell,0,0.0,1437604,0,0,0.0,sell,0,0.0,1758615,0,3675060,0.1948,buy,21322,53.468774,1629121,2534999,3697477,0.196,buy,51553,50.830065,426020,1077034,-2.61
2011-08-26,19008833,11490856,False,,0,0.0,sell,0,0.0,1437604,0,0,0.0,sell,0,0.0,1758615,0,3784015,0.1991,buy,21322,53.468774,1629121,2643954,3733961,0.1964,buy,51553,50.830065,426020,1113519,-1.85
2011-08-29,18880873,11490856,False,,0,0.0,sell,0,0.0,1437604,0,0,0.0,sell,0,0.0,1758615,0,3707683,0.1964,buy,21322,53.468774,1629121,2567621,3682334,0.195,buy,51553,50.830065,426020,1061892,-2.52
2011-08-30,19051161,11490856,False,,0,0.0,sell,0,0.0,1437604,0,0,0.0,sell,0,0.0,1758615,0,3818770,0.2004,buy,21322,53.468774,1629121,2678709,3741535,0.1964,buy,51553,50.830065,426020,1121092,-1.64
2011-08-31,18963912,11490856,False,,0,0.0,sell,0,0.0,1437604,0,0,0.0,sell,0,0.0,1758615,0,3789346,0.1998,buy,21322,53.468774,1629121,2649285,3683710,0.1942,buy,51553,50.830065,426020,1063268,-2.09
2011-09-01,19045198,11490856,False,,0,0.0,sell,0,0.0,1437604,0,0,0.0,sell,0,0.0,1758615,0,3792544,0.1991,buy,21322,53.468774,1629121,2652483,3761798,0.1975,buy,51553,50.830065,426020,1141355,-1.67
2011-09-02,19281904,11490856,False,,0,0.0,sell,0,0.0,1437604,0,0,0.0,sell,0,0.0,1758615,0,3907043,0.2026,buy,21322,53.468774,1629121,2766982,3884005,0.2014,buy,51553,50.830065,426020,1263562,-0.45
2011-09-06,19315046,11490856,False,,0,0.0,sell,0,0.0,1437604,0,0,0.0,sell,0,0.0,1758615,0,3899794,0.2019,buy,21322,53.468774,1629121,2759732,3924396,0.2032,buy,51553,50.830065,426020,1303954,-0.27
2011-09-07,19116040,11490856,False,,0,0.0,sell,0,0.0,1437604,0,0,0.0,sell,0,0.0,1758615,0,3775700,0.1975,buy,21322,53.468774,1629121,2635639,3849484,0.2014,buy,51553,50.830065,426020,1229042,-1.3
2011-09-08,19251414,11490856,False,,0,0.0,sell,0,0.0,1437604,0,0,0.0,sell,0,0.0,1758615,0,3876553,0.2014,buy,21322,53.468774,1629121,2736492,3884005,0.2018,buy,51553,50.830065,426020,1263562,-0.6
2011-09-09,19269172,11490856,False,,0,0.0,sell,0,0.0,1437604,0,0,0.0,sell,0,0.0,1758615,0,3852885,0.2,buy,21322,53.468774,1629121,2712824,3925430,0.2037,buy,51553,50.830065,426020,1304988,-0.51
2011-09-12,19187388,11490856,False,,0,0.0,sell,0,0.0,1437604,0,0,0.0,sell,0,0.0,1758615,0,3766958,0.1963,buy,21322,53.468774,1629121,2626896,3929574,0.2048,buy,51553,50.830065,426020,1309132,-0.93
2011-09-13,19171336,11490856,False,,0,0.0,sell,0,0.0,1437604,0,0,0.0,sell,0,0.0,1758615,0,3806830,0.1986,buy,21322,53.468774,1629121,2666769,3873650,0.2021,buy,51553,50.830065,426020,1253208,-1.02
2011-09-14,19175772,11490856,False,,0,0.0,sell,0,0.0,1437604,0,0,0.0,sell,0,0.0,1758615,0,3778472,0.197,buy,21322,53.468774,1629121,2638411,3906444,0.2037,buy,51553,50.830065,426020,1286001,-0.99
2011-09-15,19056133,11490856,False,,0,0.0,sell,0,0.0,1437604,0,0,0.0,sell,0,0.0,1758615,0,3718557,0.1951,buy,21322,53.468774,1629121,2578495,3846720,0.2019,buy,51553,50.830065,426020,1226278,-1.61
2011-09-16,19118853,11490856,False,,0,0.0,sell,0,0.0,1437604,0,0,0.0,sell,0,0.0,1758615,0,3753312,0.1963,buy,21322,53.468774,1629121,2613250,3874685,0.2027,buy,51553,50.830065,426020,1254242,-1.29
2011-09-19,19134728,11490856,False,,0,0.0,sell,0,0.0,1437604,0,0,0.0,sell,0,0.0,1758615,0,3695316,0.1931,buy,21322,53.468774,1629121,2555255,3948556,0.2064,buy,51553,50.830065,426020,1328114,-1.2
2011-09-20,19203966,11490856,False,,0,0.0,sell,0,0.0,1437604,0,0,0.0,sell,0,0.0,1758615,0,3747981,0.1952,buy,21322,53.468774,1629121,2607920,3965128,0.2065,buy,51553,50.830065,426020,1344686,-0.85
2011-09-21,19288453,11490856,False,,0,0.0,sell,0,0.0,1437604,0,0,0.0,sell,0,0.0,1758615,0,3701286,0.1919,buy,21322,53.468774,1629121,2561225,4096311,0.2124,buy,51553,50.830065,426020,1475868,-0.41
2011-09-22,19345619,11490856,False,,0,0.0,sell,0,0.0,1437604,0,0,0.0,sell,0,0.0,1758615,0,3604484,0.1863,buy,21322,53.468774,1629121,2464423,4250279,0.2197,buy,51553,50.830065,426020,1629836,-0.12
2011-09-23,19069334,11490856,False,,0,0.0,sell,0,0.0,1437604,0,0,0.0,sell,0,0.0,1758615,0,3407256,0.1787,buy,21322,53.468774,1629121,2267194,4171222,0.2187,buy,51553,50.830065,426020,1550779,-1.54
2011-09-26,18955029,11490856,False,,0,0.0,sell,0,0.0,1437604,0,0,0.0,sell,0,0.0,1758615,0,3359921,0.1773,buy,21322,53.468774,1629121,2219860,4104252,0.2165,buy,51553,50.830065,426020,1483810,-2.13
2011-09-27,18957232,11490856,False,,0,0.0,sell,0,0.0,1437604,0,0,0.0,sell,0,0.0,1758615,0,3424953,0.1807,buy,21322,53.468774,1629121,2284892,4041423,0.2132,buy,51553,50.830065,426020,1420981,-2.12
2011-09-28,18861820,11490856,False,,0,0.0,sell,0,0.0,1437604,0,0,0.0,sell,0,0.0,1758615,0,3330923,0.1766,buy,21322,53.468774,1629121,2190862,4040041,0.2142,buy,51553,50.830065,426020,1419598,-2.61
2011-09-29,18921338,11490856,False,,0,0.0,sell,0,0.0,1437604,0,0,0.0,sell,0,0.0,1758615,0,3362479,0.1777,buy,21322,53.468774,1629121,2222418,4068003,0.215,buy,51553,50.830065,426020,1447560,-2.31
2011-09-30,19031196,11490856,False,,0,0.0,sell,0,0.0,1437604,0,0,0.0,sell,0,0.0,1758615,0,3370155,0.1771,buy,21322,53.468774,1629121,2230094,4170185,0.2191,buy,51553,50.830065,426020,1549742,-1.74
2011-10-03,19207798,11490856,False,,0,0.0,sell,0,0.0,1437604,0,0,0.0,sell,0,0.0,1758615,0,3431989,0.1787,buy,21322,53.468774,1629121,2291928,4284953,0.2231,buy,51553,50.830065,426020,1664510,-0.83
2011-10-04,19079329,11524652,True,monthly,0,0.0,sell,0,0.0,1437604,0,0,0.0,sell,0,0.0,1758615,0,3761133,0.1971,buy,23859,64.948922,1629121,2211516,3793544,0.1988,buy,46227,50.830065,598650,1443823,-1.49
2011-10-05,19095442,11524652,False,,0,0.0,sell,0,0.0,1437604,0,0,0.0,sell,0,0.0,1758615,0,3804556,0.1992,buy,23859,64.948922,1629121,2254940,3766233,0.1972,buy,46227,50.830065,598650,1416512,-1.41
2011-10-06,19050504,11524652,False,,0,0.0,sell,0,0.0,1437604,0,0,0.0,sell,0,0.0,1758615,0,3829131,0.201,buy,23859,64.948922,1629121,2279515,3696720,0.194,buy,46227,50.830065,598650,1346999,-1.64
2011-10-07,18991940,11524652,False,,0,0.0,sell,0,0.0,1437604,0,0,0.0,sell,0,0.0,1758615,0,3797875,0.2,buy,23859,64.948922,1629121,2248259,3669412,0.1932,buy,46227,50.830065,598650,1319691,-1.94
2011-10-10,19037696,11524652,False,,0,0.0,sell,0,0.0,1437604,0,0,0.0,sell,0,0.0,1758615,0,3895459,0.2046,buy,23859,64.948922,1629121,2345843,3617584,0.19,buy,46227,50.830065,598650,1267863,-1.71
2011-10-11,18997678,11524652,False,,0,0.0,sell,0,0.0,1437604,0,0,0.0,sell,0,0.0,1758615,0,3867544,0.2036,buy,23859,64.948922,1629121,2317928,3605482,0.1898,buy,46227,50.830065,598650,1255761,-1.91
2011-10-12,18972908,11524652,False,,0,0.0,sell,0,0.0,1437604,0,0,0.0,sell,0,0.0,1758615,0,3895220,0.2053,buy,23859,64.948922,1629121,2345604,3553035,0.1873,buy,46227,50.830065,598650,1203314,-2.04
2011-10-13,18985380,11524652,False,,0,0.0,sell,0,0.0,1437604,0,0,0.0,sell,0,0.0,1758615,0,3872316,0.204,buy,23859,64.948922,1629121,2322699,3588412,0.189,buy,46227,50.830065,598650,1238690,-1.98
2011-10-14,18959488,11524652,False,,0,0.0,sell,0,0.0,1437604,0,0,0.0,buy,0,0.0,1758615,0,3898560,0.2056,buy,23859,64.948922,1629121,2348944,3536275,0.1865,buy,46227,50.830065,598650,1186553,-2.11
2011-10-17,18926738,5687825,True,daily,0,0.0,sell,0,0.0,1437604,0,5609135,0.2964,buy,111170,51.163443,1758615,-78705,3773922,0.1994,buy,23207,64.948922,1693381,2266653,3855856,0.2037,buy,49548,52.581667,598650,1250540,-2.28
2011-10-18,18954215,5687825,False,,0,0.0,sell,0,0.0,1437604,0,5678664,0.2996,buy,111170,51.163443,1758615,-9176,3755821,0.1982,buy,23207,64.948922,1693381,2248551,3831906,0.2022,buy,49548,52.581667,598650,1226590,-2.14
2011-10-19,18797491,5687825,False,,0,0.0,sell,0,0.0,1437604,0,5568987,0.2963,buy,111170,51.163443,1758615,-118853,3710103,0.1974,buy,23207,64.948922,1693381,2202833,3830576,0.2038,buy,49548,52.581667,598650,1225260,-2.95
2011-10-20,18694060,5687825,False,,0,0.0,sell,0,0.0,1437604,0,5541567,0.2964,buy,111170,51.163443,1758615,-146273,3661368,0.1959,buy,23207,64.948922,1693381,2154099,3803300,0.2034,buy,49548,52.581667,598650,1197983,-3.48
2011-10-21,18763949,5687825,False,,0,0.0,sell,0,0.0,1437604,0,5611094,0.299,buy,111170,51.163443,1758615,-76746,3701981,0.1973,buy,23207,64.948922,1693381,2194711,3763051,0.2005,buy,49548,52.581667,598650,1157734,-3.12
2011-10-24,18921609,5687825,False,,0,0.0,sell,0,0.0,1437604,0,5727624,0.3027,buy,111170,51.163443,1758615,39784,3736791,0.1975,buy,23207,64.948922,1693381,2229522,3769370,0.1992,buy,49548,52.581667,598650,1164053,-2.31
2011-10-25,19010849,5687825,False,,0,0.0,sell,0,0.0,1437604,0,5615011,0.2954,buy,111170,51.163443,1758615,-72829,3842847,0.2021,buy,23207,64.948922,1693381,2335577,3865167,0.2033,buy,49548,52.581667,598650,1259851,-1.84
2011-10-26,18978478,5687825,False,,0,0.0,sell,0,0.0,1437604,0,5608157,0.2955,buy,111170,51.163443,1758615,-79683,3884852,0.2047,buy,23207,64.948922,1693381,2377582,3797644,0.2001,buy,49548,52.581667,598650,1192328,-2.01
2011-10-27,19054363,5687825,False,,0,0.0,sell,0,0.0,1437604,0,5762876,0.3024,buy,111170,51.163443,1758615,75036,3934747,0.2065,buy,23207,64.948922,1693381,2427477,3668916,0.1925,buy,49548,52.581667,598650,1063600,-1.62
2011-10-28,19103387,5687825,False,,0,0.0,sell,0,0.0,1437604,0,5771690,0.3021,buy,111170,51.163443,1758615,83851,3936371,0.2061,buy,23207,64.948922,1693381,2429102,3707500,0.1941,buy,49548,52.581667,598650,1102184,-1.37
2011-10-31,19100555,5687825,False,,0,0.0,sell,0,0.0,1437604,0,5674747,0.2971,buy,111170,51.163443,1758615,-13093,3883459,0.2033,buy,23207,64.948922,1693381,2376190,3854525,0.2018,buy,49548,52.581667,598650,1249208,-1.38
2011-11-01,19082641,5687825,False,,0,0.0,sell,0,0.0,1437604,0,5526877,0.2896,buy,111170,51.163443,1758615,-160963,3884388,0.2036,buy,23207,64.948922,1693381,2377118,3983552,0.2088,buy,49548,52.581667,598650,1378235,-1.47
2011-11-02,19118945,5687825,False,,0,0.0,sell,0,0.0,1437604,0,5573883,0.2915,buy,111170,51.163443,1758615,-113957,3923375,0.2052,buy,23207,64.948922,1693381,2416106,3933863,0.2058,buy,49548,52.581667,598650,1328546,-1.29
2011-11-03,19242201,5687825,False,,0,0.0,sell,0,0.0,1437604,0,5689433,0.2957,buy,111170,51.163443,1758615,1593,3985106,0.2071,buy,23207,64.948922,1693381,2477836,3879837,0.2016,buy,49548,52.581667,598650,1274520,-0.65
2011-11-04,19197300,5687825,False,,0,0.0,sell,0,0.0,1437604,0,5660055,0.2948,buy,111170,51.163443,1758615,-27785,3964916,0.2065,buy,23207,64.948922,1693381,2457646,3884505,0.2023,buy,49548,52.581667,598650,1279188,-0.88
2011-11-07,19357974,5687825,False,,0,0.0,sell,0,0.0,1437604,0,5700205,0.2945,buy,111170,51.163443,1758615,12365,4060761,0.2098,buy,23207,64.948922,1693381,2553491,3909183,0.2019,buy,49548,52.581667,598650,1303867,-0.05
2011-11-08,19339910,5687825,False,,0,0.0,sell,0,0.0,1437604,0,5765814,0.2981,buy,111170,51.163443,1758615,77974,4027111,0.2082,buy,23207,64.948922,1693381,2519841,3859161,0.1995,buy,49548,52.581667,598650,1253845,-0.15
2011-11-09,19183365,5687825,False,,0,0.0,sell,0,0.0,1437604,0,5563112,0.29,buy,111170,51.163443,1758615,-124728,3993229,0.2082,buy,23207,64.948922,1693381,2485959,3939200,0.2053,buy,49548,52.581667,598650,1333884,-0.95
2011-11-10,19100143,5687825,False,,0,0.0,sell,0,0.0,1437604,0,5560173,0.2911,buy,111170,51.163443,1758615,-127667,3971646,0.2079,buy,23207,64.948922,1693381,2464376,3880500,0.2032,buy,49548,52.581667,598650,1275183,-1.38
2011-11-11,19246692,5687825,False,,0,0.0,sell,0,0.0,1437604,0,5664953,0.2943,buy,111170,51.163443,1758615,-22887,4037090,0.2098,buy,23207,64.948922,1693381,2529820,3856825,0.2004,buy,49548,52.581667,598650,1251509,-0.63
2011-11-14,19255833,5687825,False,,0,0.0,sell,0,0.0,1437604,0,5629699,0.2924,buy,111170,51.163443,1758615,-58141,4019452,0.2087,buy,23207,64.948922,1693381,2512183,3918857,0.2035,buy,49548,52.581667,598650,1313541,-0.58
2011-11-15,19316880,5687825,False,,0,0.0,sell,0,0.0,1437604,0,5692371,0.2947,buy,111170,51.163443,1758615,4531,4023166,0.2083,buy,23207,64.948922,1693381,2515896,3913520,0.2026,buy,49548,52.581667,598650,1308203,-0.26
2011-11-16,19215622,5687825,False,,0,0.0,sell,0,0.0,1437604,0,5598362,0.2913,buy,111170,51.163443,1758615,-89478,3980232,0.2071,buy,23207,64.948922,1693381,2472963,3949203,0.2055,buy,49548,52.581667,598650,1343887,-0.79
2011-11-17,19013742,5687825,False,,0,0.0,sell,0,0.0,1437604,0,5467143,0.2875,buy,111170,51.163443,1758615,-220697,3877890,0.204,buy,23207,64.948922,1693381,2370620,3980885,0.2094,buy,49548,52.581667,598650,1375569,-1.83
2011-11-18,18982703,5687825,False,,0,0.0,sell,0,0.0,1437604,0,5425037,0.2858,buy,111170,51.163443,1758615,-262803,3889957,0.2049,buy,23207,64.948922,1693381,2382688,3979884,0.2097,buy,49548,52.581667,598650,1374568,-1.99
2011-11-21,18806966,5687825,False,,0,0.0,sell,0,0.0,1437604,0,5321235,0.2829,buy,111170,51.163443,1758615,-366605,3794344,0.2018,buy,23207,64.948922,1693381,2287075,4003561,0.2129,buy,49548,52.581667,598650,1398245,-2.9
2011-11-22,18911287,5687825,False,,0,0.0,sell,0,0.0,1437604,0,5338864,0.2823,buy,111170,51.163443,1758615,-348976,3836349,0.2029,buy,23207,64.948922,1693381,2329079,4048250,0.2141,buy,49548,52.581667,598650,1442933,-2.36
2011-11-23,18819385,5687825,False,,0,0.0,sell,0,0.0,1437604,0,5218416,0.2773,buy,111170,51.163443,1758615,-469424,3825210,0.2033,buy,23207,64.948922,1693381,2317940,4087935,0.2172,buy,49548,52.581667,598650,1482618,-2.83
2011-11-25,18686686,5687825,False,,0,0.0,sell,0,0.0,1437604,0,5178267,0.2771,buy,111170,51.163443,1758615,-509573,3792024,0.2029,buy,23207,64.948922,1693381,2284754,4028571,0.2156,buy,49548,52.581667,598650,1423255,-3.52
2011-11-28,18939827,5687825,False,,0,0.0,sell,0,0.0,1437604,0,5358448,0.2829,buy,111170,51.163443,1758615,-329392,3866983,0.2042,buy,23207,64.948922,1693381,2359713,4026571,0.2126,buy,49548,52.581667,598650,1421255,-2.21
2011-11-29,18879320,5687825,False,,0,0.0,sell,0,0.0,1437604,0,5325154,0.2821,buy,111170,51.163443,1758615,-362686,3872784,0.2051,buy,23207,64.948922,1693381,2365515,3993557,0.2115,buy,49548,52.581667,598650,1388241,-2.52
2011-11-30,19089209,5687825,False,,0,0.0,sell,0,0.0,1437604,0,5521981,0.2893,buy,111170,51.163443,1758615,-165859,3948207,0.2068,buy,23207,64.948922,1693381,2440937,3931196,0.2059,buy,49548,52.581667,598650,1325880,-1.44
2011-12-01,19096069,5687825,False,,0,0.0,sell,0,0.0,1437604,0,5560173,0.2912,buy,111170,51.163443,1758615,-127667,3936604,0.2061,buy,23207,64.948922,1693381,2429334,3911467,0.2048,buy,49548,52.581667,598650,1306151,-1.4
2011-12-02,19139640,5687825,False,,0,0.0,sell,0,0.0,1437604,0,5544504,0.2897,buy,111170,51.163443,1758615,-143336,3941013,0.2059,buy,23207,64.948922,1693381,2433743,3966298,0.2072,buy,49548,52.581667,598650,1360981,-1.18
2011-12-05,19134314,5687825,False,,0,0.0,sell,0,0.0,1437604,0,5605220,0.2929,buy,111170,51.163443,1758615,-82620,3882995,0.2029,buy,23207,64.948922,1693381,2375726,3958274,0.2069,buy,49548,52.581667,598650,1352958,-1.21
2011-12-06,19100822,5687825,False,,0,0.0,sell,0,0.0,1437604,0,5589550,0.2926,buy,111170,51.163443,1758615,-98290,3902953,0.2043,buy,23207,64.948922,1693381,2395683,3920495,0.2053,buy,49548,52.581667,598650,1315178,-1.38
2011-12-07,19143178,5687825,False,,0,0.0,sell,0,0.0,1437604,0,5589550,0.292,buy,111170,51.163443,1758615,-98290,3931266,0.2054,buy,23207,64.948922,1693381,2423996,3934538,0.2055,buy,49548,52.581667,598650,1329221,-1.16
2011-12-08,19018946,5687825,False,,0,0.0,sell,0,0.0,1437604,0,5495543,0.289,buy,111170,51.163443,1758615,-192297,3851898,0.2025,buy,23207,64.948922,1693381,2344628,3983681,0.2095,buy,49548,52.581667,598650,1378364,-1.8
2011-12-09,19034915,5687825,False,,0,0.0,sell,0,0.0,1437604,0,5583675,0.2933,buy,111170,51.163443,1758615,-104165,3861645,0.2029,buy,23207,64.948922,1693381,2354375,3901771,0.205,buy,49548,52.581667,598650,1296455,-1.72
2011-12-12,18913363,5687825,False,,0,0.0,sell,0,0.0,1437604,0,5521002,0.2919,buy,111170,51.163443,1758615,-166838,3759302,0.1988,buy,23207,64.948922,1693381,2252032,3945235,0.2086,buy,49548,52.581667,598650,1339918,-2.35
2011-12-13,18807273,5687825,False,,0,0.0,sell,0,0.0,1437604,0,5460289,0.2903,buy,111170,51.163443,1758615,-227551,3677149,0.1955,buy,23207,64.948922,1693381,2169879,3982010,0.2117,buy,49548,52.581667,598650,1376694,-2.9
2011-12-14,18668267,5687825,False,,0,0.0,sell,0,0.0,1437604,0,5375096,0.2879,buy,111170,51.163443,1758615,-312744,3548118,0.1901,buy,23207,64.948922,1693381,2040849,4057229,0.2173,buy,49548,52.581667,598650,1451913,-3.61
2011-12-15,18625542,5687825,False,,0,0.0,sell,0,0.0,1437604,0,5360407,0.2878,buy,111170,51.163443,1758615,-327433,3535122,0.1898,buy,23207,64.948922,1693381,2027853,4042188,0.217,buy,49548,52.581667,598650,1436871,-3.83
2011-12-16,18767576,5687825,False,,0,0.0,sell,0,0.0,1437604,0,5388006,0.2871,buy,111170,51.163443,1758615,-299834,3602423,0.1919,buy,23207,64.948922,1693381,2095153,4089323,0.2179,buy,49548,52.581667,598650,1484006,-3.1
2011-12-19,18758002,5687825,False,,0,0.0,sell,0,0.0,1437604,0,5334969,0.2844,buy,111170,51.163443,1758615,-352871,3594068,0.1916,buy,23207,64.948922,1693381,2086798,4141141,0.2208,buy,49548,52.581667,598650,1535825,-3.15
2011-12-20,18861792,5687825,False,,0,0.0,sell,0,0.0,1437604,0,5493093,0.2912,buy,111170,51.163443,1758615,-194747,3643035,0.1931,buy,23207,64.948922,1693381,2135765,4037840,0.2141,buy,49548,52.581667,598650,1432523,-2.61
2011-12-21,18731233,5687825,False,,0,0.0,sell,0,0.0,1437604,0,5414523,0.2891,buy,111170,51.163443,1758615,-273317,3647212,0.1947,buy,23207,64.948922,1693381,2139943,3981673,0.2126,buy,49548,52.581667,598650,1376357,-3.29
2011-12-22,18768116,5687825,False,,0,0.0,sell,0,0.0,1437604,0,5460681,0.291,buy,111170,51.163443,1758615,-227159,3621220,0.1929,buy,23207,64.948922,1693381,2113950,3998390,0.213,buy,49548,52.581667,598650,1393074,-3.1
2011-12-23,18777063,5687825,False,,0,0.0,sell,0,0.0,1437604,0,5507826,0.2933,buy,111170,51.163443,1758615,-180014,3627486,0.1932,buy,23207,64.948922,1693381,2120216,3953926,0.2106,buy,49548,52.581667,598650,1348610,-3.05
2011-12-27,18783899,5687825,False,,0,0.0,sell,0,0.0,1437604,0,5528369,0.2943,buy,111170,51.163443,1758615,-159471,3594996,0.1914,buy,23207,64.948922,1693381,2087727,3972709,0.2115,buy,49548,52.581667,598650,1367393,-3.02
2011-12-28,18703413,5687825,False,,0,0.0,sell,0,0.0,1437604,0,5464474,0.2922,buy,111170,51.163443,1758615,-223366,3504953,0.1874,buy,23207,64.948922,1693381,1997684,4046162,0.2163,buy,49548,52.581667,598650,1440845,-3.43
2011-12-29,18734099,5687825,False,,0,0.0,sell,0,0.0,1437604,0,5503795,0.2938,buy,111170,51.163443,1758615,-184045,3488940,0.1862,buy,23207,64.948922,1693381,1981671,4053540,0.2164,buy,49548,52.581667,598650,1448223,-3.27
2011-12-30,18769743,5687825,False,,0,0.0,sell,0,0.0,1437604,0,5488067,0.2924,buy,111170,51.163443,1758615,-199773,3527232,0.1879,buy,23207,64.948922,1693381,2019962,4066619,0.2167,buy,49548,52.581667,598650,1461303,-3.09
2012-01-03,18905087,5687825,False,,0,0.0,sell,0,0.0,1437604,0,5593247,0.2959,buy,111170,51.163443,1758615,-94593,3618435,0.1914,buy,23207,64.948922,1693381,2111166,4005580,0.2119,buy,49548,52.581667,598650,1400263,-2.39
2012-01-04,18899387,5687825,False,,0,0.0,sell,0,0.0,1437604,0,5616840,0.2972,buy,111170,51.163443,1758615,-71000,3636769,0.1924,buy,23207,64.948922,1693381,2129499,3957953,0.2094,buy,49548,52.581667,598650,1352637,-2.42
2012-01-05,18963376,5687825,False,,0,0.0,sell,0,0.0,1437604,0,5663040,0.2986,buy,111170,51.163443,1758615,-24800,3661600,0.1931,buy,23207,64.948922,1693381,2154331,3950911,0.2083,buy,49548,52.581667,598650,1345594,-2.09
2012-01-06,19000764,5687825,False,,0,0.0,buy,0,0.0,1437604,0,5682699,0.2991,buy,111170,51.163443,1758615,-5141,3648140,0.192,buy,23207,64.948922,1693381,2140871,3982099,0.2096,buy,49548,52.581667,598650,1376783,-1.9
2012-01-09,18940577,51,True,daily,5683982,0.3001,buy,57001,100.000755,1437604,-16161,5681396,0.3,buy,111511,51.164178,1758615,-23972,3782605,0.1997,buy,24170,68.649646,1693381,2123343,3792542,0.2002,buy,47273,52.581667,660918,1306849,-2.21
2012-01-10,19076596,51,False,,5733264,0.3005,buy,57001,100.000755,1437604,33121,5722808,0.3,buy,111511,51.164178,1758615,17439,3834329,0.201,buy,24170,68.649646,1693381,2175067,3786143,0.1985,buy,47273,52.581667,660918,1300450,-1.51
2012-01-11,19165711,51,False,,5736372,0.2993,buy,57001,100.000755,1437604,36229,5734642,0.2992,buy,111511,51.164178,1758615,29273,3859224,0.2014,buy,24170,68.649646,1693381,2199962,3835422,0.2001,buy,47273,52.581667,660918,1349729,-1.04
2012-01-12,19213874,51,False,,5750136,0.2993,buy,57001,100.000755,1437604,49993,5757319,0.2996,buy,111511,51.164178,1758615,51950,3876385,0.2017,buy,24170,68.649646,1693381,2217123,3829982,0.1993,buy,47273,52.581667,660918,1344289,-0.8
2012-01-13,19174427,51,False,,5720389,0.2983,buy,57001,100.000755,1437604,20246,5736613,0.2992,buy,111511,51.164178,1758615,31245,3849314,0.2008,buy,24170,68.649646,1693381,2190052,3868059,0.2017,buy,47273,52.581667,660918,1382366,-1.0
2012-01-17,19296779,51,False,,5742591,0.2976,buy,57001,100.000755,1437604,42448,5788872,0.3,buy,111511,51.164178,1758615,83503,3879285,0.201,buy,24170,68.649646,1693381,2220023,3885980,0.2014,buy,47273,52.581667,660918,1400287,-0.37
2012-01-18,19416727,51,False,,5806081,0.299,buy,57001,100.000755,1437604,105938,5865780,0.3021,buy,111511,51.164178,1758615,160412,3905872,0.2012,buy,24170,68.649646,1693381,2246610,3838942,0.1977,buy,47273,52.581667,660918,1353249,0.0
2012-01-19,19421861,51,False,,5836715,0.3005,buy,57001,100.000755,1437604,136572,5902263,0.3039,buy,111511,51.164178,1758615,196895,3896687,0.2006,buy,24170,68.649646,1693381,2237425,3786143,0.1949,buy,47273,52.581667,660918,1300450,0.0
2012-01-20,19412406,51,False,,5858470,0.3018,buy,57001,100.000755,1437604,158327,5893390,0.3036,buy,111511,51.164178,1758615,188022,3917232,0.2018,buy,24170,68.649646,1693381,2257970,3743263,0.1928,buy,47273,52.581667,660918,1257569,-0.05
2012-01-23,19401950,51,False,,5843376,0.3012,buy,57001,100.000755,1437604,143233,5895361,0.3039,buy,111511,51.164178,1758615,189992,3943577,0.2033,buy,24170,68.649646,1693381,2284315,3719584,0.1917,buy,47273,52.581667,660918,1233891,-0.1
2012-01-24,19363370,51,False,,5836715,0.3014,buy,57001,100.000755,1437604,136572,5884516,0.3039,buy,111511,51.164178,1758615,179147,3915782,0.2022,buy,24170,68.649646,1693381,2256520,3726306,0.1924,buy,47273,52.581667,660918,1240612,-0.3
2012-01-25,19583786,51,False,,5885555,0.3005,buy,57001,100.000755,1437604,185412,5958465,0.3043,buy,111511,51.164178,1758615,253097,4022371,0.2054,buy,24170,68.649646,1693381,2363109,3717343,0.1898,buy,47273,52.581667,660918,1231650,0.0
2012-01-26,19602712,51,False,,5855363,0.2987,buy,57001,100.000755,1437604,155220,5937760,0.3029,buy,111511,51.164178,1758615,232392,4042916,0.2062,buy,24170,68.649646,1693381,2383654,3766621,0.1921,buy,47273,52.581667,660918,1280928,0.0
2012-01-27,19670727,51,False,,5852700,0.2975,buy,57001,100.000755,1437604,152557,5955509,0.3028,buy,111511,51.164178,1758615,250140,4084005,0.2076,buy,24170,68.649646,1693381,2424743,3778462,0.1921,buy,47273,52.581667,660918,1292769,0.0
2012-01-30,19677436,51,False,,5832720,0.2964,buy,57001,100.000755,1437604,132577,5960437,0.3029,buy,111511,51.164178,1758615,255068,4061285,0.2064,buy,24170,68.649646,1693381,2402023,3822943,0.1943,buy,47273,52.581667,660918,1337250,0.0
2012-01-31,19758202,51,False,,5830501,0.2951,buy,57001,100.000755,1437604,130358,5968327,0.3021,buy,111511,51.164178,1758615,262958,4092223,0.2071,buy,24170,68.649646,1693381,2432961,3867100,0.1957,buy,47273,52.581667,660918,1381407,0.0
2012-02-01,19819320,51,False,,5881561,0.2968,buy,57001,100.000755,1437604,181418,6016640,0.3036,buy,111511,51.164178,1758615,311272,4098265,0.2068,buy,24170,68.649646,1693381,2439003,3822802,0.1929,buy,47273,52.581667,660918,1337109,0.0
2012-02-02,19881785,51,False,,5890881,0.2963,buy,57001,100.000755,1437604,190738,6035374,0.3036,buy,111511,51.164178,1758615,330006,4134279,0.2079,buy,24170,68.649646,1693381,2475017,3821199,0.1922,buy,47273,52.581667,660918,1335506,0.0
2012-02-03,19882663,51,False,,5973466,0.3004,buy,57001,100.000755,1437604,273323,6118200,0.3077,buy,111511,51.164178,1758615,412831,4051859,0.2038,buy,24170,68.649646,1693381,2392597,3739087,0.1881,buy,47273,52.581667,660918,1253394,0.0
2012-02-06,19899824,51,False,,5969469,0.3,buy,57001,100.000755,1437604,269326,6113269,0.3072,buy,111511,51.164178,1758615,407900,4040740,0.2031,buy,24170,68.649646,1693381,2381478,3776295,0.1898,buy,47273,52.581667,660918,1290602,0.0
2012-02-07,19941814,51,False,,5984564,0.3001,buy,57001,100.000755,1437604,284421,6126086,0.3072,buy,111511,51.164178,1758615,420718,4101649,0.2057,buy,24170,68.649646,1693381,2442387,3729463,0.187,buy,47273,52.581667,660918,1243770,0.0
2012-02-08,19965996,51,False,,6002326,0.3006,buy,57001,100.000755,1437604,302182,6158625,0.3085,buy,111511,51.164178,1758615,453257,4072645,0.204,buy,24170,68.649646,1693381,2413383,3732349,0.1869,buy,47273,52.581667,660918,1246655,0.0
2012-02-09,19978409,51,False,,6009875,0.3008,buy,57001,100.000755,1437604,309732,6202997,0.3105,buy,111511,51.164178,1758615,497629,4061043,0.2033,buy,24170,68.649646,1693381,2401782,3704443,0.1854,buy,47273,52.581667,660918,1218749,0.0
2012-02-10,19917462,51,False,,5965472,0.2995,buy,57001,100.000755,1437604,265329,6159611,0.3093,buy,111511,51.164178,1758615,454242,4039774,0.2028,buy,24170,68.649646,1693381,2380512,3752554,0.1884,buy,47273,52.581667,660918,1266861,-0.31
2012-02-13,20032814,51,False,,6009875,0.3,buy,57001,100.000755,1437604,309732,6216800,0.3103,buy,111511,51.164178,1758615,511432,4048717,0.2021,buy,24170,68.649646,1693381,2389455,3757371,0.1876,buy,47273,52.581667,660918,1271678,0.0
2012-02-14,20051498,51,False,,6002326,0.2993,buy,57001,100.000755,1437604,302182,6232576,0.3108,buy,111511,51.164178,1758615,527207,4039290,0.2014,buy,24170,68.649646,1693381,2380028,3777256,0.1884,buy,47273,52.581667,660918,1291562,0.0
2012-02-15,19997339,51,False,,5974355,0.2988,buy,57001,100.000755,1437604,274212,6189194,0.3095,buy,111511,51.164178,1758615,483825,4063219,0.2032,buy,24170,68.649646,1693381,2403957,3770521,0.1886,buy,47273,52.581667,660918,1284827,-0.27
2012-02-16,20115476,51,False,,6040507,0.3003,buy,57001,100.000755,1437604,340364,6273989,0.3119,buy,111511,51.164178,1758615,568621,4060560,0.2019,buy,24170,68.649646,1693381,2401298,3740368,0.1859,buy,47273,52.581667,660918,1254675,0.0
2012-02-17,20095071,51,False,,6056493,0.3014,buy,57001,100.000755,1437604,356350,6254271,0.3112,buy,111511,51.164178,1758615,548902,4044850,0.2013,buy,24170,68.649646,1693381,2385588,3739406,0.1861,buy,47273,52.581667,660918,1253713,-0.1
2012-02-21,20162809,51,False,,6059157,0.3005,buy,57001,100.000755,1437604,359014,6272018,0.3111,buy,111511,51.164178,1758615,566650,4133553,0.205,buy,24170,68.649646,1693381,2474292,3698029,0.1834,buy,47273,52.581667,660918,1212336,0.0
2012-02-22,20207589,51,False,,6039619,0.2989,buy,57001,100.000755,1437604,339476,6243422,0.309,buy,111511,51.164178,1758615,538054,4179960,0.2069,buy,24170,68.649646,1693381,2520698,3744536,0.1853,buy,47273,52.581667,660918,1258843,0.0
2012-02-23,20277578,51,False,,6066260,0.2992,buy,57001,100.000755,1437604,366117,6284837,0.3099,buy,111511,51.164178,1758615,579468,4181893,0.2062,buy,24170,68.649646,1693381,2522632,3744536,0.1847,buy,47273,52.581667,660918,1258843,0.0
2012-02-24,20317874,51,False,,6079579,0.2992,buy,57001,100.000755,1437604,379436,6306529,0.3104,buy,111511,51.164178,1758615,601161,4162799,0.2049,buy,24170,68.649646,1693381,2503537,3768915,0.1855,buy,47273,52.581667,660918,1283222,0.0
2012-02-27,20357508,51,False,,6089791,0.2991,buy,57001,100.000755,1437604,389648,6315402,0.3102,buy,111511,51.164178,1758615,610033,4149989,0.2039,buy,24170,68.649646,1693381,2490727,3802275,0.1868,buy,47273,52.581667,660918,1316581,0.0
2012-02-28,20470115,51,False,,6107552,0.2984,buy,57001,100.000755,1437604,407409,6379492,0.3116,buy,111511,51.164178,1758615,674124,4193253,0.2048,buy,24170,68.649646,1693381,2533991,3789765,0.1851,buy,47273,52.581667,660918,1304072,0.0
2012-02-29,20172087,51,False,,6083576,0.3016,buy,57001,100.000755,1437604,383433,6350899,0.3148,buy,111511,51.164178,1758615,645531,3970889,0.1969,buy,24170,68.649646,1693381,2311627,3766671,0.1867,buy,47273,52.581667,660918,1280978,-1.46
2012-03-01,20274509,51,False,,6115098,0.3016,buy,57001,100.000755,1437604,414955,6401186,0.3157,buy,111511,51.164178,1758615,695817,4026964,0.1986,buy,24170,68.649646,1693381,2367702,3731210,0.184,buy,47273,52.581667,660918,1245517,-0.96
2012-03-02,20279448,51,False,,6096452,0.3006,buy,57001,100.000755,1437604,396309,6396255,0.3154,buy,111511,51.164178,1758615,690887,4020438,0.1983,buy,24170,68.649646,1693381,2361176,3766252,0.1857,buy,47273,52.581667,660918,1280559,-0.93
2012-03-05,20141947,51,False,,6071588,0.3014,buy,57001,100.000755,1437604,371445,6330193,0.3143,buy,111511,51.164178,1758615,624825,4003760,0.1988,buy,24170,68.649646,1693381,2344498,3736354,0.1855,buy,47273,52.581667,660918,1250661,-1.6
2012-03-06,19965055,51,False,,5982788,0.2997,buy,57001,100.000755,1437604,282645,6268072,0.314,buy,111511,51.164178,1758615,562704,3932459,0.197,buy,24170,68.649646,1693381,2273197,3781683,0.1894,buy,47273,52.581667,660918,1295990,-2.47
2012-03-07,20054442,51,False,,6024527,0.3004,buy,57001,100.000755,1437604,324384,6316388,0.315,buy,111511,51.164178,1758615,611020,3954937,0.1972,buy,24170,68.649646,1693381,2295675,3758538,0.1874,buy,47273,52.581667,660918,1272845,-2.03
2012-03-08,20184676,51,False,,6084463,0.3014,buy,57001,100.000755,1437604,384320,6384421,0.3163,buy,111511,51.164178,1758615,679053,3994818,0.1979,buy,24170,68.649646,1693381,2335556,3720922,0.1843,buy,47273,52.581667,660918,1235229,-1.39
2012-03-09,20268813,51,False,,6107995,0.3013,buy,57001,100.000755,1437604,407852,6411045,0.3163,buy,111511,51.164178,1758615,705676,4021405,0.1984,buy,24170,68.649646,1693381,2362143,3728317,0.1839,buy,47273,52.581667,660918,1242624,-0.98
2012-03-12,20239911,51,False,,6108440,0.3018,buy,57001,100.000755,1437604,408297,6414005,0.3169,buy,111511,51.164178,1758615,708637,3989742,0.1971,buy,24170,68.649646,1693381,2330480,3727673,0.1842,buy,47273,52.581667,660918,1241980,-1.12
2012-03-13,20336790,51,False,,6218548,0.3058,buy,57001,100.000755,1437604,518405,6533310,0.3213,buy,111511,51.164178,1758615,827941,3922791,0.1929,buy,24170,68.649646,1693381,2263529,3662090,0.1801,buy,47273,52.581667,660918,1176397,-0.65
2012-03-14,20194556,51,False,,6211889,0.3076,buy,57001,100.000755,1437604,511746,6555986,0.3246,buy,111511,51.164178,1758615,850618,3856807,0.191,buy,24170,68.649646,1693381,2197545,3569822,0.1768,buy,47273,52.581667,660918,1084129,-1.35
2012-03-15,20291220,51,False,,6247854,0.3079,buy,57001,100.000755,1437604,547711,6574724,0.324,buy,111511,51.164178,1758615,869356,3893304,0.1919,buy,24170,68.649646,1693381,2234042,3575287,0.1762,buy,47273,52.581667,660918,1089594,-0.87
2012-03-16,20307616,51,False,,6256504,0.3081,buy,57001,100.000755,1437604,556361,6570080,0.3235,buy,111511,51.164178,1758615,864711,3898621,0.192,buy,24170,68.649646,1693381,2239359,3582360,0.1764,buy,47273,52.581667,660918,1096667,-0.79
2012-03-19,20342816,51,False,,6281029,0.3088,buy,57001,100.000755,1437604,580886,6616501,0.3253,buy,111511,51.164178,1758615,911132,3905630,0.192,buy,24170,68.649646,1693381,2246368,3539604,0.174,buy,47273,52.581667,660918,1053911,-0.62
2012-03-20,20315243,51,False,,6262745,0.3083,buy,57001,100.000755,1437604,562602,6628355,0.3263,buy,111511,51.164178,1758615,922986,3870342,0.1905,buy,24170,68.649646,1693381,2211080,3553749,0.1749,buy,47273,52.581667,660918,1068056,-0.76
2012-03-21,20348095,51,False,,6252490,0.3073,buy,57001,100.000755,1437604,552347,6629342,0.3258,buy,111511,51.164178,1758615,923974,3872276,0.1903,buy,24170,68.649646,1693381,2213014,3593936,0.1766,buy,47273,52.581667,660918,1108243,-0.6
2012-03-22,20285331,51,False,,6207451,0.306,buy,57001,100.000755,1437604,507308,6615514,0.3261,buy,111511,51.164178,1758615,910146,3856807,0.1901,buy,24170,68.649646,1693381,2197545,3605507,0.1777,buy,47273,52.581667,660918,1119814,-0.9
2012-03-23,20382898,51,False,,6227517,0.3055,buy,57001,100.000755,1437604,527374,6611566,0.3244,buy,111511,51.164178,1758615,906197,3904180,0.1915,buy,24170,68.649646,1693381,2244918,3639584,0.1786,buy,47273,52.581667,660918,1153891,-0.43
2012-03-26,20636580,51,False,,6314920,0.306,buy,57001,100.000755,1437604,614777,6727125,0.326,buy,111511,51.164178,1758615,1021757,3973548,0.1925,buy,24170,68.649646,1693381,2314286,3620936,0.1755,buy,47273,52.581667,660918,1135243,0.0
2012-03-27,20624842,51,False,,6295301,0.3052,buy,57001,100.000755,1437604,595158,6736998,0.3266,buy,111511,51.164178,1758615,1031629,3945511,0.1913,buy,24170,68.649646,1693381,2286249,3646980,0.1768,buy,47273,52.581667,660918,1161287,-0.06
2012-03-28,20520001,51,False,,6264083,0.3053,buy,57001,100.000755,1437604,563940,6710333,0.327,buy,111511,51.164178,1758615,1004964,3903697,0.1902,buy,24170,68.649646,1693381,2244435,3641837,0.1775,buy,47273,52.581667,660918,1156144,-0.56
2012-03-29,20505386,51,False,,6253382,0.305,buy,57001,100.000755,1437604,553239,6684651,0.326,buy,111511,51.164178,1758615,979283,3898138,0.1901,buy,24170,68.649646,1693381,2238876,3669164,0.1789,buy,47273,52.581667,660918,1183471,-0.64
2012-03-30,20476666,51,False,,6279246,0.3067,buy,57001,100.000755,1437604,579103,6671813,0.3258,buy,111511,51.164178,1758615,966444,3918440,0.1914,buy,24170,68.649646,1693381,2259178,3607115,0.1762,buy,47273,52.581667,660918,1121422,-0.77
2012-04-02,20631536,51,False,,6325176,0.3066,buy,57001,100.000755,1437604,625033,6740949,0.3267,buy,111511,51.164178,1758615,1035581,3938260,0.1909,buy,24170,68.649646,1693381,2278998,3627099,0.1758,buy,47273,52.581667,660918,1141406,-0.02
2012-04-03,20449482,52,True,monthly,6163604,0.3014,buy,55773,100.000755,1450469,586262,6186495,0.3025,buy,102369,51.164178,1842342,948869,4048095,0.198,buy,25318,72.960429,1693381,2200883,4051236,0.1981,buy,53732,55.55121,660918,1066358,-0.91
2012-04-04,20291910,52,False,,6102519,0.3007,buy,55773,100.000755,1450469,525177,6102171,0.3007,buy,102369,51.164178,1842342,864546,3980243,0.1961,buy,25318,72.960429,1693381,2133031,4106924,0.2024,buy,53732,55.55121,660918,1122047,-1.67
2012-04-05,20384457,52,False,,6099463,0.2992,buy,55773,100.000755,1450469,522121,6140251,0.3012,buy,102369,51.164178,1842342,902626,4008093,0.1966,buy,25318,72.960429,1693381,2160880,4136597,0.2029,buy,53732,55.55121,660918,1151720,-1.22
2012-04-09,20393271,52,False,,6030962,0.2957,buy,55773,100.000755,1450469,453620,6094010,0.2988,buy,102369,51.164178,1842342,856384,4034930,0.1979,buy,25318,72.960429,1693381,2187717,4233317,0.2076,buy,53732,55.55121,660918,1248440,-1.18
2012-04-10,20285909,52,False,,5929730,0.2923,buy,55773,100.000755,1450469,352388,5996083,0.2956,buy,102369,51.164178,1842342,758457,4078730,0.2011,buy,25318,72.960429,1693381,2231518,4281313,0.211,buy,53732,55.55121,660918,1296436,-1.7
2012-04-11,20310869,52,False,,5977726,0.2943,buy,55773,100.000755,1450469,400384,6025098,0.2966,buy,102369,51.164178,1842342,787472,4077970,0.2008,buy,25318,72.960429,1693381,2230758,4230023,0.2083,buy,53732,55.55121,660918,1245145,-1.58
2012-04-12,20481566,52,False,,6055831,0.2957,buy,55773,100.000755,1450469,478489,6094010,0.2975,buy,102369,51.164178,1842342,856384,4119239,0.2011,buy,25318,72.960429,1693381,2272026,4212434,0.2057,buy,53732,55.55121,660918,1227557,-0.75
2012-04-13,20338394,52,False,,5983836,0.2942,buy,55773,100.000755,1450469,406494,6001526,0.2951,buy,102369,51.164178,1842342,763900,4072400,0.2002,buy,25318,72.960429,1693381,2225188,4280579,0.2105,buy,53732,55.55121,660918,1295702,-1.44
2012-04-16,20251265,52,False,,5979910,0.2953,buy,55773,100.000755,1450469,402568,5934427,0.293,buy,102369,51.164178,1842342,696801,4062526,0.2006,buy,25318,72.960429,1693381,2215314,4274350,0.2111,buy,53732,55.55121,660918,1289473,-1.87
2012-04-17,20452550,52,False,,6068482,0.2967,buy,55773,100.000755,1450469,491140,6055022,0.2961,buy,102369,51.164178,1842342,817396,4057210,0.1984,buy,25318,72.960429,1693381,2209997,4271785,0.2089,buy,53732,55.55121,660918,1286907,-0.89
2012-04-18,20405289,52,False,,6047977,0.2964,buy,55773,100.000755,1450469,470635,6039607,0.296,buy,102369,51.164178,1842342,801981,4033411,0.1977,buy,25318,72.960429,1693381,2186198,4284242,0.21,buy,53732,55.55121,660918,1299365,-1.12
2012-04-19,20305521,52,False,,6009143,0.2959,buy,55773,100.000755,1450469,431801,5971604,0.2941,buy,102369,51.164178,1842342,733978,4036449,0.1988,buy,25318,72.960429,1693381,2189236,4288273,0.2112,buy,53732,55.55121,660918,1303395,-1.6
2012-04-20,20302755,52,False,,6019180,0.2965,buy,55773,100.000755,1450469,441838,5955283,0.2933,buy,102369,51.164178,1842342,717657,4039234,0.199,buy,25318,72.960429,1693381,2192021,4289007,0.2113,buy,53732,55.55121,660918,1304129,-1.62
2012-04-23,20216979,52,False,,5968566,0.2952,buy,55773,100.000755,1450469,391224,5900880,0.2919,buy,102369,51.164178,1842342,663254,4027334,0.1992,buy,25318,72.960429,1693381,2180122,4320147,0.2137,buy,53732,55.55121,660918,1335270,-2.03
2012-04-24,20183343,52,False,,5991253,0.2968,buy,55773,100.000755,1450469,413911,5869145,0.2908,buy,102369,51.164178,1842342,631519,4033157,0.1998,buy,25318,72.960429,1693381,2185945,4289735,0.2125,buy,53732,55.55121,660918,1304858,-2.2
2012-04-25,20407451,52,False,,6073284,0.2976,buy,55773,100.000755,1450469,495942,6025098,0.2952,buy,102369,51.164178,1842342,787472,4041259,0.198,buy,25318,72.960429,1693381,2194047,4267757,0.2091,buy,53732,55.55121,660918,1282879,-1.11
2012-04-26,20546478,52,False,,6115607,0.2976,buy,55773,100.000755,1450469,538264,6060460,0.295,buy,102369,51.164178,1842342,822834,4076958,0.1984,buy,25318,72.960429,1693381,2229745,4293402,0.209,buy,53732,55.55121,660918,1308525,-0.44
2012-04-27,20605308,52,False,,6125644,0.2973,buy,55773,100.000755,1450469,548302,6096727,0.2959,buy,102369,51.164178,1842342,859101,4085819,0.1983,buy,25318,72.960429,1693381,2238607,4297065,0.2085,buy,53732,55.55121,660918,1312188,-0.15
2012-04-30,20552858,52,False,,6102954,0.2969,buy,55773,100.000755,1450469,525612,6053209,0.2945,buy,102369,51.164178,1842342,815584,4098478,0.1994,buy,25318,72.960429,1693381,2251266,4298164,0.2091,buy,53732,55.55121,660918,1313287,-0.41
2012-05-01,20564323,52,False,,6140916,0.2986,buy,55773,100.000755,1450469,563574,6063181,0.2948,buy,102369,51.164178,1842342,825556,4084300,0.1986,buy,25318,72.960429,1693381,2237088,4275873,0.2079,buy,53732,55.55121,660918,1290995,-0.35
2012-05-02,20574852,52,False,,6122588,0.2976,buy,55773,100.000755,1450469,545246,6080409,0.2955,buy,102369,51.164178,1842342,842783,4065818,0.1976,buy,25318,72.960429,1693381,2218605,4305985,0.2093,buy,53732,55.55121,660918,1321107,-0.3
2012-05-03,20421672,52,False,,6075903,0.2975,buy,55773,100.000755,1450469,498561,6016031,0.2946,buy,102369,51.164178,1842342,778406,4024802,0.1971,buy,25318,72.960429,1693381,2177590,4304884,0.2108,buy,53732,55.55121,660918,1320006,-1.04
2012-05-04,20220334,52,False,,5977726,0.2956,buy,55773,100.000755,1450469,400384,5866424,0.2901,buy,102369,51.164178,1842342,628799,4037461,0.1997,buy,25318,72.960429,1693381,2190249,4338670,0.2146,buy,53732,55.55121,660918,1353792,-2.02
2012-05-07,20221009,52,False,,5982093,0.2958,buy,55773,100.000755,1450469,404751,5871867,0.2904,buy,102369,51.164178,1842342,634241,4027587,0.1992,buy,25318,72.960429,1693381,2180375,4339409,0.2146,buy,53732,55.55121,660918,1354531,-2.01
2012-05-08,20120399,52,False,,5958093,0.2961,buy,55773,100.000755,1450469,380751,5850104,0.2908,buy,102369,51.164178,1842342,612478,3949608,0.1963,buy,25318,72.960429,1693381,2102396,4362542,0.2168,buy,53732,55.55121,660918,1377664,-2.5
2012-05-09,20031129,52,False,,5922750,0.2957,buy,55773,100.000755,1450469,345408,5831971,0.2911,buy,102369,51.164178,1842342,594346,3910871,0.1952,buy,25318,72.960429,1693381,2063659,4365483,0.2179,buy,53732,55.55121,660918,1380606,-2.93
2012-05-10,20026297,52,False,,5934968,0.2964,buy,55773,100.000755,1450469,357626,5820182,0.2906,buy,102369,51.164178,1842342,582557,3918467,0.1957,buy,25318,72.960429,1693381,2071255,4352627,0.2173,buy,53732,55.55121,660918,1367749,-2.96
2012-05-11,20012856,52,False,,5917079,0.2957,buy,55773,100.000755,1450469,339737,5819276,0.2908,buy,102369,51.164178,1842342,581651,3887832,0.1943,buy,25318,72.960429,1693381,2040620,4388617,0.2193,buy,53732,55.55121,660918,1403739,-3.02
2012-05-14,19897872,52,False,,5851627,0.2941,buy,55773,100.000755,1450469,274285,5764873,0.2897,buy,102369,51.164178,1842342,527247,3831373,0.1926,buy,25318,72.960429,1693381,1984161,4449946,0.2236,buy,53732,55.55121,660918,1465069,-3.58
2012-05-15,19822978,52,False,,5818032,0.2935,buy,55773,100.000755,1450469,240690,5745832,0.2899,buy,102369,51.164178,1842342,508207,3791117,0.1912,buy,25318,72.960429,1693381,1943905,4467945,0.2254,buy,53732,55.55121,660918,1483067,-3.94
2012-05-16,19767499,52,False,,5795776,0.2932,buy,55773,100.000755,1450469,218434,5706844,0.2887,buy,102369,51.164178,1842342,469218,3784028,0.1914,buy,25318,72.960429,1693381,1936816,4480798,0.2267,buy,53732,55.55121,660918,1495921,-4.21
2012-05-17,19724835,52,False,,5709821,0.2895,buy,55773,100.000755,1450469,132479,5586251,0.2832,buy,102369,51.164178,1842342,348625,3868590,0.1961,buy,25318,72.960429,1693381,2021378,4560121,0.2312,buy,53732,55.55121,660918,1575243,-4.42
2012-05-18,19648837,52,False,,5660951,0.2881,buy,55773,100.000755,1450469,83609,5513715,0.2806,buy,102369,51.164178,1842342,276089,3912897,0.1991,buy,25318,72.960429,1693381,2065685,4561221,0.2321,buy,53732,55.55121,660918,1576344,-4.79
2012-05-21,19893265,52,False,,5758252,0.2895,buy,55773,100.000755,1450469,180910,5667855,0.2849,buy,102369,51.164178,1842342,430229,3915429,0.1968,buy,25318,72.960429,1693381,2068216,4551677,0.2288,buy,53732,55.55121,660918,1566800,-3.6
2012-05-22,19781206,52,False,,5768290,0.2916,buy,55773,100.000755,1450469,190948,5661508,0.2862,buy,102369,51.164178,1842342,423883,3850361,0.1946,buy,25318,72.960429,1693381,2003149,4500995,0.2275,buy,53732,55.55121,660918,1516117,-4.14
2012-05-23,19814713,52,False,,5771343,0.2913,buy,55773,100.000755,1450469,194001,5672390,0.2863,buy,102369,51.164178,1842342,434764,3838715,0.1937,buy,25318,72.960429,1693381,1991503,4532213,0.2287,buy,53732,55.55121,660918,1547335,-3.98
2012-05-24,19766303,52,False,,5782688,0.2926,buy,55773,100.000755,1450469,205346,5635213,0.2851,buy,102369,51.164178,1842342,397587,3833398,0.1939,buy,25318,72.960429,1693381,1986186,4514951,0.2284,buy,53732,55.55121,660918,1530074,-4.22
2012-05-25,19789333,52,False,,5763925,0.2913,buy,55773,100.000755,1450469,186583,5627960,0.2844,buy,102369,51.164178,1842342,390334,3865552,0.1953,buy,25318,72.960429,1693381,2018340,4531844,0.229,buy,53732,55.55121,660918,1546966,-4.11
2012-05-29,19874793,52,False,,5833739,0.2935,buy,55773,100.000755,1450469,256397,5699590,0.2868,buy,102369,51.164178,1842342,461964,3823524,0.1924,buy,25318,72.960429,1693381,1976312,4517888,0.2273,buy,53732,55.55121,660918,1533010,-3.69
2012-05-30,19879202,52,False,,5749089,0.2892,buy,55773,100.000755,1450469,171747,5651535,0.2843,buy,102369,51.164178,1842342,413909,3846057,0.1935,buy,25318,72.960429,1693381,1998845,4632469,0.233,buy,53732,55.55121,660918,1647591,-3.67
2012-05-31,19888345,52,False,,5736437,0.2884,buy,55773,100.000755,1450469,159095,5627053,0.2829,buy,102369,51.164178,1842342,389428,3838715,0.193,buy,25318,72.960429,1693381,1991503,4686087,0.2356,buy,53732,55.55121,660918,1701209,-3.63
2012-06-01,19854428,52,False,,5592010,0.2817,buy,55773,100.000755,1450469,14668,5477446,0.2759,buy,102369,51.164178,1842342,239821,3987585,0.2008,buy,25318,72.960429,1693381,2140373,4797334,0.2416,buy,53732,55.55121,660918,1812457,-3.79
2012-06-04,19847334,89,True,monthly,5951678,0.2999,buy,59388,100.046061,1450469,10142,5998776,0.3022,buy,111265,51.376393,1842342,282381,3966352,0.1998,buy,25212,72.960429,1702267,2126874,3930439,0.198,buy,44373,55.55121,967394,1465465,-3.82
2012-06-05,19859924,89,False,,5996744,0.302,buy,59388,100.046061,1450469,55209,6023415,0.3033,buy,111265,51.376393,1842342,307020,3961814,0.1995,buy,25212,72.960429,1702267,2122335,3877862,0.1953,buy,44373,55.55121,967394,1412888,-3.76
2012-06-06,20056898,89,False,,6131481,0.3057,buy,59388,100.046061,1450469,189946,6161384,0.3072,buy,111265,51.376393,1842342,444989,3963579,0.1976,buy,25212,72.960429,1702267,2124100,3800365,0.1895,buy,44373,55.55121,967394,1335391,-2.81
2012-06-07,19973430,89,False,,6135200,0.3072,buy,59388,100.046061,1450469,193664,6136746,0.3072,buy,111265,51.376393,1842342,420351,3895254,0.195,buy,25212,72.960429,1702267,2055776,3806141,0.1906,buy,44373,55.55121,967394,1341167,-3.21
2012-06-08,20086232,89,False,,6183984,0.3079,buy,59388,100.046061,1450469,242449,6195878,0.3085,buy,111265,51.376393,1842342,479483,3901053,0.1942,buy,25212,72.960429,1702267,2061574,3805228,0.1894,buy,44373,55.55121,967394,1340254,-2.67
2012-06-11,19936453,89,False,,6105464,0.3062,buy,59388,100.046061,1450469,163929,6091412,0.3055,buy,111265,51.376393,1842342,375018,3916936,0.1965,buy,25212,72.960429,1702267,2077458,3822551,0.1917,buy,44373,55.55121,967394,1357577,-3.39
2012-06-12,20073308,89,False,,6175621,0.3077,buy,59388,100.046061,1450469,234085,6165328,0.3071,buy,111265,51.376393,1842342,448934,3944670,0.1965,buy,25212,72.960429,1702267,2105191,3787600,0.1887,buy,44373,55.55121,967394,1322626,-2.73
2012-06-13,20045456,89,False,,6136128,0.3061,buy,59388,100.046061,1450469,194592,6122948,0.3055,buy,111265,51.376393,1842342,406554,3961309,0.1976,buy,25212,72.960429,1702267,2121831,3824981,0.1908,buy,44373,55.55121,967394,1360007,-2.86
2012-06-14,20144190,89,False,,6201174,0.3078,buy,59388,100.046061,1450469,259638,6145616,0.3051,buy,111265,51.376393,1842342,429222,3977193,0.1974,buy,25212,72.960429,1702267,2137715,3820117,0.1896,buy,44373,55.55121,967394,1355144,-2.39
2012-06-15,20307510,89,False,,6264596,0.3085,buy,59388,100.046061,1450469,323060,6221970,0.3064,buy,111265,51.376393,1842342,505576,3979462,0.196,buy,25212,72.960429,1702267,2139984,3841393,0.1892,buy,44373,55.55121,967394,1376419,-1.59
2012-06-18,20400867,89,False,,6276739,0.3077,buy,59388,100.046061,1450469,335203,6280250,0.3078,buy,111265,51.376393,1842342,563855,3981731,0.1952,buy,25212,72.960429,1702267,2142253,3862058,0.1893,buy,44373,55.55121,967394,1397085,-1.14
2012-06-19,20456912,89,False,,6337452,0.3098,buy,59388,100.046061,1450469,395916,6345442,0.3102,buy,111265,51.376393,1842342,629048,3962318,0.1937,buy,25212,72.960429,1702267,2122840,3811610,0.1863,buy,44373,55.55121,967394,1346636,-0.87
2012-06-20,20440411,89,False,,6327174,0.3095,buy,59388,100.046061,1450469,385639,6350381,0.3107,buy,111265,51.376393,1842342,633987,3932316,0.1924,buy,25212,72.960429,1702267,2092837,3830451,0.1874,buy,44373,55.55121,967394,1365477,-0.95
2012-06-21,20061171,89,False,,6185202,0.3083,buy,59388,100.046061,1450469,243666,6192338,0.3087,buy,111265,51.376393,1842342,475943,3832728,0.1911,buy,25212,72.960429,1702267,1993250,3850814,0.192,buy,44373,55.55121,967394,1385840,-2.79
2012-06-22,20138270,89,False,,6232838,0.3095,buy,59388,100.046061,1450469,291303,6257530,0.3107,buy,111265,51.376393,1842342,541136,3848360,0.1911,buy,25212,72.960429,1702267,2008881,3799453,0.1887,buy,44373,55.55121,967394,1334479,-2.41
2012-06-25,20001365,89,False,,6132894,0.3066,buy,59388,100.046061,1450469,191358,6137022,0.3068,buy,111265,51.376393,1842342,420627,3876597,0.1938,buy,25212,72.960429,1702267,2037119,3854764,0.1927,buy,44373,55.55121,967394,1389790,-3.08
2012-06-26,20026782,89,False,,6163721,0.3078,buy,59388,100.046061,1450469,222186,6175547,0.3084,buy,111265,51.376393,1842342,459152,3847855,0.1921,buy,25212,72.960429,1702267,2008377,3839569,0.1917,buy,44373,55.55121,967394,1374595,-2.95
2012-06-27,20131265,89,False,,6219295,0.3089,buy,59388,100.046061,1450469,277760,6213081,0.3086,buy,111265,51.376393,1842342,496687,3853150,0.1914,buy,25212,72.960429,1702267,2013672,3845648,0.191,buy,44373,55.55121,967394,1380675,-2.45
2012-06-28,20008915,89,False,,6201547,0.3099,buy,59388,100.046061,1450469,260012,6143937,0.3071,buy,111265,51.376393,1842342,427542,3808273,0.1903,buy,25212,72.960429,1702267,1968794,3855069,0.1927,buy,44373,55.55121,967394,1390095,-3.04
2012-06-29,20411338,89,False,,6356131,0.3114,buy,59388,100.046061,1450469,414596,6337541,0.3105,buy,111265,51.376393,1842342,621146,3912650,0.1917,buy,25212,72.960429,1702267,2073172,3804927,0.1864,buy,44373,55.55121,967394,1339953,-1.09
2012-07-02,20485990,89,False,,6375279,0.3112,buy,59388,100.046061,1450469,433743,6356310,0.3103,buy,111265,51.376393,1842342,639915,3910129,0.1909,buy,25212,72.960429,1702267,2070651,3844183,0.1876,buy,44373,55.55121,967394,1379209,-0.73
2012-07-03,20611569,89,False,,6417310,0.3113,buy,59388,100.046061,1450469,475775,6409648,0.311,buy,111265,51.376393,1842342,693254,3969882,0.1926,buy,25212,72.960429,1702267,2130403,3814639,0.1851,buy,44373,55.55121,967394,1349665,-0.12
2012-07-05,20561178,89,False,,6388356,0.3107,buy,59388,100.046061,1450469,446821,6413598,0.3119,buy,111265,51.376393,1842342,697204,3925004,0.1909,buy,25212,72.960429,1702267,2085526,3834130,0.1865,buy,44373,55.55121,967394,1369156,-0.37
2012-07-06,20406423,89,False,,6327643,0.3101,buy,59388,100.046061,1450469,386107,6333589,0.3104,buy,111265,51.376393,1842342,617194,3875337,0.1899,buy,25212,72.960429,1702267,2035858,3869766,0.1896,buy,44373,55.55121,967394,1404792,-1.12
2012-07-09,20429060,89,False,,6319702,0.3093,buy,59388,100.046061,1450469,378167,6321736,0.3094,buy,111265,51.376393,1842342,605342,3883656,0.1901,buy,25212,72.960429,1702267,2044178,3903875,0.1911,buy,44373,55.55121,967394,1438902,-1.01
2012-07-10,20271990,89,False,,6264596,0.309,buy,59388,100.046061,1450469,323060,6259506,0.3088,buy,111265,51.376393,1842342,543111,3836006,0.1892,buy,25212,72.960429,1702267,1996527,3911794,0.193,buy,44373,55.55121,967394,1446820,-1.77
2012-07-11,20264404,89,False,,6265530,0.3092,buy,59388,100.046061,1450469,323994,6224933,0.3072,buy,111265,51.376393,1842342,508539,3857184,0.1903,buy,25212,72.960429,1702267,2017706,3916668,0.1933,buy,44373,55.55121,967394,1451694,-1.8
2012-07-12,20193402,89,False,,6235174,0.3088,buy,59388,100.046061,1450469,293638,6166657,0.3054,buy,111265,51.376393,1842342,450262,3847099,0.1905,buy,25212,72.960429,1702267,2007621,3944383,0.1953,buy,44373,55.55121,967394,1479410,-2.15
2012-07-13,20420575,89,False,,6339786,0.3105,buy,59388,100.046061,1450469,398251,6260494,0.3066,buy,111265,51.376393,1842342,544099,3886178,0.1903,buy,25212,72.960429,1702267,2046699,3934028,0.1927,buy,44373,55.55121,967394,1469054,-1.05
2012-07-16,20407889,89,False,,6324842,0.3099,buy,59388,100.046061,1450469,383307,6242715,0.3059,buy,111265,51.376393,1842342,526321,3887943,0.1905,buy,25212,72.960429,1702267,2048464,3952300,0.1937,buy,44373,55.55121,967394,1487326,-1.11
2012-07-17,20434195,89,False,,6368272,0.3116,buy,59388,100.046061,1450469,426737,6275311,0.3071,buy,111265,51.376393,1842342,558917,3869286,0.1894,buy,25212,72.960429,1702267,2029807,3921236,0.1919,buy,44373,55.55121,967394,1456262,-0.98
2012-07-18,20557853,89,False,,6415442,0.3121,buy,59388,100.046061,1450469,473907,6360257,0.3094,buy,111265,51.376393,1842342,643863,3858697,0.1877,buy,25212,72.960429,1702267,2019218,3923367,0.1908,buy,44373,55.55121,967394,1458393,-0.38
2012-07-19,20643069,89,False,,6432255,0.3116,buy,59388,100.046061,1450469,490719,6430390,0.3115,buy,111265,51.376393,1842342,713996,3867017,0.1873,buy,25212,72.960429,1702267,2027538,3913318,0.1896,buy,44373,55.55121,967394,1448344,0.0
2012-07-20,20554408,89,False,,6373412,0.3101,buy,59388,100.046061,1450469,431876,6345442,0.3087,buy,111265,51.376393,1842342,629048,3874328,0.1885,buy,25212,72.960429,1702267,2034850,3961136,0.1927,buy,44373,55.55121,967394,1496162,-0.43
2012-07-23,20419007,89,False,,6308963,0.309,buy,59388,100.046061,1450469,367427,6268396,0.307,buy,111265,51.376393,1842342,552002,3858192,0.189,buy,25212,72.960429,1702267,2018714,3983366,0.1951,buy,44373,55.55121,967394,1518392,-1.09
2012-07-24,20359169,89,False,,6254787,0.3072,buy,59388,100.046061,1450469,313251,6219007,0.3055,buy,111265,51.376393,1842342,502613,3870546,0.1901,buy,25212,72.960429,1702267,2031068,4014739,0.1972,buy,44373,55.55121,967394,1549765,-1.38
2012-07-25,20383647,89,False,,6256189,0.3069,buy,59388,100.046061,1450469,314654,6177522,0.3031,buy,111265,51.376393,1842342,461128,3924752,0.1925,buy,25212,72.960429,1702267,2085274,4025094,0.1975,buy,44373,55.55121,967394,1560121,-1.26
2012-07-26,20559721,89,False,,6359400,0.3093,buy,59388,100.046061,1450469,417864,6259506,0.3045,buy,111265,51.376393,1842342,543111,3952485,0.1922,buy,25212,72.960429,1702267,2113007,3988241,0.194,buy,44373,55.55121,967394,1523267,-0.4
2012-07-27,20769291,89,False,,6476621,0.3118,buy,59388,100.046061,1450469,535085,6407672,0.3085,buy,111265,51.376393,1842342,691278,3971898,0.1912,buy,25212,72.960429,1702267,2132420,3913011,0.1884,buy,44373,55.55121,967394,1448037,0.0
2012-07-30,20790820,89,False,,6476621,0.3115,buy,59388,100.046061,1450469,535085,6402731,0.308,buy,111265,51.376393,1842342,686337,3969125,0.1909,buy,25212,72.960429,1702267,2129647,3942253,0.1896,buy,44373,55.55121,967394,1477279,0.0
2012-07-31,20727763,89,False,,6431319,0.3103,buy,59388,100.046061,1450469,489784,6400758,0.3088,buy,111265,51.376393,1842342,684363,3945426,0.1903,buy,25212,72.960429,1702267,2105948,3950171,0.1906,buy,44373,55.55121,967394,1485197,-0.3
2012-08-01,20649611,89,False,,6425718,0.3112,buy,59388,100.046061,1450469,484183,6381989,0.3091,buy,111265,51.376393,1842342,665594,3911390,0.1894,buy,25212,72.960429,1702267,2071911,3930425,0.1903,buy,44373,55.55121,967394,1465451,-0.68
2012-08-02,20579338,89,False,,6381348,0.3101,buy,59388,100.046061,1450469,439813,6359271,0.309,buy,111265,51.376393,1842342,642877,3885926,0.1888,buy,25212,72.960429,1702267,2046447,3952704,0.1921,buy,44373,55.55121,967394,1487730,-1.02
2012-08-03,20798423,89,False,,6507913,0.3129,buy,59388,100.046061,1450469,566378,6479778,0.3116,buy,111265,51.376393,1842342,763384,3921727,0.1886,buy,25212,72.960429,1702267,2082248,3888916,0.187,buy,44373,55.55121,967394,1423942,0.0
2012-08-06,20880854,89,False,,6520519,0.3123,buy,59388,100.046061,1450469,578984,6529166,0.3127,buy,111265,51.376393,1842342,812771,3940636,0.1887,buy,25212,72.960429,1702267,2101157,3890444,0.1863,buy,44373,55.55121,967394,1425470,0.0
2012-08-07,20917320,89,False,,6553212,0.3133,buy,59388,100.046061,1450469,611677,6583496,0.3147,buy,111265,51.376393,1842342,867102,3940131,0.1884,buy,25212,72.960429,1702267,2100653,3840391,0.1836,buy,44373,55.55121,967394,1375417,0.0
2012-08-08,20906887,89,False,,6561153,0.3138,buy,59388,100.046061,1450469,619618,6580534,0.3148,buy,111265,51.376393,1842342,864139,3945174,0.1887,buy,25212,72.960429,1702267,2105695,3819937,0.1827,buy,44373,55.55121,967394,1354963,-0.05
2012-08-09,20942353,89,False,,6566755,0.3136,buy,59388,100.046061,1450469,625219,6600286,0.3152,buy,111265,51.376393,1842342,883892,3958032,0.189,buy,25212,72.960429,1702267,2118554,3817191,0.1823,buy,44373,55.55121,967394,1352218,0.0
2012-08-10,20981066,89,False,,6577498,0.3135,buy,59388,100.046061,1450469,635963,6604238,0.3148,buy,111265,51.376393,1842342,887843,3962822,0.1889,buy,25212,72.960429,1702267,2123344,3836419,0.1829,buy,44373,55.55121,967394,1371445,0.0
2012-08-13,20957192,89,False,,6574229,0.3137,buy,59388,100.046061,1450469,632693,6620042,0.3159,buy,111265,51.376393,1842342,903648,3932820,0.1877,buy,25212,72.960429,1702267,2093342,3830012,0.1828,buy,44373,55.55121,967394,1365038,-0.11
2012-08-14,20887525,89,False,,6575164,0.3148,buy,59388,100.046061,1450469,633629,6623007,0.3171,buy,111265,51.376393,1842342,906612,3911138,0.1872,buy,25212,72.960429,1702267,2071659,3778126,0.1809,buy,44373,55.55121,967394,1313153,-0.45
2012-08-15,20871284,89,False,,6582633,0.3154,buy,59388,100.046061,1450469,641097,6639797,0.3181,buy,111265,51.376393,1842342,923403,3923744,0.188,buy,25212,72.960429,1702267,2084265,3725020,0.1785,buy,44373,55.55121,967394,1260047,-0.52
2012-08-16,20990582,89,False,,6631203,0.3159,buy,59388,100.046061,1450469,689667,6718822,0.3201,buy,111265,51.376393,1842342,1002427,3947191,0.188,buy,25212,72.960429,1702267,2107712,3693278,0.1759,buy,44373,55.55121,967394,1228304,0.0
2012-08-17,21051130,89,False,,6640079,0.3154,buy,59388,100.046061,1450469,698543,6748451,0.3206,buy,111265,51.376393,1842342,1032057,3951225,0.1877,buy,25212,72.960429,1702267,2111746,3711286,0.1763,buy,44373,55.55121,967394,1246312,0.0
2012-08-20,21082721,89,False,,6640546,0.315,buy,59388,100.046061,1450469,699011,6758331,0.3206,buy,111265,51.376393,1842342,1041936,3964839,0.1881,buy,25212,72.960429,1702267,2125361,3718916,0.1764,buy,44373,55.55121,967394,1253942,0.0
2012-08-21,21092033,89,False,,6620463,0.3139,buy,59388,100.046061,1450469,678928,6731662,0.3192,buy,111265,51.376393,1842342,1015268,4004422,0.1899,buy,25212,72.960429,1702267,2164944,3735396,0.1771,buy,44373,55.55121,967394,1270422,0.0
2012-08-22,21227258,89,False,,6623266,0.312,buy,59388,100.046061,1450469,681730,6759320,0.3184,buy,111265,51.376393,1842342,1042926,4047534,0.1907,buy,25212,72.960429,1702267,2208056,3797048,0.1789,buy,44373,55.55121,967394,1332075,0.0
2012-08-23,21167675,89,False,,6569092,0.3103,buy,59388,100.046061,1450469,627557,6704003,0.3167,buy,111265,51.376393,1842342,987608,4081571,0.1928,buy,25212,72.960429,1702267,2242092,3812920,0.1801,buy,44373,55.55121,967394,1347946,-0.28
2012-08-24,21247216,89,False,,6608790,0.311,buy,59388,100.046061,1450469,667254,6745491,0.3175,buy,111265,51.376393,1842342,1029097,4083588,0.1922,buy,25212,72.960429,1702267,2244109,3809257,0.1793,buy,44373,55.55121,967394,1344284,0.0
2012-08-27,21266378,89,False,,6610189,0.3108,buy,59388,100.046061,1450469,668653,6756355,0.3177,buy,111265,51.376393,1842342,1039960,4068208,0.1913,buy,25212,72.960429,1702267,2228730,3831537,0.1802,buy,44373,55.55121,967394,1366563,0.0
2012-08-28,21276056,89,False,,6603650,0.3104,buy,59388,100.046061,1450469,662114,6756355,0.3176,buy,111265,51.376393,1842342,1039960,4075268,0.1915,buy,25212,72.960429,1702267,2235789,3840695,0.1805,buy,44373,55.55121,967394,1375721,0.0
2012-08-29,21237936,89,False,,6608790,0.3112,buy,59388,100.046061,1450469,667254,6756355,0.3181,buy,111265,51.376393,1842342,1039960,4048795,0.1906,buy,25212,72.960429,1702267,2209317,3823907,0.1801,buy,44373,55.55121,967394,1358933,-0.18
2012-08-30,21140217,89,False,,6561153,0.3104,buy,59388,100.046061,1450469,619618,6688198,0.3164,buy,111265,51.376393,1842342,971803,4047030,0.1914,buy,25212,72.960429,1702267,2207552,3843746,0.1818,buy,44373,55.55121,967394,1378772,-0.64
2012-08-31,21363566,89,False,,6592442,0.3086,buy,59388,100.046061,1450469,650907,6732648,0.3151,buy,111265,51.376393,1842342,1016254,4140315,0.1938,buy,25212,72.960429,1702267,2300836,3898072,0.1825,buy,44373,55.55121,967394,1433098,0.0
2012-09-04,21353215,89,False,,6586369,0.3084,buy,59388,100.046061,1450469,644833,6725732,0.315,buy,111265,51.376393,1842342,1009338,4146870,0.1942,buy,25212,72.960429,1702267,2307391,3894155,0.1824,buy,44373,55.55121,967394,1429181,-0.05
2012-09-05,21318065,89,False,,6580766,0.3087,buy,59388,100.046061,1450469,639231,6718822,0.3152,buy,111265,51.376393,1842342,1002427,4142584,0.1943,buy,25212,72.960429,1702267,2303105,3875804,0.1818,buy,44373,55.55121,967394,1410830,-0.21
2012-09-06,21550875,89,False,,6714336,0.3116,buy,59388,100.046061,1450469,772801,6867973,0.3187,buy,111265,51.376393,1842342,1151579,4157207,0.1929,buy,25212,72.960429,1702267,2317728,3811269,0.1768,buy,44373,55.55121,967394,1346295,0.0
2012-09-07,21638917,89,False,,6740489,0.3115,buy,59388,100.046061,1450469,798954,6858100,0.3169,buy,111265,51.376393,1842342,1141705,4246709,0.1963,buy,25212,72.960429,1702267,2407231,3793529,0.1753,buy,44373,55.55121,967394,1328555,0.0
2012-09-10,21492884,89,False,,6702192,0.3118,buy,59388,100.046061,1450469,760656,6770183,0.315,buy,111265,51.376393,1842342,1053788,4217715,0.1962,buy,25212,72.960429,1702267,2378237,3802705,0.1769,buy,44373,55.55121,967394,1337732,-0.67
2012-09-11,21492224,89,False,,6720873,0.3127,buy,59388,100.046061,1450469,779338,6759320,0.3145,buy,111265,51.376393,1842342,1042926,4233095,0.197,buy,25212,72.960429,1702267,2393616,3778847,0.1758,buy,44373,55.55121,967394,1313873,-0.68
2012-09-12,21487802,89,False,,6743291,0.3138,buy,59388,100.046061,1450469,801756,6779076,0.3155,buy,111265,51.376393,1842342,1062682,4233599,0.197,buy,25212,72.960429,1702267,2394121,3731747,0.1737,buy,44373,55.55121,967394,1266773,-0.7
2012-09-13,21753191,89,False,,6846035,0.3147,buy,59388,100.046061,1450469,904500,6870934,0.3159,buy,111265,51.376393,1842342,1154539,4319068,0.1985,buy,25212,72.960429,1702267,2479589,3717065,0.1709,buy,44373,55.55121,967394,1252091,0.0
2012-09-14,21758357,89,False,,6876391,0.316,buy,59388,100.046061,1450469,934855,6932181,0.3186,buy,111265,51.376393,1842342,1215787,4331422,0.1991,buy,25212,72.960429,1702267,2491943,3618274,0.1663,buy,44373,55.55121,967394,1153301,0.0
2012-09-17,21746098,89,False,,6853039,0.3151,buy,59388,100.046061,1450469,911503,6935139,0.3189,buy,111265,51.376393,1842342,1218745,4296125,0.1976,buy,25212,72.960429,1702267,2456646,3661706,0.1684,buy,44373,55.55121,967394,1196732,-0.06
2012-09-18,21798046,89,False,,6847431,0.3141,buy,59388,100.046061,1450469,905895,6941064,0.3184,buy,111265,51.376393,1842342,1224670,4329405,0.1986,buy,25212,72.960429,1702267,2489926,3680058,0.1688,buy,44373,55.55121,967394,1215084,0.0
2012-09-19,21839299,89,False,,6851172,0.3137,buy,59388,100.046061,1450469,909636,6953909,0.3184,buy,111265,51.376393,1842342,1237515,4329909,0.1983,buy,25212,72.960429,1702267,2490431,3704220,0.1696,buy,44373,55.55121,967394,1239246,0.0
2012-09-20,21835218,89,False,,6851636,0.3138,buy,59388,100.046061,1450469,910101,6946995,0.3182,buy,111265,51.376393,1842342,1230601,4323102,0.198,buy,25212,72.960429,1702267,2483623,3713396,0.1701,buy,44373,55.55121,967394,1248422,-0.02
2012-09-21,21850977,89,False,,6848775,0.3134,buy,59388,100.046061,1450469,907240,6948977,0.318,buy,111265,51.376393,1842342,1232583,4335456,0.1984,buy,25212,72.960429,1702267,2495977,3717679,0.1701,buy,44373,55.55121,967394,1252705,0.0
2012-09-24,21806143,89,False,,6838442,0.3136,buy,59388,100.046061,1450469,896906,6908364,0.3168,buy,111265,51.376393,1842342,1191969,4312513,0.1978,buy,25212,72.960429,1702267,2473034,3746735,0.1718,buy,44373,55.55121,967394,1281762,-0.21
2012-09-25,21666242,89,False,,6765670,0.3123,buy,59388,100.046061,1450469,824135,6811286,0.3144,buy,111265,51.376393,1842342,1094892,4305453,0.1987,buy,25212,72.960429,1702267,2465975,3783743,0.1746,buy,44373,55.55121,967394,1318769,-0.85
2012-09-26,21589212,89,False,,6727640,0.3116,buy,59388,100.046061,1450469,786105,6755811,0.3129,buy,111265,51.376393,1842342,1039417,4281250,0.1983,buy,25212,72.960429,1702267,2441771,3824421,0.1771,buy,44373,55.55121,967394,1359447,-1.2
2012-09-27,21782277,89,False,,6791025,0.3118,buy,59388,100.046061,1450469,849490,6848927,0.3144,buy,111265,51.376393,1842342,1132532,4345036,0.1995,buy,25212,72.960429,1702267,2505558,3797199,0.1743,buy,44373,55.55121,967394,1332226,-0.31
2012-09-28,21685150,89,False,,6759567,0.3117,buy,59388,100.046061,1450469,818031,6792464,0.3132,buy,111265,51.376393,1842342,1076070,4333691,0.1998,buy,25212,72.960429,1702267,2494212,3799339,0.1752,buy,44373,55.55121,967394,1334365,-0.76
2012-10-01,21717270,89,False,,6777409,0.3121,buy,59388,100.046061,1450469,835874,6782556,0.3123,buy,111265,51.376393,1842342,1066162,4343775,0.2,buy,25212,72.960429,1702267,2504297,3813440,0.1756,buy,44373,55.55121,967394,1348466,-0.61
2012-10-02,21733545,28,True,monthly,6522270,0.3001,buy,57093,100.046061,1483016,810341,6534590,0.3007,buy,106885,51.376393,1884677,1043224,4338813,0.1996,buy,25211,72.960429,1702366,2499408,4337844,0.1996,buy,50544,59.249834,967394,1343121,-0.54
2012-10-03,21811258,28,False,,6548901,0.3003,buy,57093,100.046061,1483016,836971,6576459,0.3015,buy,106885,51.376393,1884677,1085093,4346629,0.1993,buy,25211,72.960429,1702366,2507223,4339241,0.1989,buy,50544,59.249834,967394,1344518,-0.18
2012-10-04,21857184,28,False,,6595846,0.3018,buy,57093,100.046061,1483016,883916,6599301,0.3019,buy,106885,51.376393,1884677,1107935,4376882,0.2002,buy,25211,72.960429,1702366,2537476,4285128,0.1961,buy,50544,59.249834,967394,1290404,0.0
2012-10-05,21741951,28,False,,6596296,0.3034,buy,57093,100.046061,1483016,884366,6564089,0.3019,buy,106885,51.376393,1884677,1072723,4351923,0.2002,buy,25211,72.960429,1702366,2512517,4229616,0.1945,buy,50544,59.249834,967394,1234892,-0.53
2012-10-08,21680668,28,False,,6573725,0.3032,buy,57093,100.046061,1483016,861796,6504137,0.3,buy,106885,51.376393,1884677,1012771,4337553,0.2001,buy,25211,72.960429,1702366,2498147,4265225,0.1967,buy,50544,59.249834,967394,1270502,-0.81
2012-10-09,21477552,28,False,,6508731,0.303,buy,57093,100.046061,1483016,796801,6400416,0.298,buy,106885,51.376393,1884677,909050,4310829,0.2007,buy,25211,72.960429,1702366,2471424,4257548,0.1982,buy,50544,59.249834,967394,1262824,-1.74
2012-10-10,21429910,28,False,,6467204,0.3018,buy,57093,100.046061,1483016,755274,6368061,0.2972,buy,106885,51.376393,1884677,876696,4307047,0.201,buy,25211,72.960429,1702366,2467642,4287570,0.2001,buy,50544,59.249834,967394,1292846,-1.95
2012-10-11,21455315,28,False,,6470814,0.3016,buy,57093,100.046061,1483016,758884,6348078,0.2959,buy,106885,51.376393,1884677,856712,4319149,0.2013,buy,25211,72.960429,1702366,2479743,4317246,0.2012,buy,50544,59.249834,967394,1322522,-1.84
2012-10-12,21410305,28,False,,6449601,0.3012,buy,57093,100.046061,1483016,737671,6345225,0.2964,buy,106885,51.376393,1884677,853860,4287383,0.2002,buy,25211,72.960429,1702366,2447977,4328068,0.2021,buy,50544,59.249834,967394,1333344,-2.04
2012-10-15,21457761,28,False,,6503315,0.3031,buy,57093,100.046061,1483016,791385,6391852,0.2979,buy,106885,51.376393,1884677,900486,4244272,0.1978,buy,25211,72.960429,1702366,2404867,4318294,0.2012,buy,50544,59.249834,967394,1323570,-1.83
2012-10-16,21581336,28,False,,6569213,0.3044,buy,57093,100.046061,1483016,857284,6482253,0.3004,buy,106885,51.376393,1884677,990887,4271248,0.1979,buy,25211,72.960429,1702366,2431842,4258594,0.1973,buy,50544,59.249834,967394,1263871,-1.26
2012-10-17,21570899,28,False,,6599006,0.3059,buy,57093,100.046061,1483016,887076,6478449,0.3003,buy,106885,51.376393,1884677,987083,4274273,0.1981,buy,25211,72.960429,1702366,2434867,4219144,0.1956,buy,50544,59.249834,967394,1224420,-1.31
2012-10-18,21433826,28,False,,6581854,0.3071,buy,57093,100.046061,1483016,869925,6403272,0.2987,buy,106885,51.376393,1884677,911907,4255365,0.1985,buy,25211,72.960429,1702366,2415959,4193307,0.1956,buy,50544,59.249834,967394,1198583,-1.94
2012-10-19,21181957,28,False,,6472168,0.3056,buy,57093,100.046061,1483016,760239,6250063,0.2951,buy,106885,51.376393,1884677,758697,4209481,0.1987,buy,25211,72.960429,1702366,2370075,4250217,0.2007,buy,50544,59.249834,967394,1255493,-3.09
2012-10-22,21203362,28,False,,6473072,0.3053,buy,57093,100.046061,1483016,761142,6282419,0.2963,buy,106885,51.376393,1884677,791053,4224859,0.1993,buy,25211,72.960429,1702366,2385454,4222983,0.1992,buy,50544,59.249834,967394,1228260,-2.99
2012-10-23,21059784,28,False,,6383252,0.3031,buy,57093,100.046061,1483016,671322,6222467,0.2955,buy,106885,51.376393,1884677,731101,4170656,0.198,buy,25211,72.960429,1702366,2331250,4283382,0.2034,buy,50544,59.249834,967394,1288658,-3.65
2012-10-24,20963229,28,False,,6365196,0.3036,buy,57093,100.046061,1483016,653266,6200582,0.2958,buy,106885,51.376393,1884677,709216,4156285,0.1983,buy,25211,72.960429,1702366,2316880,4241138,0.2023,buy,50544,59.249834,967394,1246414,-4.09
2012-10-25,20989335,28,False,,6383702,0.3041,buy,57093,100.046061,1483016,671773,6200582,0.2954,buy,106885,51.376393,1884677,709216,4185530,0.1994,buy,25211,72.960429,1702366,2346125,4219492,0.201,buy,50544,59.249834,967394,1224768,-3.97
2012-10-26,21063678,28,False,,6380093,0.3029,buy,57093,100.046061,1483016,668163,6218661,0.2952,buy,106885,51.376393,1884677,727295,4183261,0.1986,buy,25211,72.960429,1702366,2343856,4281635,0.2033,buy,50544,59.249834,967394,1286912,-3.63
2012-10-31,21073441,28,False,,6380093,0.3028,buy,57093,100.046061,1483016,668163,6180597,0.2933,buy,106885,51.376393,1884677,689231,4205951,0.1996,buy,25211,72.960429,1702366,2366546,4306772,0.2044,buy,50544,59.249834,967394,1312048,-3.59
2012-11-01,21173368,28,False,,6446893,0.3045,buy,57093,100.046061,1483016,734963,6268145,0.296,buy,106885,51.376393,1884677,776779,4186791,0.1977,buy,25211,72.960429,1702366,2347386,4271511,0.2017,buy,50544,59.249834,967394,1276788,-3.13
2012-11-02,20958809,28,False,,6389570,0.3049,buy,57093,100.046061,1483016,677640,6201533,0.2959,buy,106885,51.376393,1884677,710167,4099309,0.1956,buy,25211,72.960429,1702366,2259903,4268369,0.2037,buy,50544,59.249834,967394,1273645,-4.11
2012-11-05,21052788,28,False,,6402660,0.3041,buy,57093,100.046061,1483016,690731,6242450,0.2965,buy,106885,51.376393,1884677,751084,4115191,0.1955,buy,25211,72.960429,1702366,2275786,4292459,0.2039,buy,50544,59.249834,967394,1297735,-3.68
2012-11-06,21151207,28,False,,6452761,0.3051,buy,57093,100.046061,1483016,740832,6253870,0.2957,buy,106885,51.376393,1884677,762504,4192589,0.1982,buy,25211,72.960429,1702366,2353184,4251958,0.201,buy,50544,59.249834,967394,1257235,-3.23
2012-11-07,20939415,28,False,,6306518,0.3012,buy,57093,100.046061,1483016,594589,6106374,0.2916,buy,106885,51.376393,1884677,615008,4197380,0.2005,buy,25211,72.960429,1702366,2357974,4329115,0.2067,buy,50544,59.249834,967394,1334392,-4.2
2012-11-08,20869529,28,False,,6230687,0.2986,buy,57093,100.046061,1483016,518757,6010263,0.288,buy,106885,51.376393,1884677,518897,4235196,0.2029,buy,25211,72.960429,1702366,2395791,4393355,0.2105,buy,50544,59.249834,967394,1398631,-4.52
2012-11-09,20901240,28,False,,6236104,0.2984,buy,57093,100.046061,1483016,524175,6035957,0.2888,buy,106885,51.376393,1884677,544591,4230910,0.2024,buy,25211,72.960429,1702366,2391505,4398241,0.2104,buy,50544,59.249834,967394,1403517,-4.37
2012-11-12,20903255,28,False,,6241067,0.2986,buy,57093,100.046061,1483016,529138,6035004,0.2887,buy,106885,51.376393,1884677,543638,4221582,0.202,buy,25211,72.960429,1702366,2382177,4405574,0.2108,buy,50544,59.249834,967394,1410850,-4.36
2012-11-13,20845560,28,False,,6219401,0.2984,buy,57093,100.046061,1483016,507472,5993134,0.2875,buy,106885,51.376393,1884677,501768,4212758,0.2021,buy,25211,72.960429,1702366,2373353,4420238,0.212,buy,50544,59.249834,967394,1425514,-4.63
2012-11-14,20696385,28,False,,6135449,0.2965,buy,57093,100.046061,1483016,423519,5922715,0.2862,buy,106885,51.376393,1884677,431349,4213767,0.2036,buy,25211,72.960429,1702366,2374361,4424427,0.2138,buy,50544,59.249834,967394,1429703,-5.31
2012-11-15,20630822,28,False,,6125067,0.2969,buy,57093,100.046061,1483016,413137,5902732,0.2861,buy,106885,51.376393,1884677,411366,4187295,0.203,buy,25211,72.960429,1702366,2347890,4415699,0.214,buy,50544,59.249834,967394,1420976,-5.61
2012-11-16,20677623,28,False,,6155309,0.2977,buy,57093,100.046061,1483016,443380,5928426,0.2867,buy,106885,51.376393,1884677,437061,4182001,0.2022,buy,25211,72.960429,1702366,2342595,4411858,0.2134,buy,50544,59.249834,967394,1417135,-5.4
2012-11-19,20968419,28,False,,6279888,0.2995,buy,57093,100.046061,1483016,567958,6069262,0.2894,buy,106885,51.376393,1884677,577896,4232170,0.2018,buy,25211,72.960429,1702366,2392765,4387070,0.2092,buy,50544,59.249834,967394,1392346,-4.07
2012-11-20,20916936,28,False,,6282596,0.3004,buy,57093,100.046061,1483016,570666,6071162,0.2903,buy,106885,51.376393,1884677,579797,4220069,0.2018,buy,25211,72.960429,1702366,2380664,4343081,0.2076,buy,50544,59.249834,967394,1348357,-4.3
2012-11-21,20942884,28,False,,6294330,0.3005,buy,57093,100.046061,1483016,582400,6083534,0.2905,buy,106885,51.376393,1884677,592168,4224355,0.2017,buy,25211,72.960429,1702366,2384950,4340637,0.2073,buy,50544,59.249834,967394,1345914,-4.18
2012-11-23,21168448,28,False,,6380093,0.3014,buy,57093,100.046061,1483016,668163,6175842,0.2917,buy,106885,51.376393,1884677,684477,4276038,0.202,buy,25211,72.960429,1702366,2436632,4336447,0.2049,buy,50544,59.249834,967394,1341723,-3.15
2012-11-26,21197611,28,False,,6366550,0.3003,buy,57093,100.046061,1483016,654620,6202487,0.2926,buy,106885,51.376393,1884677,711121,4271500,0.2015,buy,25211,72.960429,1702366,2432094,4357047,0.2055,buy,50544,59.249834,967394,1362324,-3.02
2012-11-27,21143130,28,False,,6334051,0.2996,buy,57093,100.046061,1483016,622122,6181550,0.2924,buy,106885,51.376393,1884677,690184,4253348,0.2012,buy,25211,72.960429,1702366,2413943,4374153,0.2069,buy,50544,59.249834,967394,1379429,-3.27
2012-11-28,21186685,28,False,,6385058,0.3014,buy,57093,100.046061,1483016,673128,6234838,0.2943,buy,106885,51.376393,1884677,743472,4198892,0.1982,buy,25211,72.960429,1702366,2359487,4367869,0.2062,buy,50544,59.249834,967394,1373145,-3.07
2012-11-29,21270165,28,False,,6414844,0.3016,buy,57093,100.046061,1483016,702914,6271952,0.2949,buy,106885,51.376393,1884677,780586,4214775,0.1982,buy,25211,72.960429,1702366,2375369,4368566,0.2054,buy,50544,59.249834,967394,1373843,-2.69
2012-11-30,21220692,28,False,,6416197,0.3024,buy,57093,100.046061,1483016,704268,6261483,0.2951,buy,106885,51.376393,1884677,770117,4186287,0.1973,buy,25211,72.960429,1702366,2346881,4356697,0.2053,buy,50544,59.249834,967394,1361974,-2.91
2012-12-03,21182771,28,False,,6384605,0.3014,buy,57093,100.046061,1483016,672675,6249112,0.295,buy,106885,51.376393,1884677,757746,4188304,0.1977,buy,25211,72.960429,1702366,2348898,4360722,0.2059,buy,50544,59.249834,967394,1365999,-3.09
2012-12-04,21152010,28,False,,6375575,0.3014,buy,57093,100.046061,1483016,663645,6245307,0.2953,buy,106885,51.376393,1884677,753941,4145193,0.196,buy,25211,72.960429,1702366,2305787,4385907,0.2074,buy,50544,59.249834,967394,1391184,-3.23
2012-12-05,21084165,28,False,,6386860,0.3029,buy,57093,100.046061,1483016,674930,6175842,0.2929,buy,106885,51.376393,1884677,684477,4137629,0.1962,buy,25211,72.960429,1702366,2298224,4383805,0.2079,buy,50544,59.249834,967394,1389082,-3.54
2012-12-06,21164820,28,False,,6408525,0.3028,buy,57093,100.046061,1483016,696596,6215805,0.2937,buy,106885,51.376393,1884677,724439,4147210,0.1959,buy,25211,72.960429,1702366,2307804,4393252,0.2076,buy,50544,59.249834,967394,1398528,-3.17
2012-12-07,21123182,28,False,,6427936,0.3043,buy,57093,100.046061,1483016,716006,6178695,0.2925,buy,106885,51.376393,1884677,687329,4163849,0.1971,buy,25211,72.960429,1702366,2324443,4352675,0.2061,buy,50544,59.249834,967394,1357951,-3.36
2012-12-10,21179342,28,False,,6430643,0.3036,buy,57093,100.046061,1483016,718713,6196776,0.2926,buy,106885,51.376393,1884677,705410,4179984,0.1974,buy,25211,72.960429,1702366,2340579,4371912,0.2064,buy,50544,59.249834,967394,1377188,-3.1
2012-12-11,21266997,28,False,,6474426,0.3044,buy,57093,100.046061,1483016,762496,6277661,0.2952,buy,106885,51.376393,1884677,786295,4176202,0.1964,buy,25211,72.960429,1702366,2336797,4338681,0.204,buy,50544,59.249834,967394,1343957,-2.7
2012-12-12,21209490,28,False,,6477587,0.3054,buy,57093,100.046061,1483016,765657,6264339,0.2954,buy,106885,51.376393,1884677,772973,4179228,0.197,buy,25211,72.960429,1702366,2339822,4288309,0.2022,buy,50544,59.249834,967394,1293585,-2.96
2012-12-13,21088143,28,False,,6437868,0.3053,buy,57093,100.046061,1483016,725938,6214855,0.2947,buy,106885,51.376393,1884677,723489,4143932,0.1965,buy,25211,72.960429,1702366,2304527,4291459,0.2035,buy,50544,59.249834,967394,1296736,-3.52
2012-12-14,21031351,28,False,,6413944,0.305,buy,57093,100.046061,1483016,702014,6155857,0.2927,buy,106885,51.376393,1884677,664491,4137882,0.1967,buy,25211,72.960429,1702366,2298476,4323641,0.2056,buy,50544,59.249834,967394,1328917,-3.78
2012-12-17,21131666,28,False,,6489322,0.3071,buy,57093,100.046061,1483016,777392,6237694,0.2952,buy,106885,51.376393,1884677,746328,4145697,0.1962,buy,25211,72.960429,1702366,2306292,4258924,0.2015,buy,50544,59.249834,967394,1264201,-3.32
2012-12-18,21196167,28,False,,6561541,0.3096,buy,57093,100.046061,1483016,849611,6332854,0.2988,buy,106885,51.376393,1884677,841488,4086199,0.1928,buy,25211,72.960429,1702366,2246794,4215545,0.1989,buy,50544,59.249834,967394,1220822,-3.02
2012-12-19,21123983,28,False,,6512793,0.3083,buy,57093,100.046061,1483016,800863,6305255,0.2985,buy,106885,51.376393,1884677,813889,4076367,0.193,buy,25211,72.960429,1702366,2236961,4229540,0.2002,buy,50544,59.249834,967394,1234817,-3.35
2012-12-20,21112731,28,False,,6550255,0.3103,buy,57093,100.046061,1483016,838325,6305255,0.2986,buy,106885,51.376393,1884677,813889,4026953,0.1907,buy,25211,72.960429,1702366,2187548,4230240,0.2004,buy,50544,59.249834,967394,1235516,-3.41
2012-12-21,21048271,28,False,,6490800,0.3084,buy,57093,100.046061,1483016,778870,6238945,0.2964,buy,106885,51.376393,1884677,747579,4042080,0.192,buy,25211,72.960429,1702366,2202674,4276419,0.2032,buy,50544,59.249834,967394,1281695,-3.7
2012-12-24,21015441,28,False,,6470798,0.3079,buy,57093,100.046061,1483016,758868,6226503,0.2963,buy,106885,51.376393,1884677,735137,4049391,0.1927,buy,25211,72.960429,1702366,2209985,4268721,0.2031,buy,50544,59.249834,967394,1273997,-3.85
2012-12-26,20953014,28,False,,6443525,0.3075,buy,57093,100.046061,1483016,731595,6171962,0.2946,buy,106885,51.376393,1884677,680596,4053425,0.1935,buy,25211,72.960429,1702366,2214019,4284074,0.2045,buy,50544,59.249834,967394,1289350,-4.14
2012-12-27,20958764,28,False,,6434887,0.307,buy,57093,100.046061,1483016,722957,6162393,0.294,buy,106885,51.376393,1884677,671028,4063005,0.1939,buy,25211,72.960429,1702366,2223599,4298451,0.2051,buy,50544,59.249834,967394,1303727,-4.11
2012-12-28,20838796,28,False,,6365337,0.3055,buy,57093,100.046061,1483016,653407,6103065,0.2929,buy,106885,51.376393,1884677,611699,4047374,0.1942,buy,25211,72.960429,1702366,2207968,4322992,0.2074,buy,50544,59.249834,967394,1328268,-4.66
2012-12-31,21038803,28,False,,6473525,0.3077,buy,57093,100.046061,1483016,761595,6232247,0.2962,buy,106885,51.376393,1884677,740881,4084686,0.1942,buy,25211,72.960429,1702366,2245281,4248317,0.2019,buy,50544,59.249834,967394,1253594,-3.74
2013-01-02,21374992,28,False,,6639442,0.3106,buy,57093,100.046061,1483016,927512,6430321,0.3008,buy,106885,51.376393,1884677,938955,4113679,0.1925,buy,25211,72.960429,1702366,2274273,4191522,0.1961,buy,50544,59.249834,967394,1196799,-2.21
2013-01-03,21220044,28,False,,6624441,0.3122,buy,57093,100.046061,1483016,912512,6396832,0.3015,buy,106885,51.376393,1884677,905466,4064013,0.1915,buy,25211,72.960429,1702366,2224608,4134729,0.1949,buy,50544,59.249834,967394,1140005,-2.92
2013-01-04,21225046,28,False,,6653533,0.3135,buy,57093,100.046061,1483016,941604,6375779,0.3004,buy,106885,51.376393,1884677,884413,4044853,0.1906,buy,25211,72.960429,1702366,2205448,4150853,0.1956,buy,50544,59.249834,967394,1156130,-2.89
2013-01-07,21185073,28,False,,6635352,0.3132,buy,57093,100.046061,1483016,923422,6377694,0.301,buy,106885,51.376393,1884677,886329,4019390,0.1897,buy,25211,72.960429,1702366,2179984,4152609,0.196,buy,50544,59.249834,967394,1157885,-3.08
2013-01-08,21209371,28,False,,6616261,0.3119,buy,57093,100.046061,1483016,904331,6365252,0.3001,buy,106885,51.376393,1884677,873886,4047878,0.1909,buy,25211,72.960429,1702366,2208473,4179952,0.1971,buy,50544,59.249834,967394,1185228,-2.96
2013-01-09,21244492,28,False,,6633079,0.3122,buy,57093,100.046061,1483016,921149,6389175,0.3007,buy,106885,51.376393,1884677,897809,4046114,0.1905,buy,25211,72.960429,1702366,2206708,4176097,0.1966,buy,50544,59.249834,967394,1181373,-2.8
2013-01-10,21361491,28,False,,6685808,0.313,buy,57093,100.046061,1483016,973878,6427451,0.3009,buy,106885,51.376393,1884677,936086,4083678,0.1912,buy,25211,72.960429,1702366,2244272,4164526,0.195,buy,50544,59.249834,967394,1169802,-2.27
2013-01-11,21383618,28,False,,6685355,0.3126,buy,57093,100.046061,1483016,973426,6436064,0.301,buy,106885,51.376393,1884677,944698,4060484,0.1899,buy,25211,72.960429,1702366,2221078,4201687,0.1965,buy,50544,59.249834,967394,1206963,-2.17
2013-01-14,21350899,28,False,,6680809,0.3129,buy,57093,100.046061,1483016,968879,6407357,0.3001,buy,106885,51.376393,1884677,915991,4072585,0.1907,buy,25211,72.960429,1702366,2233179,4190120,0.1963,buy,50544,59.249834,967394,1195396,-2.32
2013-01-15,21368864,28,False,,6685355,0.3129,buy,57093,100.046061,1483016,973426,6375779,0.2984,buy,106885,51.376393,1884677,884413,4098300,0.1918,buy,25211,72.960429,1702366,2258895,4209401,0.197,buy,50544,59.249834,967394,1214678,-2.23
2013-01-16,21404824,28,False,,6684446,0.3123,buy,57093,100.046061,1483016,972517,6401615,0.2991,buy,106885,51.376393,1884677,910249,4100569,0.1916,buy,25211,72.960429,1702366,2261164,4218166,0.1971,buy,50544,59.249834,967394,1223442,-2.07
2013-01-17,21454208,28,False,,6727630,0.3136,buy,57093,100.046061,1483016,1015700,6432236,0.2998,buy,106885,51.376393,1884677,940870,4118217,0.192,buy,25211,72.960429,1702366,2278812,4176097,0.1947,buy,50544,59.249834,967394,1181373,-1.84
2013-01-18,21480555,28,False,,6742631,0.3139,buy,57093,100.046061,1483016,1030701,6417883,0.2988,buy,106885,51.376393,1884677,926517,4111662,0.1914,buy,25211,72.960429,1702366,2272257,4208351,0.1959,buy,50544,59.249834,967394,1213628,-1.72
2013-01-22,21550130,28,False,,6778995,0.3146,buy,57093,100.046061,1483016,1067066,6428407,0.2983,buy,106885,51.376393,1884677,937041,4126284,0.1915,buy,25211,72.960429,1702366,2286879,4216415,0.1957,buy,50544,59.249834,967394,1221691,-1.4
2013-01-23,21582366,28,False,,6789906,0.3146,buy,57093,100.046061,1483016,1077977,6467641,0.2997,buy,106885,51.376393,1884677,976275,4114687,0.1907,buy,25211,72.960429,1702366,2275282,4210103,0.1951,buy,50544,59.249834,967394,1215380,-1.26
2013-01-24,21435338,28,False,,6791725,0.3168,buy,57093,100.046061,1483016,1079795,6378651,0.2976,buy,106885,51.376393,1884677,887285,4069560,0.1899,buy,25211,72.960429,1702366,2230154,4195374,0.1957,buy,50544,59.249834,967394,1200651,-1.93
2013-01-25,21429150,28,False,,6829907,0.3187,buy,57093,100.046061,1483016,1117977,6411185,0.2992,buy,106885,51.376393,1884677,919819,4050147,0.189,buy,25211,72.960429,1702366,2210742,4137884,0.1931,buy,50544,59.249834,967394,1143160,-1.96
2013-01-28,21411173,28,False,,6821727,0.3186,buy,57093,100.046061,1483016,1109797,6425539,0.3001,buy,106885,51.376393,1884677,934173,4041071,0.1887,buy,25211,72.960429,1702366,2201666,4122808,0.1926,buy,50544,59.249834,967394,1128085,-2.04
2013-01-29,21433806,28,False,,6848545,0.3195,buy,57093,100.046061,1483016,1136615,6426494,0.2998,buy,106885,51.376393,1884677,935128,4058719,0.1894,buy,25211,72.960429,1702366,2219314,4100020,0.1913,buy,50544,59.249834,967394,1105296,-1.94
2013-01-30,21416834,28,False,,6821727,0.3185,buy,57093,100.046061,1483016,1109797,6413097,0.2994,buy,106885,51.376393,1884677,921731,4088972,0.1909,buy,25211,72.960429,1702366,2249567,4093010,0.1911,buy,50544,59.249834,967394,1098287,-2.01
2013-01-31,21380688,28,False,,6804907,0.3183,buy,57093,100.046061,1483016,1092977,6398747,0.2993,buy,106885,51.376393,1884677,907381,4064013,0.1901,buy,25211,72.960429,1702366,2224608,4112993,0.1924,buy,50544,59.249834,967394,1118269,-2.18
2013-02-01,21479180,28,False,,6874910,0.3201,buy,57093,100.046061,1483016,1162981,6474339,0.3014,buy,106885,51.376393,1884677,982973,4070316,0.1895,buy,25211,72.960429,1702366,2230911,4059587,0.189,buy,50544,59.249834,967394,1064863,-1.73
2013-02-04,21354856,28,False,,6797634,0.3183,buy,57093,100.046061,1483016,1085704,6361423,0.2979,buy,106885,51.376393,1884677,870057,4084182,0.1913,buy,25211,72.960429,1702366,2244777,4111589,0.1925,buy,50544,59.249834,967394,1116866,-2.3
2013-02-05,21479723,28,False,,6866272,0.3197,buy,57093,100.046061,1483016,1154342,6455201,0.3005,buy,106885,51.376393,1884677,963836,4083174,0.1901,buy,25211,72.960429,1702366,2243768,4075048,0.1897,buy,50544,59.249834,967394,1080324,-1.73
2013-02-06,21507889,28,False,,6871273,0.3195,buy,57093,100.046061,1483016,1159343,6434150,0.2992,buy,106885,51.376393,1884677,942785,4094014,0.1903,buy,25211,72.960429,1702366,2254609,4108423,0.191,buy,50544,59.249834,967394,1113699,-1.6
2013-02-07,21481543,28,False,,6862182,0.3194,buy,57093,100.046061,1483016,1150253,6439893,0.2998,buy,106885,51.376393,1884677,948527,4080148,0.1899,buy,25211,72.960429,1702366,2240743,4099291,0.1908,buy,50544,59.249834,967394,1104568,-1.72
2013-02-08,21594751,28,False,,6900365,0.3195,buy,57093,100.046061,1483016,1188435,6505916,0.3013,buy,106885,51.376393,1884677,1014550,4073341,0.1886,buy,25211,72.960429,1702366,2233936,4115101,0.1906,buy,50544,59.249834,967394,1120377,-1.2
2013-02-11,21544998,28,False,,6899002,0.3202,buy,57093,100.046061,1483016,1187072,6507832,0.3021,buy,106885,51.376393,1884677,1016466,4026197,0.1869,buy,25211,72.960429,1702366,2186791,4111940,0.1909,buy,50544,59.249834,967394,1117216,-1.43
2013-02-12,21524172,28,False,,6910367,0.3211,buy,57093,100.046061,1483016,1198437,6481038,0.3011,buy,106885,51.376393,1884677,989672,4030987,0.1873,buy,25211,72.960429,1702366,2191581,4101752,0.1906,buy,50544,59.249834,967394,1107028,-1.52
2013-02-13,21498490,28,False,,6916278,0.3217,buy,57093,100.046061,1483016,1204348,6504003,0.3025,buy,106885,51.376393,1884677,1012638,4009810,0.1865,buy,25211,72.960429,1702366,2170404,4068371,0.1892,buy,50544,59.249834,967394,1073647,-1.64
2013-02-14,21522181,28,False,,6922642,0.3217,buy,57093,100.046061,1483016,1210712,6502088,0.3021,buy,106885,51.376393,1884677,1010722,3992162,0.1855,buy,25211,72.960429,1702366,2152757,4105261,0.1907,buy,50544,59.249834,967394,1110538,-1.53
2013-02-15,21417621,28,False,,6914458,0.3228,buy,57093,100.046061,1483016,1202528,6482953,0.3027,buy,106885,51.376393,1884677,991587,3926865,0.1833,buy,25211,72.960429,1702366,2087460,4093317,0.1911,buy,50544,59.249834,967394,1098593,-2.01
2013-02-19,21485109,28,False,,6966277,0.3242,buy,57093,100.046061,1483016,1254347,6529841,0.3039,buy,106885,51.376393,1884677,1038475,3916025,0.1823,buy,25211,72.960429,1702366,2076619,4072939,0.1896,buy,50544,59.249834,967394,1078215,-1.7
2013-02-20,21212039,28,False,,6879454,0.3243,buy,57093,100.046061,1483016,1167525,6429365,0.3031,buy,106885,51.376393,1884677,937999,3817954,0.18,buy,25211,72.960429,1702366,1978549,4085238,0.1926,buy,50544,59.249834,967394,1090514,-2.95
2013-02-21,21154962,28,False,,6837634,0.3232,buy,57093,100.046061,1483016,1125704,6360470,0.3007,buy,106885,51.376393,1884677,869104,3847703,0.1819,buy,25211,72.960429,1702366,2008297,4109127,0.1942,buy,50544,59.249834,967394,1114403,-3.21
2013-02-22,21297531,28,False,,6904456,0.3242,buy,57093,100.046061,1483016,1192526,6424581,0.3017,buy,106885,51.376393,1884677,933215,3856527,0.1811,buy,25211,72.960429,1702366,2017121,4111940,0.1931,buy,50544,59.249834,967394,1117216,-2.56
2013-02-25,21202091,28,False,,6773087,0.3195,buy,57093,100.046061,1483016,1061158,6345158,0.2993,buy,106885,51.376393,1884677,853792,3891066,0.1835,buy,25211,72.960429,1702366,2051660,4192752,0.1978,buy,50544,59.249834,967394,1198028,-3.0
2013-02-26,21295531,28,False,,6819453,0.3202,buy,57093,100.046061,1483016,1107524,6369080,0.2991,buy,106885,51.376393,1884677,877714,3938462,0.1849,buy,25211,72.960429,1702366,2099057,4168507,0.1957,buy,50544,59.249834,967394,1173783,-2.57
2013-02-27,21392617,28,False,,6905365,0.3228,buy,57093,100.046061,1483016,1193435,6434150,0.3008,buy,106885,51.376393,1884677,942785,3896864,0.1822,buy,25211,72.960429,1702366,2057459,4156209,0.1943,buy,50544,59.249834,967394,1161486,-2.13
2013-02-28,21333732,28,False,,6891730,0.323,buy,57093,100.046061,1483016,1179800,6420752,0.301,buy,106885,51.376393,1884677,929387,3857283,0.1808,buy,25211,72.960429,1702366,2017878,4163939,0.1952,buy,50544,59.249834,967394,1169215,-2.39
2013-03-01,21391813,28,False,,6914458,0.3232,buy,57093,100.046061,1483016,1202528,6447545,0.3014,buy,106885,51.376393,1884677,956180,3843165,0.1797,buy,25211,72.960429,1702366,2003760,4186617,0.1957,buy,50544,59.249834,967394,1191893,-2.13
2013-03-04,21423597,152,True,monthly,6449166,0.301,buy,52969,100.046061,1567234,1149826,6445957,0.3009,buy,106385,51.376393,1888961,980279,4272929,0.1994,buy,28056,81.067393,1702366,1998502,4255393,0.1986,buy,51648,59.757563,967394,1169034,-1.98
2013-03-05,21566626,152,False,,6506942,0.3017,buy,52969,100.046061,1567234,1207602,6541199,0.3033,buy,106385,51.376393,1888961,1075521,4275173,0.1982,buy,28056,81.067393,1702366,2000747,4243160,0.1967,buy,51648,59.757563,967394,1156801,-1.33
2013-03-06,21544642,152,False,,6515799,0.3024,buy,52969,100.046061,1567234,1216459,6525009,0.3029,buy,106385,51.376393,1888961,1059331,4299021,0.1995,buy,28056,81.067393,1702366,2024594,4204661,0.1952,buy,51648,59.757563,967394,1118302,-1.43
2013-03-07,21526059,152,False,,6527607,0.3032,buy,52969,100.046061,1567234,1228267,6542152,0.3039,buy,106385,51.376393,1888961,1076474,4283871,0.199,buy,28056,81.067393,1702366,2009444,4172277,0.1938,buy,51648,59.757563,967394,1085918,-1.51
2013-03-08,21518539,152,False,,6555442,0.3046,buy,52969,100.046061,1567234,1256102,6549770,0.3044,buy,106385,51.376393,1888961,1084092,4284432,0.1991,buy,28056,81.067393,1702366,2010005,4128742,0.1919,buy,51648,59.757563,967394,1042384,-1.55
2013-03-11,21574289,152,False,,6580327,0.305,buy,52969,100.046061,1567234,1280987,6568820,0.3045,buy,106385,51.376393,1888961,1103142,4292288,0.199,buy,28056,81.067393,1702366,2017861,4132702,0.1916,buy,51648,59.757563,967394,1046344,-1.29
2013-03-12,21599246,152,False,,6565565,0.304,buy,52969,100.046061,1567234,1266225,6545009,0.303,buy,106385,51.376393,1888961,1079331,4325955,0.2003,buy,28056,81.067393,1702366,2051528,4162565,0.1927,buy,51648,59.757563,967394,1076206,-1.18
2013-03-13,21580765,152,False,,6574843,0.3047,buy,52969,100.046061,1567234,1275504,6536437,0.3029,buy,106385,51.376393,1888961,1070759,4311085,0.1998,buy,28056,81.067393,1702366,2036658,4158247,0.1927,buy,51648,59.757563,967394,1071889,-1.26
2013-03-14,21625645,152,False,,6609847,0.3056,buy,52969,100.046061,1567234,1310507,6558344,0.3033,buy,106385,51.376393,1888961,1092666,4311646,0.1994,buy,28056,81.067393,1702366,2037219,4145656,0.1917,buy,51648,59.757563,967394,1059298,-1.06
2013-03-15,21627088,152,False,,6601120,0.3052,buy,52969,100.046061,1567234,1301780,6540109,0.3024,buy,106385,51.376393,1888961,1074432,4320624,0.1998,buy,28056,81.067393,1702366,2046197,4165082,0.1926,buy,51648,59.757563,967394,1078724,-1.05
2013-03-18,21646720,152,False,,6564691,0.3033,buy,52969,100.046061,1567234,1265351,6525790,0.3015,buy,106385,51.376393,1888961,1060112,4359341,0.2014,buy,28056,81.067393,1702366,2084915,4196746,0.1939,buy,51648,59.757563,967394,1110387,-0.96
2013-03-19,21667119,152,False,,6549438,0.3023,buy,52969,100.046061,1567234,1250099,6513380,0.3006,buy,106385,51.376393,1888961,1047702,4378981,0.2021,buy,28056,81.067393,1702366,2104554,4225168,0.195,buy,51648,59.757563,967394,1138809,-0.87
2013-03-20,21691639,152,False,,6595190,0.304,buy,52969,100.046061,1567234,1295850,6559202,0.3024,buy,106385,51.376393,1888961,1093525,4359061,0.201,buy,28056,81.067393,1702366,2084634,4178034,0.1926,buy,51648,59.757563,967394,1091675,-0.76
2013-03-21,21625828,152,False,,6538849,0.3024,buy,52969,100.046061,1567234,1239509,6484741,0.2999,buy,106385,51.376393,1888961,1019063,4383750,0.2027,buy,28056,81.067393,1702366,2109323,4218336,0.1951,buy,51648,59.757563,967394,1131978,-1.06
2013-03-22,21724958,152,False,,6591378,0.3034,buy,52969,100.046061,1567234,1292039,6547746,0.3014,buy,106385,51.376393,1888961,1082069,4364111,0.2009,buy,28056,81.067393,1702366,2089684,4221570,0.1943,buy,51648,59.757563,967394,1135211,-0.6
2013-03-25,21660905,152,False,,6563841,0.303,buy,52969,100.046061,1567234,1264501,6523884,0.3012,buy,106385,51.376393,1888961,1058206,4355414,0.2011,buy,28056,81.067393,1702366,2080987,4217615,0.1947,buy,51648,59.757563,967394,1131256,-0.9
2013-03-26,21739199,152,False,,6616369,0.3044,buy,52969,100.046061,1567234,1317029,6559202,0.3017,buy,106385,51.376393,1888961,1093525,4340824,0.1997,buy,28056,81.067393,1702366,2066398,4222651,0.1942,buy,51648,59.757563,967394,1136293,-0.54
2013-03-27,21801728,152,False,,6616369,0.3035,buy,52969,100.046061,1567234,1317029,6567794,0.3013,buy,106385,51.376393,1888961,1102117,4358780,0.1999,buy,28056,81.067393,1702366,2084353,4258632,0.1953,buy,51648,59.757563,967394,1172274,-0.25
2013-03-28,21791174,152,False,,6636707,0.3046,buy,52969,100.046061,1567234,1337367,6584024,0.3021,buy,106385,51.376393,1888961,1118346,4333249,0.1989,buy,28056,81.067393,1702366,2058822,4237042,0.1944,buy,51648,59.757563,967394,1150683,-0.3
2013-04-01,21758126,152,False,,6610441,0.3038,buy,52969,100.046061,1567234,1311101,6539156,0.3005,buy,106385,51.376393,1888961,1073479,4339421,0.1994,buy,28056,81.067393,1702366,2064995,4268955,0.1962,buy,51648,59.757563,967394,1182596,-0.45
2013-04-02,21762138,152,False,,6643058,0.3053,buy,52969,100.046061,1567234,1343719,6590705,0.3029,buy,106385,51.376393,1888961,1125027,4276576,0.1965,buy,28056,81.067393,1702366,2002149,4251647,0.1954,buy,51648,59.757563,967394,1165288,-0.43
2013-04-03,21625166,152,False,,6575703,0.3041,buy,52969,100.046061,1567234,1276363,6530563,0.302,buy,106385,51.376393,1888961,1064886,4228881,0.1956,buy,28056,81.067393,1702366,1954454,4289868,0.1984,buy,51648,59.757563,967394,1203509,-1.06
2013-04-04,21692625,152,False,,6602389,0.3044,buy,52969,100.046061,1567234,1303049,6532475,0.3011,buy,106385,51.376393,1888961,1066798,4216536,0.1944,buy,28056,81.067393,1702366,1942109,4341073,0.2001,buy,51648,59.757563,967394,1254714,-0.75
2013-04-05,21766884,152,False,,6572739,0.302,buy,52969,100.046061,1567234,1273399,6478060,0.2976,buy,106385,51.376393,1888961,1012382,4287237,0.197,buy,28056,81.067393,1702366,2012811,4428696,0.2035,buy,51648,59.757563,967394,1342338,-0.41
2013-04-08,21793594,152,False,,6617216,0.3036,buy,52969,100.046061,1567234,1317877,6512426,0.2988,buy,106385,51.376393,1888961,1046748,4269001,0.1959,buy,28056,81.067393,1702366,1994574,4394799,0.2017,buy,51648,59.757563,967394,1308440,-0.29
2013-04-09,21882675,152,False,,6640094,0.3034,buy,52969,100.046061,1567234,1340755,6556338,0.2996,buy,106385,51.376393,1888961,1090660,4302107,0.1966,buy,28056,81.067393,1702366,2027680,4383983,0.2003,buy,51648,59.757563,967394,1297625,0.0
2013-04-10,21959038,152,False,,6721422,0.3061,buy,52969,100.046061,1567234,1422082,6684257,0.3044,buy,106385,51.376393,1888961,1218579,4229442,0.1926,buy,28056,81.067393,1702366,1955015,4323765,0.1969,buy,51648,59.757563,967394,1237407,0.0
2013-04-11,21994915,152,False,,6743453,0.3066,buy,52969,100.046061,1567234,1444113,6681393,0.3038,buy,106385,51.376393,1888961,1215715,4237859,0.1927,buy,28056,81.067393,1702366,1963432,4332058,0.197,buy,51648,59.757563,967394,1245700,0.0
2013-04-12,21838968,152,False,,6726930,0.308,buy,52969,100.046061,1567234,1427590,6676622,0.3057,buy,106385,51.376393,1888961,1210944,4038661,0.1849,buy,28056,81.067393,1702366,1764234,4396603,0.2013,buy,51648,59.757563,967394,1310245,-0.71
2013-04-15,21234937,152,False,,6571045,0.3094,buy,52969,100.046061,1567234,1271705,6544883,0.3082,buy,106385,51.376393,1888961,1079206,3684033,0.1735,buy,28056,81.067393,1702366,1409607,4434824,0.2088,buy,51648,59.757563,967394,1348465,-3.46
2013-04-16,21424200,152,False,,6668054,0.3112,buy,52969,100.046061,1567234,1368714,6631754,0.3095,buy,106385,51.376393,1888961,1166076,3725837,0.1739,buy,28056,81.067393,1702366,1451410,4398403,0.2053,buy,51648,59.757563,967394,1312045,-2.59
2013-04-17,21228112,152,False,,6570621,0.3095,buy,52969,100.046061,1567234,1271281,6501925,0.3063,buy,106385,51.376393,1888961,1036248,3727801,0.1756,buy,28056,81.067393,1702366,1453374,4427613,0.2086,buy,51648,59.757563,967394,1341254,-3.49
2013-04-18,21148225,152,False,,6529532,0.3088,buy,52969,100.046061,1567234,1230192,6412190,0.3032,buy,106385,51.376393,1888961,946513,3767921,0.1782,buy,28056,81.067393,1702366,1493494,4438430,0.2099,buy,51648,59.757563,967394,1352071,-3.85
2013-04-19,21316260,152,False,,6586293,0.309,buy,52969,100.046061,1567234,1286954,6500014,0.3049,buy,106385,51.376393,1888961,1034336,3800746,0.1783,buy,28056,81.067393,1702366,1526320,4429054,0.2078,buy,51648,59.757563,967394,1342696,-3.09
2013-04-22,21483736,152,False,,6615522,0.3079,buy,52969,100.046061,1567234,1316182,6566839,0.3057,buy,106385,51.376393,1888961,1101162,3868922,0.1801,buy,28056,81.067393,1702366,1594495,4432300,0.2063,buy,51648,59.757563,967394,1345942,-2.32
2013-04-23,21570825,152,False,,6683726,0.3099,buy,52969,100.046061,1567234,1384386,6629847,0.3074,buy,106385,51.376393,1888961,1164169,3840305,0.178,buy,28056,81.067393,1702366,1565879,4416795,0.2048,buy,51648,59.757563,967394,1330436,-1.93
2013-04-24,21625172,152,False,,6687960,0.3093,buy,52969,100.046061,1567234,1388620,6626979,0.3064,buy,106385,51.376393,1888961,1161301,3882109,0.1795,buy,28056,81.067393,1702366,1607682,4427973,0.2048,buy,51648,59.757563,967394,1341615,-1.68
2013-04-25,21759955,152,False,,6715072,0.3086,buy,52969,100.046061,1567234,1415732,6662300,0.3062,buy,106385,51.376393,1888961,1196622,3973571,0.1826,buy,28056,81.067393,1702366,1699145,4408860,0.2026,buy,51648,59.757563,967394,1322501,-1.07
2013-04-26,21747279,152,False,,6703208,0.3082,buy,52969,100.046061,1567234,1403868,6641301,0.3054,buy,106385,51.376393,1888961,1175623,3953371,0.1818,buy,28056,81.067393,1702366,1678944,4449247,0.2046,buy,51648,59.757563,967394,1362888,-1.13
2013-04-29,21876050,152,False,,6748114,0.3085,buy,52969,100.046061,1567234,1448774,6702394,0.3064,buy,106385,51.376393,1888961,1236716,3992369,0.1825,buy,28056,81.067393,1702366,1717942,4433021,0.2026,buy,51648,59.757563,967394,1346663,-0.54
2013-04-30,21956540,152,False,,6764207,0.3081,buy,52969,100.046061,1567234,1464868,6751082,0.3075,buy,106385,51.376393,1888961,1285404,4005555,0.1824,buy,28056,81.067393,1702366,1731128,4435543,0.202,buy,51648,59.757563,967394,1349184,-0.17
2013-05-01,21864729,152,False,,6704905,0.3067,buy,52969,100.046061,1567234,1405565,6719578,0.3073,buy,106385,51.376393,1888961,1253900,3958982,0.1811,buy,28056,81.067393,1702366,1684555,4481113,0.2049,buy,51648,59.757563,967394,1394754,-0.59
2013-05-02,22028907,152,False,,6767174,0.3072,buy,52969,100.046061,1567234,1467835,6804540,0.3089,buy,106385,51.376393,1888961,1338863,3981707,0.1807,buy,28056,81.067393,1702366,1707281,4475333,0.2032,buy,51648,59.757563,967394,1388974,0.0
2013-05-03,22076971,152,False,,6835802,0.3096,buy,52969,100.046061,1567234,1536463,6884727,0.3119,buy,106385,51.376393,1888961,1419049,3986477,0.1806,buy,28056,81.067393,1702366,1712050,4369813,0.1979,buy,51648,59.757563,967394,1283455,0.0
2013-05-06,22111912,152,False,,6853165,0.3099,buy,52969,100.046061,1567234,1553825,6911459,0.3126,buy,106385,51.376393,1888961,1445781,3988160,0.1804,buy,28056,81.067393,1702366,1713733,4358976,0.1971,buy,51648,59.757563,967394,1272617,0.0
2013-05-07,22076189,152,False,,6887907,0.312,buy,52969,100.046061,1567234,1588568,6907637,0.3129,buy,106385,51.376393,1888961,1441960,3938501,0.1784,buy,28056,81.067393,1702366,1664075,4341991,0.1967,buy,51648,59.757563,967394,1255632,-0.16
2013-05-08,22206173,152,False,,6919253,0.3116,buy,52969,100.046061,1567234,1619914,6941052,0.3126,buy,106385,51.376393,1888961,1475375,3996858,0.18,buy,28056,81.067393,1702366,1722431,4348857,0.1958,buy,51648,59.757563,967394,1262498,0.0
2013-05-09,22119642,152,False,,6899768,0.3119,buy,52969,100.046061,1567234,1600428,6931502,0.3134,buy,106385,51.376393,1888961,1465824,3950565,0.1786,buy,28056,81.067393,1702366,1676139,4337655,0.1961,buy,51648,59.757563,967394,1251296,-0.39
2013-05-10,22103533,152,False,,6922214,0.3132,buy,52969,100.046061,1567234,1622874,6973509,0.3155,buy,106385,51.376393,1888961,1507831,3916618,0.1772,buy,28056,81.067393,1702366,1642191,4291040,0.1941,buy,51648,59.757563,967394,1204681,-0.46
2013-05-13,22051923,152,False,,6927724,0.3142,buy,52969,100.046061,1567234,1628384,6982098,0.3166,buy,106385,51.376393,1888961,1516421,3883792,0.1761,buy,28056,81.067393,1702366,1609365,4258157,0.1931,buy,51648,59.757563,967394,1171799,-0.69
2013-05-14,22096143,152,False,,6999316,0.3168,buy,52969,100.046061,1567234,1699976,7018372,0.3176,buy,106385,51.376393,1888961,1552694,3866397,0.175,buy,28056,81.067393,1702366,1591971,4211906,0.1906,buy,51648,59.757563,967394,1125548,-0.5
2013-05-15,22087132,152,False,,7037016,0.3186,buy,52969,100.046061,1567234,1737676,7032694,0.3184,buy,106385,51.376393,1888961,1567016,3777179,0.171,buy,28056,81.067393,1702366,1502753,4240091,0.192,buy,51648,59.757563,967394,1153732,-0.54
2013-05-16,22075388,152,False,,7003975,0.3173,buy,52969,100.046061,1567234,1704635,7025058,0.3182,buy,106385,51.376393,1888961,1559380,3762029,0.1704,buy,28056,81.067393,1702366,1487602,4284174,0.1941,buy,51648,59.757563,967394,1197816,-0.59
2013-05-17,22072015,152,False,,7071752,0.3204,buy,52969,100.046061,1567234,1772412,7092837,0.3213,buy,106385,51.376393,1888961,1627160,3677300,0.1666,buy,28056,81.067393,1702366,1402873,4229973,0.1916,buy,51648,59.757563,967394,1143615,-0.6
2013-05-20,22169656,152,False,,7071329,0.319,buy,52969,100.046061,1567234,1771989,7082334,0.3195,buy,106385,51.376393,1888961,1616657,3790927,0.171,buy,28056,81.067393,1702366,1516500,4224914,0.1906,buy,51648,59.757563,967394,1138555,-0.16
2013-05-21,22157857,152,False,,7081497,0.3196,buy,52969,100.046061,1567234,1782157,7089969,0.32,buy,106385,51.376393,1888961,1624292,3728081,0.1683,buy,28056,81.067393,1702366,1453655,4258157,0.1922,buy,51648,59.757563,967394,1171799,-0.22
2013-05-22,21953669,152,False,,7028969,0.3202,buy,52969,100.046061,1567234,1729629,7027919,0.3201,buy,106385,51.376393,1888961,1562242,3701709,0.1686,buy,28056,81.067393,1702366,1427282,4194920,0.1911,buy,51648,59.757563,967394,1108561,-1.14
2013-05-23,22011891,152,False,,7008635,0.3184,buy,52969,100.046061,1567234,1709295,7011691,0.3185,buy,106385,51.376393,1888961,1546014,3776618,0.1716,buy,28056,81.067393,1702366,1502191,4214795,0.1915,buy,51648,59.757563,967394,1128436,-0.87
2013-05-24,21984083,152,False,,7002702,0.3185,buy,52969,100.046061,1567234,1703362,7007878,0.3188,buy,106385,51.376393,1888961,1542201,3752770,0.1707,buy,28056,81.067393,1702366,1478344,4220580,0.192,buy,51648,59.757563,967394,1134222,-1.0
2013-05-28,21957302,152,False,,7044640,0.3208,buy,52969,100.046061,1567234,1745300,7053695,0.3212,buy,106385,51.376393,1888961,1588017,3745196,0.1706,buy,28056,81.067393,1702366,1470769,4113619,0.1873,buy,51648,59.757563,967394,1027260,-1.12
2013-05-29,21961987,152,False,,6998890,0.3187,buy,52969,100.046061,1567234,1699550,7020284,0.3197,buy,106385,51.376393,1888961,1554607,3782791,0.1722,buy,28056,81.067393,1702366,1508364,4159870,0.1894,buy,51648,59.757563,967394,1073512,-1.1
2013-05-30,22067406,152,False,,7024731,0.3183,buy,52969,100.046061,1567234,1725391,7057514,0.3198,buy,106385,51.376393,1888961,1591836,3835255,0.1738,buy,28056,81.067393,1702366,1560828,4149754,0.188,buy,51648,59.757563,967394,1063395,-0.62
2013-05-31,21809580,152,False,,6923910,0.3175,buy,52969,100.046061,1567234,1624570,6992597,0.3206,buy,106385,51.376393,1888961,1526920,3757259,0.1723,buy,28056,81.067393,1702366,1482833,4135662,0.1896,buy,51648,59.757563,967394,1049303,-1.79
2013-06-03,21954699,152,False,,6962040,0.3171,buy,52969,100.046061,1567234,1662700,7005010,0.3191,buy,106385,51.376393,1888961,1539332,3829924,0.1744,buy,28056,81.067393,1702366,1555498,4157573,0.1894,buy,51648,59.757563,967394,1071214,-1.13
2013-06-04,21810520,190,True,monthly,6553947,0.3005,buy,50105,100.046061,1656211,1541140,6551926,0.3004,buy,100022,51.376393,1980627,1413156,4353189,0.1996,buy,32191,88.074227,1702366,1517991,4351268,0.1995,buy,54558,60.845942,967394,1031635,-1.78
2013-06-05,21702904,190,False,,6462189,0.2978,buy,50105,100.046061,1656211,1449381,6466663,0.298,buy,100022,51.376393,1980627,1327893,4362524,0.201,buy,32191,88.074227,1702366,1527327,4411338,0.2033,buy,54558,60.845942,967394,1091705,-2.27
2013-06-06,21822653,190,False,,6520688,0.2988,buy,50105,100.046061,1656211,1507880,6498077,0.2978,buy,100022,51.376393,1980627,1359307,4395037,0.2014,buy,32191,88.074227,1702366,1559840,4408661,0.202,buy,54558,60.845942,967394,1089028,-1.73
2013-06-07,21811012,190,False,,6603637,0.3028,buy,50105,100.046061,1656211,1590829,6586929,0.302,buy,100022,51.376393,1980627,1448159,4290416,0.1967,buy,32191,88.074227,1702366,1455219,4329839,0.1985,buy,54558,60.845942,967394,1010206,-1.78
2013-06-10,21814289,190,False,,6603637,0.3027,buy,50105,100.046061,1656211,1590829,6589621,0.3021,buy,100022,51.376393,1980627,1450852,4311663,0.1977,buy,32191,88.074227,1702366,1476465,4309177,0.1975,buy,54558,60.845942,967394,989545,-1.76
2013-06-11,21709716,190,False,,6535518,0.301,buy,50105,100.046061,1656211,1522710,6524106,0.3005,buy,100022,51.376393,1980627,1385337,4289451,0.1976,buy,32191,88.074227,1702366,1454253,4360450,0.2009,buy,54558,60.845942,967394,1040818,-2.24
2013-06-12,21550045,190,False,,6481420,0.3008,buy,50105,100.046061,1656211,1468612,6448713,0.2992,buy,100022,51.376393,1980627,1309943,4321642,0.2005,buy,32191,88.074227,1702366,1486444,4298080,0.1994,buy,54558,60.845942,967394,978447,-2.95
2013-06-13,21781219,190,False,,6579995,0.3021,buy,50105,100.046061,1656211,1567187,6530386,0.2998,buy,100022,51.376393,1980627,1391616,4305225,0.1977,buy,32191,88.074227,1702366,1470027,4365423,0.2004,buy,54558,60.845942,967394,1045790,-1.91
2013-06-14,21708742,190,False,,6538720,0.3012,buy,50105,100.046061,1656211,1525912,6487304,0.2988,buy,100022,51.376393,1980627,1348534,4327436,0.1993,buy,32191,88.074227,1702366,1492238,4355092,0.2006,buy,54558,60.845942,967394,1035459,-2.24
2013-06-17,21777856,190,False,,6589210,0.3026,buy,50105,100.046061,1656211,1576402,6550133,0.3008,buy,100022,51.376393,1980627,1411363,4306190,0.1977,buy,32191,88.074227,1702366,1470993,4332133,0.1989,buy,54558,60.845942,967394,1012500,-1.93
2013-06-18,21833303,190,False,,6641300,0.3042,buy,50105,100.046061,1656211,1628492,6603986,0.3025,buy,100022,51.376393,1980627,1465216,4253397,0.1948,buy,32191,88.074227,1702366,1418200,4334430,0.1985,buy,54558,60.845942,967394,1014797,-1.68
2013-06-19,21573599,190,False,,6549538,0.3036,buy,50105,100.046061,1656211,1536730,6530386,0.3027,buy,100022,51.376393,1980627,1391616,4203823,0.1949,buy,32191,88.074227,1702366,1368625,4289662,0.1988,buy,54558,60.845942,967394,970029,-2.85
2013-06-20,20960623,190,False,,6387252,0.3047,buy,50105,100.046061,1656211,1374444,6375115,0.3041,buy,100022,51.376393,1980627,1236345,3978808,0.1898,buy,32191,88.074227,1702366,1143610,4219258,0.2013,buy,54558,60.845942,967394,899625,-5.61
2013-06-21,20922402,190,False,,6407760,0.3063,buy,50105,100.046061,1656211,1394952,6341259,0.3031,buy,100022,51.376393,1980627,1202489,4025485,0.1924,buy,32191,88.074227,1702366,1190287,4147708,0.1982,buy,54558,60.845942,967394,828075,-5.78
2013-06-24,20759572,190,False,,6326791,0.3048,buy,50105,100.046061,1656211,1313984,6278236,0.3024,buy,100022,51.376393,1980627,1139466,3989431,0.1922,buy,32191,88.074227,1702366,1154233,4164924,0.2006,buy,54558,60.845942,967394,845291,-6.51
2013-06-25,20814395,190,False,,6387615,0.3069,buy,50105,100.046061,1656211,1374807,6324157,0.3038,buy,100022,51.376393,1980627,1185387,3974623,0.191,buy,32191,88.074227,1702366,1139425,4127809,0.1983,buy,54558,60.845942,967394,808176,-6.27
2013-06-26,20794071,190,False,,6450860,0.3102,buy,50105,100.046061,1656211,1438053,6380875,0.3069,buy,100022,51.376393,1980627,1242105,3807551,0.1831,buy,32191,88.074227,1702366,972354,4154594,0.1998,buy,54558,60.845942,967394,834961,-6.36
2013-06-27,20826092,190,False,,6488724,0.3116,buy,50105,100.046061,1656211,1475917,6407887,0.3077,buy,100022,51.376393,1980627,1269117,3732225,0.1792,buy,32191,88.074227,1702366,897027,4197066,0.2015,buy,54558,60.845942,967394,877433,-6.21
2013-06-28,20939259,190,False,,6462142,0.3086,buy,50105,100.046061,1656211,1449334,6416895,0.3065,buy,100022,51.376393,1980627,1278125,3834270,0.1831,buy,32191,88.074227,1702366,999073,4225763,0.2018,buy,54558,60.845942,967394,906130,-5.71
2013-07-01,21090275,190,False,,6500006,0.3082,buy,50105,100.046061,1656211,1487198,6456506,0.3061,buy,100022,51.376393,1980627,1317736,3899296,0.1849,buy,32191,88.074227,1702366,1064098,4234277,0.2008,buy,54558,60.845942,967394,914644,-5.03
2013-07-02,21049485,190,False,,6493962,0.3085,buy,50105,100.046061,1656211,1481154,6459210,0.3069,buy,100022,51.376393,1980627,1320441,3864530,0.1836,buy,32191,88.074227,1702366,1029332,4231592,0.201,buy,54558,60.845942,967394,911960,-5.21
2013-07-03,21087972,190,False,,6496783,0.3081,buy,50105,100.046061,1656211,1483976,6485320,0.3075,buy,100022,51.376393,1980627,1346550,3886741,0.1843,buy,32191,88.074227,1702366,1051544,4218937,0.2001,buy,54558,60.845942,967394,899304,-5.04
2013-07-05,20978458,190,False,,6566873,0.313,buy,50105,100.046061,1656211,1554065,6534837,0.3115,buy,100022,51.376393,1980627,1396068,3801435,0.1812,buy,32191,88.074227,1702366,966238,4075122,0.1943,buy,54558,60.845942,967394,755490,-5.53
2013-07-08,21107440,190,False,,6604335,0.3129,buy,50105,100.046061,1656211,1591527,6541142,0.3099,buy,100022,51.376393,1980627,1402373,3847146,0.1823,buy,32191,88.074227,1702366,1011949,4114626,0.1949,buy,54558,60.845942,967394,794993,-4.95
2013-07-09,21234538,190,False,,6651871,0.3133,buy,50105,100.046061,1656211,1639064,6580755,0.3099,buy,100022,51.376393,1980627,1441985,3882879,0.1829,buy,32191,88.074227,1702366,1047681,4118842,0.194,buy,54558,60.845942,967394,799209,-4.38
2013-07-10,21253178,190,False,,6654288,0.3131,buy,50105,100.046061,1656211,1641480,6618572,0.3114,buy,100022,51.376393,1980627,1479803,3893501,0.1832,buy,32191,88.074227,1702366,1058304,4086626,0.1923,buy,54558,60.845942,967394,766993,-4.29
2013-07-11,21629117,190,False,,6744925,0.3118,buy,50105,100.046061,1656211,1732117,6750027,0.3121,buy,100022,51.376393,1980627,1611257,3999410,0.1849,buy,32191,88.074227,1702366,1164212,4134565,0.1912,buy,54558,60.845942,967394,814933,-2.6
2013-07-12,21654657,190,False,,6747743,0.3116,buy,50105,100.046061,1656211,1734935,6779741,0.3131,buy,100022,51.376393,1980627,1640971,3995869,0.1845,buy,32191,88.074227,1702366,1160671,4131114,0.1908,buy,54558,60.845942,967394,811481,-2.48
2013-07-15,21719211,190,False,,6773526,0.3119,buy,50105,100.046061,1656211,1760718,6795044,0.3129,buy,100022,51.376393,1980627,1656274,3997478,0.1841,buy,32191,88.074227,1702366,1162281,4152973,0.1912,buy,54558,60.845942,967394,833340,-2.19
2013-07-16,21721874,190,False,,6748146,0.3107,buy,50105,100.046061,1656211,1735338,6786039,0.3124,buy,100022,51.376393,1980627,1647269,4020334,0.1851,buy,32191,88.074227,1702366,1185137,4167165,0.1918,buy,54558,60.845942,967394,847532,-2.18
2013-07-17,21713435,190,False,,6765468,0.3116,buy,50105,100.046061,1656211,1752660,6803148,0.3133,buy,100022,51.376393,1980627,1664379,3969794,0.1828,buy,32191,88.074227,1702366,1134597,4174834,0.1923,buy,54558,60.845942,967394,855201,-2.22
2013-07-18,21703441,190,False,,6802528,0.3134,buy,50105,100.046061,1656211,1789720,6786039,0.3127,buy,100022,51.376393,1980627,1647269,3992006,0.1839,buy,32191,88.074227,1702366,1156809,4122678,0.19,buy,54558,60.845942,967394,803045,-2.26
2013-07-19,21745904,190,False,,6814612,0.3134,buy,50105,100.046061,1656211,1801804,6715813,0.3088,buy,100022,51.376393,1980627,1577043,4027416,0.1852,buy,32191,88.074227,1702366,1192219,4187873,0.1926,buy,54558,60.845942,967394,868240,-2.07
2013-07-22,21905211,190,False,,6827906,0.3117,buy,50105,100.046061,1656211,1815098,6735619,0.3075,buy,100022,51.376393,1980627,1596849,4147488,0.1893,buy,32191,88.074227,1702366,1312291,4194008,0.1915,buy,54558,60.845942,967394,874376,-1.36
2013-07-23,21851561,190,False,,6813404,0.3118,buy,50105,100.046061,1656211,1800596,6686104,0.306,buy,100022,51.376393,1980627,1547334,4175495,0.1911,buy,32191,88.074227,1702366,1340297,4176368,0.1911,buy,54558,60.845942,967394,856735,-1.6
2013-07-24,21723477,190,False,,6788426,0.3125,buy,50105,100.046061,1656211,1775618,6707709,0.3088,buy,100022,51.376393,1980627,1568940,4103709,0.1889,buy,32191,88.074227,1702366,1268511,4123443,0.1898,buy,54558,60.845942,967394,803810,-2.17
2013-07-25,21819085,190,False,,6804943,0.3119,buy,50105,100.046061,1656211,1792136,6750027,0.3094,buy,100022,51.376393,1980627,1611257,4142016,0.1898,buy,32191,88.074227,1702366,1306818,4121909,0.1889,buy,54558,60.845942,967394,802276,-1.74
2013-07-26,21891203,190,False,,6812194,0.3112,buy,50105,100.046061,1656211,1799386,6786039,0.31,buy,100022,51.376393,1980627,1647269,4145557,0.1894,buy,32191,88.074227,1702366,1310360,4147223,0.1894,buy,54558,60.845942,967394,827590,-1.42
2013-07-29,21817375,190,False,,6791247,0.3113,buy,50105,100.046061,1656211,1778439,6773437,0.3105,buy,100022,51.376393,1980627,1634667,4135578,0.1896,buy,32191,88.074227,1702366,1300380,4116923,0.1887,buy,54558,60.845942,967394,797290,-1.75
2013-07-30,21840590,190,False,,6791247,0.3109,buy,50105,100.046061,1656211,1778439,6809453,0.3118,buy,100022,51.376393,1980627,1670683,4124311,0.1888,buy,32191,88.074227,1702366,1289113,4115389,0.1884,buy,54558,60.845942,967394,795757,-1.65
2013-07-31,21867838,190,False,,6796085,0.3108,buy,50105,100.046061,1656211,1783277,6822056,0.312,buy,100022,51.376393,1980627,1683286,4119160,0.1884,buy,32191,88.074227,1702366,1283963,4130347,0.1889,buy,54558,60.845942,967394,810714,-1.52
2013-08-01,21892671,190,False,,6874633,0.314,buy,50105,100.046061,1656211,1861825,6891382,0.3148,buy,100022,51.376393,1980627,1752613,4075703,0.1862,buy,32191,88.074227,1702366,1240505,4050762,0.185,buy,54558,60.845942,967394,731130,-1.41
2013-08-02,21979619,190,False,,6886317,0.3133,buy,50105,100.046061,1656211,1873509,6930099,0.3153,buy,100022,51.376393,1980627,1791329,4067655,0.1851,buy,32191,88.074227,1702366,1232457,4095359,0.1863,buy,54558,60.845942,967394,775726,-1.02
2013-08-05,21921277,190,False,,6876245,0.3137,buy,50105,100.046061,1656211,1863437,6934600,0.3163,buy,100022,51.376393,1980627,1795831,4046409,0.1846,buy,32191,88.074227,1702366,1211211,4063833,0.1854,buy,54558,60.845942,967394,744200,-1.28
2013-08-06,21797013,190,False,,6837170,0.3137,buy,50105,100.046061,1656211,1824362,6893182,0.3162,buy,100022,51.376393,1980627,1754412,3990718,0.1831,buy,32191,88.074227,1702366,1155521,4075753,0.187,buy,54558,60.845942,967394,756120,-1.84
2013-08-07,21798427,190,False,,6815017,0.3126,buy,50105,100.046061,1656211,1802209,6880579,0.3156,buy,100022,51.376393,1980627,1741809,3996513,0.1833,buy,32191,88.074227,1702366,1161315,4106128,0.1884,buy,54558,60.845942,967394,786495,-1.84
2013-08-08,21955998,190,False,,6839991,0.3115,buy,50105,100.046061,1656211,1827183,6914792,0.3149,buy,100022,51.376393,1980627,1776022,4083750,0.186,buy,32191,88.074227,1702366,1248553,4117275,0.1875,buy,54558,60.845942,967394,797642,-1.13
2013-08-09,21914885,190,False,,6820253,0.3112,buy,50105,100.046061,1656211,1807445,6886882,0.3143,buy,100022,51.376393,1980627,1748112,4083750,0.1863,buy,32191,88.074227,1702366,1248553,4123810,0.1882,buy,54558,60.845942,967394,804177,-1.31
2013-08-12,21968040,190,False,,6812194,0.3101,buy,50105,100.046061,1656211,1799386,6903088,0.3142,buy,100022,51.376393,1980627,1764319,4156824,0.1892,buy,32191,88.074227,1702366,1321627,4095743,0.1864,buy,54558,60.845942,967394,776110,-1.07
2013-08-13,21922949,190,False,,6832341,0.3117,buy,50105,100.046061,1656211,1819533,6941802,0.3166,buy,100022,51.376393,1980627,1803033,4112078,0.1876,buy,32191,88.074227,1702366,1276881,4036537,0.1841,buy,54558,60.845942,967394,716904,-1.28
2013-08-14,21908505,190,False,,6797293,0.3103,buy,50105,100.046061,1656211,1784486,6915694,0.3157,buy,100022,51.376393,1980627,1776924,4152639,0.1895,buy,32191,88.074227,1702366,1317442,4042689,0.1845,buy,54558,60.845942,967394,723056,-1.34
2013-08-15,21728389,190,False,,6702224,0.3085,buy,50105,100.046061,1656211,1689416,6798647,0.3129,buy,100022,51.376393,1980627,1659878,4239233,0.1951,buy,32191,88.074227,1702366,1404035,3988094,0.1835,buy,54558,60.845942,967394,668461,-2.15
2013-08-16,21718339,190,False,,6680069,0.3076,buy,50105,100.046061,1656211,1667261,6795946,0.3129,buy,100022,51.376393,1980627,1657176,4267883,0.1965,buy,32191,88.074227,1702366,1432685,3974252,0.183,buy,54558,60.845942,967394,654619,-2.2
2013-08-19,21610982,190,False,,6637370,0.3071,buy,50105,100.046061,1656211,1624562,6784239,0.3139,buy,100022,51.376393,1980627,1645469,4249534,0.1966,buy,32191,88.074227,1702366,1414336,3939649,0.1823,buy,54558,60.845942,967394,620016,-2.68
2013-08-20,21717865,190,False,,6670000,0.3071,buy,50105,100.046061,1656211,1657192,6813952,0.3137,buy,100022,51.376393,1980627,1675183,4263698,0.1963,buy,32191,88.074227,1702366,1428500,3970025,0.1828,buy,54558,60.845942,967394,650392,-2.2
2013-08-21,21597689,190,False,,6628911,0.3069,buy,50105,100.046061,1656211,1616103,6790542,0.3144,buy,100022,51.376393,1980627,1651773,4251466,0.1968,buy,32191,88.074227,1702366,1416268,3926580,0.1818,buy,54558,60.845942,967394,606947,-2.74
2013-08-22,21788545,190,False,,6689334,0.307,buy,50105,100.046061,1656211,1676526,6857169,0.3147,buy,100022,51.376393,1980627,1718400,4275287,0.1962,buy,32191,88.074227,1702366,1440089,3966565,0.182,buy,54558,60.845942,967394,646932,-1.88
2013-08-23,21967361,190,False,,6711893,0.3055,buy,50105,100.046061,1656211,1699085,6903088,0.3142,buy,100022,51.376393,1980627,1764319,4342566,0.1977,buy,32191,88.074227,1702366,1507368,4009624,0.1825,buy,54558,60.845942,967394,689991,-1.08
2013-08-26,21983681,190,False,,6686915,0.3042,buy,50105,100.046061,1656211,1674107,6906689,0.3142,buy,100022,51.376393,1980627,1767919,4360271,0.1983,buy,32191,88.074227,1702366,1525073,4029616,0.1833,buy,54558,60.845942,967394,709983,-1.0
2013-08-27,21827369,190,False,,6579361,0.3014,buy,50105,100.046061,1656211,1566553,6765332,0.3099,buy,100022,51.376393,1980627,1626563,4402119,0.2017,buy,32191,88.074227,1702366,1566922,4080367,0.1869,buy,54558,60.845942,967394,760734,-1.71
2013-08-28,21842495,190,False,,6602728,0.3023,buy,50105,100.046061,1656211,1589920,6791444,0.3109,buy,100022,51.376393,1980627,1652675,4400832,0.2015,buy,32191,88.074227,1702366,1565634,4047301,0.1853,buy,54558,60.845942,967394,727668,-1.64
2013-08-29,21905936,190,False,,6613198,0.3019,buy,50105,100.046061,1656211,1600390,6839161,0.3122,buy,100022,51.376393,1980627,1700392,4373791,0.1997,buy,32191,88.074227,1702366,1538594,4079596,0.1862,buy,54558,60.845942,967394,759963,-1.35
2013-08-30,21796023,190,False,,6592253,0.3025,buy,50105,100.046061,1656211,1579445,6795044,0.3118,buy,100022,51.376393,1980627,1656274,4333552,0.1988,buy,32191,88.074227,1702366,1498355,4074984,0.187,buy,54558,60.845942,967394,755351,-1.85
2013-09-03,21865017,190,False,,6622061,0.3029,buy,50105,100.046061,1656211,1609253,6833761,0.3125,buy,100022,51.376393,1980627,1694991,4391496,0.2008,buy,32191,88.074227,1702366,1556299,4017508,0.1837,buy,54558,60.845942,967394,697875,-1.54
2013-09-04,21927209,190,False,,6676847,0.3045,buy,50105,100.046061,1656211,1664039,6906689,0.315,buy,100022,51.376393,1980627,1767919,4334840,0.1977,buy,32191,88.074227,1702366,1499643,4008643,0.1828,buy,54558,60.845942,967394,689010,-1.26
2013-09-05,21812287,190,False,,6685306,0.3065,buy,50105,100.046061,1656211,1672498,6918393,0.3172,buy,100022,51.376393,1980627,1779624,4255650,0.1951,buy,32191,88.074227,1702366,1420453,3952747,0.1812,buy,54558,60.845942,967394,633114,-1.77
2013-09-06,21906044,190,False,,6688529,0.3053,buy,50105,100.046061,1656211,1675721,6926495,0.3162,buy,100022,51.376393,1980627,1787726,4318422,0.1971,buy,32191,88.074227,1702366,1483225,3972407,0.1813,buy,54558,60.845942,967394,652774,-1.35
2013-09-09,22045332,190,False,,6752578,0.3063,buy,50105,100.046061,1656211,1739771,7007530,0.3179,buy,100022,51.376393,1980627,1868761,4310697,0.1955,buy,32191,88.074227,1702366,1475500,3974336,0.1803,buy,54558,60.845942,967394,654703,-0.72
2013-09-10,22031888,190,False,,6802528,0.3088,buy,50105,100.046061,1656211,1789720,7041746,0.3196,buy,100022,51.376393,1980627,1902976,4240843,0.1925,buy,32191,88.074227,1702366,1405645,3946581,0.1791,buy,54558,60.845942,967394,626948,-0.78
2013-09-11,22073517,190,False,,6823879,0.3091,buy,50105,100.046061,1656211,1811071,7028239,0.3184,buy,100022,51.376393,1980627,1889469,4239555,0.1921,buy,32191,88.074227,1702366,1404357,3981655,0.1804,buy,54558,60.845942,967394,662022,-0.6
2013-09-12,21915764,190,False,,6805751,0.3105,buy,50105,100.046061,1656211,1792943,7023736,0.3205,buy,100022,51.376393,1980627,1884967,4109825,0.1875,buy,32191,88.074227,1702366,1274627,3976262,0.1814,buy,54558,60.845942,967394,656629,-1.31
2013-09-13,21955822,190,False,,6821058,0.3107,buy,50105,100.046061,1656211,1808251,7028239,0.3201,buy,100022,51.376393,1980627,1889469,4114654,0.1874,buy,32191,88.074227,1702366,1279456,3991681,0.1818,buy,54558,60.845942,967394,672048,-1.13
2013-09-16,21905692,190,False,,6860536,0.3132,buy,50105,100.046061,1656211,1847728,7009332,0.32,buy,100022,51.376393,1980627,1870563,4070552,0.1858,buy,32191,88.074227,1702366,1235354,3965082,0.181,buy,54558,60.845942,967394,645449,-1.35
2013-09-17,22017495,190,False,,6891149,0.313,buy,50105,100.046061,1656211,1878341,7056146,0.3205,buy,100022,51.376393,1980627,1917377,4072162,0.185,buy,32191,88.074227,1702366,1236964,3997848,0.1816,buy,54558,60.845942,967394,678215,-0.85
2013-09-18,22408605,190,False,,6970909,0.3111,buy,50105,100.046061,1656211,1958101,7140783,0.3187,buy,100022,51.376393,1980627,2002013,4249534,0.1896,buy,32191,88.074227,1702366,1414336,4047190,0.1806,buy,54558,60.845942,967394,727557,0.0
2013-09-19,22381765,190,False,,6959227,0.3109,buy,50105,100.046061,1656211,1946419,7157894,0.3198,buy,100022,51.376393,1980627,2019124,4241164,0.1895,buy,32191,88.074227,1702366,1405967,4023290,0.1798,buy,54558,60.845942,967394,703657,-0.12
2013-09-20,22207742,190,False,,6910572,0.3112,buy,50105,100.046061,1656211,1897764,7133328,0.3212,buy,100022,51.376393,1980627,1994558,4119160,0.1855,buy,32191,88.074227,1702366,1283963,4044492,0.1821,buy,54558,60.845942,967394,724859,-0.9
2013-09-23,22177799,190,False,,6878594,0.3102,buy,50105,100.046061,1656211,1865786,7118878,0.321,buy,100022,51.376393,1980627,1980109,4105962,0.1851,buy,32191,88.074227,1702366,1270765,4074175,0.1837,buy,54558,60.845942,967394,754542,-1.03
2013-09-24,22209091,190,False,,6862400,0.309,buy,50105,100.046061,1656211,1849592,7118878,0.3205,buy,100022,51.376393,1980627,1980109,4109503,0.185,buy,32191,88.074227,1702366,1274306,4118119,0.1854,buy,54558,60.845942,967394,798486,-0.89
2013-09-25,22209731,190,False,,6842568,0.3081,buy,50105,100.046061,1656211,1829760,7094496,0.3194,buy,100022,51.376393,1980627,1955726,4145879,0.1867,buy,32191,88.074227,1702366,1310681,4126598,0.1858,buy,54558,60.845942,967394,806965,-0.89
2013-09-26,22230028,190,False,,6868879,0.309,buy,50105,100.046061,1656211,1856071,7149583,0.3216,buy,100022,51.376393,1980627,2010813,4113688,0.1851,buy,32191,88.074227,1702366,1278490,4097688,0.1843,buy,54558,60.845942,967394,778055,-0.8
2013-09-27,22237431,190,False,,6837307,0.3075,buy,50105,100.046061,1656211,1824499,7140550,0.3211,buy,100022,51.376393,1980627,2001780,4151673,0.1867,buy,32191,88.074227,1702366,1316476,4107710,0.1847,buy,54558,60.845942,967394,788077,-0.76
2013-09-30,22152245,190,False,,6800875,0.307,buy,50105,100.046061,1656211,1788067,7123395,0.3216,buy,100022,51.376393,1980627,1984625,4126242,0.1863,buy,32191,88.074227,1702366,1291045,4101543,0.1852,buy,54558,60.845942,967394,781911,-1.14
2013-10-01,22150314,190,False,,6854712,0.3095,buy,50105,100.046061,1656211,1841904,7195638,0.3249,buy,100022,51.376393,1980627,2056868,4010677,0.1811,buy,32191,88.074227,1702366,1175479,4089097,0.1846,buy,54558,60.845942,967394,769464,-1.15
2013-10-02,22226826,190,False,,6848235,0.3081,buy,50105,100.046061,1656211,1835427,7192929,0.3236,buy,100022,51.376393,1980627,2054159,4090188,0.184,buy,32191,88.074227,1702366,1254991,4095284,0.1842,buy,54558,60.845942,967394,775651,-0.81
2013-10-03,22076983,190,False,,6785087,0.3073,buy,50105,100.046061,1656211,1772279,7108942,0.322,buy,100022,51.376393,1980627,1970172,4094051,0.1854,buy,32191,88.074227,1702366,1258854,4088712,0.1852,buy,54558,60.845942,967394,769079,-1.48
2013-10-04,22165788,190,False,,6836495,0.3084,buy,50105,100.046061,1656211,1823687,7170354,0.3235,buy,100022,51.376393,1980627,2031584,4073127,0.1838,buy,32191,88.074227,1702366,1237930,4085621,0.1843,buy,54558,60.845942,967394,765988,-1.08
2013-10-07,22099439,190,False,,6777399,0.3067,buy,50105,100.046061,1656211,1764591,7110751,0.3218,buy,100022,51.376393,1980627,1971981,4108859,0.1859,buy,32191,88.074227,1702366,1273662,4102241,0.1856,buy,54558,60.845942,967394,782608,-1.38
2013-10-08,21876667,190,False,,6698463,0.3062,buy,50105,100.046061,1656211,1685655,6973483,0.3188,buy,100022,51.376393,1980627,1834713,4101133,0.1875,buy,32191,88.074227,1702366,1265936,4103398,0.1876,buy,54558,60.845942,967394,783765,-2.37
2013-10-09,21785476,190,False,,6703321,0.3077,buy,50105,100.046061,1656211,1690513,6951813,0.3191,buy,100022,51.376393,1980627,1813043,4059607,0.1863,buy,32191,88.074227,1702366,1224410,4070546,0.1868,buy,54558,60.845942,967394,750913,-2.78
2013-10-10,22024525,190,False,,6847830,0.3109,buy,50105,100.046061,1656211,1835022,7099012,0.3223,buy,100022,51.376393,1980627,1960242,4000375,0.1816,buy,32191,88.074227,1702366,1165178,4077117,0.1851,buy,54558,60.845942,967394,757484,-1.71
2013-10-11,22069721,190,False,,6891952,0.3123,buy,50105,100.046061,1656211,1879144,7155003,0.3242,buy,100022,51.376393,1980627,2016234,3946617,0.1788,buy,32191,88.074227,1702366,1111419,4075959,0.1847,buy,54558,60.845942,967394,756326,-1.51
2013-10-14,22122366,190,False,,6919476,0.3128,buy,50105,100.046061,1656211,1906668,7205574,0.3257,buy,100022,51.376393,1980627,2066805,3954021,0.1787,buy,32191,88.074227,1702366,1118823,4043106,0.1828,buy,54558,60.845942,967394,723473,-1.28
2013-10-15,22070450,190,False,,6869285,0.3112,buy,50105,100.046061,1656211,1856477,7177582,0.3252,buy,100022,51.376393,1980627,2038812,3982993,0.1805,buy,32191,88.074227,1702366,1147795,4040400,0.1831,buy,54558,60.845942,967394,720767,-1.51
2013-10-16,22292172,190,False,,6965217,0.3125,buy,50105,100.046061,1656211,1952409,7258854,0.3256,buy,100022,51.376393,1980627,2120085,3976876,0.1784,buy,32191,88.074227,1702366,1141679,4091034,0.1835,buy,54558,60.845942,967394,771401,-0.52
2013-10-17,22542266,190,False,,7011767,0.311,buy,50105,100.046061,1656211,1998959,7300397,0.3239,buy,100022,51.376393,1980627,2161628,4101777,0.182,buy,32191,88.074227,1702366,1266580,4128134,0.1831,buy,54558,60.845942,967394,808501,0.0
2013-10-18,22698470,190,False,,7059127,0.311,buy,50105,100.046061,1656211,2046319,7418698,0.3268,buy,100022,51.376393,1980627,2279928,4083428,0.1799,buy,32191,88.074227,1702366,1248231,4137026,0.1823,buy,54558,60.845942,967394,817393,0.0
2013-10-21,22706177,190,False,,7059534,0.3109,buy,50105,100.046061,1656211,2046726,7434955,0.3274,buy,100022,51.376393,1980627,2296186,4087613,0.18,buy,32191,88.074227,1702366,1252416,4123884,0.1816,buy,54558,60.845942,967394,804251,0.0
2013-10-22,22879854,190,False,,7100417,0.3103,buy,50105,100.046061,1656211,2087609,7445788,0.3254,buy,100022,51.376393,1980627,2307019,4163584,0.182,buy,32191,88.074227,1702366,1328386,4169875,0.1823,buy,54558,60.845942,967394,850243,0.0
2013-10-23,22796011,190,False,,7066415,0.31,buy,50105,100.046061,1656211,2053607,7400638,0.3246,buy,100022,51.376393,1980627,2261869,4142660,0.1817,buy,32191,88.074227,1702366,1307462,4186107,0.1836,buy,54558,60.845942,967394,866474,-0.37
2013-10-24,22874718,190,False,,7089894,0.3099,buy,50105,100.046061,1656211,2077086,7433147,0.325,buy,100022,51.376393,1980627,2294378,4181611,0.1828,buy,32191,88.074227,1702366,1346413,4169875,0.1823,buy,54558,60.845942,967394,850243,-0.02
2013-10-25,22993869,190,False,,7122276,0.3097,buy,50105,100.046061,1656211,2109468,7486428,0.3256,buy,100022,51.376393,1980627,2347659,4199638,0.1826,buy,32191,88.074227,1702366,1364441,4185336,0.182,buy,54558,60.845942,967394,865703,0.0
2013-10-28,22995924,190,False,,7133611,0.3102,buy,50105,100.046061,1656211,2120803,7488232,0.3256,buy,100022,51.376393,1980627,2349463,4202857,0.1828,buy,32191,88.074227,1702366,1367659,4171033,0.1814,buy,54558,60.845942,967394,851401,0.0
2013-10-29,23026600,190,False,,7171660,0.3115,buy,50105,100.046061,1656211,2158853,7500875,0.3257,buy,100022,51.376393,1980627,2362106,4177426,0.1814,buy,32191,88.074227,1702366,1342229,4176448,0.1814,buy,54558,60.845942,967394,856815,0.0
2013-10-30,22953160,190,False,,7136040,0.3109,buy,50105,100.046061,1656211,2123232,7493653,0.3265,buy,100022,51.376393,1980627,2354883,4171954,0.1818,buy,32191,88.074227,1702366,1336756,4151323,0.1809,buy,54558,60.845942,967394,831691,-0.32
2013-10-31,22864775,190,False,,7115800,0.3112,buy,50105,100.046061,1656211,2102992,7476493,0.327,buy,100022,51.376393,1980627,2337723,4112078,0.1798,buy,32191,88.074227,1702366,1276881,4160214,0.1819,buy,54558,60.845942,967394,840581,-0.7
2013-11-01,22813120,190,False,,7132802,0.3127,buy,50105,100.046061,1656211,2119994,7478297,0.3278,buy,100022,51.376393,1980627,2339528,4086647,0.1791,buy,32191,88.074227,1702366,1251450,4115183,0.1804,buy,54558,60.845942,967394,795550,-0.93
2013-11-04,22841521,164,True,monthly,6868039,0.3007,buy,48076,100.046061,1741978,2058225,6853899,0.3001,buy,91538,51.376393,2179076,2151007,4555142,0.1994,buy,35921,92.174549,1702366,1244140,4564277,0.1998,buy,60455,62.309832,967394,797336,-0.8
2013-11-05,22763689,164,False,,6846290,0.3008,buy,48076,100.046061,1741978,2036475,6861336,0.3014,buy,91538,51.376393,2179076,2158444,4546162,0.1997,buy,35921,92.174549,1702366,1235160,4509737,0.1981,buy,60455,62.309832,967394,742796,-1.14
2013-11-06,22822127,164,False,,6881244,0.3015,buy,48076,100.046061,1741978,2071430,6859683,0.3006,buy,91538,51.376393,2179076,2156791,4569151,0.2002,buy,35921,92.174549,1702366,1258149,4511885,0.1977,buy,60455,62.309832,967394,744944,-0.89
2013-11-07,22607058,164,False,,6794243,0.3005,buy,48076,100.046061,1741978,1984429,6730755,0.2977,buy,91538,51.376393,2179076,2027863,4531794,0.2005,buy,35921,92.174549,1702366,1220792,4550103,0.2013,buy,60455,62.309832,967394,783162,-1.82
2013-11-08,22612598,164,False,,6885905,0.3045,buy,48076,100.046061,1741978,2076091,6821665,0.3017,buy,91538,51.376393,2179076,2118773,4464262,0.1974,buy,35921,92.174549,1702366,1153260,4440602,0.1964,buy,60455,62.309832,967394,673661,-1.8
2013-11-11,22571543,164,False,,6887070,0.3051,buy,48076,100.046061,1741978,2077255,6810921,0.3017,buy,91538,51.376393,2179076,2108029,4449534,0.1971,buy,35921,92.174549,1702366,1138532,4423853,0.196,buy,60455,62.309832,967394,656912,-1.98
2013-11-12,22537909,164,False,,6873089,0.305,buy,48076,100.046061,1741978,2063275,6821665,0.3027,buy,91538,51.376393,2179076,2118773,4398526,0.1952,buy,35921,92.174549,1702366,1087524,4444465,0.1972,buy,60455,62.309832,967394,677524,-2.12
2013-11-13,22706399,164,False,,6928242,0.3051,buy,48076,100.046061,1741978,2118428,6904313,0.3041,buy,91538,51.376393,2179076,2201421,4412895,0.1943,buy,35921,92.174549,1702366,1101893,4460785,0.1965,buy,60455,62.309832,967394,693845,-1.39
2013-11-14,22840944,164,False,,6962810,0.3048,buy,48076,100.046061,1741978,2152996,6925800,0.3032,buy,91538,51.376393,2179076,2222907,4463903,0.1954,buy,35921,92.174549,1702366,1152901,4488267,0.1965,buy,60455,62.309832,967394,721326,-0.81
2013-11-15,22895276,164,False,,6993105,0.3054,buy,48076,100.046061,1741978,2183291,6939023,0.3031,buy,91538,51.376393,2179076,2236131,4465699,0.195,buy,35921,92.174549,1702366,1154697,4497284,0.1964,buy,60455,62.309832,967394,730343,-0.57
2013-11-18,22779082,164,False,,6968634,0.3059,buy,48076,100.046061,1741978,2158820,6871253,0.3016,buy,91538,51.376393,2179076,2168361,4414691,0.1938,buy,35921,92.174549,1702366,1103689,4524339,0.1986,buy,60455,62.309832,967394,757399,-1.07
2013-11-19,22711544,164,False,,6953488,0.3062,buy,48076,100.046061,1741978,2143674,6851419,0.3017,buy,91538,51.376393,2179076,2148527,4416487,0.1945,buy,35921,92.174549,1702366,1105485,4489985,0.1977,buy,60455,62.309832,967394,723044,-1.37
2013-11-20,22495165,164,False,,6931737,0.3081,buy,48076,100.046061,1741978,2121922,6834888,0.3038,buy,91538,51.376393,2179076,2131996,4314831,0.1918,buy,35921,92.174549,1702366,1003829,4413546,0.1962,buy,60455,62.309832,967394,646605,-2.31
2013-11-21,22621357,164,False,,6987666,0.3089,buy,48076,100.046061,1741978,2177852,6904313,0.3052,buy,91538,51.376393,2179076,2201421,4308365,0.1905,buy,35921,92.174549,1702366,997363,4420848,0.1954,buy,60455,62.309832,967394,653908,-1.76
2013-11-22,22734009,164,False,,7022622,0.3089,buy,48076,100.046061,1741978,2212807,6941503,0.3053,buy,91538,51.376393,2179076,2238610,4307646,0.1895,buy,35921,92.174549,1702366,996644,4462074,0.1963,buy,60455,62.309832,967394,695133,-1.27
2013-11-25,22775824,164,False,,7015631,0.308,buy,48076,100.046061,1741978,2205816,6958033,0.3055,buy,91538,51.376393,2179076,2255140,4327044,0.19,buy,35921,92.174549,1702366,1016042,4474954,0.1965,buy,60455,62.309832,967394,708013,-1.09
2013-11-26,22807887,164,False,,7017573,0.3077,buy,48076,100.046061,1741978,2207759,6994397,0.3067,buy,91538,51.376393,2179076,2291504,4304054,0.1887,buy,35921,92.174549,1702366,993052,4491699,0.1969,buy,60455,62.309832,967394,724758,-0.95
2013-11-27,22853081,164,False,,7034663,0.3078,buy,48076,100.046061,1741978,2224848,7043160,0.3082,buy,91538,51.376393,2179076,2340268,4291123,0.1878,buy,35921,92.174549,1702366,980121,4483971,0.1962,buy,60455,62.309832,967394,717030,-0.75
2013-11-29,22936401,164,False,,7030002,0.3065,buy,48076,100.046061,1741978,2220188,7085310,0.3089,buy,91538,51.376393,2179076,2382418,4335665,0.189,buy,35921,92.174549,1702366,1024663,4485260,0.1956,buy,60455,62.309832,967394,718319,-0.39
2013-12-02,22750520,164,False,,7011745,0.3082,buy,48076,100.046061,1741978,2201930,7064646,0.3105,buy,91538,51.376393,2179076,2361754,4223591,0.1856,buy,35921,92.174549,1702366,912589,4450374,0.1956,buy,60455,62.309832,967394,683433,-1.2
2013-12-03,22744461,164,False,,6981452,0.307,buy,48076,100.046061,1741978,2171638,7058864,0.3104,buy,91538,51.376393,2179076,2355972,4237241,0.1863,buy,35921,92.174549,1702366,926239,4466740,0.1964,buy,60455,62.309832,967394,699799,-1.23
2013-12-04,22779495,164,False,,6980672,0.3064,buy,48076,100.046061,1741978,2170858,7065475,0.3102,buy,91538,51.376393,2179076,2362583,4309083,0.1892,buy,35921,92.174549,1702366,998081,4424101,0.1942,buy,60455,62.309832,967394,657160,-1.07
2013-12-05,22667601,164,False,,6949991,0.3066,buy,48076,100.046061,1741978,2140177,7056381,0.3113,buy,91538,51.376393,2179076,2353488,4249454,0.1875,buy,35921,92.174549,1702366,938452,4411611,0.1946,buy,60455,62.309832,967394,644670,-1.56
2013-12-06,22826604,164,False,,7027669,0.3079,buy,48076,100.046061,1741978,2217854,7107622,0.3114,buy,91538,51.376393,2179076,2404730,4258435,0.1866,buy,35921,92.174549,1702366,947433,4432715,0.1942,buy,60455,62.309832,967394,665774,-0.87
2013-12-09,22925763,164,False,,7045535,0.3073,buy,48076,100.046061,1741978,2235721,7136549,0.3113,buy,91538,51.376393,2179076,2433657,4300462,0.1876,buy,35921,92.174549,1702366,989460,4443053,0.1938,buy,60455,62.309832,967394,676112,-0.44
2013-12-10,23002865,164,False,,7020292,0.3052,buy,48076,100.046061,1741978,2210478,7131589,0.31,buy,91538,51.376393,2179076,2428697,4375896,0.1902,buy,35921,92.174549,1702366,1064894,4474923,0.1945,buy,60455,62.309832,967394,707982,-0.1
2013-12-11,22763347,164,False,,6941446,0.3049,buy,48076,100.046061,1741978,2131632,7039855,0.3093,buy,91538,51.376393,2179076,2336962,4341412,0.1907,buy,35921,92.174549,1702366,1030410,4440470,0.1951,buy,60455,62.309832,967394,673529,-1.14
2013-12-12,22613131,164,False,,6918531,0.306,buy,48076,100.046061,1741978,2108717,7021669,0.3105,buy,91538,51.376393,2179076,2318777,4249095,0.1879,buy,35921,92.174549,1702366,938093,4423671,0.1956,buy,60455,62.309832,967394,656730,-1.8
2013-12-13,22663955,164,False,,6917756,0.3052,buy,48076,100.046061,1741978,2107942,7012580,0.3094,buy,91538,51.376393,2179076,2309688,4288249,0.1892,buy,35921,92.174549,1702366,977247,4445206,0.1961,buy,60455,62.309832,967394,678265,-1.57
2013-12-16,22740679,164,False,,6960865,0.3061,buy,48076,100.046061,1741978,2151051,7051423,0.3101,buy,91538,51.376393,2179076,2348531,4299385,0.1891,buy,35921,92.174549,1702366,988383,4428842,0.1948,buy,60455,62.309832,967394,661901,-1.24
2013-12-17,22686941,164,False,,6938726,0.3058,buy,48076,100.046061,1741978,2128912,7037373,0.3102,buy,91538,51.376393,2179076,2334481,4262027,0.1879,buy,35921,92.174549,1702366,951025,4448651,0.1961,buy,60455,62.309832,967394,681710,-1.48
2013-12-18,22827473,164,False,,7057190,0.3092,buy,48076,100.046061,1741978,2247376,7119196,0.3119,buy,91538,51.376393,2179076,2416304,4224669,0.1851,buy,35921,92.174549,1702366,913667,4426254,0.1939,buy,60455,62.309832,967394,659313,-0.86
2013-12-19,22694955,164,False,,7049034,0.3106,buy,48076,100.046061,1741978,2239220,7099358,0.3128,buy,91538,51.376393,2179076,2396466,4124449,0.1817,buy,35921,92.174549,1702366,813447,4421949,0.1948,buy,60455,62.309832,967394,655009,-1.44
2013-12-20,22916536,164,False,,7090033,0.3094,buy,48076,100.046061,1741978,2280219,7171658,0.3129,buy,91538,51.376393,2179076,2468766,4164681,0.1817,buy,35921,92.174549,1702366,853679,4490000,0.1959,buy,60455,62.309832,967394,723059,-0.48
2013-12-23,22991160,164,False,,7127914,0.31,buy,48076,100.046061,1741978,2318100,7247103,0.3152,buy,91538,51.376393,2179076,2544211,4151390,0.1806,buy,35921,92.174549,1702366,840388,4464589,0.1942,buy,60455,62.309832,967394,697648,-0.15
2013-12-24,22993384,164,False,,7143533,0.3107,buy,48076,100.046061,1741978,2333719,7250417,0.3153,buy,91538,51.376393,2179076,2547525,4170428,0.1814,buy,35921,92.174549,1702366,859426,4428842,0.1926,buy,60455,62.309832,967394,661901,-0.14
2013-12-26,23059666,164,False,,7179852,0.3114,buy,48076,100.046061,1741978,2370038,7274461,0.3155,buy,91538,51.376393,2179076,2571569,4193417,0.1819,buy,35921,92.174549,1702366,882415,4411770,0.1913,buy,60455,62.309832,967394,644830,0.0
2013-12-27,23042158,164,False,,7179461,0.3116,buy,48076,100.046061,1741978,2369647,7256224,0.3149,buy,91538,51.376393,2179076,2553332,4207068,0.1826,buy,35921,92.174549,1702366,896066,4399241,0.1909,buy,60455,62.309832,967394,632301,-0.08
2013-12-30,22998312,164,False,,7178292,0.3121,buy,48076,100.046061,1741978,2368478,7245443,0.315,buy,91538,51.376393,2179076,2542551,4144924,0.1802,buy,35921,92.174549,1702366,833922,4429489,0.1926,buy,60455,62.309832,967394,662548,-0.27
2013-12-31,23077677,164,False,,7212264,0.3125,buy,48076,100.046061,1741978,2402450,7292702,0.316,buy,91538,51.376393,2179076,2589809,4171147,0.1807,buy,35921,92.174549,1702366,860145,4401401,0.1907,buy,60455,62.309832,967394,634460,0.0
2014-01-02,23032277,164,False,,7143145,0.3101,buy,48076,100.046061,1741978,2333331,7235495,0.3141,buy,91538,51.376393,2179076,2532603,4238678,0.184,buy,35921,92.174549,1702366,927676,4414794,0.1917,buy,60455,62.309832,967394,647853,-0.2
2014-01-03,23025210,164,False,,7141972,0.3102,buy,48076,100.046061,1741978,2332158,7183263,0.312,buy,91538,51.376393,2179076,2480371,4285016,0.1861,buy,35921,92.174549,1702366,974014,4414794,0.1917,buy,60455,62.309832,967394,647853,-0.23
2014-01-06,23004114,164,False,,7121280,0.3096,buy,48076,100.046061,1741978,2311465,7156733,0.3111,buy,91538,51.376393,2179076,2453840,4292560,0.1866,buy,35921,92.174549,1702366,981558,4433378,0.1927,buy,60455,62.309832,967394,666437,-0.32
2014-01-07,23100981,164,False,,7165013,0.3102,buy,48076,100.046061,1741978,2355199,7223059,0.3127,buy,91538,51.376393,2179076,2520167,4268133,0.1848,buy,35921,92.174549,1702366,957131,4444611,0.1924,buy,60455,62.309832,967394,677670,0.0
2014-01-08,23081055,164,False,,7166575,0.3105,buy,48076,100.046061,1741978,2356760,7238814,0.3136,buy,91538,51.376393,2179076,2535922,4242989,0.1838,buy,35921,92.174549,1702366,931987,4432514,0.192,buy,60455,62.309832,967394,665573,-0.09
2014-01-09,23099841,164,False,,7171264,0.3104,buy,48076,100.046061,1741978,2361450,7214772,0.3123,buy,91538,51.376393,2179076,2511879,4255202,0.1842,buy,35921,92.174549,1702366,944200,4458440,0.193,buy,60455,62.309832,967394,691499,-0.0
2014-01-10,23260380,164,False,,7190786,0.3091,buy,48076,100.046061,1741978,2380971,7237983,0.3112,buy,91538,51.376393,2179076,2535091,4319860,0.1857,buy,35921,92.174549,1702366,1008858,4511588,0.194,buy,60455,62.309832,967394,744647,0.0
2014-01-13,23107521,164,False,,7095112,0.307,buy,48076,100.046061,1741978,2285297,7131028,0.3086,buy,91538,51.376393,2179076,2428135,4347159,0.1881,buy,35921,92.174549,1702366,1036157,4534059,0.1962,buy,60455,62.309832,967394,767118,-0.66
2014-01-14,23259484,164,False,,7172433,0.3084,buy,48076,100.046061,1741978,2362618,7267003,0.3124,buy,91538,51.376393,2179076,2564110,4306569,0.1852,buy,35921,92.174549,1702366,995567,4513315,0.194,buy,60455,62.309832,967394,746375,-0.0
2014-01-15,23344823,164,False,,7211090,0.3089,buy,48076,100.046061,1741978,2401276,7326698,0.3138,buy,91538,51.376393,2179076,2623806,4298307,0.1841,buy,35921,92.174549,1702366,987305,4508564,0.1931,buy,60455,62.309832,967394,741623,0.0
2014-01-16,23371193,164,False,,7201720,0.3081,buy,48076,100.046061,1741978,2391905,7327523,0.3135,buy,91538,51.376393,2179076,2624631,4302977,0.1841,buy,35921,92.174549,1702366,991975,4538810,0.1942,buy,60455,62.309832,967394,771869,0.0
2014-01-17,23359249,164,False,,7171264,0.307,buy,48076,100.046061,1741978,2361450,7286070,0.3119,buy,91538,51.376393,2179076,2583178,4343927,0.186,buy,35921,92.174549,1702366,1032925,4557824,0.1951,buy,60455,62.309832,967394,790883,-0.05
2014-01-21,23395156,164,False,,7192347,0.3074,buy,48076,100.046061,1741978,2382533,7341620,0.3138,buy,91538,51.376393,2179076,2638727,4299744,0.1838,buy,35921,92.174549,1702366,988742,4561282,0.195,buy,60455,62.309832,967394,794341,0.0
2014-01-22,23389358,164,False,,7197037,0.3077,buy,48076,100.046061,1741978,2387223,7360689,0.3147,buy,91538,51.376393,2179076,2657797,4281424,0.1831,buy,35921,92.174549,1702366,970422,4550044,0.1945,buy,60455,62.309832,967394,783103,-0.02
2014-01-23,23463298,164,False,,7138070,0.3042,buy,48076,100.046061,1741978,2328255,7335816,0.3127,buy,91538,51.376393,2179076,2632924,4374819,0.1865,buy,35921,92.174549,1702366,1063817,4614429,0.1967,buy,60455,62.309832,967394,847488,0.0
2014-01-24,23214513,164,False,,6985770,0.3009,buy,48076,100.046061,1741978,2175956,7191555,0.3098,buy,91538,51.376393,2179076,2488662,4392779,0.1892,buy,35921,92.174549,1702366,1081777,4644245,0.2001,buy,60455,62.309832,967394,877304,-1.06
2014-01-27,23030323,164,False,,6951405,0.3018,buy,48076,100.046061,1741978,2141591,7121912,0.3092,buy,91538,51.376393,2179076,2419019,4345004,0.1887,buy,35921,92.174549,1702366,1034002,4611838,0.2003,buy,60455,62.309832,967394,844897,-1.85
2014-01-28,23078448,164,False,,6992801,0.303,buy,48076,100.046061,1741978,2182986,7117767,0.3084,buy,91538,51.376393,2179076,2414875,4344645,0.1883,buy,35921,92.174549,1702366,1033643,4623071,0.2003,buy,60455,62.309832,967394,856130,-1.64
2014-01-29,23027624,164,False,,6925632,0.3008,buy,48076,100.046061,1741978,2115817,7041490,0.3058,buy,91538,51.376393,2179076,2338597,4399245,0.191,buy,35921,92.174549,1702366,1088243,4661094,0.2024,buy,60455,62.309832,967394,894153,-1.86
2014-01-30,23120828,164,False,,6999048,0.3027,buy,48076,100.046061,1741978,2189234,7171658,0.3102,buy,91538,51.376393,2179076,2468766,4302258,0.1861,buy,35921,92.174549,1702366,991256,4647700,0.201,buy,60455,62.309832,967394,880760,-1.46
2014-01-31,23103361,164,False,,6958044,0.3012,buy,48076,100.046061,1741978,2148229,7152589,0.3096,buy,91538,51.376393,2179076,2449696,4313753,0.1867,buy,35921,92.174549,1702366,1002751,4678812,0.2025,buy,60455,62.309832,967394,911871,-1.53
2014-02-03,22883797,164,False,,6801452,0.2972,buy,48076,100.046061,1741978,1991638,6988425,0.3054,buy,91538,51.376393,2179076,2285532,4357936,0.1904,buy,35921,92.174549,1702366,1046934,4735820,0.207,buy,60455,62.309832,967394,968879,-2.47
2014-02-04,22920741,164,False,,6849094,0.2988,buy,48076,100.046061,1741978,2039280,7039830,0.3071,buy,91538,51.376393,2179076,2336937,4346082,0.1896,buy,35921,92.174549,1702366,1035080,4685571,0.2044,buy,60455,62.309832,967394,918630,-2.31
2014-02-05,22861362,164,False,,6840501,0.2992,buy,48076,100.046061,1741978,2030687,7021592,0.3071,buy,91538,51.376393,2179076,2318700,4356858,0.1906,buy,35921,92.174549,1702366,1045856,4642247,0.2031,buy,60455,62.309832,967394,875306,-2.57
2014-02-06,23019386,164,False,,6930708,0.3011,buy,48076,100.046061,1741978,2120894,7111131,0.3089,buy,91538,51.376393,2179076,2408239,4355062,0.1892,buy,35921,92.174549,1702366,1044060,4622321,0.2008,buy,60455,62.309832,967394,855380,-1.89
2014-02-07,23269455,164,False,,7016621,0.3015,buy,48076,100.046061,1741978,2206806,7237983,0.3111,buy,91538,51.376393,2179076,2535091,4388468,0.1886,buy,35921,92.174549,1702366,1077467,4626218,0.1988,buy,60455,62.309832,967394,859277,-0.83
2014-02-10,23363735,164,False,,7029506,0.3009,buy,48076,100.046061,1741978,2219691,7279437,0.3116,buy,91538,51.376393,2179076,2576544,4415409,0.189,buy,35921,92.174549,1702366,1104407,4639220,0.1986,buy,60455,62.309832,967394,872279,-0.42
2014-02-11,23548445,164,False,,7106437,0.3018,buy,48076,100.046061,1741978,2296623,7362349,0.3126,buy,91538,51.376393,2179076,2659457,4467136,0.1897,buy,35921,92.174549,1702366,1156134,4612359,0.1959,buy,60455,62.309832,967394,845418,0.0
2014-02-12,23544735,164,False,,7109949,0.302,buy,48076,100.046061,1741978,2300135,7376443,0.3133,buy,91538,51.376393,2179076,2673551,4469650,0.1898,buy,35921,92.174549,1702366,1158648,4588529,0.1949,buy,60455,62.309832,967394,821588,-0.02
2014-02-13,23700233,164,False,,7146660,0.3015,buy,48076,100.046061,1741978,2336846,7431162,0.3135,buy,91538,51.376393,2179076,2728269,4507726,0.1902,buy,35921,92.174549,1702366,1196724,4614522,0.1947,buy,60455,62.309832,967394,847581,0.0
2014-02-14,23816829,164,False,,7186103,0.3017,buy,48076,100.046061,1741978,2376289,7446084,0.3126,buy,91538,51.376393,2179076,2743192,4567355,0.1918,buy,35921,92.174549,1702366,1256353,4617122,0.1939,buy,60455,62.309832,967394,850181,0.0
2014-02-18,23881279,164,False,,7194695,0.3013,buy,48076,100.046061,1741978,2384880,7482566,0.3133,buy,91538,51.376393,2179076,2779674,4576335,0.1916,buy,35921,92.174549,1702366,1265334,4627519,0.1938,buy,60455,62.309832,967394,860578,0.0
2014-02-19,23722146,164,False,,7147050,0.3013,buy,48076,100.046061,1741978,2337235,7431162,0.3133,buy,91538,51.376393,2179076,2728269,4535745,0.1912,buy,35921,92.174549,1702366,1224743,4608026,0.1942,buy,60455,62.309832,967394,841085,-0.67
2014-02-20,23835656,164,False,,7189226,0.3016,buy,48076,100.046061,1741978,2379412,7465984,0.3132,buy,91538,51.376393,2179076,2763091,4583520,0.1923,buy,35921,92.174549,1702366,1272518,4596763,0.1929,buy,60455,62.309832,967394,829822,-0.19
2014-02-21,23841042,164,False,,7181023,0.3012,buy,48076,100.046061,1741978,2371209,7456035,0.3127,buy,91538,51.376393,2179076,2753143,4582801,0.1922,buy,35921,92.174549,1702366,1271799,4621019,0.1938,buy,60455,62.309832,967394,854078,-0.17
2014-02-24,23959627,164,False,,7220857,0.3014,buy,48076,100.046061,1741978,2411042,7495832,0.3129,buy,91538,51.376393,2179076,2792939,4633450,0.1934,buy,35921,92.174549,1702366,1322448,4609325,0.1924,buy,60455,62.309832,967394,842384,0.0
2014-02-25,23997654,164,False,,7218122,0.3008,buy,48076,100.046061,1741978,2408307,7487539,0.312,buy,91538,51.376393,2179076,2784647,4641353,0.1934,buy,35921,92.174549,1702366,1330351,4650477,0.1938,buy,60455,62.309832,967394,883536,0.0
2014-02-26,23976593,164,False,,7218511,0.3011,buy,48076,100.046061,1741978,2408696,7480907,0.312,buy,91538,51.376393,2179076,2778014,4601839,0.1919,buy,35921,92.174549,1702366,1290837,4675172,0.195,buy,60455,62.309832,967394,908231,-0.09
2014-02-27,24091805,164,False,,7256393,0.3012,buy,48076,100.046061,1741978,2446578,7529447,0.3125,buy,91538,51.376393,2179076,2826554,4605072,0.1911,buy,35921,92.174549,1702366,1294070,4700730,0.1951,buy,60455,62.309832,967394,933789,0.0
2014-02-28,24083598,164,False,,7274746,0.3021,buy,48076,100.046061,1741978,2464932,7521118,0.3123,buy,91538,51.376393,2179076,2818226,4584238,0.1903,buy,35921,92.174549,1702366,1273236,4703332,0.1953,buy,60455,62.309832,967394,936391,-0.03
2014-03-03,24103967,164,False,,7223591,0.2997,buy,48076,100.046061,1741978,2413776,7465338,0.3097,buy,91538,51.376393,2179076,2762445,4680147,0.1942,buy,35921,92.174549,1702366,1369145,4734728,0.1964,buy,60455,62.309832,967394,967787,0.0
2014-03-04,24171356,164,False,,7325123,0.303,buy,48076,100.046061,1741978,2515308,7560245,0.3128,buy,91538,51.376393,2179076,2857353,4622314,0.1912,buy,35921,92.174549,1702366,1311312,4663510,0.1929,buy,60455,62.309832,967394,896569,0.0
2014-03-05,24216340,164,False,,7331759,0.3028,buy,48076,100.046061,1741978,2521945,7581062,0.3131,buy,91538,51.376393,2179076,2878170,4629858,0.1912,buy,35921,92.174549,1702366,1318856,4673497,0.193,buy,60455,62.309832,967394,906556,0.0
2014-03-06,24226417,164,False,,7348552,0.3033,buy,48076,100.046061,1741978,2538737,7574401,0.3127,buy,91538,51.376393,2179076,2871508,4675836,0.193,buy,35921,92.174549,1702366,1364835,4627464,0.191,buy,60455,62.309832,967394,860523,0.0
2014-03-07,24124185,164,False,,7351674,0.3047,buy,48076,100.046061,1741978,2541860,7536935,0.3124,buy,91538,51.376393,2179076,2834043,4637042,0.1922,buy,35921,92.174549,1702366,1326040,4598370,0.1906,buy,60455,62.309832,967394,831430,-0.42
2014-03-10,24134900,164,False,,7347773,0.3044,buy,48076,100.046061,1741978,2537958,7543597,0.3126,buy,91538,51.376393,2179076,2840705,4638479,0.1922,buy,35921,92.174549,1702366,1327477,4604887,0.1908,buy,60455,62.309832,967394,837946,-0.38
2014-03-11,24104493,164,False,,7311455,0.3033,buy,48076,100.046061,1741978,2501640,7511130,0.3116,buy,91538,51.376393,2179076,2808238,4664701,0.1935,buy,35921,92.174549,1702366,1353699,4617043,0.1915,buy,60455,62.309832,967394,850102,-0.5
2014-03-12,24235133,164,False,,7313405,0.3018,buy,48076,100.046061,1741978,2503591,7539433,0.3111,buy,91538,51.376393,2179076,2836541,4732951,0.1953,buy,35921,92.174549,1702366,1421949,4649181,0.1918,buy,60455,62.309832,967394,882240,0.0
2014-03-13,24125260,164,False,,7231397,0.2997,buy,48076,100.046061,1741978,2421583,7432872,0.3081,buy,91538,51.376393,2179076,2729980,4749116,0.1969,buy,35921,92.174549,1702366,1438114,4711711,0.1953,buy,60455,62.309832,967394,944770,-0.45
2014-03-14,24087005,164,False,,7211090,0.2994,buy,48076,100.046061,1741978,2401276,7382085,0.3065,buy,91538,51.376393,2179076,2679193,4781085,0.1985,buy,35921,92.174549,1702366,1470083,4712580,0.1956,buy,60455,62.309832,967394,945639,-0.61
2014-03-17,24129541,164,False,,7276306,0.3016,buy,48076,100.046061,1741978,2466491,7447025,0.3086,buy,91538,51.376393,2179076,2744132,4728640,0.196,buy,35921,92.174549,1702366,1417638,4677406,0.1938,buy,60455,62.309832,967394,910465,-0.44
2014-03-18,24251684,164,False,,7328246,0.3022,buy,48076,100.046061,1741978,2518432,7536935,0.3108,buy,91538,51.376393,2179076,2834043,4692001,0.1935,buy,35921,92.174549,1702366,1380999,4694338,0.1936,buy,60455,62.309832,967394,927397,0.0
2014-03-19,24044485,164,False,,7289195,0.3032,buy,48076,100.046061,1741978,2479380,7496141,0.3118,buy,91538,51.376393,2179076,2793249,4601121,0.1914,buy,35921,92.174549,1702366,1290119,4657864,0.1937,buy,60455,62.309832,967394,890923,-0.85
2014-03-20,24091352,164,False,,7331759,0.3043,buy,48076,100.046061,1741978,2521945,7516956,0.312,buy,91538,51.376393,2179076,2814064,4592859,0.1906,buy,35921,92.174549,1702366,1281857,4649613,0.193,buy,60455,62.309832,967394,882672,-0.66
2014-03-21,24044750,164,False,,7303324,0.3037,buy,48076,100.046061,1741978,2493510,7426504,0.3089,buy,91538,51.376393,2179076,2723611,4614771,0.1919,buy,35921,92.174549,1702366,1303769,4699987,0.1955,buy,60455,62.309832,967394,933046,-0.85
2014-03-24,23900636,164,False,,7273121,0.3043,buy,48076,100.046061,1741978,2463306,7361417,0.308,buy,91538,51.376393,2179076,2658525,4532512,0.1896,buy,35921,92.174549,1702366,1221510,4733423,0.198,buy,60455,62.309832,967394,966482,-1.45
2014-03-25,23949809,164,False,,7307636,0.3051,buy,48076,100.046061,1741978,2497821,7385615,0.3084,buy,91538,51.376393,2179076,2682723,4540774,0.1896,buy,35921,92.174549,1702366,1229772,4715621,0.1969,buy,60455,62.309832,967394,948680,-1.24
2014-03-26,23803118,164,False,,7255077,0.3048,buy,48076,100.046061,1741978,2445263,7290491,0.3063,buy,91538,51.376393,2179076,2587598,4504853,0.1893,buy,35921,92.174549,1702366,1193851,4752533,0.1997,buy,60455,62.309832,967394,985592,-1.85
2014-03-27,23741359,164,False,,7239782,0.3049,buy,48076,100.046061,1741978,2429967,7249601,0.3054,buy,91538,51.376393,2179076,2546709,4475397,0.1885,buy,35921,92.174549,1702366,1164395,4776415,0.2012,buy,60455,62.309832,967394,1009474,-2.1
2014-03-28,23763235,164,False,,7275472,0.3062,buy,48076,100.046061,1741978,2465658,7263785,0.3057,buy,91538,51.376393,2179076,2560893,4474320,0.1883,buy,35921,92.174549,1702366,1163318,4749494,0.1999,buy,60455,62.309832,967394,982553,-2.01
2014-03-31,23828741,164,False,,7335094,0.3078,buy,48076,100.046061,1741978,2525279,7315523,0.307,buy,91538,51.376393,2179076,2612630,4440195,0.1863,buy,35921,92.174549,1702366,1129193,4737766,0.1988,buy,60455,62.309832,967394,970825,-1.74
2014-04-01,23957493,164,False,,7383731,0.3082,buy,48076,100.046061,1741978,2573917,7444026,0.3107,buy,91538,51.376393,2179076,2741134,4432292,0.185,buy,35921,92.174549,1702366,1121290,4697280,0.1961,buy,60455,62.309832,967394,930339,-1.21
2014-04-02,24007812,164,False,,7408444,0.3086,buy,48076,100.046061,1741978,2598629,7463219,0.3109,buy,91538,51.376393,2179076,2760326,4465699,0.186,buy,35921,92.174549,1702366,1154697,4670287,0.1945,buy,60455,62.309832,967394,903346,-1.01
2014-04-03,23944850,164,False,,7398636,0.309,buy,48076,100.046061,1741978,2588821,7403972,0.3092,buy,91538,51.376393,2179076,2701080,4451330,0.1859,buy,35921,92.174549,1702366,1140328,4690748,0.1959,buy,60455,62.309832,967394,923807,-1.27
2014-04-04,23751071,164,False,,7311169,0.3078,buy,48076,100.046061,1741978,2501355,7207045,0.3034,buy,91538,51.376393,2179076,2504152,4510600,0.1899,buy,35921,92.174549,1702366,1199598,4722093,0.1988,buy,60455,62.309832,967394,955152,-2.06
2014-04-07,23606440,164,False,,7230368,0.3063,buy,48076,100.046061,1741978,2420554,7138622,0.3024,buy,91538,51.376393,2179076,2435730,4486892,0.1901,buy,35921,92.174549,1702366,1175890,4750393,0.2012,buy,60455,62.309832,967394,983452,-2.66
2014-04-08,23755875,164,False,,7260177,0.3056,buy,48076,100.046061,1741978,2450363,7204541,0.3033,buy,91538,51.376393,2179076,2501649,4529279,0.1907,buy,35921,92.174549,1702366,1218277,4761714,0.2004,buy,60455,62.309832,967394,994773,-2.04
2014-04-09,23942180,164,False,,7338232,0.3065,buy,48076,100.046061,1741978,2528417,7328040,0.3061,buy,91538,51.376393,2179076,2625148,4537541,0.1895,buy,35921,92.174549,1702366,1226539,4738203,0.1979,buy,60455,62.309832,967394,971262,-1.28
2014-04-10,23629819,164,False,,7184084,0.304,buy,48076,100.046061,1741978,2374270,7101070,0.3005,buy,91538,51.376393,2179076,2398178,4562326,0.1931,buy,35921,92.174549,1702366,1251324,4782174,0.2024,buy,60455,62.309832,967394,1015234,-2.56
2014-04-11,23518369,164,False,,7119364,0.3027,buy,48076,100.046061,1741978,2309550,7018465,0.2984,buy,91538,51.376393,2179076,2315573,4559453,0.1939,buy,35921,92.174549,1702366,1248451,4820923,0.205,buy,60455,62.309832,967394,1053982,-3.02
2014-04-14,23649950,164,False,,7175456,0.3034,buy,48076,100.046061,1741978,2365642,7073534,0.2991,buy,91538,51.376393,2179076,2370642,4592500,0.1942,buy,35921,92.174549,1702366,1281498,4808296,0.2033,buy,60455,62.309832,967394,1041355,-2.48
2014-04-15,23668009,164,False,,7224877,0.3053,buy,48076,100.046061,1741978,2415063,7096902,0.2999,buy,91538,51.376393,2179076,2394010,4507726,0.1905,buy,35921,92.174549,1702366,1196724,4838340,0.2044,buy,60455,62.309832,967394,1071399,-2.41
2014-04-16,23845887,164,False,,7300576,0.3062,buy,48076,100.046061,1741978,2490762,7191192,0.3016,buy,91538,51.376393,2179076,2488300,4509522,0.1891,buy,35921,92.174549,1702366,1198520,4844432,0.2032,buy,60455,62.309832,967394,1077492,-1.67
2014-04-17,23776263,164,False,,7310775,0.3075,buy,48076,100.046061,1741978,2500961,7192861,0.3025,buy,91538,51.376393,2179076,2489968,4481145,0.1885,buy,35921,92.174549,1702366,1170143,4791318,0.2015,buy,60455,62.309832,967394,1024377,-1.96
2014-04-21,23832924,164,False,,7336272,0.3078,buy,48076,100.046061,1741978,2526457,7246263,0.304,buy,91538,51.376393,2179076,2543371,4462825,0.1873,buy,35921,92.174549,1702366,1151823,4787401,0.2009,buy,60455,62.309832,967394,1020460,-1.73
2014-04-22,23923426,164,False,,7369611,0.308,buy,48076,100.046061,1741978,2559796,7303840,0.3053,buy,91538,51.376393,2179076,2600948,4446301,0.1859,buy,35921,92.174549,1702366,1135299,4803510,0.2008,buy,60455,62.309832,967394,1036569,-1.35
2014-04-23,23868630,164,False,,7352352,0.308,buy,48076,100.046061,1741978,2542537,7239591,0.3033,buy,91538,51.376393,2179076,2536699,4445583,0.1863,buy,35921,92.174549,1702366,1134581,4830939,0.2024,buy,60455,62.309832,967394,1063999,-1.58
2014-04-24,23990669,164,False,,7367256,0.3071,buy,48076,100.046061,1741978,2557442,7308847,0.3047,buy,91538,51.376393,2179076,2605955,4474320,0.1865,buy,35921,92.174549,1702366,1163318,4840083,0.2017,buy,60455,62.309832,967394,1073142,-1.08
2014-04-25,23851662,164,False,,7306853,0.3063,buy,48076,100.046061,1741978,2497038,7192025,0.3015,buy,91538,51.376393,2179076,2489133,4505571,0.1889,buy,35921,92.174549,1702366,1194569,4847049,0.2032,buy,60455,62.309832,967394,1080108,-1.65
2014-04-28,23854900,164,False,,7329995,0.3073,buy,48076,100.046061,1741978,2520181,7215390,0.3025,buy,91538,51.376393,2179076,2512497,4485814,0.188,buy,35921,92.174549,1702366,1174812,4823537,0.2022,buy,60455,62.309832,967394,1056596,-1.64
2014-04-29,23939349,164,False,,7364116,0.3076,buy,48076,100.046061,1741978,2554301,7272968,0.3038,buy,91538,51.376393,2179076,2570076,4485096,0.1874,buy,35921,92.174549,1702366,1174094,4817006,0.2012,buy,60455,62.309832,967394,1050065,-1.29
2014-04-30,23977542,164,False,,7386081,0.308,buy,48076,100.046061,1741978,2576267,7292157,0.3041,buy,91538,51.376393,2179076,2589265,4462107,0.1861,buy,35921,92.174549,1702366,1151105,4837033,0.2017,buy,60455,62.309832,967394,1070092,-1.13
2014-05-01,24036831,164,False,,7386868,0.3073,buy,48076,100.046061,1741978,2577053,7313854,0.3043,buy,91538,51.376393,2179076,2610962,4447020,0.185,buy,35921,92.174549,1702366,1136018,4888925,0.2034,buy,60455,62.309832,967394,1121984,-0.89
2014-05-02,24088264,164,False,,7376278,0.3062,buy,48076,100.046061,1741978,2566463,7300503,0.3031,buy,91538,51.376393,2179076,2597610,4492280,0.1865,buy,35921,92.174549,1702366,1181278,4919040,0.2042,buy,60455,62.309832,967394,1152099,-0.67
2014-05-05,24152764,164,False,,7390401,0.306,buy,48076,100.046061,1741978,2580586,7338888,0.3039,buy,91538,51.376393,2179076,2635995,4533949,0.1877,buy,35921,92.174549,1702366,1222947,4889363,0.2024,buy,60455,62.309832,967394,1122422,-0.41
2014-05-06,24004327,164,False,,7326073,0.3052,buy,48076,100.046061,1741978,2516258,7243758,0.3018,buy,91538,51.376393,2179076,2540866,4525328,0.1885,buy,35921,92.174549,1702366,1214326,4909004,0.2045,buy,60455,62.309832,967394,1142063,-1.02
2014-05-07,23944137,164,False,,7369219,0.3078,buy,48076,100.046061,1741978,2559405,7222899,0.3017,buy,91538,51.376393,2179076,2520006,4460310,0.1863,buy,35921,92.174549,1702366,1149309,4891545,0.2043,buy,60455,62.309832,967394,1124604,-1.27
2014-05-08,23908668,164,False,,7361373,0.3079,buy,48076,100.046061,1741978,2551559,7216227,0.3018,buy,91538,51.376393,2179076,2513335,4460310,0.1866,buy,35921,92.174549,1702366,1149309,4870593,0.2037,buy,60455,62.309832,967394,1103652,-1.41
2014-05-09,23928125,164,False,,7372356,0.3081,buy,48076,100.046061,1741978,2562541,7242925,0.3027,buy,91538,51.376393,2179076,2540033,4457796,0.1863,buy,35921,92.174549,1702366,1146794,4854884,0.2029,buy,60455,62.309832,967394,1087943,-1.33
2014-05-12,24129761,164,False,,7444134,0.3085,buy,48076,100.046061,1741978,2634319,7362250,0.3051,buy,91538,51.376393,2179076,2659358,4487970,0.186,buy,35921,92.174549,1702366,1176968,4835243,0.2004,buy,60455,62.309832,967394,1068302,-0.5
2014-05-13,24171124,164,False,,7450801,0.3083,buy,48076,100.046061,1741978,2640986,7367259,0.3048,buy,91538,51.376393,2179076,2664366,4475757,0.1852,buy,35921,92.174549,1702366,1164755,4877145,0.2018,buy,60455,62.309832,967394,1110204,-0.33
2014-05-14,24193707,164,False,,7415500,0.3065,buy,48076,100.046061,1741978,2605686,7328874,0.3029,buy,91538,51.376393,2179076,2625982,4519221,0.1868,buy,35921,92.174549,1702366,1208219,4929948,0.2038,buy,60455,62.309832,967394,1163007,-0.24
2014-05-15,24072943,164,False,,7350390,0.3053,buy,48076,100.046061,1741978,2540576,7271296,0.3021,buy,91538,51.376393,2179076,2568403,4481863,0.1862,buy,35921,92.174549,1702366,1170861,4969230,0.2064,buy,60455,62.309832,967394,1202289,-0.74
2014-05-16,24122340,164,False,,7375887,0.3058,buy,48076,100.046061,1741978,2566072,7318861,0.3034,buy,91538,51.376393,2179076,2615969,4472164,0.1854,buy,35921,92.174549,1702366,1161163,4955264,0.2054,buy,60455,62.309832,967394,1188323,-0.53
2014-05-19,24166520,164,False,,7402952,0.3063,buy,48076,100.046061,1741978,2593138,7369762,0.305,buy,91538,51.376393,2179076,2666870,4475038,0.1852,buy,35921,92.174549,1702366,1164036,4918604,0.2035,buy,60455,62.309832,967394,1151663,-0.35
2014-05-20,24107999,164,False,,7356272,0.3051,buy,48076,100.046061,1741978,2546458,7343060,0.3046,buy,91538,51.376393,2179076,2640168,4478990,0.1858,buy,35921,92.174549,1702366,1167988,4929513,0.2045,buy,60455,62.309832,967394,1162572,-0.59
2014-05-21,24199180,164,False,,7418249,0.3065,buy,48076,100.046061,1741978,2608434,7413153,0.3063,buy,91538,51.376393,2179076,2710260,4468213,0.1846,buy,35921,92.174549,1702366,1157211,4899401,0.2025,buy,60455,62.309832,967394,1132461,-0.22
2014-05-22,24252833,164,False,,7436288,0.3066,buy,48076,100.046061,1741978,2626473,7445693,0.307,buy,91538,51.376393,2179076,2742801,4478271,0.1846,buy,35921,92.174549,1702366,1167269,4892417,0.2017,buy,60455,62.309832,967394,1125477,0.0
2014-05-23,24357323,164,False,,7466099,0.3065,buy,48076,100.046061,1741978,2656284,7499933,0.3079,buy,91538,51.376393,2179076,2797040,4472524,0.1836,buy,35921,92.174549,1702366,1161522,4918604,0.2019,buy,60455,62.309832,967394,1151663,0.0
2014-05-27,24429926,164,False,,7511989,0.3075,buy,48076,100.046061,1741978,2702175,7593391,0.3108,buy,91538,51.376393,2179076,2890499,4376974,0.1792,buy,35921,92.174549,1702366,1065972,4947407,0.2025,buy,60455,62.309832,967394,1180466,0.0
2014-05-28,24438823,164,False,,7506499,0.3072,buy,48076,100.046061,1741978,2696685,7570025,0.3098,buy,91538,51.376393,2179076,2867132,4353625,0.1781,buy,35921,92.174549,1702366,1042623,5008510,0.2049,buy,60455,62.309832,967394,1241569,0.0
2014-05-29,24490087,164,False,,7545329,0.3081,buy,48076,100.046061,1741978,2735514,7618424,0.3111,buy,91538,51.376393,2179076,2915532,4344286,0.1774,buy,35921,92.174549,1702366,1033284,4981885,0.2034,buy,60455,62.309832,967394,1214944,0.0
2014-05-30,24482577,164,False,,7557489,0.3087,buy,48076,100.046061,1741978,2747675,7619256,0.3112,buy,91538,51.376393,2179076,2916364,4325966,0.1767,buy,35921,92.174549,1702366,1014964,4979702,0.2034,buy,60455,62.309832,967394,1212761,-0.03
2014-06-02,24420458,164,False,,7566117,0.3098,buy,48076,100.046061,1741978,2756303,7611749,0.3117,buy,91538,51.376393,2179076,2908856,4299744,0.1761,buy,35921,92.174549,1702366,988742,4942685,0.2024,buy,60455,62.309832,967394,1175744,-0.28
2014-06-03,24360528,22,True,monthly,7321059,0.3005,buy,46543,100.046061,1828558,2664615,7321157,0.3005,buy,88082,51.376393,2287095,2795822,4894728,0.2009,buy,40786,95.504239,1702366,999492,4823561,0.198,buy,59733,62.309832,980972,1101608,-0.53
2014-06-04,24391144,22,False,,7335869,0.3008,buy,46543,100.046061,1828558,2679425,7348457,0.3013,buy,88082,51.376393,2287095,2823121,4884531,0.2003,buy,40786,95.504239,1702366,989296,4822264,0.1977,buy,59733,62.309832,980972,1100311,-0.4
2014-06-05,24539684,22,False,,7383714,0.3009,buy,46543,100.046061,1828558,2727270,7410283,0.302,buy,88082,51.376393,2287095,2884948,4921239,0.2005,buy,40786,95.504239,1702366,1026003,4824426,0.1966,buy,59733,62.309832,980972,1102473,0.0
2014-06-06,24615515,22,False,,7419030,0.3014,buy,46543,100.046061,1828558,2762586,7452837,0.3028,buy,88082,51.376393,2287095,2927502,4919200,0.1998,buy,40786,95.504239,1702366,1023964,4824426,0.196,buy,59733,62.309832,980972,1102473,0.0
2014-06-09,24612199,22,False,,7426620,0.3017,buy,46543,100.046061,1828558,2770176,7447218,0.3026,buy,88082,51.376393,2287095,2921882,4920831,0.1999,buy,40786,95.504239,1702366,1025595,4817508,0.1957,buy,59733,62.309832,980972,1095555,-0.01
2014-06-10,24638263,22,False,,7427380,0.3015,buy,46543,100.046061,1828558,2770937,7460064,0.3028,buy,88082,51.376393,2287095,2934728,4951012,0.2009,buy,40786,95.504239,1702366,1055777,4799783,0.1948,buy,59733,62.309832,980972,1077830,0.0
2014-06-11,24620296,22,False,,7401560,0.3006,buy,46543,100.046061,1828558,2745116,7458457,0.3029,buy,88082,51.376393,2287095,2933121,4951828,0.2011,buy,40786,95.504239,1702366,1056593,4808429,0.1953,buy,59733,62.309832,980972,1086476,-0.07
2014-06-12,24593423,22,False,,7349159,0.2988,buy,46543,100.046061,1828558,2692715,7391015,0.3005,buy,88082,51.376393,2287095,2865679,5001995,0.2034,buy,40786,95.504239,1702366,1106759,4851231,0.1973,buy,59733,62.309832,980972,1129278,-0.18
2014-06-13,24647959,22,False,,7371564,0.2991,buy,46543,100.046061,1828558,2715120,7412692,0.3007,buy,88082,51.376393,2287095,2887356,5015047,0.2035,buy,40786,95.504239,1702366,1119811,4848635,0.1967,buy,59733,62.309832,980972,1126681,0.0
2014-06-16,24650538,22,False,,7377636,0.2993,buy,46543,100.046061,1828558,2721193,7419114,0.301,buy,88082,51.376393,2287095,2893778,4993022,0.2026,buy,40786,95.504239,1702366,1097786,4860744,0.1972,buy,59733,62.309832,980972,1138791,0.0
2014-06-17,24630870,22,False,,7398143,0.3004,buy,46543,100.046061,1828558,2741699,7423128,0.3014,buy,88082,51.376393,2287095,2897793,4987312,0.2025,buy,40786,95.504239,1702366,1092076,4822264,0.1958,buy,59733,62.309832,980972,1100311,-0.08
2014-06-18,24780013,22,False,,7452443,0.3007,buy,46543,100.046061,1828558,2795999,7464883,0.3012,buy,88082,51.376393,2287095,2939548,5003219,0.2019,buy,40786,95.504239,1702366,1107983,4859446,0.1961,buy,59733,62.309832,980972,1137493,0.0
2014-06-19,24895444,22,False,,7460793,0.2997,buy,46543,100.046061,1828558,2804350,7460064,0.2997,buy,88082,51.376393,2287095,2934728,5177375,0.208,buy,40786,95.504239,1702366,1282139,4797189,0.1927,buy,59733,62.309832,980972,1075236,0.0
2014-06-20,24937744,22,False,,7475946,0.2998,buy,46543,100.046061,1828558,2819502,7468840,0.2995,buy,88082,51.376393,2287095,2943505,5159429,0.2069,buy,40786,95.504239,1702366,1264193,4833506,0.1938,buy,59733,62.309832,980972,1111553,0.0
2014-06-23,24936206,22,False,,7473656,0.2997,buy,46543,100.046061,1828558,2817212,7470449,0.2996,buy,88082,51.376393,2287095,2945114,5173704,0.2075,buy,40786,95.504239,1702366,1278468,4818374,0.1932,buy,59733,62.309832,980972,1096421,-0.01
2014-06-24,24938090,22,False,,7428631,0.2979,buy,46543,100.046061,1828558,2772187,7463203,0.2993,buy,88082,51.376393,2287095,2937867,5179006,0.2077,buy,40786,95.504239,1702366,1283771,4867227,0.1952,buy,59733,62.309832,980972,1145274,0.0
2014-06-25,25032114,22,False,,7462207,0.2981,buy,46543,100.046061,1828558,2805763,7510705,0.3,buy,88082,51.376393,2287095,2985370,5179414,0.2069,buy,40786,95.504239,1702366,1284178,4879766,0.1949,buy,59733,62.309832,980972,1157813,0.0
2014-06-26,25043543,22,False,,7456867,0.2978,buy,46543,100.046061,1828558,2800423,7514729,0.3001,buy,88082,51.376393,2287095,2989394,5168810,0.2064,buy,40786,95.504239,1702366,1273574,4903114,0.1958,buy,59733,62.309832,980972,1181161,0.0
2014-06-27,25080843,22,False,,7471366,0.2979,buy,46543,100.046061,1828558,2814922,7547738,0.3009,buy,88082,51.376393,2287095,3022403,5165955,0.206,buy,40786,95.504239,1702366,1270719,4895762,0.1952,buy,59733,62.309832,980972,1173809,0.0
2014-06-30,25158299,22,False,,7467549,0.2968,buy,46543,100.046061,1828558,2811106,7560620,0.3005,buy,88082,51.376393,2287095,3035284,5222239,0.2076,buy,40786,95.504239,1702366,1327003,4907868,0.1951,buy,59733,62.309832,980972,1185914,0.0
2014-07-01,25236247,22,False,,7517533,0.2979,buy,46543,100.046061,1828558,2861089,7643544,0.3029,buy,88082,51.376393,2287095,3118209,5208372,0.2064,buy,40786,95.504239,1702366,1313136,4866775,0.1928,buy,59733,62.309832,980972,1144822,0.0
2014-07-02,25204747,22,False,,7525164,0.2986,buy,46543,100.046061,1828558,2868720,7656425,0.3038,buy,88082,51.376393,2287095,3131090,5208372,0.2066,buy,40786,95.504239,1702366,1313136,4814763,0.191,buy,59733,62.309832,980972,1092810,-0.12
2014-07-03,25250700,22,False,,7562172,0.2995,buy,46543,100.046061,1828558,2905728,7704731,0.3051,buy,88082,51.376393,2287095,3179395,5186348,0.2054,buy,40786,95.504239,1702366,1291112,4797426,0.19,buy,59733,62.309832,980972,1075473,0.0
2014-07-07,25230426,22,False,,7535846,0.2987,buy,46543,100.046061,1828558,2879402,7681385,0.3044,buy,88082,51.376393,2287095,3156049,5180638,0.2053,buy,40786,95.504239,1702366,1285402,4832536,0.1915,buy,59733,62.309832,980972,1110582,-0.08
2014-07-08,25145598,22,False,,7487389,0.2978,buy,46543,100.046061,1828558,2830945,7588798,0.3018,buy,88082,51.376393,2287095,3063463,5182677,0.2061,buy,40786,95.504239,1702366,1287441,4886712,0.1943,buy,59733,62.309832,980972,1164759,-0.42
2014-07-09,25270837,22,False,,7520965,0.2976,buy,46543,100.046061,1828558,2864521,7645154,0.3025,buy,88082,51.376393,2287095,3119819,5214082,0.2063,buy,40786,95.504239,1702366,1318846,4890613,0.1935,buy,59733,62.309832,980972,1168660,0.0
2014-07-10,25246776,22,False,,7491205,0.2967,buy,46543,100.046061,1828558,2834761,7621001,0.3019,buy,88082,51.376393,2287095,3095666,5242632,0.2077,buy,40786,95.504239,1702366,1347396,4891914,0.1938,buy,59733,62.309832,980972,1169961,-0.1
2014-07-11,25347186,22,False,,7501507,0.296,buy,46543,100.046061,1828558,2845063,7670112,0.3026,buy,88082,51.376393,2287095,3144777,5252421,0.2072,buy,40786,95.504239,1702366,1357185,4923124,0.1942,buy,59733,62.309832,980972,1201170,0.0
2014-07-14,25284811,22,False,,7539281,0.2982,buy,46543,100.046061,1828558,2882838,7716003,0.3052,buy,88082,51.376393,2287095,3190668,5127616,0.2028,buy,40786,95.504239,1702366,1232380,4901888,0.1939,buy,59733,62.309832,980972,1179935,-0.25
2014-07-15,25185618,22,False,,7525164,0.2988,buy,46543,100.046061,1828558,2868720,7689437,0.3053,buy,88082,51.376393,2287095,3164102,5079081,0.2017,buy,40786,95.504239,1702366,1183845,4891914,0.1942,buy,59733,62.309832,980972,1169961,-0.64
2014-07-16,25288018,22,False,,7553017,0.2987,buy,46543,100.046061,1828558,2896573,7720029,0.3053,buy,88082,51.376393,2287095,3194693,5097026,0.2016,buy,40786,95.504239,1702366,1201791,4917923,0.1945,buy,59733,62.309832,980972,1195970,-0.23
2014-07-17,25248371,22,False,,7467169,0.2957,buy,46543,100.046061,1828558,2810726,7617782,0.3017,buy,88082,51.376393,2287095,3092446,5183493,0.2053,buy,40786,95.504239,1702366,1288257,4979905,0.1972,buy,59733,62.309832,980972,1257952,-0.39
2014-07-18,25390251,22,False,,7543476,0.2971,buy,46543,100.046061,1828558,2887033,7738547,0.3048,buy,88082,51.376393,2287095,3213211,5144338,0.2026,buy,40786,95.504239,1702366,1249102,4963867,0.1955,buy,59733,62.309832,980972,1241914,0.0
2014-07-21,25399743,22,False,,7529358,0.2964,buy,46543,100.046061,1828558,2872914,7728885,0.3043,buy,88082,51.376393,2287095,3203550,5152903,0.2029,buy,40786,95.504239,1702366,1257667,4988574,0.1964,buy,59733,62.309832,980972,1266621,0.0
2014-07-22,25467601,22,False,,7562172,0.2969,buy,46543,100.046061,1828558,2905728,7777996,0.3054,buy,88082,51.376393,2287095,3252661,5128432,0.2014,buy,40786,95.504239,1702366,1233196,4998979,0.1963,buy,59733,62.309832,980972,1277026,0.0
2014-07-23,25522910,22,False,,7578962,0.2969,buy,46543,100.046061,1828558,2922518,7827912,0.3067,buy,88082,51.376393,2287095,3302577,5123537,0.2007,buy,40786,95.504239,1702366,1228302,4992476,0.1956,buy,59733,62.309832,980972,1270523,0.0
2014-07-24,25425360,22,False,,7579343,0.2981,buy,46543,100.046061,1828558,2922899,7819054,0.3075,buy,88082,51.376393,2287095,3293719,5071739,0.1995,buy,40786,95.504239,1702366,1176503,4955201,0.1949,buy,59733,62.309832,980972,1233248,-0.38
2014-07-25,25476530,22,False,,7543859,0.2961,buy,46543,100.046061,1828558,2887415,7788462,0.3057,buy,88082,51.376393,2287095,3263127,5130471,0.2014,buy,40786,95.504239,1702366,1235235,5013715,0.1968,buy,59733,62.309832,980972,1291762,-0.18
2014-07-28,25466493,22,False,,7546912,0.2963,buy,46543,100.046061,1828558,2890468,7790874,0.3059,buy,88082,51.376393,2287095,3265539,5121906,0.2011,buy,40786,95.504239,1702366,1226670,5006779,0.1966,buy,59733,62.309832,980972,1284825,-0.22
2014-07-29,25423083,22,False,,7514480,0.2956,buy,46543,100.046061,1828558,2858036,7777189,0.3059,buy,88082,51.376393,2287095,3251854,5106407,0.2009,buy,40786,95.504239,1702366,1211171,5024984,0.1977,buy,59733,62.309832,980972,1303031,-0.39
2014-07-30,25369947,22,False,,7515624,0.2962,buy,46543,100.046061,1828558,2859180,7807783,0.3078,buy,88082,51.376393,2287095,3282448,5091316,0.2007,buy,40786,95.504239,1702366,1196081,4955201,0.1953,buy,59733,62.309832,980972,1233248,-0.6
2014-07-31,24990260,22,False,,7367205,0.2948,buy,46543,100.046061,1828558,2710761,7649985,0.3061,buy,88082,51.376393,2287095,3124649,5032584,0.2014,buy,40786,95.504239,1702366,1137349,4940464,0.1977,buy,59733,62.309832,980972,1218510,-2.09
2014-08-01,25018191,22,False,,7344694,0.2936,buy,46543,100.046061,1828558,2688250,7621807,0.3047,buy,88082,51.376393,2287095,3096471,5072963,0.2028,buy,40786,95.504239,1702366,1177727,4978706,0.199,buy,59733,62.309832,980972,1256753,-1.98
2014-08-04,25094614,22,False,,7397729,0.2948,buy,46543,100.046061,1828558,2741285,7674136,0.3058,buy,88082,51.376393,2287095,3148801,5057056,0.2015,buy,40786,95.504239,1702366,1161820,4965670,0.1979,buy,59733,62.309832,980972,1243717,-1.68
2014-08-05,24975296,22,False,,7325997,0.2933,buy,46543,100.046061,1828558,2669553,7615364,0.3049,buy,88082,51.376393,2287095,3090028,5052162,0.2023,buy,40786,95.504239,1702366,1156926,4981750,0.1995,buy,59733,62.309832,980972,1259797,-2.15
2014-08-06,25048411,22,False,,7328289,0.2926,buy,46543,100.046061,1828558,2671845,7609731,0.3038,buy,88082,51.376393,2287095,3084396,5125577,0.2046,buy,40786,95.504239,1702366,1230341,4984792,0.199,buy,59733,62.309832,980972,1262838,-1.86
2014-08-07,25051879,22,False,,7288609,0.2909,buy,46543,100.046061,1828558,2632165,7585577,0.3028,buy,88082,51.376393,2287095,3060242,5146377,0.2054,buy,40786,95.504239,1702366,1251142,5031293,0.2008,buy,59733,62.309832,980972,1309340,-1.85
2014-08-08,25180490,22,False,,7372929,0.2928,buy,46543,100.046061,1828558,2716485,7640325,0.3034,buy,88082,51.376393,2287095,3114989,5146785,0.2044,buy,40786,95.504239,1702366,1251550,5020429,0.1994,buy,59733,62.309832,980972,1298476,-1.34
2014-08-11,25237124,22,False,,7394295,0.293,buy,46543,100.046061,1828558,2737851,7685411,0.3045,buy,88082,51.376393,2287095,3160076,5137405,0.2036,buy,40786,95.504239,1702366,1242169,5019991,0.1989,buy,59733,62.309832,980972,1298038,-1.12
2014-08-12,25192233,22,False,,7383993,0.2931,buy,46543,100.046061,1828558,2727550,7682188,0.3049,buy,88082,51.376393,2287095,3156852,5138628,0.204,buy,40786,95.504239,1702366,1243392,4987401,0.198,buy,59733,62.309832,980972,1265448,-1.3
2014-08-13,25364684,22,False,,7433973,0.2931,buy,46543,100.046061,1828558,2777529,7763504,0.3061,buy,88082,51.376393,2287095,3238169,5147193,0.2029,buy,40786,95.504239,1702366,1251957,5019991,0.1979,buy,59733,62.309832,980972,1298038,-0.62
2014-08-14,25484947,22,False,,7469076,0.2931,buy,46543,100.046061,1828558,2812632,7803757,0.3062,buy,88082,51.376393,2287095,3278421,5151680,0.2021,buy,40786,95.504239,1702366,1256444,5060412,0.1986,buy,59733,62.309832,980972,1338458,-0.15
2014-08-15,25542600,22,False,,7467549,0.2924,buy,46543,100.046061,1828558,2811106,7841596,0.307,buy,88082,51.376393,2287095,3316261,5117827,0.2004,buy,40786,95.504239,1702366,1222592,5115604,0.2003,buy,59733,62.309832,980972,1393651,0.0
2014-08-18,25593501,22,False,,7530123,0.2942,buy,46543,100.046061,1828558,2873679,7901979,0.3087,buy,88082,51.376393,2287095,3376644,5096619,0.1991,buy,40786,95.504239,1702366,1201383,5064758,0.1979,buy,59733,62.309832,980972,1342805,0.0
2014-08-19,25650012,22,False,,7569423,0.2951,buy,46543,100.046061,1828558,2912979,7946259,0.3098,buy,88082,51.376393,2287095,3420923,5085198,0.1983,buy,40786,95.504239,1702366,1189963,5049110,0.1968,buy,59733,62.309832,980972,1327156,0.0
2014-08-20,25643213,22,False,,7589642,0.296,buy,46543,100.046061,1828558,2933198,7946259,0.3099,buy,88082,51.376393,2287095,3420923,5066437,0.1976,buy,40786,95.504239,1702366,1171201,5040853,0.1966,buy,59733,62.309832,980972,1318900,-0.03
2014-08-21,25655040,22,False,,7611773,0.2967,buy,46543,100.046061,1828558,2955329,7962359,0.3104,buy,88082,51.376393,2287095,3437023,5011784,0.1954,buy,40786,95.504239,1702366,1116548,5069102,0.1976,buy,59733,62.309832,980972,1347149,0.0
2014-08-22,25696186,22,False,,7599946,0.2958,buy,46543,100.046061,1828558,2943502,7974439,0.3103,buy,88082,51.376393,2287095,3449104,5024427,0.1955,buy,40786,95.504239,1702366,1129192,5097352,0.1984,buy,59733,62.309832,980972,1375398,0.0
2014-08-25,25763668,22,False,,7638481,0.2965,buy,46543,100.046061,1828558,2982037,8002617,0.3106,buy,88082,51.376393,2287095,3477282,5006074,0.1943,buy,40786,95.504239,1702366,1110838,5116474,0.1986,buy,59733,62.309832,980972,1394521,0.0
2014-08-26,25785041,22,False,,7643444,0.2964,buy,46543,100.046061,1828558,2987000,8010666,0.3107,buy,88082,51.376393,2287095,3485330,5030953,0.1951,buy,40786,95.504239,1702366,1135717,5099956,0.1978,buy,59733,62.309832,980972,1378003,0.0
2014-08-27,25825839,22,False,,7640390,0.2958,buy,46543,100.046061,1828558,2983946,8012277,0.3102,buy,88082,51.376393,2287095,3486942,5029730,0.1948,buy,40786,95.504239,1702366,1134494,5143420,0.1992,buy,59733,62.309832,980972,1421466,0.0
2014-08-28,25867468,22,False,,7636195,0.2952,buy,46543,100.046061,1828558,2979751,8003423,0.3094,buy,88082,51.376393,2287095,3478087,5057464,0.1955,buy,40786,95.504239,1702366,1162228,5170364,0.1999,buy,59733,62.309832,980972,1448411,0.0
2014-08-29,25916764,22,False,,7657940,0.2955,buy,46543,100.046061,1828558,3001496,8033209,0.31,buy,88082,51.376393,2287095,3507874,5051754,0.1949,buy,40786,95.504239,1702366,1156518,5173839,0.1996,buy,59733,62.309832,980972,1451886,0.0
2014-09-02,25756908,22,False,,7654124,0.2972,buy,46543,100.046061,1828558,2997680,8056558,0.3128,buy,88082,51.376393,2287095,3531222,4961617,0.1926,buy,40786,95.504239,1702366,1066381,5084587,0.1974,buy,59733,62.309832,980972,1362633,-0.62
2014-09-03,25753919,22,False,,7649928,0.297,buy,46543,100.046061,1828558,2993484,8009058,0.311,buy,88082,51.376393,2287095,3483723,4982010,0.1934,buy,40786,95.504239,1702366,1086774,5112901,0.1985,buy,59733,62.309832,980972,1390948,-0.63
2014-09-04,25645985,22,False,,7638861,0.2979,buy,46543,100.046061,1828558,2982417,8001809,0.312,buy,88082,51.376393,2287095,3476473,4954683,0.1932,buy,40786,95.504239,1702366,1059448,5050610,0.1969,buy,59733,62.309832,980972,1328657,-1.04
2014-09-05,25734656,22,False,,7673201,0.2982,buy,46543,100.046061,1828558,3016757,8042062,0.3125,buy,88082,51.376393,2287095,3516727,4978339,0.1934,buy,40786,95.504239,1702366,1083103,5041031,0.1959,buy,59733,62.309832,980972,1319078,-0.7
2014-09-08,25678046,22,False,,7653362,0.2981,buy,46543,100.046061,1828558,2996918,8057361,0.3138,buy,88082,51.376393,2287095,3532026,4924094,0.1918,buy,40786,95.504239,1702366,1028858,5043207,0.1964,buy,59733,62.309832,980972,1321253,-0.92
2014-09-09,25564555,22,False,,7604905,0.2975,buy,46543,100.046061,1828558,2948461,7990537,0.3126,buy,88082,51.376393,2287095,3465202,4929804,0.1928,buy,40786,95.504239,1702366,1034568,5039286,0.1971,buy,59733,62.309832,980972,1317333,-1.36
2014-09-10,25602513,22,False,,7633521,0.2982,buy,46543,100.046061,1828558,2977077,8056558,0.3147,buy,88082,51.376393,2287095,3531222,4904924,0.1916,buy,40786,95.504239,1702366,1009689,5007488,0.1956,buy,59733,62.309832,980972,1285534,-1.21
2014-09-11,25556080,22,False,,7642297,0.299,buy,46543,100.046061,1828558,2985853,8050118,0.315,buy,88082,51.376393,2287095,3524783,4872703,0.1907,buy,40786,95.504239,1702366,977468,4990939,0.1953,buy,59733,62.309832,980972,1268986,-1.39
2014-09-12,25373649,22,False,,7597655,0.2994,buy,46543,100.046061,1828558,2941211,8009058,0.3156,buy,88082,51.376393,2287095,3483723,4828247,0.1903,buy,40786,95.504239,1702366,933011,4938667,0.1946,buy,59733,62.309832,980972,1216714,-2.1
2014-09-15,25308646,22,False,,7591932,0.3,buy,46543,100.046061,1828558,2935488,7931767,0.3134,buy,88082,51.376393,2287095,3406431,4838851,0.1912,buy,40786,95.504239,1702366,943615,4946074,0.1954,buy,59733,62.309832,980972,1224121,-2.35
2014-09-16,25422828,22,False,,7649163,0.3009,buy,46543,100.046061,1828558,2992719,8001004,0.3147,buy,88082,51.376393,2287095,3475669,4846600,0.1906,buy,40786,95.504239,1702366,951365,4926038,0.1938,buy,59733,62.309832,980972,1204085,-1.91
2014-09-17,25379960,22,False,,7659466,0.3018,buy,46543,100.046061,1828558,3003022,8013080,0.3157,buy,88082,51.376393,2287095,3487744,4793986,0.1889,buy,40786,95.504239,1702366,898751,4913405,0.1936,buy,59733,62.309832,980972,1191452,-2.07
2014-09-18,25506639,22,False,,7700293,0.3019,buy,46543,100.046061,1828558,3043850,8073462,0.3165,buy,88082,51.376393,2287095,3548127,4803775,0.1883,buy,40786,95.504239,1702366,908539,4929086,0.1932,buy,59733,62.309832,980972,1207133,-1.58
2014-09-19,25529276,22,False,,7693353,0.3014,buy,46543,100.046061,1828558,3036909,8068458,0.316,buy,88082,51.376393,2287095,3543122,4775633,0.1871,buy,40786,95.504239,1702366,880397,4991810,0.1955,buy,59733,62.309832,980972,1269857,-1.5
2014-09-22,25391118,22,False,,7633936,0.3007,buy,46543,100.046061,1828558,2977492,7993409,0.3148,buy,88082,51.376393,2287095,3468074,4765844,0.1877,buy,40786,95.504239,1702366,870608,4997906,0.1968,buy,59733,62.309832,980972,1275953,-2.03
2014-09-23,25387147,22,False,,7590238,0.299,buy,46543,100.046061,1828558,2933794,7971619,0.314,buy,88082,51.376393,2287095,3446284,4796434,0.1889,buy,40786,95.504239,1702366,901198,5028833,0.1981,buy,59733,62.309832,980972,1306880,-2.04
2014-09-24,25481793,22,False,,7649651,0.3002,buy,46543,100.046061,1828558,2993207,8057164,0.3162,buy,88082,51.376393,2287095,3531828,4774001,0.1873,buy,40786,95.504239,1702366,878766,5000955,0.1963,buy,59733,62.309832,980972,1279002,-1.68
2014-09-25,25261997,22,False,,7526222,0.2979,buy,46543,100.046061,1828558,2869779,7887690,0.3122,buy,88082,51.376393,2287095,3362354,4787868,0.1895,buy,40786,95.504239,1702366,892633,5060194,0.2003,buy,59733,62.309832,980972,1338241,-2.53
2014-09-26,25384862,22,False,,7586022,0.2988,buy,46543,100.046061,1828558,2929578,7971619,0.314,buy,88082,51.376393,2287095,3446284,4774409,0.1881,buy,40786,95.504239,1702366,879173,5052790,0.199,buy,59733,62.309832,980972,1330836,-2.05
2014-09-29,25399859,22,False,,7572221,0.2981,buy,46543,100.046061,1828558,2915778,7961129,0.3134,buy,88082,51.376393,2287095,3435794,4773186,0.1879,buy,40786,95.504239,1702366,877950,5093301,0.2005,buy,59733,62.309832,980972,1371347,-1.99
2014-09-30,25329027,22,False,,7552288,0.2982,buy,46543,100.046061,1828558,2895844,7972427,0.3148,buy,88082,51.376393,2287095,3447092,4739741,0.1871,buy,40786,95.504239,1702366,844505,5064549,0.2,buy,59733,62.309832,980972,1342596,-2.27
2014-10-01,25220222,22,False,,7449942,0.2954,buy,46543,100.046061,1828558,2793498,7844919,0.3111,buy,88082,51.376393,2287095,3319583,4762581,0.1888,buy,40786,95.504239,1702366,867345,5162758,0.2047,buy,59733,62.309832,980972,1440805,-2.69
2014-10-02,25175171,22,False,,7451091,0.296,buy,46543,100.046061,1828558,2794648,7844919,0.3116,buy,88082,51.376393,2287095,3319583,4761358,0.1891,buy,40786,95.504239,1702366,866122,5117780,0.2033,buy,59733,62.309832,980972,1395827,-2.86
2014-10-03,25269636,22,False,,7533125,0.2981,buy,46543,100.046061,1828558,2876682,7922390,0.3135,buy,88082,51.376393,2287095,3397055,4674484,0.185,buy,40786,95.504239,1702366,779248,5139615,0.2034,buy,59733,62.309832,980972,1417661,-2.5
2014-10-06,25304840,22,False,,7524304,0.2973,buy,46543,100.046061,1828558,2867860,7905444,0.3124,buy,88082,51.376393,2287095,3380109,4732400,0.187,buy,40786,95.504239,1702366,837164,5142670,0.2032,buy,59733,62.309832,980972,1420717,-2.36
2014-10-07,25159414,22,False,,7408158,0.2944,buy,46543,100.046061,1828558,2751714,7793271,0.3098,buy,88082,51.376393,2287095,3267936,4745859,0.1886,buy,40786,95.504239,1702366,850623,5212104,0.2072,buy,59733,62.309832,980972,1490151,-2.92
2014-10-08,25487280,22,False,,7537725,0.2957,buy,46543,100.046061,1828558,2881281,7944990,0.3117,buy,88082,51.376393,2287095,3419655,4791131,0.188,buy,40786,95.504239,1702366,895896,5213411,0.2045,buy,59733,62.309832,980972,1491458,-1.66
2014-10-09,25193692,22,False,,7388224,0.2933,buy,46543,100.046061,1828558,2731780,7816674,0.3103,buy,88082,51.376393,2287095,3291339,4798065,0.1904,buy,40786,95.504239,1702366,902829,5190707,0.206,buy,59733,62.309832,980972,1468753,-2.79
2014-10-10,24963554,22,False,,7303893,0.2926,buy,46543,100.046061,1828558,2647449,7621378,0.3053,buy,88082,51.376393,2287095,3096042,4796026,0.1921,buy,40786,95.504239,1702366,900790,5242235,0.21,buy,59733,62.309832,980972,1520282,-3.68
2014-10-13,24793946,22,False,,7183913,0.2897,buy,46543,100.046061,1828558,2527469,7501942,0.3026,buy,88082,51.376393,2287095,2976607,4833957,0.195,buy,40786,95.504239,1702366,938721,5274111,0.2127,buy,59733,62.309832,980972,1552158,-4.33
2014-10-14,24843218,22,False,,7195029,0.2896,buy,46543,100.046061,1828558,2538585,7502750,0.302,buy,88082,51.376393,2287095,2977414,4836812,0.1947,buy,40786,95.504239,1702366,941576,5308605,0.2137,buy,59733,62.309832,980972,1586652,-4.14
2014-10-15,24804344,22,False,,7146344,0.2881,buy,46543,100.046061,1828558,2489900,7454327,0.3005,buy,88082,51.376393,2287095,2928992,4853126,0.1957,buy,40786,95.504239,1702366,957890,5350525,0.2157,buy,59733,62.309832,980972,1628571,-4.29
2014-10-16,24726730,22,False,,7140214,0.2888,buy,46543,100.046061,1828558,2483770,7407521,0.2996,buy,88082,51.376393,2287095,2882185,4862507,0.1966,buy,40786,95.504239,1702366,967271,5316467,0.215,buy,59733,62.309832,980972,1594513,-4.59
2014-10-17,24869635,22,False,,7224545,0.2905,buy,46543,100.046061,1828558,2568101,7505170,0.3018,buy,88082,51.376393,2287095,2979835,4853126,0.1951,buy,40786,95.504239,1702366,957890,5286772,0.2126,buy,59733,62.309832,980972,1564818,-4.04
2014-10-20,25104207,22,False,,7294693,0.2906,buy,46543,100.046061,1828558,2638249,7617344,0.3034,buy,88082,51.376393,2287095,3092008,4886163,0.1946,buy,40786,95.504239,1702366,990927,5305985,0.2114,buy,59733,62.309832,980972,1584032,-3.14
2014-10-21,25415476,22,False,,7439206,0.2927,buy,46543,100.046061,1828558,2782763,7817480,0.3076,buy,88082,51.376393,2287095,3292145,4895136,0.1926,buy,40786,95.504239,1702366,999900,5263631,0.2071,buy,59733,62.309832,980972,1541677,-1.93
2014-10-22,25300174,22,False,,7386311,0.2919,buy,46543,100.046061,1828558,2729868,7777130,0.3074,buy,88082,51.376393,2287095,3251795,4867401,0.1924,buy,40786,95.504239,1702366,972165,5269309,0.2083,buy,59733,62.309832,980972,1547355,-2.38
2014-10-23,25422883,22,False,,7472174,0.2939,buy,46543,100.046061,1828558,2815730,7894148,0.3105,buy,88082,51.376393,2287095,3368813,4833957,0.1901,buy,40786,95.504239,1702366,938721,5222582,0.2054,buy,59733,62.309832,980972,1500628,-1.91
2014-10-24,25543250,22,False,,7529671,0.2948,buy,46543,100.046061,1828558,2873227,7958710,0.3116,buy,88082,51.376393,2287095,3433374,4827023,0.189,buy,40786,95.504239,1702366,931787,5227823,0.2047,buy,59733,62.309832,980972,1505870,-1.44
2014-10-27,25536323,22,False,,7519323,0.2945,buy,46543,100.046061,1828558,2862879,7964355,0.3119,buy,88082,51.376393,2287095,3439019,4815195,0.1886,buy,40786,95.504239,1702366,919959,5237428,0.2051,buy,59733,62.309832,980972,1515475,-1.47
2014-10-28,25711698,22,False,,7605569,0.2958,buy,46543,100.046061,1828558,2949125,8084598,0.3144,buy,88082,51.376393,2287095,3559262,4816827,0.1873,buy,40786,95.504239,1702366,921591,5204682,0.2024,buy,59733,62.309832,980972,1482729,-0.79
2014-10-29,25613205,22,False,,7594071,0.2965,buy,46543,100.046061,1828558,2937627,8054743,0.3145,buy,88082,51.376393,2287095,3529408,4747898,0.1854,buy,40786,95.504239,1702366,852663,5216470,0.2037,buy,59733,62.309832,980972,1494517,-1.17
2014-10-30,25633440,22,False,,7642753,0.2982,buy,46543,100.046061,1828558,2986309,8071690,0.3149,buy,88082,51.376393,2287095,3546354,4698139,0.1833,buy,40786,95.504239,1702366,802904,5220835,0.2037,buy,59733,62.309832,980972,1498882,-1.09
2014-10-31,25715479,22,False,,7730152,0.3006,buy,46543,100.046061,1828558,3073708,8183054,0.3182,buy,88082,51.376393,2287095,3657719,4594951,0.1787,buy,40786,95.504239,1702366,699715,5207299,0.2025,buy,59733,62.309832,980972,1485346,-0.78
2014-11-03,25723104,22,False,,7734368,0.3007,buy,46543,100.046061,1828558,3077925,8207264,0.3191,buy,88082,51.376393,2287095,3681929,4574150,0.1778,buy,40786,95.504239,1702366,678914,5207299,0.2024,buy,59733,62.309832,980972,1485346,-0.75
2014-11-04,25685129,7,True,monthly,7690149,0.2994,buy,46438,100.046061,1835403,3044210,7688195,0.2993,buy,82788,51.376393,2505363,3434846,5146073,0.2004,buy,45857,97.378854,1702366,680570,5160705,0.2009,buy,59015,62.309832,998879,1483491,-0.89
2014-11-05,25615679,7,False,,7738721,0.3021,buy,46438,100.046061,1835403,3092782,7688953,0.3002,buy,82788,51.376393,2505363,3435604,5034640,0.1965,buy,45857,97.378854,1702366,569138,5153358,0.2012,buy,59015,62.309832,998879,1476143,-1.16
2014-11-06,25641753,7,False,,7769698,0.303,buy,46438,100.046061,1835403,3123759,7713225,0.3008,buy,82788,51.376393,2505363,3459876,5038767,0.1965,buy,45857,97.378854,1702366,573265,5120056,0.1997,buy,59015,62.309832,998879,1442841,-1.06
2014-11-07,25842710,7,False,,7776966,0.3009,buy,46438,100.046061,1835403,3131027,7706399,0.2982,buy,82788,51.376393,2505363,3453050,5180465,0.2005,buy,45857,97.378854,1702366,714963,5178872,0.2004,buy,59015,62.309832,998879,1501658,-0.29
2014-11-10,25731815,7,False,,7801443,0.3032,buy,46438,100.046061,1835403,3155504,7733704,0.3006,buy,82788,51.376393,2505363,3480355,5065364,0.1969,buy,45857,97.378854,1702366,599862,5131297,0.1994,buy,59015,62.309832,998879,1454083,-0.71
2014-11-11,25839654,7,False,,7809093,0.3022,buy,46438,100.046061,1835403,3163154,7757975,0.3002,buy,82788,51.376393,2505363,3504626,5137818,0.1988,buy,45857,97.378854,1702366,672316,5134761,0.1987,buy,59015,62.309832,998879,1457546,-0.3
2014-11-12,25815808,7,False,,7800679,0.3022,buy,46438,100.046061,1835403,3154740,7771631,0.301,buy,82788,51.376393,2505363,3518282,5113056,0.1981,buy,45857,97.378854,1702366,647553,5130435,0.1987,buy,59015,62.309832,998879,1453220,-0.39
2014-11-13,25877880,7,False,,7809476,0.3018,buy,46438,100.046061,1835403,3163537,7805002,0.3016,buy,82788,51.376393,2505363,3551653,5120851,0.1979,buy,45857,97.378854,1702366,655349,5142544,0.1987,buy,59015,62.309832,998879,1465329,-0.15
2014-11-14,26057546,7,False,,7811387,0.2998,buy,46438,100.046061,1835403,3165448,7829277,0.3005,buy,82788,51.376393,2505363,3575928,5249251,0.2014,buy,45857,97.378854,1702366,783749,5167625,0.1983,buy,59015,62.309832,998879,1490410,0.0
2014-11-17,26006771,7,False,,7816359,0.3006,buy,46438,100.046061,1835403,3170420,7805763,0.3001,buy,82788,51.376393,2505363,3552414,5229991,0.2011,buy,45857,97.378854,1702366,764489,5154652,0.1982,buy,59015,62.309832,998879,1477437,-0.19
2014-11-18,26170440,7,False,,7861492,0.3004,buy,46438,100.046061,1835403,3215553,7864168,0.3005,buy,82788,51.376393,2505363,3610820,5275848,0.2016,buy,45857,97.378854,1702366,810346,5168926,0.1975,buy,59015,62.309832,998879,1491711,0.0
2014-11-19,26026480,7,False,,7848870,0.3016,buy,46438,100.046061,1835403,3202931,7828520,0.3008,buy,82788,51.376393,2505363,3575171,5213024,0.2003,buy,45857,97.378854,1702366,747522,5136059,0.1973,buy,59015,62.309832,998879,1458844,-0.55
2014-11-20,26156062,7,False,,7862639,0.3006,buy,46438,100.046061,1835403,3216700,7863409,0.3006,buy,82788,51.376393,2505363,3610060,5267135,0.2014,buy,45857,97.378854,1702366,801633,5162872,0.1974,buy,59015,62.309832,998879,1485657,-0.05
2014-11-21,26268742,7,False,,7904710,0.3009,buy,46438,100.046061,1835403,3258771,7878579,0.2999,buy,82788,51.376393,2505363,3625230,5291439,0.2014,buy,45857,97.378854,1702366,825937,5194008,0.1977,buy,59015,62.309832,998879,1516793,0.0
2014-11-24,26343843,7,False,,7926890,0.3009,buy,46438,100.046061,1835403,3280951,7940017,0.3014,buy,82788,51.376393,2505363,3686668,5278599,0.2004,buy,45857,97.378854,1702366,813097,5198329,0.1973,buy,59015,62.309832,998879,1521115,0.0
2014-11-25,26405880,7,False,,7921157,0.3,buy,46438,100.046061,1835403,3275218,7952156,0.3012,buy,82788,51.376393,2505363,3698807,5290981,0.2004,buy,45857,97.378854,1702366,825478,5241580,0.1985,buy,59015,62.309832,998879,1564365,0.0
2014-11-26,26481910,7,False,,7941425,0.2999,buy,46438,100.046061,1835403,3295486,8003733,0.3022,buy,82788,51.376393,2505363,3750384,5280892,0.1994,buy,45857,97.378854,1702366,815390,5255853,0.1985,buy,59015,62.309832,998879,1578638,0.0
2014-11-28,26403898,7,False,,7924596,0.3001,buy,46438,100.046061,1835403,3278657,8040898,0.3045,buy,82788,51.376393,2505363,3787549,5141028,0.1947,buy,45857,97.378854,1702366,675526,5297370,0.2006,buy,59015,62.309832,998879,1620155,-0.29
2014-12-01,26431879,7,False,,7869521,0.2977,buy,46438,100.046061,1835403,3223582,7949879,0.3008,buy,82788,51.376393,2505363,3696530,5346009,0.2023,buy,45857,97.378854,1702366,880507,5266463,0.1992,buy,59015,62.309832,998879,1589248,-0.19
2014-12-02,26397423,7,False,,7920389,0.3,buy,46438,100.046061,1835403,3274450,7981735,0.3024,buy,82788,51.376393,2505363,3728386,5279975,0.2,buy,45857,97.378854,1702366,814473,5215317,0.1976,buy,59015,62.309832,998879,1538103,-0.32
2014-12-03,26517373,7,False,,7950986,0.2998,buy,46438,100.046061,1835403,3305047,7996147,0.3015,buy,82788,51.376393,2505363,3742798,5334545,0.2012,buy,45857,97.378854,1702366,869043,5235688,0.1974,buy,59015,62.309832,998879,1558474,0.0
2014-12-04,26527929,7,False,,7942189,0.2994,buy,46438,100.046061,1835403,3296250,7992356,0.3013,buy,82788,51.376393,2505363,3739007,5313909,0.2003,buy,45857,97.378854,1702366,848407,5279468,0.199,buy,59015,62.309832,998879,1602254,0.0
2014-12-05,26444419,7,False,,7955192,0.3008,buy,46438,100.046061,1835403,3309253,7993112,0.3023,buy,82788,51.376393,2505363,3739763,5247417,0.1984,buy,45857,97.378854,1702366,781914,5248692,0.1985,buy,59015,62.309832,998879,1571477,-0.31
2014-12-08,26460428,7,False,,7902031,0.2986,buy,46438,100.046061,1835403,3256092,7936224,0.2999,buy,82788,51.376393,2505363,3682876,5309323,0.2007,buy,45857,97.378854,1702366,843821,5312843,0.2008,buy,59015,62.309832,998879,1635628,-0.25
2014-12-09,26617931,7,False,,7896677,0.2967,buy,46438,100.046061,1835403,3250738,7961256,0.2991,buy,82788,51.376393,2505363,3707907,5419839,0.2036,buy,45857,97.378854,1702366,954337,5340152,0.2006,buy,59015,62.309832,998879,1662937,0.0
2014-12-10,26394644,7,False,,7770083,0.2944,buy,46438,100.046061,1835403,3124144,7836103,0.2969,buy,82788,51.376393,2505363,3582754,5409292,0.2049,buy,45857,97.378854,1702366,943790,5379160,0.2038,buy,59015,62.309832,998879,1701945,-0.84
2014-12-11,26480933,7,False,,7809476,0.2949,buy,46438,100.046061,1835403,3163537,7873271,0.2973,buy,82788,51.376393,2505363,3619922,5396910,0.2038,buy,45857,97.378854,1702366,931408,5401269,0.204,buy,59015,62.309832,998879,1724054,-0.51
2014-12-12,26329418,7,False,,7683262,0.2918,buy,46438,100.046061,1835403,3037323,7787560,0.2958,buy,82788,51.376393,2505363,3534211,5384071,0.2045,buy,45857,97.378854,1702366,918568,5474520,0.2079,buy,59015,62.309832,998879,1797305,-1.08
2014-12-15,26046484,7,False,,7630485,0.293,buy,46438,100.046061,1835403,2984546,7707156,0.2959,buy,82788,51.376393,2505363,3453807,5245582,0.2014,buy,45857,97.378854,1702366,780080,5463254,0.2098,buy,59015,62.309832,998879,1786040,-2.15
2014-12-16,25954954,7,False,,7569292,0.2916,buy,46438,100.046061,1835403,2923353,7583518,0.2922,buy,82788,51.376393,2505363,3330170,5271262,0.2031,buy,45857,97.378854,1702366,805760,5530875,0.2131,buy,59015,62.309832,998879,1853660,-2.49
2014-12-17,26160362,7,False,,7717684,0.295,buy,46438,100.046061,1835403,3071745,7721569,0.2952,buy,82788,51.376393,2505363,3468220,5240079,0.2003,buy,45857,97.378854,1702366,774577,5481024,0.2095,buy,59015,62.309832,998879,1803809,-1.72
2014-12-18,26479872,7,False,,7908531,0.2987,buy,46438,100.046061,1835403,3262592,7907402,0.2986,buy,82788,51.376393,2505363,3654053,5280434,0.1994,buy,45857,97.378854,1702366,814932,5383499,0.2033,buy,59015,62.309832,998879,1706284,-0.52
2014-12-19,26603275,7,False,,7942183,0.2985,buy,46438,100.046061,1835403,3296244,7942196,0.2985,buy,82788,51.376393,2505363,3688847,5263008,0.1978,buy,45857,97.378854,1702366,797506,5455883,0.2051,buy,59015,62.309832,998879,1778668,-0.06
2014-12-22,26565173,7,False,,7978717,0.3003,buy,46438,100.046061,1835403,3332778,7961989,0.2997,buy,82788,51.376393,2505363,3708640,5161205,0.1943,buy,45857,97.378854,1702366,695703,5463254,0.2057,buy,59015,62.309832,998879,1786040,-0.2
2014-12-23,26448117,7,False,,7989487,0.3021,buy,46438,100.046061,1835403,3343548,7933819,0.3,buy,82788,51.376393,2505363,3680470,5169918,0.1955,buy,45857,97.378854,1702366,704416,5354887,0.2025,buy,59015,62.309832,998879,1677672,-0.64
2014-12-24,26486264,7,False,,7990255,0.3017,buy,46438,100.046061,1835403,3344316,7940674,0.2998,buy,82788,51.376393,2505363,3687325,5171294,0.1952,buy,45857,97.378854,1702366,705792,5384034,0.2033,buy,59015,62.309832,998879,1706819,-0.49
2014-12-26,26682815,7,False,,8016022,0.3004,buy,46438,100.046061,1835403,3370083,7997011,0.2997,buy,82788,51.376393,2505363,3743662,5265759,0.1973,buy,45857,97.378854,1702366,800257,5404016,0.2025,buy,59015,62.309832,998879,1726801,0.0
2014-12-29,26679261,7,False,,8026788,0.3009,buy,46438,100.046061,1835403,3380849,7995489,0.2997,buy,82788,51.376393,2505363,3742140,5212565,0.1954,buy,45857,97.378854,1702366,747063,5444412,0.2041,buy,59015,62.309832,998879,1767198,-0.01
2014-12-30,26667830,7,False,,7983717,0.2994,buy,46438,100.046061,1835403,3337778,7942196,0.2978,buy,82788,51.376393,2505363,3688847,5282726,0.1981,buy,45857,97.378854,1702366,817224,5459184,0.2047,buy,59015,62.309832,998879,1781969,-0.06
2014-12-31,26443279,7,False,,7904495,0.2989,buy,46438,100.046061,1835403,3258556,7860733,0.2973,buy,82788,51.376393,2505363,3607384,5208438,0.197,buy,45857,97.378854,1702366,742936,5469606,0.2068,buy,59015,62.309832,998879,1792391,-0.9
2015-01-02,26499189,7,False,,7900265,0.2981,buy,46438,100.046061,1835403,3254326,7837133,0.2957,buy,82788,51.376393,2505363,3583784,5231367,0.1974,buy,45857,97.378854,1702366,765865,5530418,0.2087,buy,59015,62.309832,998879,1853203,-0.69
2015-01-05,26407296,7,False,,7757586,0.2938,buy,46438,100.046061,1835403,3111647,7722171,0.2924,buy,82788,51.376393,2505363,3468822,5310241,0.2011,buy,45857,97.378854,1702366,844739,5617291,0.2127,buy,59015,62.309832,998879,1940077,-1.03
2015-01-06,26392429,7,False,,7684521,0.2912,buy,46438,100.046061,1835403,3038582,7618630,0.2887,buy,82788,51.376393,2505363,3365281,5370772,0.2035,buy,45857,97.378854,1702366,905270,5718500,0.2167,buy,59015,62.309832,998879,2041285,-1.09
2015-01-07,26543467,7,False,,7780279,0.2931,buy,46438,100.046061,1835403,3134340,7716842,0.2907,buy,82788,51.376393,2505363,3463493,5339131,0.2011,buy,45857,97.378854,1702366,873628,5707210,0.215,buy,59015,62.309832,998879,2029995,-0.52
2015-01-08,26731175,7,False,,7918339,0.2962,buy,46438,100.046061,1835403,3272400,7864540,0.2942,buy,82788,51.376393,2505363,3611192,5316661,0.1989,buy,45857,97.378854,1702366,851159,5631628,0.2107,buy,59015,62.309832,998879,1954413,0.0
2015-01-09,26738159,7,False,,7854885,0.2938,buy,46438,100.046061,1835403,3208946,7812768,0.2922,buy,82788,51.376393,2505363,3559419,5377192,0.2011,buy,45857,97.378854,1702366,911690,5693308,0.2129,buy,59015,62.309832,998879,2016093,0.0
2015-01-12,26687358,7,False,,7793354,0.292,buy,46438,100.046061,1835403,3147415,7731305,0.2897,buy,82788,51.376393,2505363,3477956,5436806,0.2037,buy,45857,97.378854,1702366,971304,5725885,0.2146,buy,59015,62.309832,998879,2048671,-0.19
2015-01-13,26644810,7,False,,7771431,0.2917,buy,46438,100.046061,1835403,3125493,7729023,0.2901,buy,82788,51.376393,2505363,3475674,5418463,0.2034,buy,45857,97.378854,1702366,952961,5725885,0.2149,buy,59015,62.309832,998879,2048671,-0.35
2015-01-14,26589987,7,False,,7724515,0.2905,buy,46438,100.046061,1835403,3078576,7686389,0.2891,buy,82788,51.376393,2505363,3433041,5409750,0.2035,buy,45857,97.378854,1702366,944248,5769325,0.217,buy,59015,62.309832,998879,2092111,-0.55
2015-01-15,26646466,7,False,,7653754,0.2872,buy,46438,100.046061,1835403,3007815,7586654,0.2847,buy,82788,51.376393,2505363,3333305,5545946,0.2081,buy,45857,97.378854,1702366,1080444,5860106,0.2199,buy,59015,62.309832,998879,2182891,-0.34
2015-01-16,26833656,7,False,,7754127,0.289,buy,46438,100.046061,1835403,3108188,7675730,0.286,buy,82788,51.376393,2505363,3422381,5618400,0.2094,buy,45857,97.378854,1702366,1152897,5785393,0.2156,buy,59015,62.309832,998879,2108178,0.0
2015-01-20,27065022,7,False,,7770663,0.2871,buy,46438,100.046061,1835403,3124724,7736635,0.2859,buy,82788,51.376393,2505363,3483286,5695439,0.2104,buy,45857,97.378854,1702366,1229937,5862279,0.2166,buy,59015,62.309832,998879,2185064,0.0
2015-01-21,27077450,7,False,,7809887,0.2884,buy,46438,100.046061,1835403,3163948,7776225,0.2872,buy,82788,51.376393,2505363,3522876,5696815,0.2104,buy,45857,97.378854,1702366,1231313,5794515,0.214,buy,59015,62.309832,998879,2117301,0.0
2015-01-22,27362495,7,False,,7926033,0.2897,buy,46438,100.046061,1835403,3280094,7920117,0.2895,buy,82788,51.376393,2505363,3666768,5742672,0.2099,buy,45857,97.378854,1702366,1277170,5773666,0.211,buy,59015,62.309832,998879,2096451,0.0
2015-01-23,27371052,7,False,,7882576,0.288,buy,46438,100.046061,1835403,3236637,7937627,0.29,buy,82788,51.376393,2505363,3684278,5696815,0.2081,buy,45857,97.378854,1702366,1231313,5854027,0.2139,buy,59015,62.309832,998879,2176812,0.0
2015-01-26,27305697,7,False,,7901031,0.2894,buy,46438,100.046061,1835403,3255092,7928492,0.2904,buy,82788,51.376393,2505363,3675143,5639952,0.2065,buy,45857,97.378854,1702366,1174450,5836214,0.2137,buy,59015,62.309832,998879,2159000,-0.24
2015-01-27,27069704,7,False,,7796817,0.288,buy,46438,100.046061,1835403,3150878,7722932,0.2853,buy,82788,51.376393,2505363,3469583,5704611,0.2107,buy,45857,97.378854,1702366,1239109,5845338,0.2159,buy,59015,62.309832,998879,2168123,-1.1
2015-01-28,26980748,7,False,,7696827,0.2853,buy,46438,100.046061,1835403,3050888,7683342,0.2848,buy,82788,51.376393,2505363,3429993,5659671,0.2098,buy,45857,97.378854,1702366,1194169,5940902,0.2202,buy,59015,62.309832,998879,2263687,-1.43
2015-01-29,26964670,7,False,,7767974,0.2881,buy,46438,100.046061,1835403,3122035,7757192,0.2877,buy,82788,51.376393,2505363,3503843,5537691,0.2054,buy,45857,97.378854,1702366,1072189,5901806,0.2189,buy,59015,62.309832,998879,2224591,-1.48
2015-01-30,27034878,7,False,,7670291,0.2837,buy,46438,100.046061,1835403,3024352,7697044,0.2847,buy,82788,51.376393,2505363,3443695,5661047,0.2094,buy,45857,97.378854,1702366,1195544,6006489,0.2222,buy,59015,62.309832,998879,2329275,-1.23
2015-02-02,27126961,7,False,,7765283,0.2863,buy,46438,100.046061,1835403,3119344,7764045,0.2862,buy,82788,51.376393,2505363,3510696,5613814,0.2069,buy,45857,97.378854,1702366,1148312,5983813,0.2206,buy,59015,62.309832,998879,2306598,-0.89
2015-02-03,27131022,77,True,monthly,8252471,0.3042,buy,48648,103.161126,1835403,3233889,8213792,0.3027,buy,86750,53.341568,2505363,3586411,5363120,0.1977,buy,44305,97.378854,1739608,1048750,5301561,0.1954,buy,53417,62.309832,1208441,1973157,-0.88
2015-02-04,27124957,77,False,,8221047,0.3031,buy,48648,103.161126,1835403,3202465,8206609,0.3025,buy,86750,53.341568,2505363,3579228,5386602,0.1986,buy,44305,97.378854,1739608,1072232,5310622,0.1958,buy,53417,62.309832,1208441,1982218,-0.9
2015-02-05,27229952,77,False,,8304041,0.305,buy,48648,103.161126,1835403,3285458,8277611,0.304,buy,86750,53.341568,2505363,3650230,5395906,0.1982,buy,44305,97.378854,1739608,1081536,5252318,0.1929,buy,53417,62.309832,1208441,1923913,-0.52
2015-02-06,26924190,77,False,,8281076,0.3076,buy,48648,103.161126,1835403,3262494,8227352,0.3056,buy,86750,53.341568,2505363,3599971,5256345,0.1952,buy,44305,97.378854,1739608,941975,5159340,0.1916,buy,53417,62.309832,1208441,1830936,-1.63
2015-02-09,26876008,77,False,,8244010,0.3067,buy,48648,103.161126,1835403,3225427,8201026,0.3051,buy,86750,53.341568,2505363,3573645,5279827,0.1965,buy,44305,97.378854,1739608,965457,5151068,0.1917,buy,53417,62.309832,1208441,1822664,-1.81
2015-02-10,27019492,77,False,,8331838,0.3084,buy,48648,103.161126,1835403,3313255,8328668,0.3082,buy,86750,53.341568,2505363,3701288,5248813,0.1943,buy,44305,97.378854,1739608,934443,5110095,0.1891,buy,53417,62.309832,1208441,1781691,-1.28
2015-02-11,27002068,77,False,,8336671,0.3087,buy,48648,103.161126,1835403,3318089,8358984,0.3096,buy,86750,53.341568,2505363,3731603,5186786,0.1921,buy,44305,97.378854,1739608,872416,5119550,0.1896,buy,53417,62.309832,1208441,1791146,-1.35
2015-02-12,27174591,77,False,,8416845,0.3097,buy,48648,103.161126,1835403,3398262,8456310,0.3112,buy,86750,53.341568,2505363,3828929,5198749,0.1913,buy,44305,97.378854,1739608,884378,5102611,0.1878,buy,53417,62.309832,1208441,1774207,-0.72
2015-02-13,27257793,77,False,,8451491,0.3101,buy,48648,103.161126,1835403,3432908,8528907,0.3129,buy,86750,53.341568,2505363,3901526,5227104,0.1918,buy,44305,97.378854,1739608,912734,5050214,0.1853,buy,53417,62.309832,1208441,1721810,-0.41
2015-02-17,27115749,77,False,,8464785,0.3122,buy,48648,103.161126,1835403,3446203,8536884,0.3148,buy,86750,53.341568,2505363,3909503,5139823,0.1896,buy,44305,97.378854,1739608,825453,4974179,0.1834,buy,53417,62.309832,1208441,1645775,-0.93
2015-02-18,27172690,77,False,,8465592,0.3115,buy,48648,103.161126,1835403,3447010,8548851,0.3146,buy,86750,53.341568,2505363,3921470,5154444,0.1897,buy,44305,97.378854,1739608,840073,5003726,0.1841,buy,53417,62.309832,1208441,1675321,-0.72
2015-02-19,27158111,77,False,,8459548,0.3115,buy,48648,103.161126,1835403,3440965,8591132,0.3163,buy,86750,53.341568,2505363,3963751,5136722,0.1891,buy,44305,97.378854,1739608,822352,4970632,0.183,buy,53417,62.309832,1208441,1642227,-0.78
2015-02-20,27251650,77,False,,8510312,0.3123,buy,48648,103.161126,1835403,3491730,8648573,0.3174,buy,86750,53.341568,2505363,4021192,5107480,0.1874,buy,44305,97.378854,1739608,793110,4985208,0.1829,buy,53417,62.309832,1208441,1656804,-0.44
2015-02-23,27322984,77,False,,8509101,0.3114,buy,48648,103.161126,1835403,3490519,8657347,0.3169,buy,86750,53.341568,2505363,4029966,5114126,0.1872,buy,44305,97.378854,1739608,799756,5042333,0.1845,buy,53417,62.309832,1208441,1713929,-0.18
2015-02-24,27412195,77,False,,8533275,0.3113,buy,48648,103.161126,1835403,3514693,8663729,0.3161,buy,86750,53.341568,2505363,4036348,5106594,0.1863,buy,44305,97.378854,1739608,792224,5108519,0.1864,buy,53417,62.309832,1208441,1780115,0.0
2015-02-25,27424958,77,False,,8526023,0.3109,buy,48648,103.161126,1835403,3507441,8642189,0.3151,buy,86750,53.341568,2505363,4014808,5126088,0.1869,buy,44305,97.378854,1739608,811718,5130581,0.1871,buy,53417,62.309832,1208441,1802176,0.0
2015-02-26,27405033,77,False,,8515950,0.3107,buy,48648,103.161126,1835403,3497367,8686068,0.317,buy,86750,53.341568,2505363,4058687,5142481,0.1876,buy,44305,97.378854,1739608,828111,5060456,0.1847,buy,53417,62.309832,1208441,1732052,-0.07
2015-02-27,27384269,77,False,,8486945,0.3099,buy,48648,103.161126,1835403,3468362,8647774,0.3158,buy,86750,53.341568,2505363,4020393,5146469,0.1879,buy,44305,97.378854,1739608,832099,5103004,0.1863,buy,53417,62.309832,1208441,1774600,-0.15
2015-03-02,27399719,77,False,,8540530,0.3117,buy,48648,103.161126,1835403,3521947,8725956,0.3185,buy,86750,53.341568,2505363,4098575,5125202,0.1871,buy,44305,97.378854,1739608,810832,5007954,0.1828,buy,53417,62.309832,1208441,1679549,-0.09
2015-03-03,27296519,77,False,,8505479,0.3116,buy,48648,103.161126,1835403,3486896,8685270,0.3182,buy,86750,53.341568,2505363,4057889,5115898,0.1874,buy,44305,97.378854,1739608,801528,4989795,0.1828,buy,53417,62.309832,1208441,1661390,-0.47
2015-03-04,27212785,77,False,,8469622,0.3112,buy,48648,103.161126,1835403,3451039,8651764,0.3179,buy,86750,53.341568,2505363,4024383,5099949,0.1874,buy,44305,97.378854,1739608,785578,4991373,0.1834,buy,53417,62.309832,1208441,1662969,-0.77
2015-03-05,27226014,77,False,,8478886,0.3114,buy,48648,103.161126,1835403,3460303,8666918,0.3183,buy,86750,53.341568,2505363,4039537,5095075,0.1871,buy,44305,97.378854,1739608,780705,4985059,0.1831,buy,53417,62.309832,1208441,1656654,-0.73
2015-03-06,26759396,77,False,,8359637,0.3124,buy,48648,103.161126,1835403,3341054,8568796,0.3202,buy,86750,53.341568,2505363,3941415,4955957,0.1852,buy,44305,97.378854,1739608,641587,4874929,0.1822,buy,53417,62.309832,1208441,1546525,-2.43
2015-03-09,26868645,77,False,,8394283,0.3124,buy,48648,103.161126,1835403,3375701,8593527,0.3198,buy,86750,53.341568,2505363,3966146,4960831,0.1846,buy,44305,97.378854,1739608,646461,4919927,0.1831,buy,53417,62.309832,1208441,1591523,-2.03
2015-03-10,26613289,77,False,,8258112,0.3103,buy,48648,103.161126,1835403,3239530,8433973,0.3169,buy,86750,53.341568,2505363,3806592,4936463,0.1855,buy,44305,97.378854,1739608,622093,4984664,0.1873,buy,53417,62.309832,1208441,1656260,-2.96
2015-03-11,26551923,77,False,,8238775,0.3103,buy,48648,103.161126,1835403,3220193,8385311,0.3158,buy,86750,53.341568,2505363,3757930,4906779,0.1848,buy,44305,97.378854,1739608,592409,5020981,0.1891,buy,53417,62.309832,1208441,1692576,-3.18
2015-03-12,26706827,77,False,,8343521,0.3124,buy,48648,103.161126,1835403,3324939,8440356,0.316,buy,86750,53.341568,2505363,3812975,4905450,0.1837,buy,44305,97.378854,1739608,591080,5017424,0.1879,buy,53417,62.309832,1208441,1689019,-2.62
2015-03-13,26610662,77,False,,8292357,0.3116,buy,48648,103.161126,1835403,3273774,8403658,0.3158,buy,86750,53.341568,2505363,3776277,4912538,0.1846,buy,44305,97.378854,1739608,598168,5002033,0.188,buy,53417,62.309832,1208441,1673628,-2.97
2015-03-16,26875004,77,False,,8403147,0.3127,buy,48648,103.161126,1835403,3384565,8512153,0.3167,buy,86750,53.341568,2505363,3884772,4909437,0.1827,buy,44305,97.378854,1739608,595067,5050190,0.1879,buy,53417,62.309832,1208441,1721785,-2.01
2015-03-17,26878847,77,False,,8378170,0.3117,buy,48648,103.161126,1835403,3359588,8525715,0.3172,buy,86750,53.341568,2505363,3898334,4882854,0.1817,buy,44305,97.378854,1739608,568484,5092031,0.1894,buy,53417,62.309832,1208441,1763627,-1.99
2015-03-18,27257318,77,False,,8478886,0.3111,buy,48648,103.161126,1835403,3460303,8609482,0.3159,buy,86750,53.341568,2505363,3982101,4978553,0.1827,buy,44305,97.378854,1739608,664183,5190320,0.1904,buy,53417,62.309832,1208441,1861916,-0.61
2015-03-19,27201413,77,False,,8440210,0.3103,buy,48648,103.161126,1835403,3421627,8622248,0.317,buy,86750,53.341568,2505363,3994867,4975008,0.1829,buy,44305,97.378854,1739608,660638,5163870,0.1898,buy,53417,62.309832,1208441,1835466,-0.82
2015-03-20,27415669,77,False,,8514709,0.3106,buy,48648,103.161126,1835403,3496127,8678056,0.3165,buy,86750,53.341568,2505363,4050675,5031719,0.1835,buy,44305,97.378854,1739608,717349,5191108,0.1893,buy,53417,62.309832,1208441,1862704,-0.03
2015-03-23,27407875,77,False,,8498120,0.3101,buy,48648,103.161126,1835403,3479538,8661268,0.316,buy,86750,53.341568,2505363,4033887,5063618,0.1848,buy,44305,97.378854,1739608,749248,5184791,0.1892,buy,53417,62.309832,1208441,1856387,-0.06
2015-03-24,27391472,77,False,,8450367,0.3085,buy,48648,103.161126,1835403,3431784,8630081,0.3151,buy,86750,53.341568,2505363,4002700,5076024,0.1853,buy,44305,97.378854,1739608,761654,5234923,0.1911,buy,53417,62.309832,1208441,1906519,-0.12
2015-03-25,27033021,77,False,,8326539,0.308,buy,48648,103.161126,1835403,3307957,8432579,0.3119,buy,86750,53.341568,2505363,3805198,5083113,0.188,buy,44305,97.378854,1739608,768743,5190713,0.192,buy,53417,62.309832,1208441,1862309,-1.43
2015-03-26,26936717,77,False,,8306710,0.3084,buy,48648,103.161126,1835403,3288127,8403794,0.312,buy,86750,53.341568,2505363,3776413,5116342,0.1899,buy,44305,97.378854,1739608,801971,5109795,0.1897,buy,53417,62.309832,1208441,1781391,-1.78
2015-03-27,27034264,77,False,,8325730,0.308,buy,48648,103.161126,1835403,3307148,8437379,0.3121,buy,86750,53.341568,2505363,3809998,5097733,0.1886,buy,44305,97.378854,1739608,783363,5173344,0.1914,buy,53417,62.309832,1208441,1844940,-1.42
2015-03-30,27148888,77,False,,8427302,0.3104,buy,48648,103.161126,1835403,3408720,8534127,0.3143,buy,86750,53.341568,2505363,3906746,5039694,0.1856,buy,44305,97.378854,1739608,725324,5147687,0.1896,buy,53417,62.309832,1208441,1819283,-1.01
2015-03-31,26991950,77,False,,8353651,0.3095,buy,48648,103.161126,1835403,3335068,8443775,0.3128,buy,86750,53.341568,2505363,3816394,5035706,0.1866,buy,44305,97.378854,1739608,721336,5158741,0.1911,buy,53417,62.309832,1208441,1830337,-1.58
2015-04-01,27072142,77,False,,8324110,0.3075,buy,48648,103.161126,1835403,3305528,8399796,0.3103,buy,86750,53.341568,2505363,3772415,5121658,0.1892,buy,44305,97.378854,1739608,807288,5226501,0.1931,buy,53417,62.309832,1208441,1898097,-1.29
2015-04-02,27038130,77,False,,8354057,0.309,buy,48648,103.161126,1835403,3335474,8405394,0.3109,buy,86750,53.341568,2505363,3778013,5107480,0.1889,buy,44305,97.378854,1739608,793110,5171122,0.1913,buy,53417,62.309832,1208441,1842718,-1.41
2015-04-06,27196740,77,False,,8410306,0.3092,buy,48648,103.161126,1835403,3391723,8474160,0.3116,buy,86750,53.341568,2505363,3846779,5169951,0.1901,buy,44305,97.378854,1739608,855580,5142247,0.1891,buy,53417,62.309832,1208441,1813843,-0.83
2015-04-07,27177505,77,False,,8388046,0.3086,buy,48648,103.161126,1835403,3369464,8459767,0.3113,buy,86750,53.341568,2505363,3832386,5144254,0.1893,buy,44305,97.378854,1739608,829883,5185361,0.1908,buy,53417,62.309832,1208441,1856957,-0.9
2015-04-08,27246229,77,False,,8416376,0.3089,buy,48648,103.161126,1835403,3397793,8526934,0.313,buy,86750,53.341568,2505363,3899553,5115898,0.1878,buy,44305,97.378854,1739608,801528,5186943,0.1904,buy,53417,62.309832,1208441,1858539,-0.65
2015-04-09,27234342,77,False,,8453605,0.3104,buy,48648,103.161126,1835403,3435023,8580507,0.3151,buy,86750,53.341568,2505363,3953126,5080454,0.1865,buy,44305,97.378854,1739608,766084,5119699,0.188,buy,53417,62.309832,1208441,1791294,-0.7
2015-04-10,27380768,77,False,,8499738,0.3104,buy,48648,103.161126,1835403,3481155,8615689,0.3147,buy,86750,53.341568,2505363,3988308,5138051,0.1877,buy,44305,97.378854,1739608,823681,5127214,0.1873,buy,53417,62.309832,1208441,1798809,-0.16
2015-04-13,27291085,77,False,,8461297,0.31,buy,48648,103.161126,1835403,3442714,8594100,0.3149,buy,86750,53.341568,2505363,3966719,5101278,0.1869,buy,44305,97.378854,1739608,786908,5134333,0.1881,buy,53417,62.309832,1208441,1805929,-0.49
2015-04-14,27287862,77,False,,8477482,0.3107,buy,48648,103.161126,1835403,3458899,8569311,0.314,buy,86750,53.341568,2505363,3941930,5070264,0.1858,buy,44305,97.378854,1739608,755894,5170728,0.1895,buy,53417,62.309832,1208441,1842324,-0.5
2015-04-15,27418986,77,False,,8515521,0.3106,buy,48648,103.161126,1835403,3496938,8622887,0.3145,buy,86750,53.341568,2505363,3995506,5114126,0.1865,buy,44305,97.378854,1739608,799756,5166376,0.1884,buy,53417,62.309832,1208441,1837971,-0.02
2015-04-16,27361128,77,False,,8513092,0.3111,buy,48648,103.161126,1835403,3494510,8610891,0.3147,buy,86750,53.341568,2505363,3983510,5096404,0.1863,buy,44305,97.378854,1739608,782034,5140664,0.1879,buy,53417,62.309832,1208441,1812259,-0.23
2015-04-17,27213056,77,False,,8415163,0.3092,buy,48648,103.161126,1835403,3396580,8476558,0.3115,buy,86750,53.341568,2505363,3849177,5121658,0.1882,buy,44305,97.378854,1739608,807288,5199600,0.1911,buy,53417,62.309832,1208441,1871196,-0.77
2015-04-20,27332206,77,False,,8492048,0.3107,buy,48648,103.161126,1835403,3473466,8603696,0.3148,buy,86750,53.341568,2505363,3976315,5082670,0.186,buy,44305,97.378854,1739608,768300,5153716,0.1886,buy,53417,62.309832,1208441,1825312,-0.34
2015-04-21,27364771,77,False,,8481930,0.31,buy,48648,103.161126,1835403,3463347,8640475,0.3158,buy,86750,53.341568,2505363,4013094,5111911,0.1868,buy,44305,97.378854,1739608,797541,5130378,0.1875,buy,53417,62.309832,1208441,1801974,-0.22
2015-04-22,27306647,77,False,,8523617,0.3121,buy,48648,103.161126,1835403,3505035,8687655,0.3182,buy,86750,53.341568,2505363,4060274,5043238,0.1847,buy,44305,97.378854,1739608,728868,5052060,0.185,buy,53417,62.309832,1208441,1723655,-0.43
2015-04-23,27419401,77,False,,8545062,0.3116,buy,48648,103.161126,1835403,3526480,8720435,0.318,buy,86750,53.341568,2505363,4093054,5080011,0.1853,buy,44305,97.378854,1739608,765641,5073815,0.185,buy,53417,62.309832,1208441,1745410,-0.02
2015-04-24,27517886,77,False,,8564893,0.3112,buy,48648,103.161126,1835403,3546310,8838778,0.3212,buy,86750,53.341568,2505363,4211397,5008680,0.182,buy,44305,97.378854,1739608,694310,5105458,0.1855,buy,53417,62.309832,1208441,1777054,0.0
2015-04-27,27560901,77,False,,8529281,0.3095,buy,48648,103.161126,1835403,3510699,8816389,0.3199,buy,86750,53.341568,2505363,4189008,5109696,0.1854,buy,44305,97.378854,1739608,795326,5105458,0.1852,buy,53417,62.309832,1208441,1777054,0.0
2015-04-28,27544316,77,False,,8556392,0.3106,buy,48648,103.161126,1835403,3537809,8798798,0.3194,buy,86750,53.341568,2505363,4171417,5154001,0.1871,buy,44305,97.378854,1739608,839631,5035049,0.1828,buy,53417,62.309832,1208441,1706645,-0.06
2015-04-29,27355900,77,False,,8521185,0.3115,buy,48648,103.161126,1835403,3502603,8743626,0.3196,buy,86750,53.341568,2505363,4116245,5117671,0.1871,buy,44305,97.378854,1739608,803301,4973341,0.1818,buy,53417,62.309832,1208441,1644937,-0.74
2015-04-30,27051305,77,False,,8435800,0.3118,buy,48648,103.161126,1835403,3417218,8606095,0.3181,buy,86750,53.341568,2505363,3978714,5027288,0.1858,buy,44305,97.378854,1739608,712918,4982044,0.1842,buy,53417,62.309832,1208441,1653640,-1.85
2015-05-01,27171964,77,False,,8527257,0.3138,buy,48648,103.161126,1835403,3508675,8719640,0.3209,buy,86750,53.341568,2505363,4092259,5010009,0.1844,buy,44305,97.378854,1739608,695639,4914979,0.1809,buy,53417,62.309832,1208441,1586575,-1.41
2015-05-04,27209451,77,False,,8551539,0.3143,buy,48648,103.161126,1835403,3532957,8734030,0.321,buy,86750,53.341568,2505363,4106649,5055200,0.1858,buy,44305,97.378854,1739608,740830,4868604,0.1789,buy,53417,62.309832,1208441,1540200,-1.28
2015-05-05,26976623,77,False,,8453605,0.3134,buy,48648,103.161126,1835403,3435023,8591701,0.3185,buy,86750,53.341568,2505363,3964320,5069378,0.1879,buy,44305,97.378854,1739608,755008,4861861,0.1802,buy,53417,62.309832,1208441,1533457,-2.12
2015-05-06,26796757,77,False,,8418805,0.3142,buy,48648,103.161126,1835403,3400223,8532531,0.3184,buy,86750,53.341568,2505363,3905150,5066720,0.1891,buy,44305,97.378854,1739608,752350,4778624,0.1783,buy,53417,62.309832,1208441,1450220,-2.77
2015-05-07,26904089,77,False,,8452392,0.3142,buy,48648,103.161126,1835403,3433809,8583707,0.319,buy,86750,53.341568,2505363,3956326,5025073,0.1868,buy,44305,97.378854,1739608,710703,4842840,0.18,buy,53417,62.309832,1208441,1514436,-2.38
2015-05-08,27159968,77,False,,8563680,0.3153,buy,48648,103.161126,1835403,3545097,8690852,0.32,buy,86750,53.341568,2505363,4063471,5049441,0.1859,buy,44305,97.378854,1739608,735071,4855918,0.1788,buy,53417,62.309832,1208441,1527514,-1.45
2015-05-11,26947896,77,False,,8522803,0.3163,buy,48648,103.161126,1835403,3504220,8657267,0.3213,buy,86750,53.341568,2505363,4029886,5029947,0.1867,buy,44305,97.378854,1739608,715576,4737803,0.1758,buy,53417,62.309832,1208441,1409399,-2.22
2015-05-12,26938486,77,False,,8497309,0.3154,buy,48648,103.161126,1835403,3478727,8618088,0.3199,buy,86750,53.341568,2505363,3990707,5072922,0.1883,buy,44305,97.378854,1739608,758552,4750090,0.1763,buy,53417,62.309832,1208441,1421685,-2.26
2015-05-13,27010470,77,False,,8498928,0.3147,buy,48648,103.161126,1835403,3480346,8635678,0.3197,buy,86750,53.341568,2505363,4008297,5163748,0.1912,buy,44305,97.378854,1739608,849378,4712039,0.1745,buy,53417,62.309832,1208441,1383635,-2.0
2015-05-14,27266028,77,False,,8587554,0.315,buy,48648,103.161126,1835403,3568971,8762015,0.3214,buy,86750,53.341568,2505363,4134634,5191660,0.1904,buy,44305,97.378854,1739608,877290,4724722,0.1733,buy,53417,62.309832,1208441,1396317,-1.07
2015-05-15,27385572,77,False,,8596861,0.3139,buy,48648,103.161126,1835403,3578278,8762015,0.32,buy,86750,53.341568,2505363,4134634,5207167,0.1901,buy,44305,97.378854,1739608,892796,4819452,0.176,buy,53417,62.309832,1208441,1491048,-0.64
2015-05-18,27369359,77,False,,8623568,0.3151,buy,48648,103.161126,1835403,3604986,8800396,0.3215,buy,86750,53.341568,2505363,4173015,5206723,0.1902,buy,44305,97.378854,1739608,892353,4738594,0.1731,buy,53417,62.309832,1208441,1410190,-0.69
2015-05-19,27242699,77,False,,8620735,0.3164,buy,48648,103.161126,1835403,3602153,8790802,0.3227,buy,86750,53.341568,2505363,4163421,5134506,0.1885,buy,44305,97.378854,1739608,820136,4696579,0.1724,buy,53417,62.309832,1208441,1368174,-1.15
2015-05-20,27258578,77,False,,8614667,0.316,buy,48648,103.161126,1835403,3596085,8796401,0.3227,buy,86750,53.341568,2505363,4169020,5142924,0.1887,buy,44305,97.378854,1739608,828554,4704508,0.1726,buy,53417,62.309832,1208441,1376104,-1.1
2015-05-21,27377759,77,False,,8639754,0.3156,buy,48648,103.161126,1835403,3621171,8841977,0.323,buy,86750,53.341568,2505363,4214596,5125646,0.1872,buy,44305,97.378854,1739608,811275,4770306,0.1742,buy,53417,62.309832,1208441,1441902,-0.66
2015-05-22,27346320,77,False,,8619118,0.3152,buy,48648,103.161126,1835403,3600535,8833182,0.323,buy,86750,53.341568,2505363,4205801,5121658,0.1873,buy,44305,97.378854,1739608,807288,4772286,0.1745,buy,53417,62.309832,1208441,1443882,-0.78
2015-05-26,27158877,77,False,,8526447,0.3139,buy,48648,103.161126,1835403,3507864,8731631,0.3215,buy,86750,53.341568,2505363,4104250,5046783,0.1858,buy,44305,97.378854,1739608,732413,4853940,0.1787,buy,53417,62.309832,1208441,1525535,-1.46
2015-05-27,27390754,77,False,,8607383,0.3142,buy,48648,103.161126,1835403,3588801,8872362,0.3239,buy,86750,53.341568,2505363,4244981,5045896,0.1842,buy,44305,97.378854,1739608,731526,4865036,0.1776,buy,53417,62.309832,1208441,1536632,-0.62
2015-05-28,27354922,77,False,,8597671,0.3143,buy,48648,103.161126,1835403,3579089,8852371,0.3236,buy,86750,53.341568,2505363,4224990,5051656,0.1847,buy,44305,97.378854,1739608,737286,4853147,0.1774,buy,53417,62.309832,1208441,1524742,-0.75
2015-05-29,27262974,77,False,,8544252,0.3134,buy,48648,103.161126,1835403,3525669,8799597,0.3228,buy,86750,53.341568,2505363,4172216,5055200,0.1854,buy,44305,97.378854,1739608,740830,4863848,0.1784,buy,53417,62.309832,1208441,1535444,-1.08
2015-06-01,27253254,77,False,,8561652,0.3142,buy,48648,103.161126,1835403,3543069,8829182,0.324,buy,86750,53.341568,2505363,4201801,5050770,0.1853,buy,44305,97.378854,1739608,736400,4811574,0.1766,buy,53417,62.309832,1208441,1483169,-1.12
2015-06-02,27159288,84,True,monthly,8165831,0.3007,buy,46445,103.161126,1993681,3374512,8145699,0.2999,buy,80289,53.341568,2813899,3862958,5470043,0.2014,buy,47790,98.642192,1739608,755933,5377631,0.198,buy,60546,65.526634,1208441,1410255,-1.46
2015-06-03,27079713,84,False,,8187468,0.3023,buy,46445,103.161126,1993681,3396150,8170119,0.3017,buy,80289,53.341568,2813899,3887378,5430856,0.2006,buy,47790,98.642192,1739608,716745,5291186,0.1954,buy,60546,65.526634,1208441,1323810,-1.75
2015-06-04,26979046,84,False,,8118310,0.3009,buy,46445,103.161126,1993681,3326991,8107956,0.3005,buy,80289,53.341568,2813899,3825215,5392623,0.1999,buy,47790,98.642192,1739608,678513,5360073,0.1987,buy,60546,65.526634,1208441,1392697,-2.11
2015-06-05,26851934,84,False,,8104400,0.3018,buy,46445,103.161126,1993681,3313082,8088713,0.3012,buy,80289,53.341568,2813899,3805972,5363950,0.1998,buy,47790,98.642192,1739608,649839,5294788,0.1972,buy,60546,65.526634,1208441,1327412,-2.57
2015-06-08,26729872,84,False,,8054563,0.3013,buy,46445,103.161126,1993681,3263245,8006569,0.2995,buy,80289,53.341568,2813899,3723828,5379720,0.2013,buy,47790,98.642192,1739608,665610,5288936,0.1979,buy,60546,65.526634,1208441,1321560,-3.02
2015-06-09,26685464,84,False,,8053401,0.3018,buy,46445,103.161126,1993681,3262083,7993247,0.2995,buy,80289,53.341568,2813899,3710506,5391668,0.202,buy,47790,98.642192,1739608,677557,5247065,0.1966,buy,60546,65.526634,1208441,1279689,-3.18
2015-06-10,26891534,84,False,,8149989,0.3031,buy,46445,103.161126,1993681,3358671,8102774,0.3013,buy,80289,53.341568,2813899,3820033,5437546,0.2022,buy,47790,98.642192,1739608,723436,5201141,0.1934,buy,60546,65.526634,1208441,1233766,-2.43
2015-06-11,27014206,84,False,,8176263,0.3027,buy,46445,103.161126,1993681,3384944,8114616,0.3004,buy,80289,53.341568,2813899,3831875,5412695,0.2004,buy,47790,98.642192,1739608,698585,5310548,0.1966,buy,60546,65.526634,1208441,1343172,-1.98
2015-06-12,26883579,84,False,,8113673,0.3018,buy,46445,103.161126,1993681,3322354,8048012,0.2994,buy,80289,53.341568,2813899,3765271,5411262,0.2013,buy,47790,98.642192,1739608,697151,5310548,0.1975,buy,60546,65.526634,1208441,1343172,-2.46
2015-06-15,26841293,84,False,,8078903,0.301,buy,46445,103.161126,1993681,3287584,8008049,0.2983,buy,80289,53.341568,2813899,3725307,5435157,0.2025,buy,47790,98.642192,1739608,721046,5319100,0.1982,buy,60546,65.526634,1208441,1351725,-2.61
2015-06-16,26951274,84,False,,8122944,0.3014,buy,46445,103.161126,1993681,3331625,8051710,0.2988,buy,80289,53.341568,2813899,3768969,5415563,0.2009,buy,47790,98.642192,1739608,701452,5360973,0.1989,buy,60546,65.526634,1208441,1393597,-2.21
2015-06-17,26970522,84,False,,8136081,0.3017,buy,46445,103.161126,1993681,3344763,8073913,0.2994,buy,80289,53.341568,2813899,3791172,5440891,0.2017,buy,47790,98.642192,1739608,726781,5319552,0.1972,buy,60546,65.526634,1208441,1352177,-2.14
2015-06-18,27216937,84,False,,8220692,0.302,buy,46445,103.161126,1993681,3429374,8191579,0.301,buy,80289,53.341568,2813899,3908838,5511143,0.2025,buy,47790,98.642192,1739608,797032,5293439,0.1945,buy,60546,65.526634,1208441,1326064,-1.25
2015-06-19,27198371,84,False,,8184197,0.3009,buy,46445,103.161126,1993681,3392879,8151081,0.2997,buy,80289,53.341568,2813899,3868339,5501585,0.2023,buy,47790,98.642192,1739608,787475,5361425,0.1971,buy,60546,65.526634,1208441,1394049,-1.32
2015-06-22,27120241,84,False,,8226122,0.3033,buy,46445,103.161126,1993681,3434804,8211162,0.3028,buy,80289,53.341568,2813899,3928421,5430856,0.2003,buy,47790,98.642192,1739608,716745,5252017,0.1937,buy,60546,65.526634,1208441,1284642,-1.6
2015-06-23,27065384,84,False,,8231952,0.3042,buy,46445,103.161126,1993681,3440633,8217837,0.3036,buy,80289,53.341568,2813899,3935096,5395013,0.1993,buy,47790,98.642192,1739608,680903,5220498,0.1929,buy,60546,65.526634,1208441,1253123,-1.8
2015-06-24,26994005,84,False,,8172163,0.3027,buy,46445,103.161126,1993681,3380844,8175560,0.3029,buy,80289,53.341568,2813899,3892818,5380676,0.1993,buy,47790,98.642192,1739608,666566,5265523,0.1951,buy,60546,65.526634,1208441,1298148,-2.06
2015-06-25,26927213,84,False,,8147316,0.3026,buy,46445,103.161126,1993681,3355997,8159241,0.303,buy,80289,53.341568,2813899,3876500,5373508,0.1996,buy,47790,98.642192,1739608,659397,5247065,0.1949,buy,60546,65.526634,1208441,1279689,-2.3
2015-06-26,26818267,84,False,,8145764,0.3037,buy,46445,103.161126,1993681,3354445,8105095,0.3022,buy,80289,53.341568,2813899,3822354,5379242,0.2006,buy,47790,98.642192,1739608,665132,5188082,0.1935,buy,60546,65.526634,1208441,1220706,-2.69
2015-06-29,26617771,84,False,,7974944,0.2996,buy,46445,103.161126,1993681,3183626,7913722,0.2973,buy,80289,53.341568,2813899,3630981,5403615,0.203,buy,47790,98.642192,1739608,689505,5325406,0.2001,buy,60546,65.526634,1208441,1358030,-3.42
2015-06-30,26592276,84,False,,7991636,0.3005,buy,46445,103.161126,1993681,3200317,7941908,0.2987,buy,80289,53.341568,2813899,3659167,5370162,0.2019,buy,47790,98.642192,1739608,656052,5288486,0.1989,buy,60546,65.526634,1208441,1321110,-3.51
2015-07-01,26629362,84,False,,8055694,0.3025,buy,46445,103.161126,1993681,3264376,8004957,0.3006,buy,80289,53.341568,2813899,3722216,5351524,0.201,buy,47790,98.642192,1739608,637414,5217103,0.1959,buy,60546,65.526634,1208441,1249727,-3.38
2015-07-02,26630844,84,False,,8048320,0.3022,buy,46445,103.161126,1993681,3257001,8007181,0.3007,buy,80289,53.341568,2813899,3724440,5341010,0.2006,buy,47790,98.642192,1739608,626900,5234249,0.1965,buy,60546,65.526634,1208441,1266874,-3.37
2015-07-06,26700746,84,False,,8025415,0.3006,buy,46445,103.161126,1993681,3234096,7988639,0.2992,buy,80289,53.341568,2813899,3705897,5355347,0.2006,buy,47790,98.642192,1739608,641237,5331261,0.1997,buy,60546,65.526634,1208441,1363886,-3.12
2015-07-07,26759201,84,False,,8075885,0.3018,buy,46445,103.161126,1993681,3284567,8008667,0.2993,buy,80289,53.341568,2813899,3725926,5293220,0.1978,buy,47790,98.642192,1739608,579110,5381344,0.2011,buy,60546,65.526634,1208441,1413969,-2.91
2015-07-08,26546510,84,False,,7940390,0.2991,buy,46445,103.161126,1993681,3149071,7869219,0.2964,buy,80289,53.341568,2813899,3586478,5308991,0.2,buy,47790,98.642192,1739608,594881,5427826,0.2045,buy,60546,65.526634,1208441,1460451,-3.68
2015-07-09,26462383,84,False,,7954754,0.3006,buy,46445,103.161126,1993681,3163436,7864766,0.2972,buy,80289,53.341568,2813899,3582024,5321894,0.2011,buy,47790,98.642192,1739608,607784,5320885,0.2011,buy,60546,65.526634,1208441,1353509,-3.99
2015-07-10,26604545,84,False,,8054918,0.3028,buy,46445,103.161126,1993681,3263600,7984928,0.3001,buy,80289,53.341568,2813899,3702187,5328107,0.2003,buy,47790,98.642192,1739608,613997,5236507,0.1968,buy,60546,65.526634,1208441,1269131,-3.47
2015-07-13,26793498,84,False,,8143822,0.3039,buy,46445,103.161126,1993681,3352504,8125120,0.3032,buy,80289,53.341568,2813899,3842379,5304212,0.198,buy,47790,98.642192,1739608,590102,5220260,0.1948,buy,60546,65.526634,1208441,1252885,-2.78
2015-07-14,26887433,84,False,,8179152,0.3042,buy,46445,103.161126,1993681,3387833,8178526,0.3042,buy,80289,53.341568,2813899,3895785,5292265,0.1968,buy,47790,98.642192,1739608,578154,5237407,0.1948,buy,60546,65.526634,1208441,1270031,-2.44
2015-07-15,26921394,84,False,,8176431,0.3037,buy,46445,103.161126,1993681,3385113,8187427,0.3041,buy,80289,53.341568,2813899,3904685,5264547,0.1956,buy,47790,98.642192,1739608,550436,5292906,0.1966,buy,60546,65.526634,1208441,1325531,-2.32
2015-07-16,27120155,84,False,,8242044,0.3039,buy,46445,103.161126,1993681,3450726,8303139,0.3062,buy,80289,53.341568,2813899,4020398,5245430,0.1934,buy,47790,98.642192,1739608,531320,5329457,0.1965,buy,60546,65.526634,1208441,1362081,-1.6
2015-07-17,27224010,84,False,,8249032,0.303,buy,46445,103.161126,1993681,3457714,8425528,0.3095,buy,80289,53.341568,2813899,4142787,5192384,0.1907,buy,47790,98.642192,1739608,478273,5356982,0.1968,buy,60546,65.526634,1208441,1389607,-1.22
2015-07-20,27093666,84,False,,8253303,0.3046,buy,46445,103.161126,1993681,3461984,8454456,0.312,buy,80289,53.341568,2813899,4171715,5051403,0.1864,buy,47790,98.642192,1739608,337292,5334421,0.1969,buy,60546,65.526634,1208441,1367046,-1.7
2015-07-21,27068971,84,False,,8220690,0.3037,buy,46445,103.161126,1993681,3429371,8449266,0.3121,buy,80289,53.341568,2813899,4166525,5035632,0.186,buy,47790,98.642192,1739608,321522,5363298,0.1981,buy,60546,65.526634,1208441,1395923,-1.78
2015-07-22,26964683,84,False,,8205939,0.3043,buy,46445,103.161126,1993681,3414621,8353579,0.3098,buy,80289,53.341568,2813899,4070838,5008392,0.1857,buy,47790,98.642192,1739608,294282,5396688,0.2001,buy,60546,65.526634,1208441,1429313,-2.16
2015-07-23,26932103,84,False,,8159740,0.303,buy,46445,103.161126,1993681,3368422,8322424,0.309,buy,80289,53.341568,2813899,4039683,4985931,0.1851,buy,47790,98.642192,1739608,271820,5463924,0.2029,buy,60546,65.526634,1208441,1496548,-2.28
2015-07-24,26828157,84,False,,8075105,0.301,buy,46445,103.161126,1993681,3283786,8240830,0.3072,buy,80289,53.341568,2813899,3958089,5034676,0.1877,buy,47790,98.642192,1739608,320566,5477461,0.2042,buy,60546,65.526634,1208441,1510086,-2.66
2015-07-27,26718856,84,False,,8028131,0.3005,buy,46445,103.161126,1993681,3236813,8172590,0.3059,buy,80289,53.341568,2813899,3889849,5011259,0.1876,buy,47790,98.642192,1739608,297149,5506791,0.2061,buy,60546,65.526634,1208441,1539416,-3.06
2015-07-28,26855419,84,False,,8126742,0.3026,buy,46445,103.161126,1993681,3335423,8243057,0.3069,buy,80289,53.341568,2813899,3960316,5018906,0.1869,buy,47790,98.642192,1739608,304795,5466630,0.2036,buy,60546,65.526634,1208441,1499255,-2.56
2015-07-29,26929341,84,False,,8182646,0.3039,buy,46445,103.161126,1993681,3391328,8274211,0.3073,buy,80289,53.341568,2813899,3991469,5026074,0.1866,buy,47790,98.642192,1739608,311964,5446325,0.2022,buy,60546,65.526634,1208441,1478950,-2.29
2015-07-30,26969545,84,False,,8184585,0.3035,buy,46445,103.161126,1993681,3393267,8313522,0.3083,buy,80289,53.341568,2813899,4030781,4983063,0.1848,buy,47790,98.642192,1739608,268953,5488290,0.2035,buy,60546,65.526634,1208441,1520915,-2.15
2015-07-31,27019628,84,False,,8172163,0.3025,buy,46445,103.161126,1993681,3380844,8303880,0.3073,buy,80289,53.341568,2813899,4021139,5014605,0.1856,buy,47790,98.642192,1739608,300494,5528896,0.2046,buy,60546,65.526634,1208441,1561521,-1.96
2015-08-03,26984641,84,False,,8144599,0.3018,buy,46445,103.161126,1993681,3353281,8277917,0.3068,buy,80289,53.341568,2813899,3995176,4974939,0.1844,buy,47790,98.642192,1739608,260829,5587101,0.207,buy,60546,65.526634,1208441,1619726,-2.09
2015-08-04,26918868,84,False,,8128683,0.302,buy,46445,103.161126,1993681,3337364,8262345,0.3069,buy,80289,53.341568,2813899,3979604,4984975,0.1852,buy,47790,98.642192,1739608,270864,5542782,0.2059,buy,60546,65.526634,1208441,1575406,-2.33
2015-08-05,26949681,84,False,,8155470,0.3026,buy,46445,103.161126,1993681,3364152,8326133,0.309,buy,80289,53.341568,2813899,4043392,4966815,0.1843,buy,47790,98.642192,1739608,252704,5501179,0.2041,buy,60546,65.526634,1208441,1533804,-2.22
2015-08-06,26820213,84,False,,8088695,0.3016,buy,46445,103.161126,1993681,3297376,8192618,0.3055,buy,80289,53.341568,2813899,3909877,4988798,0.186,buy,47790,98.642192,1739608,274688,5550018,0.2069,buy,60546,65.526634,1208441,1582642,-2.69
2015-08-07,26879531,84,False,,8073166,0.3003,buy,46445,103.161126,1993681,3281847,8182234,0.3044,buy,80289,53.341568,2813899,3899493,5001224,0.1861,buy,47790,98.642192,1739608,287113,5622824,0.2092,buy,60546,65.526634,1208441,1655448,-2.47
2015-08-10,27056200,84,False,,8174880,0.3021,buy,46445,103.161126,1993681,3383561,8275694,0.3059,buy,80289,53.341568,2813899,3992953,5052359,0.1867,buy,47790,98.642192,1739608,338248,5553183,0.2052,buy,60546,65.526634,1208441,1585807,-1.83
2015-08-11,26990355,84,False,,8101117,0.3001,buy,46445,103.161126,1993681,3309798,8169623,0.3027,buy,80289,53.341568,2813899,3886881,5078165,0.1881,buy,47790,98.642192,1739608,364055,5641366,0.209,buy,60546,65.526634,1208441,1673990,-2.07
2015-08-12,27068702,84,False,,8110824,0.2996,buy,46445,103.161126,1993681,3319505,8197809,0.3029,buy,80289,53.341568,2813899,3915068,5149372,0.1902,buy,47790,98.642192,1739608,435262,5610613,0.2073,buy,60546,65.526634,1208441,1643238,-1.79
2015-08-13,26984637,84,False,,8100727,0.3002,buy,46445,103.161126,1993681,3309409,8184460,0.3033,buy,80289,53.341568,2813899,3901719,5106839,0.1892,buy,47790,98.642192,1739608,392729,5592527,0.2072,buy,60546,65.526634,1208441,1625151,-2.09
2015-08-14,27039389,84,False,,8130234,0.3007,buy,46445,103.161126,1993681,3338916,8197070,0.3032,buy,80289,53.341568,2813899,3914329,5106361,0.1888,buy,47790,98.642192,1739608,392251,5605639,0.2073,buy,60546,65.526634,1208441,1638264,-1.89
2015-08-17,27191759,84,False,,8175657,0.3007,buy,46445,103.161126,1993681,3384338,8265311,0.304,buy,80289,53.341568,2813899,3982570,5119743,0.1883,buy,47790,98.642192,1739608,405632,5630965,0.2071,buy,60546,65.526634,1208441,1663589,-1.34
2015-08-18,27080521,84,False,,8151973,0.301,buy,46445,103.161126,1993681,3360655,8223031,0.3037,buy,80289,53.341568,2813899,3940290,5118787,0.189,buy,47790,98.642192,1739608,404677,5586646,0.2063,buy,60546,65.526634,1208441,1619270,-1.74
2015-08-19,27085917,84,False,,8087530,0.2986,buy,46445,103.161126,1993681,3296212,8168883,0.3016,buy,80289,53.341568,2813899,3886142,5187605,0.1915,buy,47790,98.642192,1739608,473494,5641814,0.2083,buy,60546,65.526634,1208441,1674439,-1.72
2015-08-20,26838113,84,False,,7918653,0.2951,buy,46445,103.161126,1993681,3127334,7942651,0.2959,buy,80289,53.341568,2813899,3659910,5277928,0.1967,buy,47790,98.642192,1739608,563817,5698798,0.2123,buy,60546,65.526634,1208441,1731422,-2.62
2015-08-21,26302758,84,False,,7680281,0.292,buy,46445,103.161126,1993681,2888963,7595510,0.2888,buy,80289,53.341568,2813899,3312768,5310903,0.2019,buy,47790,98.642192,1739608,596792,5715981,0.2173,buy,60546,65.526634,1208441,1748605,-4.56
2015-08-24,25656633,84,False,,7356886,0.2867,sell,46445,103.161126,1993681,2565568,7303263,0.2847,sell,80289,53.341568,2813899,3020521,5282229,0.2059,buy,47790,98.642192,1739608,568118,5714172,0.2227,buy,60546,65.526634,1208441,1746796,-6.91
2015-08-25,25951881,15112751,False,,0,0.0,sell,0,0.0,4766709,0,0,0.0,sell,0,0.0,6079479,0,5216757,0.201,buy,47790,98.642192,1739608,502646,5622374,0.2166,buy,60546,65.526634,1208441,1654998,-5.84
2015-08-26,25772139,15112751,False,,0,0.0,sell,0,0.0,4766709,0,0,0.0,sell,0,0.0,6079479,0,5145549,0.1997,buy,47790,98.642192,1739608,431439,5513839,0.2139,buy,60546,65.526634,1208441,1546464,-6.49
2015-08-27,25778172,15112751,False,,0,0.0,sell,0,0.0,4766709,0,0,0.0,sell,0,0.0,6079479,0,5148417,0.1997,buy,47790,98.642192,1739608,434306,5517005,0.214,buy,60546,65.526634,1208441,1549629,-6.47
2015-08-28,25840806,15112751,False,,0,0.0,sell,0,0.0,4766709,0,0,0.0,sell,0,0.0,6079479,0,5194773,0.201,buy,47790,98.642192,1739608,480662,5533282,0.2141,buy,60546,65.526634,1208441,1565907,-6.24
2015-08-31,25804038,15112751,False,,0,0.0,sell,0,0.0,4766709,0,0,0.0,sell,0,0.0,6079479,0,5200508,0.2015,buy,47790,98.642192,1739608,486397,5490780,0.2128,buy,60546,65.526634,1208441,1523404,-6.37
2015-09-01,25861763,15112751,False,,0,0.0,sell,0,0.0,4766709,0,0,0.0,sell,0,0.0,6079479,0,5218668,0.2018,buy,47790,98.642192,1739608,504557,5530344,0.2138,buy,60546,65.526634,1208441,1562969,-6.17
2015-09-02,25786456,15112751,False,,0,0.0,sell,0,0.0,4766709,0,0,0.0,sell,0,0.0,6079479,0,5190950,0.2013,buy,47790,98.642192,1739608,476840,5482755,0.2126,buy,60546,65.526634,1208441,1515379,-6.44
2015-09-03,25775920,15112751,False,,0,0.0,sell,0,0.0,4766709,0,0,0.0,sell,0,0.0,6079479,0,5153673,0.1999,buy,47790,98.642192,1739608,439563,5509496,0.2137,buy,60546,65.526634,1208441,1542121,-6.48
2015-09-04,25809498,15112751,False,,0,0.0,sell,0,0.0,4766709,0,0,0.0,sell,0,0.0,6079479,0,5136947,0.199,buy,47790,98.642192,1739608,422837,5559800,0.2154,buy,60546,65.526634,1208441,1592425,-6.35
2015-09-08,25728901,15112751,False,,0,0.0,sell,0,0.0,4766709,0,0,0.0,sell,0,0.0,6079479,0,5138381,0.1997,buy,47790,98.642192,1739608,424270,5477770,0.2129,buy,60546,65.526634,1208441,1510394,-6.65
2015-09-09,25688762,15112751,False,,0,0.0,sell,0,0.0,4766709,0,0,0.0,sell,0,0.0,6079479,0,5071953,0.1974,buy,47790,98.642192,1739608,357842,5504058,0.2143,buy,60546,65.526634,1208441,1536683,-6.79
2015-09-10,25663545,15112751,False,,0,0.0,sell,0,0.0,4766709,0,0,0.0,sell,0,0.0,6079479,0,5083900,0.1981,buy,47790,98.642192,1739608,369790,5466895,0.213,buy,60546,65.526634,1208441,1499519,-6.88
2015-09-11,25687474,15112751,False,,0,0.0,sell,0,0.0,4766709,0,0,0.0,sell,0,0.0,6079479,0,5073387,0.1975,buy,47790,98.642192,1739608,359276,5501337,0.2142,buy,60546,65.526634,1208441,1533961,-6.8
2015-09-14,25698953,15112751,False,,0,0.0,sell,0,0.0,4766709,0,0,0.0,sell,0,0.0,6079479,0,5076254,0.1975,buy,47790,98.642192,1739608,362143,5509948,0.2144,buy,60546,65.526634,1208441,1542572,-6.76
2015-09-15,25578066,15112751,False,,0,0.0,sell,0,0.0,4766709,0,0,0.0,sell,0,0.0,6079479,0,5060961,0.1979,buy,47790,98.642192,1739608,346851,5404355,0.2113,buy,60546,65.526634,1208441,1436979,-7.19
2015-09-16,25625055,15112751,False,,0,0.0,sell,0,0.0,4766709,0,0,0.0,sell,0,0.0,6079479,0,5128345,0.2001,buy,47790,98.642192,1739608,414234,5383959,0.2101,buy,60546,65.526634,1208441,1416584,-7.02
2015-09-17,25743337,15112751,False,,0,0.0,sell,0,0.0,4766709,0,0,0.0,sell,0,0.0,6079479,0,5180914,0.2013,buy,47790,98.642192,1739608,466804,5449672,0.2117,buy,60546,65.526634,1208441,1482297,-6.59
2015-09-18,25865412,15112751,False,,0,0.0,sell,0,0.0,4766709,0,0,0.0,sell,0,0.0,6079479,0,5219146,0.2018,buy,47790,98.642192,1739608,505035,5533516,0.2139,buy,60546,65.526634,1208441,1566140,-6.15
2015-09-21,25742728,15112751,False,,0,0.0,sell,0,0.0,4766709,0,0,0.0,sell,0,0.0,6079479,0,5186649,0.2015,buy,47790,98.642192,1739608,472538,5443329,0.2115,buy,60546,65.526634,1208441,1475953,-6.6
2015-09-22,25783048,15112751,False,,0,0.0,sell,0,0.0,4766709,0,0,0.0,sell,0,0.0,6079479,0,5151284,0.1998,buy,47790,98.642192,1739608,437174,5519013,0.2141,buy,60546,65.526634,1208441,1551638,-6.45
2015-09-23,25803144,15112751,False,,0,0.0,sell,0,0.0,4766709,0,0,0.0,sell,0,0.0,6079479,0,5171834,0.2004,buy,47790,98.642192,1739608,457723,5518560,0.2139,buy,60546,65.526634,1208441,1551184,-6.38
2015-09-24,25949242,15112751,False,,0,0.0,sell,0,0.0,4766709,0,0,0.0,sell,0,0.0,6079479,0,5280317,0.2035,buy,47790,98.642192,1739608,566207,5556175,0.2141,buy,60546,65.526634,1208441,1588799,-5.85
2015-09-25,25868707,15112751,False,,0,0.0,sell,0,0.0,4766709,0,0,0.0,sell,0,0.0,6079479,0,5247820,0.2029,buy,47790,98.642192,1739608,533709,5508136,0.2129,buy,60546,65.526634,1208441,1540761,-6.14
2015-09-28,25896544,15112751,False,,0,0.0,sell,0,0.0,4766709,0,0,0.0,sell,0,0.0,6079479,0,5181392,0.2001,buy,47790,98.642192,1739608,467281,5602401,0.2163,buy,60546,65.526634,1208441,1635026,-6.04
2015-09-29,25891378,15112751,False,,0,0.0,sell,0,0.0,4766709,0,0,0.0,sell,0,0.0,6079479,0,5160364,0.1993,buy,47790,98.642192,1739608,446254,5618263,0.217,buy,60546,65.526634,1208441,1650888,-6.06
2015-09-30,25818362,15112751,False,,0,0.0,sell,0,0.0,4766709,0,0,0.0,sell,0,0.0,6079479,0,5106839,0.1978,buy,47790,98.642192,1739608,392729,5598772,0.2169,buy,60546,65.526634,1208441,1631396,-6.32
2015-10-01,25836038,15112751,False,,0,0.0,sell,0,0.0,4766709,0,0,0.0,sell,0,0.0,6079479,0,5100627,0.1974,buy,47790,98.642192,1739608,386516,5622660,0.2176,buy,60546,65.526634,1208441,1655284,-6.26
2015-10-02,25978106,15112751,False,,0,0.0,sell,0,0.0,4766709,0,0,0.0,sell,0,0.0,6079479,0,5208632,0.2005,buy,47790,98.642192,1739608,494522,5656724,0.2177,buy,60546,65.526634,1208441,1689348,-5.74
2015-10-05,25890843,15112751,False,,0,0.0,sell,0,0.0,4766709,0,0,0.0,sell,0,0.0,6079479,0,5198118,0.2008,buy,47790,98.642192,1739608,484008,5579974,0.2155,buy,60546,65.526634,1208441,1612598,-6.06
2015-10-06,25967004,15112751,False,,0,0.0,sell,0,0.0,4766709,0,0,0.0,sell,0,0.0,6079479,0,5250209,0.2022,buy,47790,98.642192,1739608,536099,5604044,0.2158,buy,60546,65.526634,1208441,1636668,-5.78
2015-10-07,25940737,15112751,False,,0,0.0,sell,0,0.0,4766709,0,0,0.0,sell,0,0.0,6079479,0,5242563,0.2021,buy,47790,98.642192,1739608,528452,5585423,0.2153,buy,60546,65.526634,1208441,1618047,-5.88
2015-10-08,25867197,15112751,False,,0,0.0,sell,0,0.0,4766709,0,0,0.0,sell,0,0.0,6079479,0,5215801,0.2016,buy,47790,98.642192,1739608,501690,5538646,0.2141,buy,60546,65.526634,1208441,1571271,-6.15
2015-10-09,25964409,15112751,False,,0,0.0,sell,0,0.0,4766709,0,0,0.0,sell,0,0.0,6079479,0,5298477,0.2041,buy,47790,98.642192,1739608,584367,5553181,0.2139,buy,60546,65.526634,1208441,1585805,-5.79
2015-10-12,26027670,15112751,False,,0,0.0,sell,0,0.0,4766709,0,0,0.0,sell,0,0.0,6079479,0,5319505,0.2044,buy,47790,98.642192,1739608,605394,5595414,0.215,buy,60546,65.526634,1208441,1628038,-5.56
2015-10-13,26063491,15112751,False,,0,0.0,sell,0,0.0,4766709,0,0,0.0,sell,0,0.0,6079479,0,5345789,0.2051,buy,47790,98.642192,1739608,631679,5604951,0.215,buy,60546,65.526634,1208441,1637575,-5.43
2015-10-14,26205728,15112751,False,,0,0.0,sell,0,0.0,4766709,0,0,0.0,sell,0,0.0,6079479,0,5438980,0.2075,buy,47790,98.642192,1739608,724869,5653997,0.2158,buy,60546,65.526634,1208441,1686622,-4.92
2015-10-15,26153173,15112751,False,,0,0.0,sell,0,0.0,4766709,0,0,0.0,sell,0,0.0,6079479,0,5414129,0.207,buy,47790,98.642192,1739608,700019,5626293,0.2151,buy,60546,65.526634,1208441,1658918,-5.11
2015-10-16,26116761,15112751,False,,0,0.0,sell,0,0.0,4766709,0,0,0.0,sell,0,0.0,6079479,0,5375897,0.2058,buy,47790,98.642192,1739608,661787,5628113,0.2155,buy,60546,65.526634,1208441,1660738,-5.24
2015-10-19,26078859,15112751,False,,0,0.0,sell,0,0.0,4766709,0,0,0.0,sell,0,0.0,6079479,0,5353436,0.2053,buy,47790,98.642192,1739608,639325,5612673,0.2152,buy,60546,65.526634,1208441,1645297,-5.38
2015-10-20,26078276,15112751,False,,0,0.0,sell,0,0.0,4766709,0,0,0.0,sell,0,0.0,6079479,0,5387367,0.2066,buy,47790,98.642192,1739608,673256,5578159,0.2139,buy,60546,65.526634,1208441,1610783,-5.38
2015-10-21,26085889,15112751,False,,0,0.0,sell,0,0.0,4766709,0,0,0.0,sell,0,0.0,6079479,0,5339577,0.2047,buy,47790,98.642192,1739608,625466,5633561,0.216,buy,60546,65.526634,1208441,1666186,-5.35
2015-10-22,26093514,15112751,False,,0,0.0,sell,0,0.0,4766709,0,0,0.0,sell,0,0.0,6079479,0,5337665,0.2046,buy,47790,98.642192,1739608,623555,5643099,0.2163,buy,60546,65.526634,1208441,1675723,-5.32
2015-10-23,26036293,15112751,False,,0,0.0,sell,0,0.0,4766709,0,0,0.0,sell,0,0.0,6079479,0,5328585,0.2047,buy,47790,98.642192,1739608,614475,5594957,0.2149,buy,60546,65.526634,1208441,1627582,-5.53
2015-10-26,26070190,15112751,False,,0,0.0,sell,0,0.0,4766709,0,0,0.0,sell,0,0.0,6079479,0,5325240,0.2043,buy,47790,98.642192,1739608,611129,5632199,0.216,buy,60546,65.526634,1208441,1664824,-5.41
2015-10-27,26096217,15112751,False,,0,0.0,sell,0,0.0,4766709,0,0,0.0,buy,0,0.0,6079479,0,5337187,0.2045,buy,47790,98.642192,1739608,623077,5646279,0.2164,buy,60546,65.526634,1208441,1678903,-5.31
2015-10-28,26062021,7828789,True,daily,0,0.0,sell,0,0.0,4766709,0,7858481,0.3015,buy,74422,105.195071,6079479,29653,5177968,0.1987,buy,46741,98.642192,1753979,567333,5196783,0.1994,buy,55951,65.526634,1334366,1530502,-5.44
2015-10-29,25917395,7828789,False,,0,0.0,sell,0,0.0,4766709,0,7846075,0.3027,buy,74422,105.195071,6079479,17247,5128423,0.1979,buy,46741,98.642192,1753979,517788,5114108,0.1973,buy,55951,65.526634,1334366,1447827,-5.96
2015-10-30,25901222,7828789,False,,0,0.0,sell,0,0.0,4766709,0,7810925,0.3016,buy,74422,105.195071,6079479,-17902,5108791,0.1972,buy,46741,98.642192,1753979,498157,5152716,0.1989,buy,55951,65.526634,1334366,1486435,-6.02
2015-11-02,25932581,7828789,False,,0,0.0,buy,0,0.0,4766709,0,7899148,0.3046,buy,74422,105.195071,6079479,70320,5075605,0.1957,buy,46741,98.642192,1753979,464970,5129039,0.1978,buy,55951,65.526634,1334366,1462758,-5.91
2015-11-03,25854935,191,True,monthly,7794484,0.3015,buy,43965,176.952225,4766709,14780,7806357,0.3019,buy,73292,105.195071,6079947,96400,5110007,0.1976,buy,47766,98.845432,1753979,388556,5143896,0.199,buy,56577,65.816442,1334366,1420199,-6.19
2015-11-04,25789680,191,False,,7770841,0.3013,buy,43965,176.952225,4766709,-8863,7807035,0.3027,buy,73292,105.195071,6079947,97077,5061763,0.1963,buy,47766,98.845432,1753979,340312,5149850,0.1997,buy,56577,65.816442,1334366,1426153,-6.43
2015-11-05,25731511,191,False,,7763084,0.3017,buy,43965,176.952225,4766709,-16620,7785997,0.3026,buy,73292,105.195071,6079947,76040,5046000,0.1961,buy,47766,98.845432,1753979,324549,5136239,0.1996,buy,56577,65.816442,1334366,1412542,-6.64
2015-11-06,25584041,191,False,,7759022,0.3033,buy,43965,176.952225,4766709,-20682,7791426,0.3045,buy,73292,105.195071,6079947,81469,4972441,0.1944,buy,47766,98.845432,1753979,250990,5060962,0.1978,buy,56577,65.816442,1334366,1337265,-7.17
2015-11-09,25414665,191,False,,7686618,0.3024,buy,43965,176.952225,4766709,-93086,7708616,0.3033,buy,73292,105.195071,6079947,-1341,4986770,0.1962,buy,47766,98.845432,1753979,265320,5032469,0.198,buy,56577,65.816442,1334366,1308772,-7.79
2015-11-10,25417091,191,False,,7704352,0.3031,buy,43965,176.952225,4766709,-75353,7688934,0.3025,buy,73292,105.195071,6079947,-21023,4976262,0.1958,buy,47766,98.845432,1753979,254811,5047353,0.1986,buy,56577,65.816442,1334366,1323656,-7.78
2015-11-11,25349946,191,False,,7674057,0.3027,buy,43965,176.952225,4766709,-105647,7679433,0.3029,buy,73292,105.195071,6079947,-30524,4959544,0.1956,buy,47766,98.845432,1753979,238093,5036721,0.1987,buy,56577,65.816442,1334366,1313024,-8.02
2015-11-12,25193349,191,False,,7566930,0.3004,buy,43965,176.952225,4766709,-212774,7604767,0.3019,buy,73292,105.195071,6079947,-105190,4960499,0.1969,buy,47766,98.845432,1753979,239048,5060962,0.2009,buy,56577,65.816442,1334366,1337265,-8.59
2015-11-13,24974129,191,False,,7481967,0.2996,buy,43965,176.952225,4766709,-297737,7455442,0.2985,buy,73292,105.195071,6079947,-254515,4946647,0.1981,buy,47766,98.845432,1753979,225196,5089882,0.2038,buy,56577,65.816442,1334366,1366185,-9.39
2015-11-16,25197634,191,False,,7595743,0.3014,buy,43965,176.952225,4766709,-183962,7562685,0.3001,buy,73292,105.195071,6079947,-147273,4953812,0.1966,buy,47766,98.845432,1753979,232361,5085204,0.2018,buy,56577,65.816442,1334366,1361507,-8.57
2015-11-17,25139913,191,False,,7590204,0.3019,buy,43965,176.952225,4766709,-189500,7567436,0.301,buy,73292,105.195071,6079947,-142521,4888372,0.1944,buy,47766,98.845432,1753979,166921,5093710,0.2026,buy,56577,65.816442,1334366,1370013,-8.78
2015-11-18,25420526,191,False,,7710630,0.3033,buy,43965,176.952225,4766709,-69075,7712690,0.3034,buy,73292,105.195071,6079947,2732,4892671,0.1925,buy,47766,98.845432,1753979,171220,5104344,0.2008,buy,56577,65.816442,1334366,1380647,-7.77
2015-11-19,25507301,191,False,,7703980,0.302,buy,43965,176.952225,4766709,-75725,7718121,0.3026,buy,73292,105.195071,6079947,8164,4946647,0.1939,buy,47766,98.845432,1753979,225196,5138362,0.2014,buy,56577,65.816442,1334366,1414666,-7.45
2015-11-20,25549457,191,False,,7732055,0.3026,buy,43965,176.952225,4766709,-47649,7770384,0.3041,buy,73292,105.195071,6079947,60427,4924197,0.1927,buy,47766,98.845432,1753979,202746,5122631,0.2005,buy,56577,65.816442,1334366,1398934,-7.3
2015-11-23,25494283,191,False,,7723192,0.3029,buy,43965,176.952225,4766709,-56513,7747987,0.3039,buy,73292,105.195071,6079947,38030,4884551,0.1916,buy,47766,98.845432,1753979,163100,5138362,0.2015,buy,56577,65.816442,1334366,1414666,-7.5
2015-11-24,25529892,191,False,,7733532,0.3029,buy,43965,176.952225,4766709,-46173,7741197,0.3032,buy,73292,105.195071,6079947,31240,4917032,0.1926,buy,47766,98.845432,1753979,195581,5137939,0.2013,buy,56577,65.816442,1334366,1414243,-7.37
2015-11-25,25524559,191,False,,7732427,0.3029,buy,43965,176.952225,4766709,-47278,7747987,0.3036,buy,73292,105.195071,6079947,38030,4894104,0.1917,buy,47766,98.845432,1753979,172653,5149850,0.2018,buy,56577,65.816442,1334366,1426153,-7.39
2015-11-27,25481381,191,False,,7741292,0.3038,buy,43965,176.952225,4766709,-38413,7758846,0.3045,buy,73292,105.195071,6079947,48889,4836308,0.1898,buy,47766,98.845432,1753979,114857,5144745,0.2019,buy,56577,65.816442,1334366,1421048,-7.55
2015-11-30,25481974,191,False,,7709153,0.3025,buy,43965,176.952225,4766709,-70552,7739160,0.3037,buy,73292,105.195071,6079947,29203,4868311,0.191,buy,47766,98.845432,1753979,146860,5165159,0.2027,buy,56577,65.816442,1334366,1441462,-7.54
2015-12-01,25719830,191,False,,7782664,0.3026,buy,43965,176.952225,4766709,2960,7816540,0.3039,buy,73292,105.195071,6079947,106583,4885506,0.19,buy,47766,98.845432,1753979,164056,5234928,0.2035,buy,56577,65.816442,1334366,1511231,-6.68
2015-12-02,25517973,191,False,,7703243,0.3019,buy,43965,176.952225,4766709,-76462,7768349,0.3044,buy,73292,105.195071,6079947,58391,4809559,0.1885,buy,47766,98.845432,1753979,88108,5236632,0.2052,buy,56577,65.816442,1334366,1512935,-7.41
2015-12-03,25187185,191,False,,7595374,0.3016,buy,43965,176.952225,4766709,-184330,7636670,0.3032,buy,73292,105.195071,6079947,-73287,4860668,0.193,buy,47766,98.845432,1753979,139217,5094281,0.2023,buy,56577,65.816442,1334366,1370584,-8.61
2015-12-04,25666532,191,False,,7743507,0.3017,buy,43965,176.952225,4766709,-36197,7815182,0.3045,buy,73292,105.195071,6079947,105224,4968619,0.1936,buy,47766,98.845432,1753979,247168,5139033,0.2002,buy,56577,65.816442,1334366,1415336,-6.87
2015-12-07,25569701,191,False,,7696593,0.301,buy,43965,176.952225,4766709,-83111,7779884,0.3043,buy,73292,105.195071,6079947,69927,4904135,0.1918,buy,47766,98.845432,1753979,182684,5188898,0.2029,buy,56577,65.816442,1334366,1465201,-7.22
2015-12-08,25529341,191,False,,7644875,0.2995,buy,43965,176.952225,4766709,-134829,7780565,0.3048,buy,73292,105.195071,6079947,70608,4912255,0.1924,buy,47766,98.845432,1753979,190804,5191454,0.2034,buy,56577,65.816442,1334366,1467757,-7.37
2015-12-09,25336675,191,False,,7585402,0.2994,buy,43965,176.952225,4766709,-194302,7662462,0.3024,buy,73292,105.195071,6079947,-47495,4902702,0.1935,buy,47766,98.845432,1753979,181251,5185918,0.2047,buy,56577,65.816442,1334366,1462221,-8.07
2015-12-10,25393384,191,False,,7604980,0.2995,buy,43965,176.952225,4766709,-174725,7697079,0.3031,buy,73292,105.195071,6079947,-12879,4898403,0.1929,buy,47766,98.845432,1753979,176953,5192731,0.2045,buy,56577,65.816442,1334366,1469034,-7.86
2015-12-11,25177418,191,False,,7457589,0.2962,buy,43965,176.952225,4766709,-322116,7519922,0.2987,buy,73292,105.195071,6079947,-190035,4925152,0.1956,buy,47766,98.845432,1753979,203701,5274565,0.2095,buy,56577,65.816442,1334366,1550868,-8.65
2015-12-14,25140868,191,False,,7495265,0.2981,buy,43965,176.952225,4766709,-284440,7576938,0.3014,buy,73292,105.195071,6079947,-133019,4862101,0.1934,buy,47766,98.845432,1753979,140650,5206372,0.2071,buy,56577,65.816442,1334366,1482675,-8.78
2015-12-15,25222122,191,False,,7573949,0.3003,buy,43965,176.952225,4766709,-205756,7623093,0.3022,buy,73292,105.195071,6079947,-86864,4849204,0.1923,buy,47766,98.845432,1753979,127753,5175686,0.2052,buy,56577,65.816442,1334366,1451989,-8.49
2015-12-16,25493970,191,False,,7684771,0.3014,buy,43965,176.952225,4766709,-94934,7736446,0.3035,buy,73292,105.195071,6079947,26489,4907956,0.1925,buy,47766,98.845432,1753979,186506,5164605,0.2026,buy,56577,65.816442,1334366,1440908,-7.5
2015-12-17,25215113,191,False,,7567671,0.3001,buy,43965,176.952225,4766709,-212034,7623774,0.3023,buy,73292,105.195071,6079947,-86183,4800483,0.1904,buy,47766,98.845432,1753979,79032,5222994,0.2071,buy,56577,65.816442,1334366,1499297,-8.51
2015-12-18,25036588,191,False,,7432851,0.2969,buy,43965,176.952225,4766709,-346854,7477531,0.2987,buy,73292,105.195071,6079947,-232426,4874043,0.1947,buy,47766,98.845432,1753979,152592,5251973,0.2098,buy,56577,65.816442,1334366,1528276,-9.16
2015-12-21,25232711,191,False,,7494168,0.297,buy,43965,176.952225,4766709,-285537,7560593,0.2996,buy,73292,105.195071,6079947,-149364,4927063,0.1953,buy,47766,98.845432,1753979,205612,5250696,0.2081,buy,56577,65.816442,1334366,1526999,-8.45
2015-12-22,25286683,191,False,,7562167,0.2991,buy,43965,176.952225,4766709,-217537,7610290,0.301,buy,73292,105.195071,6079947,-99667,4901269,0.1938,buy,47766,98.845432,1753979,179818,5212766,0.2061,buy,56577,65.816442,1334366,1489069,-8.25
2015-12-23,25383306,191,False,,7655817,0.3016,buy,43965,176.952225,4766709,-123888,7666802,0.302,buy,73292,105.195071,6079947,-43155,4886939,0.1925,buy,47766,98.845432,1753979,165488,5173557,0.2038,buy,56577,65.816442,1334366,1449860,-7.9
2015-12-24,25434294,191,False,,7643181,0.3005,buy,43965,176.952225,4766709,-136523,7665439,0.3014,buy,73292,105.195071,6079947,-44518,4922286,0.1935,buy,47766,98.845432,1753979,200836,5203196,0.2046,buy,56577,65.816442,1334366,1479499,-7.72
2015-12-28,25390860,191,False,,7625715,0.3003,buy,43965,176.952225,4766709,-153990,7661355,0.3017,buy,73292,105.195071,6079947,-48602,4885029,0.1924,buy,47766,98.845432,1753979,163578,5218570,0.2055,buy,56577,65.816442,1334366,1494873,-7.87
2015-12-29,25502703,191,False,,7707095,0.3022,buy,43965,176.952225,4766709,-72610,7781861,0.3051,buy,73292,105.195071,6079947,71904,4881685,0.1914,buy,47766,98.845432,1753979,160234,5131871,0.2012,buy,56577,65.816442,1334366,1408174,-7.47
2015-12-30,25335573,191,False,,7652471,0.302,buy,43965,176.952225,4766709,-127234,7711737,0.3044,buy,73292,105.195071,6079947,1780,4844428,0.1912,buy,47766,98.845432,1753979,122977,5126746,0.2024,buy,56577,65.816442,1334366,1403049,-8.07
2015-12-31,25187998,191,False,,7575920,0.3008,buy,43965,176.952225,4766709,-203785,7615740,0.3024,buy,73292,105.195071,6079947,-94218,4846338,0.1924,buy,47766,98.845432,1753979,124887,5149810,0.2045,buy,56577,65.816442,1334366,1426113,-8.61
2016-01-04,25026877,191,False,,7470012,0.2985,buy,43965,176.952225,4766709,-309692,7455064,0.2979,buy,73292,105.195071,6079947,-254893,4914644,0.1964,buy,47766,98.845432,1753979,193193,5186966,0.2073,buy,56577,65.816442,1334366,1463269,-9.19
2016-01-05,25019501,191,False,,7482647,0.2991,buy,43965,176.952225,4766709,-297058,7442128,0.2975,buy,73292,105.195071,6079947,-267829,4928496,0.197,buy,47766,98.845432,1753979,207045,5166039,0.2065,buy,56577,65.816442,1334366,1442342,-9.22
2016-01-06,24994411,191,False,,7388257,0.2956,buy,43965,176.952225,4766709,-391447,7370642,0.2949,buy,73292,105.195071,6079947,-339315,4999667,0.2,buy,47766,98.845432,1753979,278216,5235653,0.2095,buy,56577,65.816442,1334366,1511957,-9.31
2016-01-07,24666444,191,False,,7211003,0.2923,buy,43965,176.952225,4766709,-568702,7139840,0.2895,buy,73292,105.195071,6079947,-570117,5070361,0.2056,buy,47766,98.845432,1753979,348910,5245049,0.2126,buy,56577,65.816442,1334366,1521353,-10.5
2016-01-08,24529782,191,False,,7131851,0.2907,sell,43965,176.952225,4766709,-647853,7081290,0.2887,buy,73292,105.195071,6079947,-628667,5047911,0.2058,buy,47766,98.845432,1753979,326460,5268539,0.2148,buy,56577,65.816442,1334366,1544842,-11.0
2016-01-11,24467998,7151029,False,,0,0.0,sell,0,0.0,4137842,0,7103076,0.2903,buy,73292,105.195071,6079947,-606881,5003011,0.2045,buy,47766,98.845432,1753979,281560,5210883,0.213,buy,56577,65.816442,1334366,1487186,-11.22
2016-01-12,24600227,7151029,False,,0,0.0,sell,0,0.0,4137842,0,7185455,0.2921,buy,73292,105.195071,6079947,-524502,4977695,0.2023,buy,47766,98.845432,1753979,256244,5286048,0.2149,buy,56577,65.816442,1334366,1562351,-10.74
2016-01-13,24428875,7151029,False,,0,0.0,sell,0,0.0,4137842,0,6937635,0.284,sell,73292,105.195071,6079947,-772322,5002056,0.2048,buy,47766,98.845432,1753979,280605,5338156,0.2185,buy,56577,65.816442,1334366,1614459,-11.36
2016-01-14,24304041,14095003,False,,0,0.0,sell,0,0.0,4137842,0,0,0.0,sell,0,0.0,5313964,0,4920853,0.2025,buy,47766,98.845432,1753979,199402,5288184,0.2176,buy,56577,65.816442,1334366,1564488,-11.82
2016-01-15,24437100,14095003,False,,0,0.0,sell,0,0.0,4137842,0,0,0.0,sell,0,0.0,5313964,0,4971485,0.2034,buy,47766,98.845432,1753979,250034,5370612,0.2198,buy,56577,65.816442,1334366,1646915,-11.33
2016-01-19,24415667,14095003,False,,0,0.0,sell,0,0.0,4137842,0,0,0.0,sell,0,0.0,5313964,0,4966709,0.2034,buy,47766,98.845432,1753979,245258,5353955,0.2193,buy,56577,65.816442,1334366,1630258,-11.41
2016-01-20,24538439,14095003,False,,0,0.0,sell,0,0.0,4137842,0,0,0.0,sell,0,0.0,5313964,0,5033104,0.2051,buy,47766,98.845432,1753979,311653,5410332,0.2205,buy,56577,65.816442,1334366,1686635,-10.97
2016-01-21,24507440,14095003,False,,0,0.0,sell,0,0.0,4137842,0,0,0.0,sell,0,0.0,5313964,0,5038835,0.2056,buy,47766,98.845432,1753979,317384,5373602,0.2193,buy,56577,65.816442,1334366,1649905,-11.08
2016-01-22,24463536,14095003,False,,0,0.0,sell,0,0.0,4137842,0,0,0.0,sell,0,0.0,5313964,0,5015430,0.205,buy,47766,98.845432,1753979,293979,5353103,0.2188,buy,56577,65.816442,1334366,1629406,-11.24
2016-01-25,24544165,14095003,False,,0,0.0,sell,0,0.0,4137842,0,0,0.0,sell,0,0.0,5313964,0,5067017,0.2064,buy,47766,98.845432,1753979,345566,5382144,0.2193,buy,56577,65.816442,1334366,1658448,-10.95
2016-01-26,24604524,14095003,False,,0,0.0,sell,0,0.0,4137842,0,0,0.0,sell,0,0.0,5313964,0,5124814,0.2083,buy,47766,98.845432,1753979,403363,5384707,0.2189,buy,56577,65.816442,1334366,1661010,-10.73
2016-01-27,24622348,14095003,False,,0,0.0,sell,0,0.0,4137842,0,0,0.0,sell,0,0.0,5313964,0,5143921,0.2089,buy,47766,98.845432,1753979,422470,5383424,0.2186,buy,56577,65.816442,1334366,1659727,-10.66
2016-01-28,24575106,14095003,False,,0,0.0,sell,0,0.0,4137842,0,0,0.0,sell,0,0.0,5313964,0,5088990,0.2071,buy,47766,98.845432,1753979,367539,5391114,0.2194,buy,56577,65.816442,1334366,1667417,-10.83
2016-01-29,24640386,14095003,False,,0,0.0,sell,0,0.0,4137842,0,0,0.0,sell,0,0.0,5313964,0,5108574,0.2073,buy,47766,98.845432,1753979,387123,5436810,0.2206,buy,56577,65.816442,1334366,1713113,-10.6
2016-02-01,24676285,14095003,False,,0,0.0,sell,0,0.0,4137842,0,0,0.0,sell,0,0.0,5313964,0,5161116,0.2092,buy,47766,98.845432,1753979,439666,5420166,0.2197,buy,56577,65.816442,1334366,1696469,-10.47
2016-02-02,24778752,14095003,False,,0,0.0,sell,0,0.0,4137842,0,0,0.0,sell,0,0.0,5313964,0,5163027,0.2084,buy,47766,98.845432,1753979,441576,5520722,0.2228,buy,56577,65.816442,1334366,1797025,-10.09
2016-02-03,24788374,14095003,False,,0,0.0,sell,0,0.0,4137842,0,0,0.0,sell,0,0.0,5313964,0,5218436,0.2105,buy,47766,98.845432,1753979,496985,5474935,0.2209,buy,56577,65.816442,1334366,1751239,-10.06
2016-02-04,24877957,14095003,False,,0,0.0,sell,0,0.0,4137842,0,0,0.0,sell,0,0.0,5313964,0,5281487,0.2123,buy,47766,98.845432,1753979,560036,5501467,0.2211,buy,56577,65.816442,1334366,1777770,-9.73
2016-02-05,24967964,14095003,False,,0,0.0,sell,0,0.0,4137842,0,0,0.0,sell,0,0.0,5313964,0,5365077,0.2149,buy,47766,98.845432,1753979,643626,5507884,0.2206,buy,56577,65.816442,1334366,1784187,-9.41
2016-02-08,25158620,14095003,False,,0,0.0,sell,0,0.0,4137842,0,0,0.0,sell,0,0.0,5313964,0,5437204,0.2161,buy,47766,98.845432,1753979,715753,5626413,0.2236,buy,56577,65.816442,1334366,1902716,-8.72
2016-02-09,25152670,14095003,False,,0,0.0,sell,0,0.0,4137842,0,0,0.0,sell,0,0.0,5313964,0,5425262,0.2157,buy,47766,98.845432,1753979,703811,5632404,0.2239,buy,56577,65.816442,1334366,1908707,-8.74
2016-02-10,25244338,14095003,False,,0,0.0,sell,0,0.0,4137842,0,0,0.0,sell,0,0.0,5313964,0,5467296,0.2166,buy,47766,98.845432,1753979,745845,5682038,0.2251,buy,56577,65.816442,1334366,1958342,-8.41
2016-02-11,25503856,14095003,False,,0,0.0,sell,0,0.0,4137842,0,0,0.0,sell,0,0.0,5313964,0,5687020,0.223,buy,47766,98.845432,1753979,965569,5721833,0.2244,buy,56577,65.816442,1334366,1998136,-7.46
2016-02-12,25375426,14095003,False,,0,0.0,sell,0,0.0,4137842,0,0,0.0,sell,0,0.0,5313964,0,5653584,0.2228,buy,47766,98.845432,1753979,932133,5626839,0.2217,buy,56577,65.816442,1334366,1903142,-7.93
2016-02-16,25144470,14095003,False,,0,0.0,sell,0,0.0,4137842,0,0,0.0,sell,0,0.0,5313964,0,5482104,0.218,buy,47766,98.845432,1753979,760653,5567363,0.2214,buy,56577,65.816442,1334366,1843667,-8.77
2016-02-17,25144151,14095003,False,,0,0.0,sell,0,0.0,4137842,0,0,0.0,sell,0,0.0,5313964,0,5516018,0.2194,buy,47766,98.845432,1753979,794567,5533130,0.2201,buy,56577,65.816442,1334366,1809433,-8.77
2016-02-18,25346407,14095003,False,,0,0.0,sell,0,0.0,4137842,0,0,0.0,sell,0,0.0,5313964,0,5650240,0.2229,buy,47766,98.845432,1753979,928789,5601164,0.221,buy,56577,65.816442,1334366,1877467,-8.03
2016-02-19,25317202,14095003,False,,0,0.0,sell,0,0.0,4137842,0,0,0.0,sell,0,0.0,5313964,0,5616326,0.2218,buy,47766,98.845432,1753979,894875,5605872,0.2214,buy,56577,65.816442,1334366,1882176,-8.14
2016-02-22,25214376,14095003,False,,0,0.0,sell,0,0.0,4137842,0,0,0.0,sell,0,0.0,5313964,0,5516495,0.2188,buy,47766,98.845432,1753979,795044,5602877,0.2222,buy,56577,65.816442,1334366,1879180,-8.51
2016-02-23,25319689,14095003,False,,0,0.0,sell,0,0.0,4137842,0,0,0.0,sell,0,0.0,5313964,0,5599131,0.2211,buy,47766,98.845432,1753979,877680,5625555,0.2222,buy,56577,65.816442,1334366,1901858,-8.13
2016-02-24,25327195,14095003,False,,0,0.0,sell,0,0.0,4137842,0,0,0.0,sell,0,0.0,5313964,0,5617759,0.2218,buy,47766,98.845432,1753979,896308,5614432,0.2217,buy,56577,65.816442,1334366,1890736,-8.1
2016-02-25,25362111,14095003,False,,0,0.0,sell,0,0.0,4137842,0,0,0.0,sell,0,0.0,5313964,0,5632567,0.2221,buy,47766,98.845432,1753979,911116,5634541,0.2222,buy,56577,65.816442,1334366,1910844,-7.98
2016-02-26,25269079,14095003,False,,0,0.0,sell,0,0.0,4137842,0,0,0.0,sell,0,0.0,5313964,0,5593876,0.2214,buy,47766,98.845432,1753979,872425,5580200,0.2208,buy,56577,65.816442,1334366,1856503,-8.32
2016-02-29,25366553,14095003,False,,0,0.0,sell,0,0.0,4137842,0,0,0.0,sell,0,0.0,5313964,0,5666958,0.2234,buy,47766,98.845432,1753979,945507,5604591,0.2209,buy,56577,65.816442,1334366,1880894,-7.96
2016-03-01,25226305,14095003,False,,0,0.0,sell,0,0.0,4137842,0,0,0.0,sell,0,0.0,5313964,0,5625402,0.223,buy,47766,98.845432,1753979,903951,5505901,0.2183,buy,56577,65.816442,1334366,1782204,-8.47
2016-03-02,25285386,15135706,True,monthly,0,0.0,sell,0,0.0,4137842,0,0,0.0,sell,0,0.0,5313964,0,5085319,0.2011,buy,42849,98.845432,1848088,849891,5064361,0.2003,buy,51826,65.816442,1482243,1653358,-8.26
2016-03-03,25391683,15135706,False,,0,0.0,sell,0,0.0,4137842,0,0,0.0,sell,0,0.0,5313964,0,5173160,0.2037,buy,42849,98.845432,1848088,937732,5082817,0.2002,buy,51826,65.816442,1482243,1671814,-7.87
2016-03-04,25350949,15135706,False,,0,0.0,sell,0,0.0,4137842,0,0,0.0,sell,0,0.0,5313964,0,5165019,0.2037,buy,42849,98.845432,1848088,929591,5050224,0.1992,buy,51826,65.816442,1482243,1639222,-8.02
2016-03-07,25375087,15135706,False,,0,0.0,sell,0,0.0,4137842,0,0,0.0,sell,0,0.0,5313964,0,5190728,0.2046,buy,42849,98.845432,1848088,955300,5048654,0.199,buy,51826,65.816442,1482243,1637651,-7.93
2016-03-08,25406857,15135706,False,,0,0.0,sell,0,0.0,4137842,0,0,0.0,sell,0,0.0,5313964,0,5166733,0.2034,buy,42849,98.845432,1848088,931305,5104419,0.2009,buy,51826,65.816442,1482243,1693416,-7.82
2016-03-09,25332985,15135706,False,,0,0.0,sell,0,0.0,4137842,0,0,0.0,sell,0,0.0,5313964,0,5123884,0.2023,buy,42849,98.845432,1848088,888456,5073396,0.2003,buy,51826,65.816442,1482243,1662393,-8.08
2016-03-10,25394440,15135706,False,,0,0.0,sell,0,0.0,4137842,0,0,0.0,sell,0,0.0,5313964,0,5206154,0.205,buy,42849,98.845432,1848088,970726,5052581,0.199,buy,51826,65.816442,1482243,1641578,-7.86
2016-03-11,25253833,15135706,False,,0,0.0,sell,0,0.0,4137842,0,0,0.0,sell,0,0.0,5313964,0,5116599,0.2026,buy,42849,98.845432,1848088,881171,5001528,0.1981,buy,51826,65.816442,1482243,1590525,-8.37
2016-03-14,25203553,15135706,False,,0,0.0,sell,0,0.0,4137842,0,0,0.0,sell,0,0.0,5313964,0,5050612,0.2004,buy,42849,98.845432,1848088,815184,5017235,0.1991,buy,51826,65.816442,1482243,1606232,-8.55
2016-03-15,25212123,15135706,False,,0,0.0,sell,0,0.0,4137842,0,0,0.0,sell,0,0.0,5313964,0,5054468,0.2005,buy,42849,98.845432,1848088,819040,5021949,0.1992,buy,51826,65.816442,1482243,1610946,-8.52
2016-03-16,25339739,15135706,False,,0,0.0,sell,0,0.0,4137842,0,0,0.0,sell,0,0.0,5313964,0,5167161,0.2039,buy,42849,98.845432,1848088,931733,5036873,0.1988,buy,51826,65.816442,1482243,1625870,-8.06
2016-03-17,25340840,15135706,False,,0,0.0,sell,0,0.0,4137842,0,0,0.0,sell,0,0.0,5313964,0,5147450,0.2031,buy,42849,98.845432,1848088,912022,5057684,0.1996,buy,51826,65.816442,1482243,1646681,-8.06
2016-03-18,25337307,15135706,False,,0,0.0,sell,0,0.0,4137842,0,0,0.0,sell,0,0.0,5313964,0,5133310,0.2026,buy,42849,98.845432,1848088,897882,5068290,0.2,buy,51826,65.816442,1482243,1657287,-8.07
2016-03-21,25262434,15135706,False,,0,0.0,sell,0,0.0,4137842,0,0,0.0,sell,0,0.0,5313964,0,5097317,0.2018,buy,42849,98.845432,1848088,861889,5029411,0.1991,buy,51826,65.816442,1482243,1618408,-8.34
2016-03-22,25276252,15135706,False,,0,0.0,sell,0,0.0,4137842,0,0,0.0,sell,0,0.0,5313964,0,5112314,0.2023,buy,42849,98.845432,1848088,876886,5028232,0.1989,buy,51826,65.816442,1482243,1617229,-8.29
2016-03-23,25217505,15135706,False,,0,0.0,sell,0,0.0,4137842,0,0,0.0,sell,0,0.0,5313964,0,4996622,0.1981,buy,42849,98.845432,1848088,761194,5085177,0.2017,buy,51826,65.816442,1482243,1674174,-8.5
2016-03-24,25207470,15135706,False,,0,0.0,sell,0,0.0,4137842,0,0,0.0,sell,0,0.0,5313964,0,4984624,0.1977,buy,42849,98.845432,1848088,749196,5087140,0.2018,buy,51826,65.816442,1482243,1676137,-8.54
2016-03-28,25225714,15135706,False,,0,0.0,sell,0,0.0,4137842,0,0,0.0,sell,0,0.0,5313964,0,4996193,0.1981,buy,42849,98.845432,1848088,760765,5093814,0.2019,buy,51826,65.816442,1482243,1682811,-8.47
2016-03-29,25371674,15135706,False,,0,0.0,sell,0,0.0,4137842,0,0,0.0,sell,0,0.0,5313964,0,5088747,0.2006,buy,42849,98.845432,1848088,853319,5147221,0.2029,buy,51826,65.816442,1482243,1736218,-7.94
2016-03-30,25246353,15135706,False,,0,0.0,sell,0,0.0,4137842,0,0,0.0,sell,0,0.0,5313964,0,5017618,0.1987,buy,42849,98.845432,1848088,782190,5093029,0.2017,buy,51826,65.816442,1482243,1682026,-8.4
2016-03-31,25305620,15135706,False,,0,0.0,sell,0,0.0,4137842,0,0,0.0,sell,0,0.0,5313964,0,5040756,0.1992,buy,42849,98.845432,1848088,805328,5129158,0.2027,buy,51826,65.816442,1482243,1718155,-8.18
2016-04-01,25288578,15135706,False,,0,0.0,buy,0,0.0,4137842,0,0,0.0,sell,0,0.0,5313964,0,5010334,0.1981,buy,42849,98.845432,1848088,774906,5142539,0.2034,buy,51826,65.816442,1482243,1731536,-8.24
2016-04-04,25213815,7586776,True,monthly,7542507,0.2991,buy,43044,176.24777,4137842,-43902,0,0.0,buy,0,0.0,5313964,0,5023836,0.1992,buy,43253,99.01519,1848088,741132,5060696,0.2007,buy,50970,65.816442,1510659,1706032,-8.52
2016-04-05,25221732,48,True,daily,7488686,0.2969,buy,43168,176.242483,4137842,-119349,7526950,0.2984,buy,74200,101.941939,5313964,-37142,5107974,0.2025,buy,43413,99.085576,1848088,806372,5098074,0.2021,buy,50791,65.816442,1516766,1755191,-8.49
2016-04-06,25358979,48,False,,7570469,0.2985,buy,43168,176.242483,4137842,-37566,7650695,0.3017,buy,74200,101.941939,5313964,86603,5076716,0.2002,buy,43413,99.085576,1848088,775114,5061050,0.1996,buy,50791,65.816442,1516766,1718167,-7.99
2016-04-07,25293448,48,False,,7479884,0.2957,buy,43168,176.242483,4137842,-128152,7540775,0.2981,buy,74200,101.941939,5313964,-23317,5149216,0.2036,buy,43413,99.085576,1848088,847614,5123525,0.2026,buy,50791,65.816442,1516766,1780643,-8.23
2016-04-08,25267880,48,False,,7500052,0.2968,buy,43168,176.242483,4137842,-107983,7535246,0.2982,buy,74200,101.941939,5313964,-28846,5141402,0.2035,buy,43413,99.085576,1848088,839799,5091132,0.2015,buy,50791,65.816442,1516766,1748249,-8.32
2016-04-11,25285528,48,False,,7482452,0.2959,buy,43168,176.242483,4137842,-125583,7507592,0.2969,buy,74200,101.941939,5313964,-56500,5210862,0.2061,buy,43413,99.085576,1848088,909260,5084573,0.2011,buy,50791,65.816442,1516766,1741691,-8.26
2016-04-12,25383891,48,False,,7552131,0.2975,buy,43168,176.242483,4137842,-55904,7570504,0.2982,buy,74200,101.941939,5313964,6412,5211731,0.2053,buy,43413,99.085576,1848088,910129,5049478,0.1989,buy,50791,65.816442,1516766,1706595,-7.9
2016-04-13,25519131,48,False,,7628416,0.2989,buy,43168,176.242483,4137842,20380,7667285,0.3005,buy,74200,101.941939,5313964,103193,5156162,0.2021,buy,43413,99.085576,1848088,854560,5067220,0.1986,buy,50791,65.816442,1516766,1724337,-7.41
2016-04-14,25423829,48,False,,7628783,0.3001,buy,43168,176.242483,4137842,20748,7667977,0.3016,buy,74200,101.941939,5313964,103885,5084096,0.2,buy,43413,99.085576,1848088,782494,5042924,0.1984,buy,50791,65.816442,1516766,1700041,-7.75
2016-04-15,25474394,48,False,,7620346,0.2991,buy,43168,176.242483,4137842,12310,7648621,0.3002,buy,74200,101.941939,5313964,84529,5119261,0.201,buy,43413,99.085576,1848088,817659,5086119,0.1997,buy,50791,65.816442,1516766,1743236,-7.57
2016-04-18,25538929,48,False,,7673893,0.3005,buy,43168,176.242483,4137842,65858,7689407,0.3011,buy,74200,101.941939,5313964,125315,5111447,0.2001,buy,43413,99.085576,1848088,809844,5064135,0.1983,buy,50791,65.816442,1516766,1721252,-7.34
2016-04-19,25580192,48,False,,7698097,0.3009,buy,43168,176.242483,4137842,90062,7642399,0.2988,buy,74200,101.941939,5313964,78307,5191327,0.2029,buy,43413,99.085576,1848088,889724,5048321,0.1974,buy,50791,65.816442,1516766,1705438,-7.19
2016-04-20,25511737,48,False,,7705435,0.302,buy,43168,176.242483,4137842,97399,7648621,0.2998,buy,74200,101.941939,5313964,84529,5164845,0.2024,buy,43413,99.085576,1848088,863243,4992789,0.1957,buy,50791,65.816442,1516766,1649906,-7.44
2016-04-21,25460821,48,False,,7663992,0.301,buy,43168,176.242483,4137842,55956,7649312,0.3004,buy,74200,101.941939,5313964,85220,5184380,0.2036,buy,43413,99.085576,1848088,882778,4963089,0.1949,buy,50791,65.816442,1516766,1620206,-7.62
2016-04-22,25266224,48,False,,7663992,0.3033,buy,43168,176.242483,4137842,55956,7533863,0.2982,buy,74200,101.941939,5313964,-30229,5117959,0.2026,buy,43413,99.085576,1848088,816356,4950363,0.1959,buy,50791,65.816442,1516766,1607480,-8.33
2016-04-25,25247343,48,False,,7650787,0.303,buy,43168,176.242483,4137842,42751,7533863,0.2984,buy,74200,101.941939,5313964,-30229,5132719,0.2033,buy,43413,99.085576,1848088,831117,4929926,0.1953,buy,50791,65.816442,1516766,1587043,-8.39
2016-04-26,25220109,48,False,,7662157,0.3038,buy,43168,176.242483,4137842,54121,7497225,0.2973,buy,74200,101.941939,5313964,-66867,5153123,0.2043,buy,43413,99.085576,1848088,851521,4907556,0.1946,buy,50791,65.816442,1516766,1564674,-8.49
2016-04-27,25239471,48,False,,7677926,0.3042,buy,43168,176.242483,4137842,69891,7437080,0.2947,buy,74200,101.941939,5313964,-127012,5167884,0.2048,buy,43413,99.085576,1848088,866281,4956534,0.1964,buy,50791,65.816442,1516766,1613651,-8.42
2016-04-28,25198040,48,False,,7608245,0.3019,buy,43168,176.242483,4137842,209,7347210,0.2916,buy,74200,101.941939,5313964,-216882,5265563,0.209,buy,43413,99.085576,1848088,963961,4976975,0.1975,buy,50791,65.816442,1516766,1634092,-8.57
2016-04-29,25233435,48,False,,7567168,0.2999,buy,43168,176.242483,4137842,-40867,7308497,0.2896,buy,74200,101.941939,5313964,-255595,5368018,0.2127,buy,43413,99.085576,1848088,1066415,4989705,0.1977,buy,50791,65.816442,1516766,1646822,-8.44
2016-05-02,25294675,48,False,,7627316,0.3015,buy,43168,176.242483,4137842,19280,7377628,0.2917,buy,74200,101.941939,5313964,-186463,5350218,0.2115,buy,43413,99.085576,1848088,1048616,4939465,0.1953,buy,50791,65.816442,1516766,1596582,-8.22
2016-05-03,25209913,48,False,,7560934,0.2999,buy,43168,176.242483,4137842,-47101,7309189,0.2899,buy,74200,101.941939,5313964,-254903,5338062,0.2117,buy,43413,99.085576,1848088,1036460,5001679,0.1984,buy,50791,65.816442,1516766,1658796,-8.53
2016-05-04,25115606,48,False,,7518758,0.2994,buy,43168,176.242483,4137842,-89277,7262179,0.2892,buy,74200,101.941939,5313964,-301912,5305503,0.2112,buy,43413,99.085576,1848088,1003901,5029118,0.2002,buy,50791,65.816442,1516766,1686235,-8.87
2016-05-05,25139605,48,False,,7517291,0.299,buy,43168,176.242483,4137842,-90745,7260105,0.2888,buy,74200,101.941939,5313964,-303987,5299425,0.2108,buy,43413,99.085576,1848088,997823,5062736,0.2014,buy,50791,65.816442,1516766,1719854,-8.79
2016-05-06,25232376,48,False,,7544795,0.299,buy,43168,176.242483,4137842,-63241,7298821,0.2893,buy,74200,101.941939,5313964,-265271,5347613,0.2119,buy,43413,99.085576,1848088,1046011,5041099,0.1998,buy,50791,65.816442,1516766,1698216,-8.45
2016-05-09,25165358,48,False,,7551031,0.3001,buy,43168,176.242483,4137842,-57005,7319559,0.2909,buy,74200,101.941939,5313964,-244533,5237779,0.2081,buy,43413,99.085576,1848088,936176,5056942,0.2009,buy,50791,65.816442,1516766,1714059,-8.69
2016-05-10,25374196,48,False,,7644919,0.3013,buy,43168,176.242483,4137842,36883,7419797,0.2924,buy,74200,101.941939,5313964,-144295,5252105,0.207,buy,43413,99.085576,1848088,950503,5057328,0.1993,buy,50791,65.816442,1516766,1714445,-7.93
2016-05-11,25313718,48,False,,7573405,0.2992,buy,43168,176.242483,4137842,-34631,7352744,0.2905,buy,74200,101.941939,5313964,-211348,5301596,0.2094,buy,43413,99.085576,1848088,999994,5085926,0.2009,buy,50791,65.816442,1516766,1743043,-8.15
2016-05-12,25218557,48,False,,7575604,0.3004,buy,43168,176.242483,4137842,-32432,7320250,0.2903,buy,74200,101.941939,5313964,-243842,5259919,0.2086,buy,43413,99.085576,1848088,958317,5062736,0.2008,buy,50791,65.816442,1516766,1719854,-8.5
2016-05-13,25198537,48,False,,7509589,0.298,buy,43168,176.242483,4137842,-98447,7293287,0.2894,buy,74200,101.941939,5313964,-270805,5283796,0.2097,buy,43413,99.085576,1848088,982194,5111817,0.2029,buy,50791,65.816442,1516766,1768934,-8.57
2016-05-16,25323731,48,False,,7583674,0.2995,buy,43168,176.242483,4137842,-24361,7384543,0.2916,buy,74200,101.941939,5313964,-179548,5287704,0.2088,buy,43413,99.085576,1848088,986101,5067762,0.2001,buy,50791,65.816442,1516766,1724879,-8.12
2016-05-17,25187043,48,False,,7512887,0.2983,buy,43168,176.242483,4137842,-95148,7291906,0.2895,buy,74200,101.941939,5313964,-272186,5305937,0.2107,buy,43413,99.085576,1848088,1004335,5076265,0.2015,buy,50791,65.816442,1516766,1733382,-8.61
2016-05-18,25051219,48,False,,7515089,0.3,buy,43168,176.242483,4137842,-92946,7318179,0.2921,buy,74200,101.941939,5313964,-245913,5213901,0.2081,buy,43413,99.085576,1848088,912299,5004001,0.1998,buy,50791,65.816442,1516766,1661118,-9.11
2016-05-19,24998812,48,False,,7489053,0.2996,buy,43168,176.242483,4137842,-118983,7280155,0.2912,buy,74200,101.941939,5313964,-283937,5203916,0.2082,buy,43413,99.085576,1848088,902314,5025641,0.201,buy,50791,65.816442,1516766,1682758,-9.3
2016-05-20,25123229,48,False,,7536362,0.3,buy,43168,176.242483,4137842,-71673,7360345,0.293,buy,74200,101.941939,5313964,-203746,5196970,0.2069,buy,43413,99.085576,1848088,895368,5029504,0.2002,buy,50791,65.816442,1516766,1686621,-8.84
2016-05-23,25099731,48,False,,7526094,0.2998,buy,43168,176.242483,4137842,-81941,7350667,0.2929,buy,74200,101.941939,5313964,-213425,5182210,0.2065,buy,43413,99.085576,1848088,880608,5040712,0.2008,buy,50791,65.816442,1516766,1697829,-8.93
2016-05-24,25232253,48,False,,7623647,0.3021,buy,43168,176.242483,4137842,15611,7497915,0.2972,buy,74200,101.941939,5313964,-66177,5092345,0.2018,buy,43413,99.085576,1848088,790743,5018298,0.1989,buy,50791,65.816442,1516766,1675415,-8.45
2016-05-25,25305063,48,False,,7675362,0.3033,buy,43168,176.242483,4137842,67327,7551838,0.2984,buy,74200,101.941939,5313964,-12254,5078453,0.2007,buy,43413,99.085576,1848088,776851,4999362,0.1976,buy,50791,65.816442,1516766,1656480,-8.18
2016-05-26,25337909,48,False,,7677561,0.303,buy,43168,176.242483,4137842,69525,7573959,0.2989,buy,74200,101.941939,5313964,9867,5061088,0.1997,buy,43413,99.085576,1848088,759485,5025254,0.1983,buy,50791,65.816442,1516766,1682371,-8.07
2016-05-27,25361305,48,False,,7710568,0.304,buy,43168,176.242483,4137842,102533,7613365,0.3002,buy,74200,101.941939,5313964,49273,5019411,0.1979,buy,43413,99.085576,1848088,717809,5017913,0.1979,buy,50791,65.816442,1516766,1675030,-7.98
2016-05-31,25392232,48,False,,7695899,0.3031,buy,43168,176.242483,4137842,87863,7627881,0.3004,buy,74200,101.941939,5313964,63790,5038513,0.1984,buy,43413,99.085576,1848088,736911,5029891,0.1981,buy,50791,65.816442,1516766,1687008,-7.87
2016-06-01,25423890,48,False,,7711669,0.3033,buy,43168,176.242483,4137842,103634,7628573,0.3001,buy,74200,101.941939,5313964,64481,5033303,0.198,buy,43413,99.085576,1848088,731701,5050298,0.1986,buy,50791,65.816442,1516766,1707415,-7.75
2016-06-02,25487942,48,False,,7735142,0.3035,buy,43168,176.242483,4137842,127106,7644473,0.2999,buy,74200,101.941939,5313964,80381,5021582,0.197,buy,43413,99.085576,1848088,719979,5086698,0.1996,buy,50791,65.816442,1516766,1743815,-7.52
2016-06-03,25640659,48,False,,7712036,0.3008,buy,43168,176.242483,4137842,104001,7608526,0.2967,buy,74200,101.941939,5313964,44434,5160937,0.2013,buy,43413,99.085576,1848088,859335,5159112,0.2012,buy,50791,65.816442,1516766,1816229,-6.97
2016-06-06,25670953,48,False,,7751279,0.3019,buy,43168,176.242483,4137842,143243,7636176,0.2975,buy,74200,101.941939,5313964,72084,5162674,0.2011,buy,43413,99.085576,1848088,861072,5120777,0.1995,buy,50791,65.816442,1516766,1777894,-6.86
2016-06-07,25671747,48,False,,7763379,0.3024,buy,43168,176.242483,4137842,155344,7616820,0.2967,buy,74200,101.941939,5313964,52728,5158333,0.2009,buy,43413,99.085576,1848088,856731,5133168,0.2,buy,50791,65.816442,1516766,1790285,-6.85
2016-06-08,25814089,48,False,,7788687,0.3017,buy,43168,176.242483,4137842,180652,7629955,0.2956,buy,74200,101.941939,5313964,65863,5234740,0.2028,buy,43413,99.085576,1848088,933137,5160660,0.1999,buy,50791,65.816442,1516766,1817777,-6.34
2016-06-09,25853398,48,False,,7778050,0.3009,buy,43168,176.242483,4137842,170015,7617513,0.2946,buy,74200,101.941939,5313964,53421,5263826,0.2036,buy,43413,99.085576,1848088,962224,5193961,0.2009,buy,50791,65.816442,1516766,1851079,-6.2
2016-06-10,25739712,48,False,,7704335,0.2993,buy,43168,176.242483,4137842,96299,7531097,0.2926,buy,74200,101.941939,5313964,-32995,5285099,0.2053,buy,43413,99.085576,1848088,983496,5219133,0.2028,buy,50791,65.816442,1516766,1876250,-6.61
2016-06-13,25679692,48,False,,7644919,0.2977,buy,43168,176.242483,4137842,36883,7468190,0.2908,buy,74200,101.941939,5313964,-95902,5324170,0.2073,buy,43413,99.085576,1848088,1022568,5242366,0.2041,buy,50791,65.816442,1516766,1899483,-6.83
2016-06-14,25666429,48,False,,7629884,0.2973,buy,43168,176.242483,4137842,21849,7468190,0.291,buy,74200,101.941939,5313964,-95902,5329814,0.2077,buy,43413,99.085576,1848088,1028212,5238493,0.2041,buy,50791,65.816442,1516766,1895610,-6.87
2016-06-15,25694003,48,False,,7619246,0.2965,buy,43168,176.242483,4137842,11211,7446759,0.2898,buy,74200,101.941939,5313964,-117333,5369320,0.209,buy,43413,99.085576,1848088,1067718,5258630,0.2047,buy,50791,65.816442,1516766,1915747,-6.77
2016-06-16,25707987,48,False,,7641986,0.2973,buy,43168,176.242483,4137842,33950,7468881,0.2905,buy,74200,101.941939,5313964,-95211,5312883,0.2067,buy,43413,99.085576,1848088,1011281,5284189,0.2055,buy,50791,65.816442,1516766,1941307,-6.72
2016-06-17,25627223,48,False,,7613524,0.2971,buy,43168,176.242483,4137842,5489,7381335,0.288,buy,74200,101.941939,5313964,-182757,5381041,0.21,buy,43413,99.085576,1848088,1079439,5251275,0.2049,buy,50791,65.816442,1516766,1908392,-7.02
2016-06-20,25634426,48,False,,7662559,0.2989,buy,43168,176.242483,4137842,54524,7427777,0.2898,buy,74200,101.941939,5313964,-136315,5348916,0.2087,buy,43413,99.085576,1848088,1047314,5195127,0.2027,buy,50791,65.816442,1516766,1852244,-6.99
2016-06-21,25552846,48,False,,7684310,0.3007,buy,43168,176.242483,4137842,76274,7451346,0.2916,buy,74200,101.941939,5313964,-112746,5246027,0.2053,buy,43413,99.085576,1848088,944425,5171115,0.2024,buy,50791,65.816442,1516766,1828232,-7.29
2016-06-22,25533410,48,False,,7671775,0.3005,buy,43168,176.242483,4137842,63739,7433323,0.2911,buy,74200,101.941939,5313964,-130769,5248632,0.2056,buy,43413,99.085576,1848088,947030,5179633,0.2029,buy,50791,65.816442,1516766,1836750,-7.36
2016-06-23,25645823,48,False,,7771680,0.303,buy,43168,176.242483,4137842,163644,7539373,0.294,buy,74200,101.941939,5313964,-24719,5214335,0.2033,buy,43413,99.085576,1848088,912733,5120387,0.1997,buy,50791,65.816442,1516766,1777504,-6.95
2016-06-24,25449390,48,False,,7492608,0.2944,buy,43168,176.242483,4137842,-115428,7228842,0.284,buy,74200,101.941939,5313964,-335249,5470038,0.2149,buy,43413,99.085576,1848088,1168436,5257854,0.2066,buy,50791,65.816442,1516766,1914971,-7.66
2016-06-27,25332512,48,False,,7358414,0.2905,buy,43168,176.242483,4137842,-249622,7085361,0.2797,buy,74200,101.941939,5313964,-478731,5499559,0.2171,buy,43413,99.085576,1848088,1197957,5389130,0.2127,buy,50791,65.816442,1516766,2046247,-8.09
2016-06-28,25572680,48,False,,7491131,0.2929,buy,43168,176.242483,4137842,-116904,7240626,0.2831,buy,74200,101.941939,5313964,-323466,5440517,0.2127,buy,43413,99.085576,1848088,1138915,5400358,0.2112,buy,50791,65.816442,1516766,2057475,-7.21
2016-06-29,25809612,48,False,,7618687,0.2952,buy,43168,176.242483,4137842,10651,7368858,0.2855,buy,74200,101.941939,5313964,-195233,5463092,0.2117,buy,43413,99.085576,1848088,1161490,5358927,0.2076,buy,50791,65.816442,1516766,2016044,-6.35
2016-06-30,26045926,48,False,,7722649,0.2965,buy,43168,176.242483,4137842,114613,7454116,0.2862,buy,74200,101.941939,5313964,-109976,5490442,0.2108,buy,43413,99.085576,1848088,1188840,5378671,0.2065,buy,50791,65.816442,1516766,2035788,-5.5
2016-07-01,26258478,48,False,,7738869,0.2947,buy,43168,176.242483,4137842,130834,7491546,0.2853,buy,74200,101.941939,5313964,-72546,5574664,0.2123,buy,43413,99.085576,1848088,1273061,5453352,0.2077,buy,50791,65.816442,1516766,2110469,-4.73
2016-07-05,26271362,48,False,,7683202,0.2925,buy,43168,176.242483,4137842,75167,7445798,0.2834,buy,74200,101.941939,5313964,-118294,5620681,0.2139,buy,43413,99.085576,1848088,1319079,5521633,0.2102,buy,50791,65.816442,1516766,2178750,-4.68
2016-07-06,26420357,48,False,,7729285,0.2926,buy,43168,176.242483,4137842,121249,7506797,0.2841,buy,74200,101.941939,5313964,-57295,5653675,0.214,buy,43413,99.085576,1848088,1352073,5530553,0.2093,buy,50791,65.816442,1516766,2187670,-4.14
2016-07-07,26416087,48,False,,7724493,0.2924,buy,43168,176.242483,4137842,116457,7528977,0.285,buy,74200,101.941939,5313964,-35115,5632403,0.2132,buy,43413,99.085576,1848088,1330801,5530167,0.2093,buy,50791,65.816442,1516766,2187284,-4.15
2016-07-08,26722149,48,False,,7839514,0.2934,buy,43168,176.242483,4137842,231478,7645424,0.2861,buy,74200,101.941939,5313964,81332,5666265,0.212,buy,43413,99.085576,1848088,1364663,5570899,0.2085,buy,50791,65.816442,1516766,2228016,-3.04
2016-07-11,26691187,48,False,,7867164,0.2947,buy,43168,176.242483,4137842,259129,7689094,0.2881,buy,74200,101.941939,5313964,125003,5612866,0.2103,buy,43413,99.085576,1848088,1311264,5522014,0.2069,buy,50791,65.816442,1516766,2179131,-3.16
2016-07-12,26603465,48,False,,7924304,0.2979,buy,43168,176.242483,4137842,316268,7727910,0.2905,buy,74200,101.941939,5313964,163818,5519963,0.2075,buy,43413,99.085576,1848088,1218361,5431240,0.2042,buy,50791,65.816442,1516766,2088357,-3.47
2016-07-13,26698452,48,False,,7923201,0.2968,buy,43168,176.242483,4137842,315165,7709197,0.2888,buy,74200,101.941939,5313964,145105,5570756,0.2087,buy,43413,99.085576,1848088,1269154,5495250,0.2058,buy,50791,65.816442,1516766,2152367,-3.13
2016-07-14,26672468,48,False,,7967438,0.2987,buy,43168,176.242483,4137842,359402,7761872,0.291,buy,74200,101.941939,5313964,197781,5527777,0.2072,buy,43413,99.085576,1848088,1226175,5415333,0.203,buy,50791,65.816442,1516766,2072450,-3.22
2016-07-15,26581478,48,False,,7956746,0.2993,buy,43168,176.242483,4137842,348711,7749397,0.2915,buy,74200,101.941939,5313964,185305,5506505,0.2072,buy,43413,99.085576,1848088,1204903,5368782,0.202,buy,50791,65.816442,1516766,2025899,-3.55
2016-07-18,26657790,48,False,,7978129,0.2993,buy,43168,176.242483,4137842,370093,7800691,0.2926,buy,74200,101.941939,5313964,236599,5515188,0.2069,buy,43413,99.085576,1848088,1213585,5363735,0.2012,buy,50791,65.816442,1516766,2020852,-3.28
2016-07-19,26658903,48,False,,7970018,0.299,buy,43168,176.242483,4137842,361982,7772272,0.2915,buy,74200,101.941939,5313964,208180,5522568,0.2072,buy,43413,99.085576,1848088,1220966,5393997,0.2023,buy,50791,65.816442,1516766,2051114,-3.27
2016-07-20,26674388,48,False,,8003197,0.3,buy,43168,176.242483,4137842,395162,7863074,0.2948,buy,74200,101.941939,5313964,298982,5443556,0.2041,buy,43413,99.085576,1848088,1141954,5364512,0.2011,buy,50791,65.816442,1516766,2021629,-3.22
2016-07-21,26719921,48,False,,7972969,0.2984,buy,43168,176.242483,4137842,364933,7845053,0.2936,buy,74200,101.941939,5313964,280961,5526475,0.2068,buy,43413,99.085576,1848088,1224873,5375376,0.2012,buy,50791,65.816442,1516766,2032493,-3.05
2016-07-22,26756325,48,False,,8008728,0.2993,buy,43168,176.242483,4137842,400693,7877630,0.2944,buy,74200,101.941939,5313964,313539,5485232,0.205,buy,43413,99.085576,1848088,1183630,5384686,0.2012,buy,50791,65.816442,1516766,2041803,-2.92
2016-07-25,26693180,48,False,,7986976,0.2992,buy,43168,176.242483,4137842,378940,7878324,0.2951,buy,74200,101.941939,5313964,314232,5447029,0.2041,buy,43413,99.085576,1848088,1145427,5380803,0.2016,buy,50791,65.816442,1516766,2037920,-3.15
2016-07-26,26737426,48,False,,7990665,0.2989,buy,43168,176.242483,4137842,382630,7887335,0.295,buy,74200,101.941939,5313964,323243,5470038,0.2046,buy,43413,99.085576,1848088,1168436,5389340,0.2016,buy,50791,65.816442,1516766,2046457,-2.99
2016-07-27,26938949,48,False,,7982185,0.2963,buy,43168,176.242483,4137842,374150,7942093,0.2948,buy,74200,101.941939,5313964,378001,5558166,0.2063,buy,43413,99.085576,1848088,1256564,5456457,0.2025,buy,50791,65.816442,1516766,2113574,-2.26
2016-07-28,26949737,48,False,,7991398,0.2965,buy,43168,176.242483,4137842,383363,7969819,0.2957,buy,74200,101.941939,5313964,405727,5542104,0.2056,buy,43413,99.085576,1848088,1240502,5446368,0.2021,buy,50791,65.816442,1516766,2103485,-2.22
2016-07-29,27082667,48,False,,8004303,0.2956,buy,43168,176.242483,4137842,396267,7987147,0.2949,buy,74200,101.941939,5313964,423055,5599409,0.2068,buy,43413,99.085576,1848088,1297806,5491761,0.2028,buy,50791,65.816442,1516766,2148878,-1.74
2016-08-01,27069191,48,False,,7997668,0.2955,buy,43168,176.242483,4137842,389633,8029429,0.2966,buy,74200,101.941939,5313964,465337,5609828,0.2072,buy,43413,99.085576,1848088,1308226,5432217,0.2007,buy,50791,65.816442,1516766,2089335,-1.78
2016-08-02,26946568,48,False,,7946425,0.2949,buy,43168,176.242483,4137842,338389,7968432,0.2957,buy,74200,101.941939,5313964,404340,5655412,0.2099,buy,43413,99.085576,1848088,1353810,5376252,0.1995,buy,50791,65.816442,1516766,2033369,-2.23
2016-08-03,26972322,48,False,,7969648,0.2955,buy,43168,176.242483,4137842,361613,7994771,0.2964,buy,74200,101.941939,5313964,430680,5628495,0.2087,buy,43413,99.085576,1848088,1326893,5379359,0.1994,buy,50791,65.816442,1516766,2036476,-2.14
2016-08-04,27053647,48,False,,7978129,0.2949,buy,43168,176.242483,4137842,370093,8017645,0.2964,buy,74200,101.941939,5313964,453553,5638046,0.2084,buy,43413,99.085576,1848088,1336444,5419780,0.2003,buy,50791,65.816442,1516766,2076897,-1.84
2016-08-05,27038769,48,False,,8043382,0.2975,buy,43168,176.242483,4137842,435347,8094585,0.2994,buy,74200,101.941939,5313964,530493,5537328,0.2048,buy,43413,99.085576,1848088,1235726,5363426,0.1984,buy,50791,65.816442,1516766,2020544,-1.89
2016-08-08,27030291,48,False,,8038588,0.2974,buy,43168,176.242483,4137842,430553,8085574,0.2991,buy,74200,101.941939,5313964,521482,5532553,0.2047,buy,43413,99.085576,1848088,1230951,5373528,0.1988,buy,50791,65.816442,1516766,2030645,-1.93
2016-08-09,27129233,48,False,,8043382,0.2965,buy,43168,176.242483,4137842,435347,8104289,0.2987,buy,74200,101.941939,5313964,540197,5555127,0.2048,buy,43413,99.085576,1848088,1253525,5426387,0.2,buy,50791,65.816442,1516766,2083504,-1.57
2016-08-10,27135566,48,False,,8023473,0.2957,buy,43168,176.242483,4137842,415438,8083496,0.2979,buy,74200,101.941939,5313964,519404,5581175,0.2057,buy,43413,99.085576,1848088,1279573,5447374,0.2007,buy,50791,65.816442,1516766,2104491,-1.54
2016-08-11,27120238,48,False,,8060708,0.2972,buy,43168,176.242483,4137842,452673,8118150,0.2993,buy,74200,101.941939,5313964,554058,5542538,0.2044,buy,43413,99.085576,1848088,1240935,5398794,0.1991,buy,50791,65.816442,1516766,2055911,-1.6
2016-08-12,27152532,48,False,,8053704,0.2966,buy,43168,176.242483,4137842,445668,8123700,0.2992,buy,74200,101.941939,5313964,559608,5530816,0.2037,buy,43413,99.085576,1848088,1229214,5444265,0.2005,buy,50791,65.816442,1516766,2101382,-1.48
2016-08-15,27178211,48,False,,8076929,0.2972,buy,43168,176.242483,4137842,468893,8158354,0.3002,buy,74200,101.941939,5313964,594262,5549918,0.2042,buy,43413,99.085576,1848088,1248316,5392962,0.1984,buy,50791,65.816442,1516766,2050079,-1.39
2016-08-16,27104473,48,False,,8035271,0.2965,buy,43168,176.242483,4137842,427236,8113301,0.2993,buy,74200,101.941939,5313964,549209,5577268,0.2058,buy,43413,99.085576,1848088,1275666,5378585,0.1984,buy,50791,65.816442,1516766,2035702,-1.66
2016-08-17,27167698,48,False,,8050385,0.2963,buy,43168,176.242483,4137842,442349,8127857,0.2992,buy,74200,101.941939,5313964,563765,5578570,0.2053,buy,43413,99.085576,1848088,1276968,5410838,0.1992,buy,50791,65.816442,1516766,2067956,-1.43
2016-08-18,27222881,48,False,,8068451,0.2964,buy,43168,176.242483,4137842,460416,8129937,0.2986,buy,74200,101.941939,5313964,565845,5605052,0.2059,buy,43413,99.085576,1848088,1303450,5419392,0.1991,buy,50791,65.816442,1516766,2076509,-1.23
2016-08-19,27131138,48,False,,8056652,0.297,buy,43168,176.242483,4137842,448616,8127857,0.2996,buy,74200,101.941939,5313964,563765,5555562,0.2048,buy,43413,99.085576,1848088,1253960,5391021,0.1987,buy,50791,65.816442,1516766,2048138,-1.56
2016-08-22,27174230,48,False,,8056287,0.2965,buy,43168,176.242483,4137842,448251,8134094,0.2993,buy,74200,101.941939,5313964,570002,5547313,0.2041,buy,43413,99.085576,1848088,1245711,5436489,0.2001,buy,50791,65.816442,1516766,2093606,-1.4
2016-08-23,27209972,48,False,,8072505,0.2967,buy,43168,176.242483,4137842,464469,8148650,0.2995,buy,74200,101.941939,5313964,584558,5546445,0.2038,buy,43413,99.085576,1848088,1244843,5442324,0.2,buy,50791,65.816442,1516766,2099441,-1.27
2016-08-24,27041529,48,False,,8031214,0.297,buy,43168,176.242483,4137842,423179,8095972,0.2994,buy,74200,101.941939,5313964,531880,5484798,0.2028,buy,43413,99.085576,1848088,1183196,5429497,0.2008,buy,50791,65.816442,1516766,2086614,-1.88
2016-08-25,26997460,48,False,,8025686,0.2973,buy,43168,176.242483,4137842,417651,8082802,0.2994,buy,74200,101.941939,5313964,518711,5480023,0.203,buy,43413,99.085576,1848088,1178421,5408900,0.2003,buy,50791,65.816442,1516766,2066017,-2.04
2016-08-26,26954827,48,False,,8010571,0.2972,buy,43168,176.242483,4137842,402535,8094585,0.3003,buy,74200,101.941939,5313964,530493,5472209,0.203,buy,43413,99.085576,1848088,1170607,5377415,0.1995,buy,50791,65.816442,1516766,2034532,-2.2
2016-08-29,27088122,48,False,,8050016,0.2972,buy,43168,176.242483,4137842,441980,8105677,0.2992,buy,74200,101.941939,5313964,541585,5483062,0.2024,buy,43413,99.085576,1848088,1181460,5449320,0.2012,buy,50791,65.816442,1516766,2106437,-1.72
2016-08-30,26972387,48,False,,8036745,0.298,buy,43168,176.242483,4137842,428710,8079337,0.2995,buy,74200,101.941939,5313964,515245,5427927,0.2012,buy,43413,99.085576,1848088,1126325,5428330,0.2013,buy,50791,65.816442,1516766,2085447,-2.14
2016-08-31,26938132,48,False,,8013889,0.2975,buy,43168,176.242483,4137842,405853,8071017,0.2996,buy,74200,101.941939,5313964,506925,5417074,0.2011,buy,43413,99.085576,1848088,1115472,5436105,0.2018,buy,50791,65.816442,1516766,2093222,-2.26
2016-09-01,26987430,48,False,,8014256,0.297,buy,43168,176.242483,4137842,406221,8091812,0.2998,buy,74200,101.941939,5313964,527720,5439215,0.2015,buy,43413,99.085576,1848088,1137613,5442100,0.2017,buy,50791,65.816442,1516766,2099217,-2.08
2016-09-02,27061080,48,False,,8050385,0.2975,buy,43168,176.242483,4137842,442349,8118150,0.3,buy,74200,101.941939,5313964,554058,5494783,0.2031,buy,43413,99.085576,1848088,1193181,5397714,0.1995,buy,50791,65.816442,1516766,2054831,-1.81
2016-09-06,27268241,48,False,,8074717,0.2961,buy,43168,176.242483,4137842,466682,8168751,0.2996,buy,74200,101.941939,5313964,604659,5587688,0.2049,buy,43413,99.085576,1848088,1286085,5437037,0.1994,buy,50791,65.816442,1516766,2094154,-1.06
2016-09-07,27249362,48,False,,8073981,0.2963,buy,43168,176.242483,4137842,465946,8173605,0.3,buy,74200,101.941939,5313964,609513,5568586,0.2044,buy,43413,99.085576,1848088,1266984,5433143,0.1994,buy,50791,65.816442,1516766,2090260,-1.13
2016-09-08,27085440,48,False,,8055548,0.2974,buy,43168,176.242483,4137842,447512,8125776,0.3,buy,74200,101.941939,5313964,561684,5539064,0.2045,buy,43413,99.085576,1848088,1237462,5365004,0.1981,buy,50791,65.816442,1516766,2022121,-1.73
2016-09-09,26563303,48,False,,7862739,0.296,buy,43168,176.242483,4137842,254704,7921297,0.2982,buy,74200,101.941939,5313964,357205,5502598,0.2072,buy,43413,99.085576,1848088,1200996,5276621,0.1986,buy,50791,65.816442,1516766,1933738,-3.62
2016-09-12,26813986,48,False,,7975548,0.2974,buy,43168,176.242483,4137842,367512,8063394,0.3007,buy,74200,101.941939,5313964,499302,5495651,0.205,buy,43413,99.085576,1848088,1194049,5279345,0.1969,buy,50791,65.816442,1516766,1936462,-2.71
2016-09-13,26530821,48,False,,7860896,0.2963,buy,43168,176.242483,4137842,252861,7991306,0.3012,buy,74200,101.941939,5313964,427215,5459185,0.2058,buy,43413,99.085576,1848088,1157583,5219385,0.1967,buy,50791,65.816442,1516766,1876502,-3.74
2016-09-14,26592450,48,False,,7857948,0.2955,buy,43168,176.242483,4137842,249913,8029429,0.3019,buy,74200,101.941939,5313964,465337,5477852,0.206,buy,43413,99.085576,1848088,1176250,5227172,0.1966,buy,50791,65.816442,1516766,1884289,-3.51
2016-09-15,26737990,48,False,,7936468,0.2968,buy,43168,176.242483,4137842,328433,8154196,0.305,buy,74200,101.941939,5313964,590104,5442688,0.2036,buy,43413,99.085576,1848088,1141086,5204590,0.1947,buy,50791,65.816442,1516766,1861707,-2.99
2016-09-16,26732015,48,False,,7905791,0.2957,buy,43168,176.242483,4137842,297756,8150305,0.3049,buy,74200,101.941939,5313964,586213,5429230,0.2031,buy,43413,99.085576,1848088,1127628,5246641,0.1963,buy,50791,65.816442,1516766,1903758,-3.01
2016-09-19,26692215,48,False,,7907274,0.2962,buy,43168,176.242483,4137842,299239,8114865,0.304,buy,74200,101.941939,5313964,550773,5440517,0.2038,buy,43413,99.085576,1848088,1138915,5229511,0.1959,buy,50791,65.816442,1516766,1886628,-3.15
2016-09-20,26731380,48,False,,7907642,0.2958,buy,43168,176.242483,4137842,299606,8130153,0.3041,buy,74200,101.941939,5313964,566062,5445727,0.2037,buy,43413,99.085576,1848088,1144125,5247810,0.1963,buy,50791,65.816442,1516766,1904927,-3.01
2016-09-21,27022098,48,False,,7996570,0.2959,buy,43168,176.242483,4137842,388534,8210062,0.3038,buy,74200,101.941939,5313964,645970,5525172,0.2045,buy,43413,99.085576,1848088,1223570,5290246,0.1958,buy,50791,65.816442,1516766,1947363,-1.95
2016-09-22,27192886,48,False,,8046959,0.2959,buy,43168,176.242483,4137842,438923,8275383,0.3043,buy,74200,101.941939,5313964,711291,5538196,0.2037,buy,43413,99.085576,1848088,1236594,5332301,0.1961,buy,50791,65.816442,1516766,1989418,-1.34
2016-09-23,27094398,48,False,,8002869,0.2954,buy,43168,176.242483,4137842,394833,8222573,0.3035,buy,74200,101.941939,5313964,658482,5541670,0.2045,buy,43413,99.085576,1848088,1240067,5327238,0.1966,buy,50791,65.816442,1516766,1984355,-1.69
2016-09-26,26990293,48,False,,7938027,0.2941,buy,43168,176.242483,4137842,329991,8153778,0.3021,buy,74200,101.941939,5313964,589687,5537328,0.2052,buy,43413,99.085576,1848088,1235726,5361112,0.1986,buy,50791,65.816442,1516766,2018229,-2.07
2016-09-27,27119127,48,False,,7987304,0.2945,buy,43168,176.242483,4137842,379268,8234385,0.3036,buy,74200,101.941939,5313964,670293,5496954,0.2027,buy,43413,99.085576,1848088,1195352,5400436,0.1991,buy,50791,65.816442,1516766,2057553,-1.6
2016-09-28,27143624,48,False,,8026949,0.2957,buy,43168,176.242483,4137842,418914,8248283,0.3039,buy,74200,101.941939,5313964,684192,5479589,0.2019,buy,43413,99.085576,1848088,1177987,5388755,0.1985,buy,50791,65.816442,1516766,2045872,-1.51
2016-09-29,27018361,48,False,,7954329,0.2944,buy,43168,176.242483,4137842,346294,8188523,0.3031,buy,74200,101.941939,5313964,624431,5473077,0.2026,buy,43413,99.085576,1848088,1171475,5402384,0.2,buy,50791,65.816442,1516766,2059501,-1.97
2016-09-30,27072589,48,False,,8014356,0.296,buy,43168,176.242483,4137842,406320,8249672,0.3047,buy,74200,101.941939,5313964,685580,5454409,0.2015,buy,43413,99.085576,1848088,1152807,5354105,0.1978,buy,50791,65.816442,1516766,2011222,-1.77
2016-10-03,27009946,48,False,,7995087,0.296,buy,43168,176.242483,4137842,387051,8237860,0.305,buy,74200,101.941939,5313964,673768,5440517,0.2014,buy,43413,99.085576,1848088,1138915,5336433,0.1976,buy,50791,65.816442,1516766,1993550,-2.0
2016-10-04,26705422,48,False,,7954329,0.2979,buy,43168,176.242483,4137842,346294,8225353,0.308,buy,74200,101.941939,5313964,661261,5251671,0.1967,buy,43413,99.085576,1848088,950069,5274022,0.1975,buy,50791,65.816442,1516766,1931139,-3.1
2016-10-05,26736988,48,False,,7989528,0.2988,buy,43168,176.242483,4137842,381493,8254537,0.3087,buy,74200,101.941939,5313964,690445,5243422,0.1961,buy,43413,99.085576,1848088,941820,5249452,0.1963,buy,50791,65.816442,1516766,1906570,-2.99
2016-10-06,26660497,48,False,,7995087,0.2999,buy,43168,176.242483,4137842,387051,8250367,0.3095,buy,74200,101.941939,5313964,686275,5194800,0.1949,buy,43413,99.085576,1848088,893198,5220196,0.1958,buy,50791,65.816442,1516766,1877313,-3.27
2016-10-07,26621998,48,False,,7967668,0.2993,buy,43168,176.242483,4137842,359633,8232300,0.3092,buy,74200,101.941939,5313964,668208,5198273,0.1953,buy,43413,99.085576,1848088,896670,5223709,0.1962,buy,50791,65.816442,1516766,1880826,-3.41
2016-10-10,26703030,48,False,,8009165,0.2999,buy,43168,176.242483,4137842,401130,8284418,0.3102,buy,74200,101.941939,5313964,720326,5216506,0.1954,buy,43413,99.085576,1848088,914904,5192893,0.1945,buy,50791,65.816442,1516766,1850010,-3.11
2016-10-11,26445564,48,False,,7908015,0.299,buy,43168,176.242483,4137842,299980,8166287,0.3088,buy,74200,101.941939,5313964,602195,5190024,0.1963,buy,43413,99.085576,1848088,888422,5181190,0.1959,buy,50791,65.816442,1516766,1838307,-4.05
2016-10-12,26462307,48,False,,7918390,0.2992,buy,43168,176.242483,4137842,310354,8159338,0.3083,buy,74200,101.941939,5313964,595246,5198273,0.1964,buy,43413,99.085576,1848088,896670,5186259,0.196,buy,50791,65.816442,1516766,1843376,-3.99
2016-10-13,26439282,48,False,,7892454,0.2985,buy,43168,176.242483,4137842,284418,8130153,0.3075,buy,74200,101.941939,5313964,566062,5210862,0.1971,buy,43413,99.085576,1848088,909260,5205765,0.1969,buy,50791,65.816442,1516766,1862882,-4.07
2016-10-14,26351056,48,False,,7896528,0.2997,buy,43168,176.242483,4137842,288492,8139882,0.3089,buy,74200,101.941939,5313964,575790,5181776,0.1966,buy,43413,99.085576,1848088,880174,5132823,0.1948,buy,50791,65.816442,1516766,1789940,-4.39
2016-10-17,26348060,48,False,,7869112,0.2987,buy,43168,176.242483,4137842,261076,8117645,0.3081,buy,74200,101.941939,5313964,553553,5195668,0.1972,buy,43413,99.085576,1848088,894066,5165588,0.1961,buy,50791,65.816442,1516766,1822705,-4.4
2016-10-18,26518502,48,False,,7918390,0.2986,buy,43168,176.242483,4137842,310354,8189913,0.3088,buy,74200,101.941939,5313964,625821,5227793,0.1971,buy,43413,99.085576,1848088,926191,5182359,0.1954,buy,50791,65.816442,1516766,1839476,-3.78
2016-10-19,26573173,48,False,,7939509,0.2988,buy,43168,176.242483,4137842,331474,8189217,0.3082,buy,74200,101.941939,5313964,625125,5257748,0.1979,buy,43413,99.085576,1848088,956146,5186651,0.1952,buy,50791,65.816442,1516766,1843768,-3.58
2016-10-20,26538023,48,False,,7924687,0.2986,buy,43168,176.242483,4137842,316651,8179491,0.3082,buy,74200,101.941939,5313964,615399,5241686,0.1975,buy,43413,99.085576,1848088,940083,5192112,0.1956,buy,50791,65.816442,1516766,1849229,-3.71
2016-10-21,26584009,48,False,,7928392,0.2982,buy,43168,176.242483,4137842,320357,8210062,0.3088,buy,74200,101.941939,5313964,645970,5245593,0.1973,buy,43413,99.085576,1848088,943991,5199913,0.1956,buy,50791,65.816442,1516766,1857031,-3.54
2016-10-24,26682056,48,False,,7962112,0.2984,buy,43168,176.242483,4137842,354076,8308737,0.3114,buy,74200,101.941939,5313964,744645,5233871,0.1962,buy,43413,99.085576,1848088,932269,5177288,0.194,buy,50791,65.816442,1516766,1834405,-3.19
2016-10-25,26682132,48,False,,7935433,0.2974,buy,43168,176.242483,4137842,327397,8282332,0.3104,buy,74200,101.941939,5313964,718240,5273377,0.1976,buy,43413,99.085576,1848088,971775,5190943,0.1945,buy,50791,65.816442,1516766,1848060,-3.19
2016-10-26,26545283,48,False,,7919498,0.2983,buy,43168,176.242483,4137842,311462,8226048,0.3099,buy,74200,101.941939,5313964,661956,5243856,0.1975,buy,43413,99.085576,1848088,942254,5155834,0.1942,buy,50791,65.816442,1516766,1812951,-3.68
2016-10-27,26440027,48,False,,7898381,0.2987,buy,43168,176.242483,4137842,290346,8188523,0.3097,buy,74200,101.941939,5313964,624431,5253407,0.1987,buy,43413,99.085576,1848088,951805,5099668,0.1929,buy,50791,65.816442,1516766,1756785,-4.07
2016-10-28,26378694,48,False,,7875038,0.2985,buy,43168,176.242483,4137842,267003,8137101,0.3085,buy,74200,101.941939,5313964,573009,5278153,0.2001,buy,43413,99.085576,1848088,976550,5088354,0.1929,buy,50791,65.816442,1516766,1745471,-4.29
2016-10-31,26418256,48,False,,7875408,0.2981,buy,43168,176.242483,4137842,267373,8129460,0.3077,buy,74200,101.941939,5313964,565368,5293781,0.2004,buy,43413,99.085576,1848088,992179,5119559,0.1938,buy,50791,65.816442,1516766,1776676,-4.15
2016-11-01,26334732,48,False,,7818348,0.2969,buy,43168,176.242483,4137842,210313,8068307,0.3064,buy,74200,101.941939,5313964,504215,5328078,0.2023,buy,43413,99.085576,1848088,1026475,5119951,0.1944,buy,50791,65.816442,1516766,1777068,-4.45
2016-11-02,26284835,48,False,,7771293,0.2957,buy,43168,176.242483,4137842,163257,8003685,0.3045,buy,74200,101.941939,5313964,439593,5367583,0.2042,buy,43413,99.085576,1848088,1065981,5142226,0.1956,buy,50791,65.816442,1516766,1799344,-4.63
2016-11-03,26159925,48,False,,7735721,0.2957,buy,43168,176.242483,4137842,127686,7925164,0.303,buy,74200,101.941939,5313964,361072,5396236,0.2063,buy,43413,99.085576,1848088,1094634,5102756,0.1951,buy,50791,65.816442,1516766,1759873,-5.08
2016-11-04,26173237,48,False,,7727201,0.2952,buy,43168,176.242483,4137842,119166,7897366,0.3017,buy,74200,101.941939,5313964,333274,5400143,0.2063,buy,43413,99.085576,1848088,1098541,5148480,0.1967,buy,50791,65.816442,1516766,1805597,-5.03
2016-11-07,26390282,48,False,,7897639,0.2993,buy,43168,176.242483,4137842,289604,8084987,0.3064,buy,74200,101.941939,5313964,520895,5302898,0.2009,buy,43413,99.085576,1848088,1001296,5104710,0.1934,buy,50791,65.816442,1516766,1761827,-4.25
2016-11-08,26435808,48,False,,7933209,0.3001,buy,43168,176.242483,4137842,325174,8137796,0.3078,buy,74200,101.941939,5313964,573704,5280757,0.1998,buy,43413,99.085576,1848088,979155,5083997,0.1923,buy,50791,65.816442,1516766,1741114,-4.08
2016-11-09,26338239,48,False,,8017318,0.3044,buy,43168,176.242483,4137842,409282,8175319,0.3104,buy,74200,101.941939,5313964,611227,5277284,0.2004,buy,43413,99.085576,1848088,975682,4868271,0.1848,buy,50791,65.816442,1516766,1525388,-4.44
2016-11-10,26075737,48,False,,8037326,0.3082,buy,43168,176.242483,4137842,429291,8043293,0.3085,buy,74200,101.941939,5313964,479201,5198707,0.1994,buy,43413,99.085576,1848088,897105,4796363,0.1839,buy,50791,65.816442,1516766,1453481,-5.39
2016-11-11,25918675,48,False,,8018799,0.3094,buy,43168,176.242483,4137842,410764,8046768,0.3105,buy,74200,101.941939,5313964,482676,5083662,0.1961,buy,43413,99.085576,1848088,782060,4769398,0.184,buy,50791,65.816442,1516766,1426515,-5.96
2016-11-14,25772165,48,False,,8025098,0.3114,buy,43168,176.242483,4137842,417063,7965464,0.3091,buy,74200,101.941939,5313964,401373,5040683,0.1956,buy,43413,99.085576,1848088,739081,4740871,0.184,buy,50791,65.816442,1516766,1397988,-6.49
2016-11-15,26012565,48,False,,8087717,0.3109,buy,43168,176.242483,4137842,479681,8075952,0.3105,buy,74200,101.941939,5313964,511860,5084531,0.1955,buy,43413,99.085576,1848088,782929,4764318,0.1832,buy,50791,65.816442,1516766,1421435,-5.62
2016-11-16,26073114,48,False,,8072525,0.3096,buy,43168,176.242483,4137842,464489,8123900,0.3116,buy,74200,101.941939,5313964,559808,5069336,0.1944,buy,43413,99.085576,1848088,767734,4807306,0.1844,buy,50791,65.816442,1516766,1464423,-5.4
2016-11-17,26076895,48,False,,8114025,0.3112,buy,43168,176.242483,4137842,505989,8182964,0.3138,buy,74200,101.941939,5313964,618873,5043288,0.1934,buy,43413,99.085576,1848088,741686,4736570,0.1816,buy,50791,65.816442,1516766,1393687,-5.38
2016-11-18,25970205,48,False,,8095869,0.3117,buy,43168,176.242483,4137842,487833,8152390,0.3139,buy,74200,101.941939,5313964,588299,4999007,0.1925,buy,43413,99.085576,1848088,697405,4722891,0.1819,buy,50791,65.816442,1516766,1380008,-5.77
2016-11-21,26146506,48,False,,8157001,0.312,buy,43168,176.242483,4137842,548965,8237166,0.315,buy,74200,101.941939,5313964,673074,5017675,0.1919,buy,43413,99.085576,1848088,716072,4734618,0.1811,buy,50791,65.816442,1516766,1391735,-5.13
2016-11-22,26184156,48,False,,8172936,0.3121,buy,43168,176.242483,4137842,564900,8262182,0.3155,buy,74200,101.941939,5313964,698090,5015938,0.1916,buy,43413,99.085576,1848088,714336,4733053,0.1808,buy,50791,65.816442,1516766,1390170,-5.0
2016-11-23,26037465,48,False,,8177381,0.3141,buy,43168,176.242483,4137842,569346,8228828,0.316,buy,74200,101.941939,5313964,664736,4916522,0.1888,buy,43413,99.085576,1848088,614920,4714685,0.1811,buy,50791,65.816442,1516766,1371802,-5.53
2016-11-25,26073502,48,False,,8207765,0.3148,buy,43168,176.242483,4137842,599729,8255233,0.3166,buy,74200,101.941939,5313964,691142,4888738,0.1875,buy,43413,99.085576,1848088,587136,4721718,0.1811,buy,50791,65.816442,1516766,1378835,-5.4
2016-11-28,26102650,48,False,,8169233,0.313,buy,43168,176.242483,4137842,561198,8236470,0.3155,buy,74200,101.941939,5313964,672378,4940400,0.1893,buy,43413,99.085576,1848088,638797,4756500,0.1822,buy,50791,65.816442,1516766,1413617,-5.29
2016-11-29,26143993,48,False,,8185163,0.3131,buy,43168,176.242483,4137842,577127,8264961,0.3161,buy,74200,101.941939,5313964,700869,4917390,0.1881,buy,43413,99.085576,1848088,615788,4776431,0.1827,buy,50791,65.816442,1516766,1433549,-5.14
2016-11-30,25880928,48,False,,8165525,0.3155,buy,43168,176.242483,4137842,557490,8164897,0.3155,buy,74200,101.941939,5313964,600805,4851403,0.1875,buy,43413,99.085576,1848088,549801,4699055,0.1816,buy,50791,65.816442,1516766,1356172,-6.1
2016-12-01,25651120,48,False,,8135515,0.3172,buy,43168,176.242483,4137842,527480,8023835,0.3128,buy,74200,101.941939,5313964,459743,4842286,0.1888,buy,43413,99.085576,1848088,540684,4649436,0.1813,buy,50791,65.816442,1516766,1306553,-6.93
2016-12-02,25731291,48,False,,8139587,0.3163,buy,43168,176.242483,4137842,531552,8039817,0.3125,buy,74200,101.941939,5313964,475725,4868334,0.1892,buy,43413,99.085576,1848088,566732,4683506,0.182,buy,50791,65.816442,1516766,1340623,-6.64
2016-12-05,25811605,48,False,,8188498,0.3172,buy,43168,176.242483,4137842,580462,8102358,0.3139,buy,74200,101.941939,5313964,538266,4842286,0.1876,buy,43413,99.085576,1848088,540684,4678415,0.1813,buy,50791,65.816442,1516766,1335532,-6.35
2016-12-06,25848695,48,False,,8214434,0.3178,buy,43168,176.242483,4137842,606398,8121814,0.3142,buy,74200,101.941939,5313964,557722,4837511,0.1871,buy,43413,99.085576,1848088,535908,4674889,0.1809,buy,50791,65.816442,1516766,1332006,-6.21
2016-12-07,26116302,48,False,,8321885,0.3186,buy,43168,176.242483,4137842,713850,8224658,0.3149,buy,74200,101.941939,5313964,660566,4854876,0.1859,buy,43413,99.085576,1848088,553274,4714835,0.1805,buy,50791,65.816442,1516766,1371952,-5.24
2016-12-08,26084379,48,False,,8342265,0.3198,buy,43168,176.242483,4137842,734229,8239251,0.3159,buy,74200,101.941939,5313964,675159,4843588,0.1857,buy,43413,99.085576,1848088,541986,4659227,0.1786,buy,50791,65.816442,1516766,1316344,-5.36
2016-12-09,26090641,48,False,,8392653,0.3217,buy,43168,176.242483,4137842,784618,8303873,0.3183,buy,74200,101.941939,5313964,739782,4792795,0.1837,buy,43413,99.085576,1848088,491193,4601271,0.1764,buy,50791,65.816442,1516766,1258388,-5.33
2016-12-12,26070332,48,False,,8383021,0.3216,buy,43168,176.242483,4137842,774986,8266350,0.3171,buy,74200,101.941939,5313964,702258,4811029,0.1845,buy,43413,99.085576,1848088,509427,4609885,0.1768,buy,50791,65.816442,1516766,1267002,-5.41
2016-12-13,26230901,48,False,,8438970,0.3217,buy,43168,176.242483,4137842,830934,8370584,0.3191,buy,74200,101.941939,5313964,806493,4794966,0.1828,buy,43413,99.085576,1848088,493364,4626333,0.1764,buy,50791,65.816442,1516766,1283451,-4.83
2016-12-14,26021847,48,False,,8369310,0.3216,buy,43168,176.242483,4137842,761274,8353211,0.321,buy,74200,101.941939,5313964,789120,4724637,0.1816,buy,43413,99.085576,1848088,423035,4574641,0.1758,buy,50791,65.816442,1516766,1231758,-5.58
2016-12-15,26027930,48,False,,8403770,0.3229,buy,43168,176.242483,4137842,795735,8366415,0.3214,buy,74200,101.941939,5313964,802323,4659951,0.179,buy,43413,99.085576,1848088,358349,4597746,0.1766,buy,50791,65.816442,1516766,1254863,-5.56
2016-12-16,26000731,48,False,,8387334,0.3226,buy,43168,176.242483,4137842,779299,8335400,0.3206,buy,74200,101.941939,5313964,771308,4690775,0.1804,buy,43413,99.085576,1848088,389173,4587173,0.1764,buy,50791,65.816442,1516766,1244291,-5.66
2016-12-19,26125926,48,False,,8405597,0.3217,buy,43168,176.242483,4137842,797561,8369550,0.3204,buy,74200,101.941939,5313964,805458,4714217,0.1804,buy,43413,99.085576,1848088,412615,4636514,0.1775,buy,50791,65.816442,1516766,1293631,-5.21
2016-12-20,26132576,48,False,,8438023,0.3229,buy,43168,176.242483,4137842,829987,8401609,0.3215,buy,74200,101.941939,5313964,837517,4679487,0.1791,buy,43413,99.085576,1848088,377885,4613409,0.1765,buy,50791,65.816442,1516766,1270527,-5.18
2016-12-21,26125791,48,False,,8414539,0.3221,buy,43168,176.242483,4137842,806504,8395337,0.3213,buy,74200,101.941939,5313964,831245,4682092,0.1792,buy,43413,99.085576,1848088,380490,4633775,0.1774,buy,50791,65.816442,1516766,1290893,-5.21
2016-12-22,26067988,48,False,,8400006,0.3222,buy,43168,176.242483,4137842,791971,8371640,0.3211,buy,74200,101.941939,5313964,807548,4670804,0.1792,buy,43413,99.085576,1848088,369202,4625489,0.1774,buy,50791,65.816442,1516766,1282606,-5.42
2016-12-23,26110047,48,False,,8412306,0.3222,buy,43168,176.242483,4137842,804271,8377215,0.3208,buy,74200,101.941939,5313964,813123,4685565,0.1795,buy,43413,99.085576,1848088,383963,4634912,0.1775,buy,50791,65.816442,1516766,1292030,-5.26
2016-12-27,26186560,48,False,,8433177,0.322,buy,43168,176.242483,4137842,825142,8420427,0.3216,buy,74200,101.941939,5313964,856336,4712915,0.18,buy,43413,99.085576,1848088,411313,4619992,0.1764,buy,50791,65.816442,1516766,1277109,-4.99
2016-12-28,26098142,48,False,,8363481,0.3205,buy,43168,176.242483,4137842,755445,8354915,0.3201,buy,74200,101.941939,5313964,790823,4725939,0.1811,buy,43413,99.085576,1848088,424337,4653759,0.1783,buy,50791,65.816442,1516766,1310877,-5.31
2016-12-29,26163000,48,False,,8361618,0.3196,buy,43168,176.242483,4137842,753582,8343066,0.3189,buy,74200,101.941939,5313964,778974,4788020,0.183,buy,43413,99.085576,1848088,486418,4670249,0.1785,buy,50791,65.816442,1516766,1327366,-5.07
2016-12-30,26024262,48,False,,8331056,0.3201,buy,43168,176.242483,4137842,723021,8257343,0.3173,buy,74200,101.941939,5313964,693251,4758499,0.1828,buy,43413,99.085576,1848088,456897,4677316,0.1797,buy,50791,65.816442,1516766,1334433,-5.58
2017-01-03,26219230,48,False,,8394788,0.3202,buy,43168,176.242483,4137842,786753,8331219,0.3178,buy,74200,101.941939,5313964,767127,4795834,0.1829,buy,43413,99.085576,1848088,494232,4697341,0.1792,buy,50791,65.816442,1516766,1354458,-4.87
2017-01-04,26339956,139,True,monthly,7912044,0.3004,buy,40445,176.242483,4186772,783917,7907683,0.3002,buy,70047,101.941939,5356007,766956,5258422,0.1996,buy,47433,100.12866,1848088,509020,5261667,0.1998,buy,56675,68.623502,1516766,1372430,-4.43
2017-01-05,26542357,139,False,,7905760,0.2979,buy,40445,176.242483,4186772,777632,7952422,0.2996,buy,70047,101.941939,5356007,811695,5340007,0.2012,buy,47433,100.12866,1848088,590605,5344029,0.2013,buy,56675,68.623502,1516766,1454792,-3.7
2017-01-06,26551946,139,False,,7934044,0.2988,buy,40445,176.242483,4186772,805917,8022162,0.3021,buy,70047,101.941939,5356007,881435,5300638,0.1996,buy,47433,100.12866,1848088,551235,5294963,0.1994,buy,56675,68.623502,1516766,1405726,-3.66
2017-01-09,26638209,139,False,,7907855,0.2969,buy,40445,176.242483,4186772,779728,8048481,0.3021,buy,70047,101.941939,5356007,907754,5344276,0.2006,buy,47433,100.12866,1848088,594873,5337458,0.2004,buy,56675,68.623502,1516766,1448221,-3.35
2017-01-10,26675233,139,False,,7907855,0.2964,buy,40445,176.242483,4186772,779728,8066242,0.3024,buy,70047,101.941939,5356007,925515,5367044,0.2012,buy,47433,100.12866,1848088,617641,5333953,0.2,buy,56675,68.623502,1516766,1444716,-3.21
2017-01-11,26753858,139,False,,7930203,0.2964,buy,40445,176.242483,4186772,802075,8087956,0.3023,buy,70047,101.941939,5356007,947229,5383646,0.2012,buy,47433,100.12866,1848088,634243,5351915,0.2,buy,56675,68.623502,1516766,1462678,-2.93
2017-01-12,26729072,139,False,,7910298,0.2959,buy,40445,176.242483,4186772,782171,8075456,0.3021,buy,70047,101.941939,5356007,934729,5403093,0.2021,buy,47433,100.12866,1848088,653691,5340085,0.1998,buy,56675,68.623502,1516766,1450848,-3.02
2017-01-13,26763687,139,False,,7928458,0.2962,buy,40445,176.242483,4186772,800331,8103089,0.3028,buy,70047,101.941939,5356007,962362,5417323,0.2024,buy,47433,100.12866,1848088,667920,5314678,0.1986,buy,56675,68.623502,1516766,1425441,-2.89
2017-01-17,26844835,139,False,,7900522,0.2943,buy,40445,176.242483,4186772,772395,8078745,0.3009,buy,70047,101.941939,5356007,938018,5495113,0.2047,buy,47433,100.12866,1848088,745710,5370316,0.2001,buy,56675,68.623502,1516766,1481079,-2.6
2017-01-18,26763475,139,False,,7917979,0.2959,buy,40445,176.242483,4186772,789852,8095193,0.3025,buy,70047,101.941939,5356007,954466,5448629,0.2036,buy,47433,100.12866,1848088,699226,5301534,0.1981,buy,56675,68.623502,1516766,1412297,-2.89
2017-01-19,26689091,139,False,,7888648,0.2956,buy,40445,176.242483,4186772,760521,8091247,0.3032,buy,70047,101.941939,5356007,950520,5443885,0.204,buy,47433,100.12866,1848088,694483,5265172,0.1973,buy,56675,68.623502,1516766,1375935,-3.16
2017-01-20,26738605,139,False,,7917631,0.2961,buy,40445,176.242483,4186772,789504,8109011,0.3033,buy,70047,101.941939,5356007,968284,5457167,0.2041,buy,47433,100.12866,1848088,707764,5254657,0.1965,buy,56675,68.623502,1516766,1365420,-2.98
2017-01-23,26812254,139,False,,7897029,0.2945,buy,40445,176.242483,4186772,768902,8115590,0.3027,buy,70047,101.941939,5356007,974863,5492267,0.2048,buy,47433,100.12866,1848088,742864,5307229,0.1979,buy,56675,68.623502,1516766,1417992,-2.72
2017-01-24,26856467,139,False,,7947662,0.2959,buy,40445,176.242483,4186772,819534,8170197,0.3042,buy,70047,101.941939,5356007,1029470,5467602,0.2036,buy,47433,100.12866,1848088,718199,5270867,0.1963,buy,56675,68.623502,1516766,1381630,-2.56
2017-01-25,26896287,139,False,,8016453,0.2981,buy,40445,176.242483,4186772,888326,8252440,0.3068,buy,70047,101.941939,5356007,1111713,5422541,0.2016,buy,47433,100.12866,1848088,673138,5204714,0.1935,buy,56675,68.623502,1516766,1315477,-2.41
2017-01-26,26863700,139,False,,8008073,0.2981,buy,40445,176.242483,4186772,879946,8260991,0.3075,buy,70047,101.941939,5356007,1120264,5372262,0.2,buy,47433,100.12866,1848088,622859,5222235,0.1944,buy,56675,68.623502,1516766,1332998,-2.53
2017-01-27,26896670,139,False,,7995500,0.2973,buy,40445,176.242483,4186772,867373,8276783,0.3077,buy,70047,101.941939,5356007,1136056,5383171,0.2001,buy,47433,100.12866,1848088,633768,5241077,0.1949,buy,56675,68.623502,1516766,1351840,-2.41
2017-01-30,26789602,139,False,,7945915,0.2966,buy,40445,176.242483,4186772,817788,8212305,0.3065,buy,70047,101.941939,5356007,1071578,5405939,0.2018,buy,47433,100.12866,1848088,656536,5225303,0.195,buy,56675,68.623502,1516766,1336066,-2.8
2017-01-31,26883765,139,False,,7945219,0.2955,buy,40445,176.242483,4186772,817092,8195857,0.3049,buy,70047,101.941939,5356007,1055130,5480883,0.2039,buy,47433,100.12866,1848088,731481,5261667,0.1957,buy,56675,68.623502,1516766,1372430,-2.46
2017-02-01,26894352,139,False,,7948360,0.2955,buy,40445,176.242483,4186772,820232,8252440,0.3068,buy,70047,101.941939,5356007,1111713,5464281,0.2032,buy,47433,100.12866,1848088,714879,5229131,0.1944,buy,56675,68.623502,1516766,1339894,-2.42
2017-02-02,26920516,139,False,,7953600,0.2954,buy,40445,176.242483,4186772,825473,8245201,0.3063,buy,70047,101.941939,5356007,1104474,5494639,0.2041,buy,47433,100.12866,1848088,745236,5226937,0.1942,buy,56675,68.623502,1516766,1337700,-2.32
2017-02-03,27010583,139,False,,8008421,0.2965,buy,40445,176.242483,4186772,880294,8268887,0.3061,buy,70047,101.941939,5356007,1128160,5508394,0.2039,buy,47433,100.12866,1848088,758991,5224742,0.1934,buy,56675,68.623502,1516766,1335505,-2.0
2017-02-06,27112219,139,False,,7994105,0.2949,buy,40445,176.242483,4186772,865977,8278757,0.3054,buy,70047,101.941939,5356007,1138030,5582864,0.2059,buy,47433,100.12866,1848088,833461,5256355,0.1939,buy,56675,68.623502,1516766,1367118,-1.63
2017-02-07,27170084,139,False,,7994454,0.2942,buy,40445,176.242483,4186772,866327,8309021,0.3058,buy,70047,101.941939,5356007,1168294,5571480,0.2051,buy,47433,100.12866,1848088,822077,5294990,0.1949,buy,56675,68.623502,1516766,1405753,-1.42
2017-02-08,27301008,139,False,,8004930,0.2932,buy,40445,176.242483,4186772,876803,8322836,0.3049,buy,70047,101.941939,5356007,1182109,5606106,0.2053,buy,47433,100.12866,1848088,856704,5366996,0.1966,buy,56675,68.623502,1516766,1477759,-0.94
2017-02-09,27274169,139,False,,8052420,0.2952,buy,40445,176.242483,4186772,924293,8353104,0.3063,buy,70047,101.941939,5356007,1212377,5563417,0.204,buy,47433,100.12866,1848088,814014,5305089,0.1945,buy,56675,68.623502,1516766,1415852,-1.04
2017-02-10,27345207,139,False,,8084196,0.2956,buy,40445,176.242483,4186772,956069,8380736,0.3065,buy,70047,101.941939,5356007,1240009,5578121,0.204,buy,47433,100.12866,1848088,828718,5302016,0.1939,buy,56675,68.623502,1516766,1412779,-0.78
2017-02-13,27381951,139,False,,8128195,0.2968,buy,40445,176.242483,4186772,1000068,8428111,0.3078,buy,70047,101.941939,5356007,1287384,5540175,0.2023,buy,47433,100.12866,1848088,790772,5285331,0.193,buy,56675,68.623502,1516766,1396094,-0.65
2017-02-14,27410679,139,False,,8160671,0.2977,buy,40445,176.242483,4186772,1032543,8456397,0.3085,buy,70047,101.941939,5356007,1315670,5546341,0.2023,buy,47433,100.12866,1848088,796938,5247132,0.1914,buy,56675,68.623502,1516766,1357895,-0.55
2017-02-15,27503802,139,False,,8203272,0.2983,buy,40445,176.242483,4186772,1075145,8506400,0.3093,buy,70047,101.941939,5356007,1365673,5571006,0.2026,buy,47433,100.12866,1848088,821603,5222985,0.1899,buy,56675,68.623502,1516766,1333748,-0.21
2017-02-16,27552611,139,False,,8196289,0.2975,buy,40445,176.242483,4186772,1068162,8503769,0.3086,buy,70047,101.941939,5356007,1363042,5600889,0.2033,buy,47433,100.12866,1848088,851486,5251525,0.1906,buy,56675,68.623502,1516766,1362288,-0.03
2017-02-17,27614573,139,False,,8209208,0.2973,buy,40445,176.242483,4186772,1081081,8540614,0.3093,buy,70047,101.941939,5356007,1399887,5581915,0.2021,buy,47433,100.12866,1848088,832513,5282696,0.1913,buy,56675,68.623502,1516766,1393459,0.0
2017-02-21,27699667,139,False,,8258097,0.2981,buy,40445,176.242483,4186772,1129970,8582720,0.3098,buy,70047,101.941939,5356007,1441993,5585236,0.2016,buy,47433,100.12866,1848088,835833,5273476,0.1904,buy,56675,68.623502,1516766,1384239,0.0
2017-02-22,27711996,139,False,,8250761,0.2977,buy,40445,176.242483,4186772,1122634,8586011,0.3098,buy,70047,101.941939,5356007,1445284,5592825,0.2018,buy,47433,100.12866,1848088,843423,5282259,0.1906,buy,56675,68.623502,1516766,1393022,0.0
2017-02-23,27750002,139,False,,8256350,0.2975,buy,40445,176.242483,4186772,1128223,8553771,0.3082,buy,70047,101.941939,5356007,1413044,5641681,0.2033,buy,47433,100.12866,1848088,892278,5298060,0.1909,buy,56675,68.623502,1516766,1408824,0.0
2017-02-24,27871812,139,False,,8266826,0.2966,buy,40445,176.242483,4186772,1138699,8570219,0.3075,buy,70047,101.941939,5356007,1429492,5677730,0.2037,buy,47433,100.12866,1848088,928327,5356898,0.1922,buy,56675,68.623502,1516766,1467661,0.0
2017-02-27,27836137,139,False,,8279746,0.2974,buy,40445,176.242483,4186772,1151619,8580748,0.3083,buy,70047,101.941939,5356007,1440021,5650219,0.203,buy,47433,100.12866,1848088,900816,5325285,0.1913,buy,56675,68.623502,1516766,1436048,-0.13
2017-02-28,27812449,139,False,,8257398,0.2969,buy,40445,176.242483,4186772,1129271,8554431,0.3076,buy,70047,101.941939,5356007,1413704,5655437,0.2033,buy,47433,100.12866,1848088,906034,5345043,0.1922,buy,56675,68.623502,1516766,1455806,-0.21
2017-03-01,27923830,139,False,,8372983,0.2999,buy,40445,176.242483,4186772,1244855,8647856,0.3097,buy,70047,101.941939,5356007,1507129,5647373,0.2022,buy,47433,100.12866,1848088,897970,5255479,0.1882,buy,56675,68.623502,1516766,1366242,0.0
2017-03-02,27738558,139,False,,8320253,0.3,buy,40445,176.242483,4186772,1192126,8604434,0.3102,buy,70047,101.941939,5356007,1463707,5577172,0.2011,buy,47433,100.12866,1848088,827770,5236560,0.1888,buy,56675,68.623502,1516766,1347323,-0.66
2017-03-03,27769906,139,False,,8325492,0.2998,buy,40445,176.242483,4186772,1197365,8620226,0.3104,buy,70047,101.941939,5356007,1479499,5573852,0.2007,buy,47433,100.12866,1848088,824449,5250198,0.1891,buy,56675,68.623502,1516766,1360961,-0.55
2017-03-06,27663485,139,False,,8300698,0.3001,buy,40445,176.242483,4186772,1172571,8601143,0.3109,buy,70047,101.941939,5356007,1460416,5536380,0.2001,buy,47433,100.12866,1848088,786977,5225125,0.1889,buy,56675,68.623502,1516766,1335888,-0.93
2017-03-07,27563797,139,False,,8275905,0.3002,buy,40445,176.242483,4186772,1147778,8586669,0.3115,buy,70047,101.941939,5356007,1445942,5491793,0.1992,buy,47433,100.12866,1848088,742390,5209290,0.189,buy,56675,68.623502,1516766,1320053,-1.29
2017-03-08,27501258,139,False,,8260543,0.3004,buy,40445,176.242483,4186772,1132415,8601800,0.3128,buy,70047,101.941939,5356007,1461073,5457641,0.1985,buy,47433,100.12866,1848088,708238,5181136,0.1884,buy,56675,68.623502,1516766,1291899,-1.51
2017-03-09,27448978,139,False,,8271017,0.3013,buy,40445,176.242483,4186772,1142890,8608379,0.3136,buy,70047,101.941939,5356007,1467652,5429656,0.1978,buy,47433,100.12866,1848088,680253,5139787,0.1872,buy,56675,68.623502,1516766,1250550,-1.7
2017-03-10,27544040,139,False,,8300000,0.3013,buy,40445,176.242483,4186772,1171872,8644566,0.3138,buy,70047,101.941939,5356007,1503839,5441514,0.1976,buy,47433,100.12866,1848088,692111,5157821,0.1873,buy,56675,68.623502,1516766,1268585,-1.36
2017-03-13,27531102,139,False,,8304190,0.3016,buy,40445,176.242483,4186772,1176063,8659043,0.3145,buy,70047,101.941939,5356007,1518316,5442462,0.1977,buy,47433,100.12866,1848088,693060,5125268,0.1862,buy,56675,68.623502,1516766,1236031,-1.41
2017-03-14,27473494,139,False,,8272411,0.3011,buy,40445,176.242483,4186772,1144284,8637986,0.3144,buy,70047,101.941939,5356007,1497259,5413054,0.197,buy,47433,100.12866,1848088,663651,5149903,0.1874,buy,56675,68.623502,1516766,1260667,-1.61
2017-03-15,27762315,139,False,,8343999,0.3006,buy,40445,176.242483,4186772,1215872,8691280,0.3131,buy,70047,101.941939,5356007,1550553,5514086,0.1986,buy,47433,100.12866,1848088,764684,5212811,0.1878,buy,56675,68.623502,1516766,1323574,-0.58
2017-03-16,27736352,139,False,,8327585,0.3002,buy,40445,176.242483,4186772,1199457,8685359,0.3131,buy,70047,101.941939,5356007,1544632,5536854,0.1996,buy,47433,100.12866,1848088,787452,5186415,0.187,buy,56675,68.623502,1516766,1297178,-0.67
2017-03-17,27763581,139,False,,8312959,0.2994,buy,40445,176.242483,4186772,1184832,8682328,0.3127,buy,70047,101.941939,5356007,1541601,5549187,0.1999,buy,47433,100.12866,1848088,799784,5218968,0.188,buy,56675,68.623502,1516766,1329731,-0.57
2017-03-20,27809473,139,False,,8303843,0.2986,buy,40445,176.242483,4186772,1175716,8690236,0.3125,buy,70047,101.941939,5356007,1549509,5573852,0.2004,buy,47433,100.12866,1848088,824449,5241402,0.1885,buy,56675,68.623502,1516766,1352165,-0.41
2017-03-21,27663400,139,False,,8197224,0.2963,buy,40445,176.242483,4186772,1069097,8558377,0.3094,buy,70047,101.941939,5356007,1417650,5622708,0.2033,buy,47433,100.12866,1848088,873305,5284952,0.191,buy,56675,68.623502,1516766,1395715,-0.93
2017-03-22,27775580,139,False,,8216516,0.2958,buy,40445,176.242483,4186772,1088389,8616395,0.3102,buy,70047,101.941939,5356007,1475668,5636463,0.2029,buy,47433,100.12866,1848088,887061,5306067,0.191,buy,56675,68.623502,1516766,1416830,-0.53
2017-03-23,27729986,139,False,,8207746,0.296,buy,40445,176.242483,4186772,1079619,8594639,0.3099,buy,70047,101.941939,5356007,1453912,5628874,0.203,buy,47433,100.12866,1848088,879471,5298588,0.1911,buy,56675,68.623502,1516766,1409351,-0.69
2017-03-24,27769757,139,False,,8201786,0.2953,buy,40445,176.242483,4186772,1073659,8612441,0.3101,buy,70047,101.941939,5356007,1471714,5637886,0.203,buy,47433,100.12866,1848088,888484,5317504,0.1915,buy,56675,68.623502,1516766,1428267,-0.55
2017-03-27,27831157,139,False,,8193368,0.2944,buy,40445,176.242483,4186772,1065241,8626284,0.31,buy,70047,101.941939,5356007,1485557,5669666,0.2037,buy,47433,100.12866,1848088,920264,5341699,0.1919,buy,56675,68.623502,1516766,1452462,-0.33
2017-03-28,27884650,139,False,,8252989,0.296,buy,40445,176.242483,4186772,1124862,8679030,0.3112,buy,70047,101.941939,5356007,1538303,5646424,0.2025,buy,47433,100.12866,1848088,897022,5306067,0.1903,buy,56675,68.623502,1516766,1416830,-0.14
2017-03-29,27978007,139,False,,8260705,0.2953,buy,40445,176.242483,4186772,1132578,8719243,0.3116,buy,70047,101.941939,5356007,1578516,5660180,0.2023,buy,47433,100.12866,1848088,910777,5337740,0.1908,buy,56675,68.623502,1516766,1448503,0.0
2017-03-30,27934916,139,False,,8287007,0.2967,buy,40445,176.242483,4186772,1158880,8733753,0.3126,buy,70047,101.941939,5356007,1593026,5619388,0.2012,buy,47433,100.12866,1848088,869985,5294629,0.1895,buy,56675,68.623502,1516766,1405392,-0.15
2017-03-31,27936950,139,False,,8267719,0.2959,buy,40445,176.242483,4186772,1139592,8727818,0.3124,buy,70047,101.941939,5356007,1587091,5631246,0.2016,buy,47433,100.12866,1848088,881843,5310027,0.1901,buy,56675,68.623502,1516766,1420791,-0.15
2017-04-03,28000739,139,False,,8253340,0.2948,buy,40445,176.242483,4186772,1125213,8722545,0.3115,buy,70047,101.941939,5356007,1581818,5661128,0.2022,buy,47433,100.12866,1848088,911726,5363587,0.1916,buy,56675,68.623502,1516766,1474350,0.0
2017-04-04,28003554,139,False,,8258600,0.2949,buy,40445,176.242483,4186772,1130473,8736388,0.312,buy,70047,101.941939,5356007,1595660,5673936,0.2026,buy,47433,100.12866,1848088,924533,5334492,0.1905,buy,56675,68.623502,1516766,1445255,0.0
2017-04-05,27959716,139,False,,8234052,0.2945,buy,40445,176.242483,4186772,1105925,8700787,0.3112,buy,70047,101.941939,5356007,1560060,5673936,0.2029,buy,47433,100.12866,1848088,924533,5350802,0.1914,buy,56675,68.623502,1516766,1461565,-0.16
2017-04-06,27958668,139,False,,8257197,0.2953,buy,40445,176.242483,4186772,1129070,8705399,0.3114,buy,70047,101.941939,5356007,1564672,5653065,0.2022,buy,47433,100.12866,1848088,903662,5342868,0.1911,buy,56675,68.623502,1516766,1453631,-0.16
2017-04-07,27937321,139,False,,8248780,0.2953,buy,40445,176.242483,4186772,1120653,8700787,0.3114,buy,70047,101.941939,5356007,1560060,5666346,0.2028,buy,47433,100.12866,1848088,916943,5321269,0.1905,buy,56675,68.623502,1516766,1432032,-0.24
2017-04-10,27970212,139,False,,8253690,0.2951,buy,40445,176.242483,4186772,1125563,8704083,0.3112,buy,70047,101.941939,5356007,1563356,5666346,0.2026,buy,47433,100.12866,1848088,916943,5345953,0.1911,buy,56675,68.623502,1516766,1456716,-0.12
2017-04-11,28055564,139,False,,8243869,0.2938,buy,40445,176.242483,4186772,1115741,8666501,0.3089,buy,70047,101.941939,5356007,1525774,5748405,0.2049,buy,47433,100.12866,1848088,999003,5396650,0.1924,buy,56675,68.623502,1516766,1507413,0.0
2017-04-12,28053402,139,False,,8207746,0.2926,buy,40445,176.242483,4186772,1079619,8631558,0.3077,buy,70047,101.941939,5356007,1490831,5787775,0.2063,buy,47433,100.12866,1848088,1038372,5426184,0.1934,buy,56675,68.623502,1516766,1536947,-0.01
2017-04-13,28010076,139,False,,8154440,0.2911,buy,40445,176.242483,4186772,1026313,8597276,0.3069,buy,70047,101.941939,5356007,1456549,5815286,0.2076,buy,47433,100.12866,1848088,1065883,5442936,0.1943,buy,56675,68.623502,1516766,1553699,-0.16
2017-04-17,28119699,139,False,,8226686,0.2926,buy,40445,176.242483,4186772,1098559,8668480,0.3083,buy,70047,101.941939,5356007,1527753,5798210,0.2062,buy,47433,100.12866,1848088,1048807,5426184,0.193,buy,56675,68.623502,1516766,1536947,0.0
2017-04-18,28180450,139,False,,8202135,0.2911,buy,40445,176.242483,4186772,1074008,8655295,0.3071,buy,70047,101.941939,5356007,1514568,5825721,0.2067,buy,47433,100.12866,1848088,1076318,5497160,0.1951,buy,56675,68.623502,1516766,1607923,0.0
2017-04-19,28097539,139,False,,8187056,0.2914,buy,40445,176.242483,4186772,1058929,8669141,0.3085,buy,70047,101.941939,5356007,1528414,5774019,0.2055,buy,47433,100.12866,1848088,1024617,5467184,0.1946,buy,56675,68.623502,1516766,1577947,-0.29
2017-04-20,28226442,139,False,,8253690,0.2924,buy,40445,176.242483,4186772,1125563,8741662,0.3097,buy,70047,101.941939,5356007,1600935,5784929,0.2049,buy,47433,100.12866,1848088,1035526,5446022,0.1929,buy,56675,68.623502,1516766,1556785,0.0
2017-04-21,28214765,139,False,,8227387,0.2916,buy,40445,176.242483,4186772,1099259,8739687,0.3098,buy,70047,101.941939,5356007,1598960,5801530,0.2056,buy,47433,100.12866,1848088,1052127,5446022,0.193,buy,56675,68.623502,1516766,1556785,-0.04
2017-04-24,28344473,139,False,,8317871,0.2935,buy,40445,176.242483,4186772,1189744,8845171,0.3121,buy,70047,101.941939,5356007,1704444,5762161,0.2033,buy,47433,100.12866,1848088,1012758,5419131,0.1912,buy,56675,68.623502,1516766,1529894,0.0
2017-04-25,28333240,139,False,,8366269,0.2953,buy,40445,176.242483,4186772,1238142,8909125,0.3144,buy,70047,101.941939,5356007,1768398,5703818,0.2013,buy,47433,100.12866,1848088,954416,5353889,0.189,buy,56675,68.623502,1516766,1464652,-0.04
2017-04-26,28372975,139,False,,8361009,0.2947,buy,40445,176.242483,4186772,1232882,8896598,0.3136,buy,70047,101.941939,5356007,1755871,5731804,0.202,buy,47433,100.12866,1848088,982401,5383425,0.1897,buy,56675,68.623502,1516766,1494188,0.0
2017-04-27,28410281,139,False,,8368023,0.2945,buy,40445,176.242483,4186772,1239896,8949998,0.315,buy,70047,101.941939,5356007,1809271,5710459,0.201,buy,47433,100.12866,1848088,961056,5381661,0.1894,buy,56675,68.623502,1516766,1492424,0.0
2017-04-28,28437797,139,False,,8349786,0.2936,buy,40445,176.242483,4186772,1221659,8965825,0.3153,buy,70047,101.941939,5356007,1825098,5728483,0.2014,buy,47433,100.12866,1848088,979081,5393563,0.1897,buy,56675,68.623502,1516766,1504326,0.0
2017-05-01,28441599,139,False,,8370829,0.2943,buy,40445,176.242483,4186772,1242702,9045599,0.318,buy,70047,101.941939,5356007,1904872,5676307,0.1996,buy,47433,100.12866,1848088,926904,5348725,0.1881,buy,56675,68.623502,1516766,1459488,0.0
2017-05-02,28486363,139,False,,8373984,0.294,buy,40445,176.242483,4186772,1245857,9060765,0.3181,buy,70047,101.941939,5356007,1920038,5675359,0.1992,buy,47433,100.12866,1848088,925956,5376117,0.1887,buy,56675,68.623502,1516766,1486880,0.0
2017-05-03,28371502,139,False,,8363814,0.2948,buy,40445,176.242483,4186772,1235687,9031753,0.3183,buy,70047,101.941939,5356007,1891026,5596145,0.1972,buy,47433,100.12866,1848088,846743,5379650,0.1896,buy,56675,68.623502,1516766,1490413,-0.4
2017-05-04,28301668,139,False,,8373633,0.2959,buy,40445,176.242483,4186772,1245506,9035051,0.3192,buy,70047,101.941939,5356007,1894324,5539700,0.1957,buy,47433,100.12866,1848088,790297,5353144,0.1891,buy,56675,68.623502,1516766,1463907,-0.65
2017-05-05,28382894,139,False,,8406601,0.2962,buy,40445,176.242483,4186772,1278474,9068016,0.3195,buy,70047,101.941939,5356007,1927289,5550135,0.1955,buy,47433,100.12866,1848088,800733,5358003,0.1888,buy,56675,68.623502,1516766,1468766,-0.36
2017-05-08,28359785,139,False,,8405199,0.2964,buy,40445,176.242483,4186772,1277072,9087796,0.3204,buy,70047,101.941939,5356007,1947069,5537803,0.1953,buy,47433,100.12866,1848088,788400,5328848,0.1879,buy,56675,68.623502,1516766,1439611,-0.44
2017-05-09,28350068,139,False,,8397483,0.2962,buy,40445,176.242483,4186772,1269355,9119441,0.3217,buy,70047,101.941939,5356007,1978713,5504600,0.1942,buy,47433,100.12866,1848088,755197,5328406,0.188,buy,56675,68.623502,1516766,1439169,-0.48
2017-05-10,28363767,139,False,,8412565,0.2966,buy,40445,176.242483,4186772,1284438,9124716,0.3217,buy,70047,101.941939,5356007,1983989,5504125,0.1941,buy,47433,100.12866,1848088,754723,5322221,0.1876,buy,56675,68.623502,1516766,1432984,-0.43
2017-05-11,28361147,139,False,,8395378,0.296,buy,40445,176.242483,4186772,1267251,9117464,0.3215,buy,70047,101.941939,5356007,1976737,5525944,0.1948,buy,47433,100.12866,1848088,776542,5322221,0.1877,buy,56675,68.623502,1516766,1432984,-0.44
2017-05-12,28423411,139,False,,8381349,0.2949,buy,40445,176.242483,4186772,1253221,9137903,0.3215,buy,70047,101.941939,5356007,1997176,5541597,0.195,buy,47433,100.12866,1848088,792195,5362422,0.1887,buy,56675,68.623502,1516766,1473185,-0.22
2017-05-15,28498833,139,False,,8427643,0.2957,buy,40445,176.242483,4186772,1299516,9166908,0.3217,buy,70047,101.941939,5356007,2026181,5556302,0.195,buy,47433,100.12866,1848088,806899,5347841,0.1877,buy,56675,68.623502,1516766,1458604,0.0
2017-05-16,28573436,139,False,,8419930,0.2947,buy,40445,176.242483,4186772,1291803,9205151,0.3222,buy,70047,101.941939,5356007,2064424,5580493,0.1953,buy,47433,100.12866,1848088,831090,5367723,0.1879,buy,56675,68.623502,1516766,1478486,0.0
2017-05-17,28369674,139,False,,8270526,0.2915,buy,40445,176.242483,4186772,1142399,8971098,0.3162,buy,70047,101.941939,5356007,1830371,5681999,0.2003,buy,47433,100.12866,1848088,932596,5445911,0.192,buy,56675,68.623502,1516766,1556674,-0.71
2017-05-18,28441150,139,False,,8303843,0.292,buy,40445,176.242483,4186772,1175716,9049558,0.3182,buy,70047,101.941939,5356007,1908831,5635515,0.1981,buy,47433,100.12866,1848088,886112,5452095,0.1917,buy,56675,68.623502,1516766,1562859,-0.46
2017-05-19,28574193,139,False,,8357852,0.2925,buy,40445,176.242483,4186772,1229725,9087796,0.318,buy,70047,101.941939,5356007,1947069,5663500,0.1982,buy,47433,100.12866,1848088,914098,5464906,0.1913,buy,56675,68.623502,1516766,1575669,0.0
2017-05-22,28701808,139,False,,8400289,0.2927,buy,40445,176.242483,4186772,1272162,9164277,0.3193,buy,70047,101.941939,5356007,2023550,5687217,0.1981,buy,47433,100.12866,1848088,937814,5449886,0.1899,buy,56675,68.623502,1516766,1560649,0.0
2017-05-23,28656906,139,False,,8418875,0.2938,buy,40445,176.242483,4186772,1290747,9173504,0.3201,buy,70047,101.941939,5356007,2032777,5651168,0.1972,buy,47433,100.12866,1848088,901765,5413220,0.1889,buy,56675,68.623502,1516766,1523984,-0.16
2017-05-24,28771519,139,False,,8438517,0.2933,buy,40445,176.242483,4186772,1310390,9215700,0.3203,buy,70047,101.941939,5356007,2074973,5673461,0.1972,buy,47433,100.12866,1848088,924058,5443703,0.1892,buy,56675,68.623502,1516766,1554466,0.0
2017-05-25,28885908,139,False,,8478847,0.2935,buy,40445,176.242483,4186772,1350720,9294157,0.3218,buy,70047,101.941939,5356007,2153430,5667295,0.1962,buy,47433,100.12866,1848088,917892,5445469,0.1885,buy,56675,68.623502,1516766,1556232,0.0
2017-05-26,28960193,139,False,,8477095,0.2927,buy,40445,176.242483,4186772,1348968,9310638,0.3215,buy,70047,101.941939,5356007,2169910,5717574,0.1974,buy,47433,100.12866,1848088,968171,5454747,0.1884,buy,56675,68.623502,1516766,1565510,0.0
2017-05-30,28968713,139,False,,8469728,0.2924,buy,40445,176.242483,4186772,1341601,9318550,0.3217,buy,70047,101.941939,5356007,2177823,5698601,0.1967,buy,47433,100.12866,1848088,949198,5481695,0.1892,buy,56675,68.623502,1516766,1592458,0.0
2017-05-31,28999776,139,False,,8467625,0.292,buy,40445,176.242483,4186772,1339498,9315255,0.3212,buy,70047,101.941939,5356007,2174528,5721369,0.1973,buy,47433,100.12866,1848088,971966,5495388,0.1895,buy,56675,68.623502,1516766,1606151,0.0
2017-06-01,29108696,139,False,,8534963,0.2932,buy,40445,176.242483,4186772,1406836,9351517,0.3213,buy,70047,101.941939,5356007,2210790,5726112,0.1967,buy,47433,100.12866,1848088,976709,5495964,0.1888,buy,56675,68.623502,1516766,1606727,0.0
2017-06-02,29351200,139,False,,8563369,0.2918,buy,40445,176.242483,4186772,1435242,9458327,0.3222,buy,70047,101.941939,5356007,2317600,5768327,0.1965,buy,47433,100.12866,1848088,1018924,5561038,0.1895,buy,56675,68.623502,1516766,1671801,0.0
2017-06-05,29314067,139,False,,8557057,0.2919,buy,40445,176.242483,4186772,1428930,9456345,0.3226,buy,70047,101.941939,5356007,2315618,5774019,0.197,buy,47433,100.12866,1848088,1024617,5526507,0.1885,buy,56675,68.623502,1516766,1637270,-0.13
2017-06-06,29344216,139,False,,8529702,0.2907,buy,40445,176.242483,4186772,1401574,9418762,0.321,buy,70047,101.941939,5356007,2278035,5839002,0.199,buy,47433,100.12866,1848088,1089599,5556611,0.1894,buy,56675,68.623502,1516766,1667374,-0.02
2017-06-07,29339525,139,False,,8545483,0.2913,buy,40445,176.242483,4186772,1417356,9455683,0.3223,buy,70047,101.941939,5356007,2314956,5808171,0.198,buy,47433,100.12866,1848088,1058768,5530049,0.1885,buy,56675,68.623502,1516766,1640812,-0.04
2017-06-08,29301075,139,False,,8549693,0.2918,buy,40445,176.242483,4186772,1421566,9465575,0.323,buy,70047,101.941939,5356007,2324848,5770225,0.1969,buy,47433,100.12866,1848088,1020822,5515443,0.1882,buy,56675,68.623502,1516766,1626206,-0.17
2017-06-09,28990342,139,False,,8536717,0.2945,buy,40445,176.242483,4186772,1408589,9228882,0.3183,buy,70047,101.941939,5356007,2088155,5717574,0.1972,buy,47433,100.12866,1848088,968171,5507030,0.19,buy,56675,68.623502,1516766,1617793,-1.23
2017-06-12,28928834,139,False,,8534963,0.295,buy,40445,176.242483,4186772,1406836,9179436,0.3173,buy,70047,101.941939,5356007,2038709,5709036,0.1973,buy,47433,100.12866,1848088,959633,5505259,0.1903,buy,56675,68.623502,1516766,1616022,-1.44
2017-06-13,29051650,139,False,,8576697,0.2952,buy,40445,176.242483,4186772,1448570,9253939,0.3185,buy,70047,101.941939,5356007,2113212,5714728,0.1967,buy,47433,100.12866,1848088,965325,5506146,0.1895,buy,56675,68.623502,1516766,1616909,-1.02
2017-06-14,29054248,139,False,,8565825,0.2948,buy,40445,176.242483,4186772,1437697,9213723,0.3171,buy,70047,101.941939,5356007,2072996,5683422,0.1956,buy,47433,100.12866,1848088,934019,5591139,0.1924,buy,56675,68.623502,1516766,1701902,-1.01
2017-06-15,28964317,139,False,,8549342,0.2952,buy,40445,176.242483,4186772,1421215,9172845,0.3167,buy,70047,101.941939,5356007,2032118,5659706,0.1954,buy,47433,100.12866,1848088,910303,5582286,0.1927,buy,56675,68.623502,1516766,1693049,-1.32
2017-06-16,28938407,139,False,,8551210,0.2955,buy,40445,176.242483,4186772,1423083,9133050,0.3156,buy,70047,101.941939,5356007,1992323,5660654,0.1956,buy,47433,100.12866,1848088,911251,5593354,0.1933,buy,56675,68.623502,1516766,1704117,-1.41
2017-06-19,29111177,139,False,,8622399,0.2962,buy,40445,176.242483,4186772,1494271,9285764,0.319,buy,70047,101.941939,5356007,2145037,5617490,0.193,buy,47433,100.12866,1848088,868087,5585386,0.1919,buy,56675,68.623502,1516766,1696149,-0.82
2017-06-20,29018472,139,False,,8564248,0.2951,buy,40445,176.242483,4186772,1436121,9213043,0.3175,buy,70047,101.941939,5356007,2072316,5605632,0.1932,buy,47433,100.12866,1848088,856229,5635409,0.1942,buy,56675,68.623502,1516766,1746172,-1.13
2017-06-21,29135224,139,False,,8562135,0.2939,buy,40445,176.242483,4186772,1434008,9304273,0.3193,buy,70047,101.941939,5356007,2163546,5621759,0.193,buy,47433,100.12866,1848088,872356,5646918,0.1938,buy,56675,68.623502,1516766,1757681,-0.74
2017-06-22,29160066,139,False,,8558258,0.2935,buy,40445,176.242483,4186772,1430131,9301624,0.319,buy,70047,101.941939,5356007,2160897,5640732,0.1934,buy,47433,100.12866,1848088,891330,5659313,0.1941,buy,56675,68.623502,1516766,1770076,-0.65
2017-06-23,29227523,139,False,,8568478,0.2932,buy,40445,176.242483,4186772,1440351,9337324,0.3195,buy,70047,101.941939,5356007,2196597,5664923,0.1938,buy,47433,100.12866,1848088,915520,5656658,0.1935,buy,56675,68.623502,1516766,1767421,-0.42
2017-06-26,29160025,139,False,,8574118,0.294,buy,40445,176.242483,4186772,1445991,9293692,0.3187,buy,70047,101.941939,5356007,2152965,5614170,0.1925,buy,47433,100.12866,1848088,864767,5677906,0.1947,buy,56675,68.623502,1516766,1788669,-0.65
2017-06-27,28883067,139,False,,8505044,0.2945,buy,40445,176.242483,4186772,1376916,9125112,0.3159,buy,70047,101.941939,5356007,1984385,5635515,0.1951,buy,47433,100.12866,1848088,886112,5617258,0.1945,buy,56675,68.623502,1516766,1728021,-1.59
2017-06-28,29076431,139,False,,8581166,0.2951,buy,40445,176.242483,4186772,1453039,9256675,0.3184,buy,70047,101.941939,5356007,2115948,5639784,0.194,buy,47433,100.12866,1848088,890381,5598667,0.1926,buy,56675,68.623502,1516766,1709430,-0.94
2017-06-29,28765927,139,False,,8505748,0.2957,buy,40445,176.242483,4186772,1377621,9096026,0.3162,buy,70047,101.941939,5356007,1955299,5612273,0.1951,buy,47433,100.12866,1848088,862870,5551742,0.193,buy,56675,68.623502,1516766,1662505,-1.99
2017-06-30,28758024,139,False,,8521606,0.2963,buy,40445,176.242483,4186772,1393479,9099331,0.3164,buy,70047,101.941939,5356007,1958604,5598043,0.1947,buy,47433,100.12866,1848088,848640,5538904,0.1926,buy,56675,68.623502,1516766,1649667,-2.02
2017-07-03,28567232,139,False,,8536055,0.2988,buy,40445,176.242483,4186772,1407928,9003471,0.3152,buy,70047,101.941939,5356007,1862744,5506497,0.1928,buy,47433,100.12866,1848088,757094,5521070,0.1933,buy,56675,68.623502,1516766,1631833,-2.67
2017-07-05,28697283,139,False,,8555792,0.2981,buy,40445,176.242483,4186772,1427665,9092058,0.3168,buy,70047,101.941939,5356007,1951331,5526893,0.1926,buy,47433,100.12866,1848088,777490,5522400,0.1924,buy,56675,68.623502,1516766,1633163,-2.23
2017-07-06,28489003,139,False,,8477552,0.2976,buy,40445,176.242483,4186772,1349425,9010082,0.3163,buy,70047,101.941939,5356007,1869355,5524522,0.1939,buy,47433,100.12866,1848088,775119,5476708,0.1922,buy,56675,68.623502,1516766,1587471,-2.94
2017-07-07,28551896,139,False,,8532531,0.2988,buy,40445,176.242483,4186772,1404404,9107265,0.319,buy,70047,101.941939,5356007,1966538,5468076,0.1915,buy,47433,100.12866,1848088,718673,5443884,0.1907,buy,56675,68.623502,1516766,1554647,-2.72
2017-07-10,28637552,139,False,,8541693,0.2983,buy,40445,176.242483,4186772,1413566,9166761,0.3201,buy,70047,101.941939,5356007,2026034,5477089,0.1913,buy,47433,100.12866,1848088,727686,5451870,0.1904,buy,56675,68.623502,1516766,1562633,-2.43
2017-07-11,28673424,139,False,,8535350,0.2977,buy,40445,176.242483,4186772,1407222,9192546,0.3206,buy,70047,101.941939,5356007,2051819,5484204,0.1913,buy,47433,100.12866,1848088,734801,5461185,0.1905,buy,56675,68.623502,1516766,1571948,-2.31
2017-07-12,28903797,139,False,,8599492,0.2975,buy,40445,176.242483,4186772,1471364,9301624,0.3218,buy,70047,101.941939,5356007,2160897,5503651,0.1904,buy,47433,100.12866,1848088,754248,5498891,0.1902,buy,56675,68.623502,1516766,1609654,-1.52
2017-07-13,28894179,139,False,,8613940,0.2981,buy,40445,176.242483,4186772,1485813,9322120,0.3226,buy,70047,101.941939,5356007,2181393,5493690,0.1901,buy,47433,100.12866,1848088,744287,5464290,0.1891,buy,56675,68.623502,1516766,1575053,-1.56
2017-07-14,29059453,139,False,,8654117,0.2978,buy,40445,176.242483,4186772,1525989,9395501,0.3233,buy,70047,101.941939,5356007,2254774,5538751,0.1906,buy,47433,100.12866,1848088,789349,5470946,0.1883,buy,56675,68.623502,1516766,1581709,-0.99
2017-07-17,29102770,139,False,,8653060,0.2973,buy,40445,176.242483,4186772,1524932,9400128,0.323,buy,70047,101.941939,5356007,2259401,5563417,0.1912,buy,47433,100.12866,1848088,814014,5486027,0.1885,buy,56675,68.623502,1516766,1596790,-0.85
2017-07-18,29256966,139,False,,8657642,0.2959,buy,40445,176.242483,4186772,1529515,9462936,0.3234,buy,70047,101.941939,5356007,2322209,5602312,0.1915,buy,47433,100.12866,1848088,852909,5533936,0.1891,buy,56675,68.623502,1516766,1644699,-0.32
2017-07-19,29360165,139,False,,8704514,0.2965,buy,40445,176.242483,4186772,1576386,9518468,0.3242,buy,70047,101.941939,5356007,2377741,5600889,0.1908,buy,47433,100.12866,1848088,851486,5536155,0.1886,buy,56675,68.623502,1516766,1646918,0.0
2017-07-20,29400160,139,False,,8708392,0.2962,buy,40445,176.242483,4186772,1580265,9531028,0.3242,buy,70047,101.941939,5356007,2390300,5608478,0.1908,buy,47433,100.12866,1848088,859075,5552123,0.1888,buy,56675,68.623502,1516766,1662886,0.0
2017-07-21,29460334,139,False,,8700638,0.2953,buy,40445,176.242483,4186772,1572511,9527062,0.3234,buy,70047,101.941939,5356007,2386335,5656860,0.192,buy,47433,100.12866,1848088,907457,5575635,0.1893,buy,56675,68.623502,1516766,1686398,0.0
2017-07-24,29482484,139,False,,8698523,0.295,buy,40445,176.242483,4186772,1570396,9570693,0.3246,buy,70047,101.941939,5356007,2429966,5659231,0.192,buy,47433,100.12866,1848088,909828,5553897,0.1884,buy,56675,68.623502,1516766,1664660,0.0
2017-07-25,29388364,139,False,,8719669,0.2967,buy,40445,176.242483,4186772,1591542,9546233,0.3248,buy,70047,101.941939,5356007,2405506,5640732,0.1919,buy,47433,100.12866,1848088,891330,5481591,0.1865,buy,56675,68.623502,1516766,1592354,-0.32
2017-07-26,29474194,139,False,,8720020,0.2959,buy,40445,176.242483,4186772,1591893,9577303,0.3249,buy,70047,101.941939,5356007,2436576,5686268,0.1929,buy,47433,100.12866,1848088,936865,5490464,0.1863,buy,56675,68.623502,1516766,1601227,-0.03
2017-07-27,29374599,139,False,,8711914,0.2966,buy,40445,176.242483,4186772,1583787,9517142,0.324,buy,70047,101.941939,5356007,2376415,5681999,0.1934,buy,47433,100.12866,1848088,932596,5463404,0.186,buy,56675,68.623502,1516766,1574167,-0.37
2017-07-28,29431520,139,False,,8701694,0.2957,buy,40445,176.242483,4186772,1573567,9509211,0.3231,buy,70047,101.941939,5356007,2368484,5724689,0.1945,buy,47433,100.12866,1848088,975286,5495788,0.1867,buy,56675,68.623502,1516766,1606551,-0.17
2017-07-31,29395756,139,False,,8696762,0.2959,buy,40445,176.242483,4186772,1568635,9468880,0.3221,buy,70047,101.941939,5356007,2328153,5727535,0.1948,buy,47433,100.12866,1848088,978132,5502440,0.1872,buy,56675,68.623502,1516766,1613203,-0.29
2017-08-01,29470846,139,False,,8716144,0.2958,buy,40445,176.242483,4186772,1588017,9490700,0.322,buy,70047,101.941939,5356007,2349973,5722792,0.1942,buy,47433,100.12866,1848088,973389,5541071,0.188,buy,56675,68.623502,1516766,1651834,-0.04
2017-08-02,29492112,139,False,,8720375,0.2957,buy,40445,176.242483,4186772,1592248,9516479,0.3227,buy,70047,101.941939,5356007,2375752,5710933,0.1936,buy,47433,100.12866,1848088,961531,5544186,0.188,buy,56675,68.623502,1516766,1654949,0.0
2017-08-03,29504539,139,False,,8703457,0.295,buy,40445,176.242483,4186772,1575329,9479463,0.3213,buy,70047,101.941939,5356007,2338736,5719945,0.1939,buy,47433,100.12866,1848088,970543,5601535,0.1899,buy,56675,68.623502,1516766,1712298,0.0
2017-08-04,29445429,139,False,,8719317,0.2961,buy,40445,176.242483,4186772,1591190,9496651,0.3225,buy,70047,101.941939,5356007,2355924,5675359,0.1927,buy,47433,100.12866,1848088,925956,5553964,0.1886,buy,56675,68.623502,1516766,1664727,-0.2
2017-08-07,29521384,139,False,,8735527,0.2959,buy,40445,176.242483,4186772,1607400,9556810,0.3237,buy,70047,101.941939,5356007,2416083,5668718,0.192,buy,47433,100.12866,1848088,919315,5560191,0.1883,buy,56675,68.623502,1516766,1670954,0.0
2017-08-08,29479950,139,False,,8714029,0.2956,buy,40445,176.242483,4186772,1585902,9540280,0.3236,buy,70047,101.941939,5356007,2399553,5685319,0.1929,buy,47433,100.12866,1848088,935917,5540182,0.1879,buy,56675,68.623502,1516766,1650945,-0.14
2017-08-09,29566050,139,False,,8713676,0.2947,buy,40445,176.242483,4186772,1585549,9527722,0.3223,buy,70047,101.941939,5356007,2386995,5754097,0.1946,buy,47433,100.12866,1848088,1004694,5570415,0.1884,buy,56675,68.623502,1516766,1681178,0.0
2017-08-10,29329030,139,False,,8590681,0.2929,buy,40445,176.242483,4186772,1462554,9323440,0.3179,buy,70047,101.941939,5356007,2182713,5796787,0.1976,buy,47433,100.12866,1848088,1047384,5617983,0.1916,buy,56675,68.623502,1516766,1728746,-0.8
2017-08-11,29442637,139,False,,8603367,0.2922,buy,40445,176.242483,4186772,1475240,9394182,0.3191,buy,70047,101.941939,5356007,2253455,5824298,0.1978,buy,47433,100.12866,1848088,1074895,5620651,0.1909,buy,56675,68.623502,1516766,1731414,-0.42
2017-08-14,29578739,139,False,,8688656,0.2937,buy,40445,176.242483,4186772,1560528,9515161,0.3217,buy,70047,101.941939,5356007,2374434,5783031,0.1955,buy,47433,100.12866,1848088,1033629,5591752,0.189,buy,56675,68.623502,1516766,1702515,0.0
2017-08-15,29516147,139,False,,8687597,0.2943,buy,40445,176.242483,4186772,1559470,9521774,0.3226,buy,70047,101.941939,5356007,2381047,5738444,0.1944,buy,47433,100.12866,1848088,989042,5568192,0.1886,buy,56675,68.623502,1516766,1678956,-0.21
2017-08-16,29610493,139,False,,8702753,0.2939,buy,40445,176.242483,4186772,1574626,9538301,0.3221,buy,70047,101.941939,5356007,2397574,5780660,0.1952,buy,47433,100.12866,1848088,1031257,5588640,0.1887,buy,56675,68.623502,1516766,1699404,0.0
2017-08-17,29350981,139,False,,8567068,0.2919,buy,40445,176.242483,4186772,1438941,9343276,0.3183,buy,70047,101.941939,5356007,2202549,5810068,0.198,buy,47433,100.12866,1848088,1060665,5630429,0.1918,buy,56675,68.623502,1516766,1741192,-0.88
2017-08-18,29320635,139,False,,8553677,0.2917,buy,40445,176.242483,4186772,1425550,9336666,0.3184,buy,70047,101.941939,5356007,2195939,5801056,0.1978,buy,47433,100.12866,1848088,1051653,5629098,0.192,buy,56675,68.623502,1516766,1739861,-0.98
2017-08-21,29351032,139,False,,8560371,0.2917,buy,40445,176.242483,4186772,1432244,9324769,0.3177,buy,70047,101.941939,5356007,2184041,5822875,0.1984,buy,47433,100.12866,1848088,1073472,5642878,0.1923,buy,56675,68.623502,1516766,1753641,-0.88
2017-08-22,29534814,139,False,,8649889,0.2929,buy,40445,176.242483,4186772,1521761,9466905,0.3205,buy,70047,101.941939,5356007,2326178,5796787,0.1963,buy,47433,100.12866,1848088,1047384,5621094,0.1903,buy,56675,68.623502,1516766,1731857,-0.26
2017-08-23,29530136,139,False,,8618875,0.2919,buy,40445,176.242483,4186772,1490748,9433189,0.3194,buy,70047,101.941939,5356007,2292462,5818606,0.197,buy,47433,100.12866,1848088,1069203,5659327,0.1916,buy,56675,68.623502,1516766,1770090,-0.27
2017-08-24,29443359,139,False,,8598786,0.292,buy,40445,176.242483,4186772,1470659,9405420,0.3194,buy,70047,101.941939,5356007,2264693,5800582,0.197,buy,47433,100.12866,1848088,1051179,5638431,0.1915,buy,56675,68.623502,1516766,1749194,-0.56
2017-08-25,29486744,139,False,,8618875,0.2923,buy,40445,176.242483,4186772,1490748,9385588,0.3183,buy,70047,101.941939,5356007,2244861,5821926,0.1974,buy,47433,100.12866,1848088,1072524,5660216,0.192,buy,56675,68.623502,1516766,1770979,-0.42
2017-08-28,29605120,139,False,,8619228,0.2911,buy,40445,176.242483,4186772,1491101,9414673,0.318,buy,70047,101.941939,5356007,2273946,5914421,0.1998,buy,47433,100.12866,1848088,1165018,5656659,0.1911,buy,56675,68.623502,1516766,1767422,-0.02
2017-08-29,29657429,139,False,,8629097,0.291,buy,40445,176.242483,4186772,1500969,9451695,0.3187,buy,70047,101.941939,5356007,2310968,5901614,0.199,buy,47433,100.12866,1848088,1152211,5674885,0.1913,buy,56675,68.623502,1516766,1785648,0.0
2017-08-30,29804751,139,False,,8669976,0.2909,buy,40445,176.242483,4186772,1541849,9562760,0.3208,buy,70047,101.941939,5356007,2422033,5898768,0.1979,buy,47433,100.12866,1848088,1149365,5673108,0.1903,buy,56675,68.623502,1516766,1783871,0.0
2017-08-31,30045528,139,False,,8722136,0.2903,buy,40445,176.242483,4186772,1594008,9665231,0.3217,buy,70047,101.941939,5356007,2524504,5968020,0.1986,buy,47433,100.12866,1848088,1218617,5690002,0.1894,buy,56675,68.623502,1516766,1800765,0.0
2017-09-01,30012497,139,False,,8734470,0.291,buy,40445,176.242483,4186772,1606343,9652005,0.3216,buy,70047,101.941939,5356007,2511278,5979404,0.1992,buy,47433,100.12866,1848088,1230001,5646479,0.1881,buy,56675,68.623502,1516766,1757242,-0.11
2017-09-05,30019112,139,False,,8671737,0.2889,buy,40445,176.242483,4186772,1543610,9565404,0.3186,buy,70047,101.941939,5356007,2424677,6045810,0.2014,buy,47433,100.12866,1848088,1296407,5736021,0.1911,buy,56675,68.623502,1516766,1846784,-0.09
2017-09-06,30011780,139,False,,8701342,0.2899,buy,40445,176.242483,4186772,1573214,9594494,0.3197,buy,70047,101.941939,5356007,2453767,6014979,0.2004,buy,47433,100.12866,1848088,1265576,5700827,0.19,buy,56675,68.623502,1516766,1811590,-0.11
2017-09-07,30154169,139,False,,8700284,0.2885,buy,40445,176.242483,4186772,1572157,9616969,0.3189,buy,70047,101.941939,5356007,2476242,6077591,0.2016,buy,47433,100.12866,1848088,1328188,5759187,0.191,buy,56675,68.623502,1516766,1869950,0.0
2017-09-08,30040588,139,False,,8690064,0.2893,buy,40445,176.242483,4186772,1561937,9533673,0.3174,buy,70047,101.941939,5356007,2392946,6070001,0.2021,buy,47433,100.12866,1848088,1320598,5746711,0.1913,buy,56675,68.623502,1516766,1857475,-0.38
2017-09-11,30089980,139,False,,8782751,0.2919,buy,40445,176.242483,4186772,1654624,9643410,0.3205,buy,70047,101.941939,5356007,2502683,5985570,0.1989,buy,47433,100.12866,1848088,1236168,5678109,0.1887,buy,56675,68.623502,1516766,1788872,-0.21
2017-09-12,30130428,139,False,,8812356,0.2925,buy,40445,176.242483,4186772,1684228,9666552,0.3208,buy,70047,101.941939,5356007,2525825,6003120,0.1992,buy,47433,100.12866,1848088,1253718,5648261,0.1875,buy,56675,68.623502,1516766,1759024,-0.08
2017-09-13,30080537,139,False,,8816584,0.2931,buy,40445,176.242483,4186772,1688457,9679769,0.3218,buy,70047,101.941939,5356007,2539042,5958059,0.1981,buy,47433,100.12866,1848088,1208656,5625985,0.187,buy,56675,68.623502,1516766,1736748,-0.24
2017-09-14,30070125,139,False,,8813766,0.2931,buy,40445,176.242483,4186772,1685639,9622920,0.32,buy,70047,101.941939,5356007,2482193,5984147,0.199,buy,47433,100.12866,1848088,1234745,5649152,0.1879,buy,56675,68.623502,1516766,1759915,-0.28
2017-09-15,30087386,139,False,,8825630,0.2933,buy,40445,176.242483,4186772,1697503,9655974,0.3209,buy,70047,101.941939,5356007,2515247,5954264,0.1979,buy,47433,100.12866,1848088,1204862,5651379,0.1878,buy,56675,68.623502,1516766,1762142,-0.22
2017-09-18,30005487,139,False,,8844401,0.2948,buy,40445,176.242483,4186772,1716274,9643319,0.3214,buy,70047,101.941939,5356007,2502592,5898768,0.1966,buy,47433,100.12866,1848088,1149365,5618859,0.1873,buy,56675,68.623502,1516766,1729622,-0.49
2017-09-19,30029428,139,False,,8853255,0.2948,buy,40445,176.242483,4186772,1725128,9659884,0.3217,buy,70047,101.941939,5356007,2519157,5911101,0.1968,buy,47433,100.12866,1848088,1161698,5605049,0.1867,buy,56675,68.623502,1516766,1715813,-0.41
2017-09-20,29959378,139,False,,8856444,0.2956,buy,40445,176.242483,4186772,1728316,9630070,0.3214,buy,70047,101.941939,5356007,2489343,5863668,0.1957,buy,47433,100.12866,1848088,1114265,5609058,0.1872,buy,56675,68.623502,1516766,1719821,-0.65
2017-09-21,29828977,139,False,,8832714,0.2961,buy,40445,176.242483,4186772,1704587,9571104,0.3209,buy,70047,101.941939,5356007,2430377,5819080,0.1951,buy,47433,100.12866,1848088,1069678,5605939,0.1879,buy,56675,68.623502,1516766,1716702,-1.08
2017-09-22,29864069,139,False,,8834484,0.2958,buy,40445,176.242483,4186772,1706357,9561827,0.3202,buy,70047,101.941939,5356007,2421100,5845643,0.1957,buy,47433,100.12866,1848088,1096240,5621975,0.1883,buy,56675,68.623502,1516766,1732738,-0.96
2017-09-25,29841685,139,False,,8816423,0.2954,buy,40445,176.242483,4186772,1688296,9461121,0.317,buy,70047,101.941939,5356007,2320394,5906831,0.1979,buy,47433,100.12866,1848088,1157429,5657171,0.1896,buy,56675,68.623502,1516766,1767934,-1.04
2017-09-26,29795330,139,False,,8821734,0.2961,buy,40445,176.242483,4186772,1693607,9485633,0.3184,buy,70047,101.941939,5356007,2344906,5840900,0.196,buy,47433,100.12866,1848088,1091497,5646924,0.1895,buy,56675,68.623502,1516766,1757687,-1.19
2017-09-27,29775046,139,False,,8856090,0.2974,buy,40445,176.242483,4186772,1727963,9571104,0.3214,buy,70047,101.941939,5356007,2430377,5785877,0.1943,buy,47433,100.12866,1848088,1036475,5561835,0.1868,buy,56675,68.623502,1516766,1672598,-1.26
2017-09-28,29776791,139,False,,8866715,0.2978,buy,40445,176.242483,4186772,1738588,9567794,0.3213,buy,70047,101.941939,5356007,2427067,5796787,0.1947,buy,47433,100.12866,1848088,1047384,5545356,0.1862,buy,56675,68.623502,1516766,1656119,-1.25
2017-09-29,29859447,139,False,,8897881,0.298,buy,40445,176.242483,4186772,1769754,9636696,0.3227,buy,70047,101.941939,5356007,2495968,5766904,0.1931,buy,47433,100.12866,1848088,1017502,5557827,0.1861,buy,56675,68.623502,1516766,1668590,-0.98
2017-10-02,29858070,139,False,,8936488,0.2993,buy,40445,176.242483,4186772,1808361,9645310,0.323,buy,70047,101.941939,5356007,2504583,5728483,0.1919,buy,47433,100.12866,1848088,979081,5547649,0.1858,buy,56675,68.623502,1516766,1658412,-0.98
2017-10-03,29905932,139,False,,8955611,0.2995,buy,40445,176.242483,4186772,1827484,9665846,0.3232,buy,70047,101.941939,5356007,2525119,5731329,0.1916,buy,47433,100.12866,1848088,981927,5553007,0.1857,buy,56675,68.623502,1516766,1663770,-0.82
2017-10-04,29942409,139,False,,8966237,0.2994,buy,40445,176.242483,4186772,1838110,9675123,0.3231,buy,70047,101.941939,5356007,2534396,5747457,0.192,buy,47433,100.12866,1848088,998054,5553454,0.1855,buy,56675,68.623502,1516766,1664217,-0.7
2017-10-05,30038466,139,False,,9019362,0.3003,buy,40445,176.242483,4186772,1891235,9769867,0.3252,buy,70047,101.941939,5356007,2629140,5716625,0.1903,buy,47433,100.12866,1848088,967222,5532473,0.1842,buy,56675,68.623502,1516766,1643236,-0.38
2017-10-06,30052860,139,False,,9009092,0.2998,buy,40445,176.242483,4186772,1880964,9783119,0.3255,buy,70047,101.941939,5356007,2642392,5743662,0.1911,buy,47433,100.12866,1848088,994259,5516848,0.1836,buy,56675,68.623502,1516766,1627611,-0.34
2017-10-09,30091090,139,False,,8994217,0.2989,buy,40445,176.242483,4186772,1866090,9771854,0.3247,buy,70047,101.941939,5356007,2631127,5790621,0.1924,buy,47433,100.12866,1848088,1041218,5534259,0.1839,buy,56675,68.623502,1516766,1645022,-0.21
2017-10-10,30146212,139,False,,9017944,0.2991,buy,40445,176.242483,4186772,1889817,9779141,0.3244,buy,70047,101.941939,5356007,2638414,5805799,0.1926,buy,47433,100.12866,1848088,1056397,5543189,0.1839,buy,56675,68.623502,1516766,1653952,-0.03
2017-10-11,30218742,139,False,,9032113,0.2989,buy,40445,176.242483,4186772,1903986,9808290,0.3246,buy,70047,101.941939,5356007,2667563,5824298,0.1927,buy,47433,100.12866,1848088,1074895,5553901,0.1838,buy,56675,68.623502,1516766,1664664,0.0
2017-10-12,30215799,139,False,,9018654,0.2985,buy,40445,176.242483,4186772,1890526,9790405,0.324,buy,70047,101.941939,5356007,2649678,5829041,0.1929,buy,47433,100.12866,1848088,1079639,5577559,0.1846,buy,56675,68.623502,1516766,1688322,-0.01
2017-10-13,30348831,139,False,,9029635,0.2975,buy,40445,176.242483,4186772,1901508,9828169,0.3238,buy,70047,101.941939,5356007,2687442,5873154,0.1935,buy,47433,100.12866,1848088,1123751,5617733,0.1851,buy,56675,68.623502,1516766,1728496,0.0
2017-10-16,30350326,139,False,,9041676,0.2979,buy,40445,176.242483,4186772,1913548,9861960,0.3249,buy,70047,101.941939,5356007,2721233,5832836,0.1922,buy,47433,100.12866,1848088,1083433,5613715,0.185,buy,56675,68.623502,1516766,1724478,0.0
2017-10-17,30336591,139,False,,9048052,0.2983,buy,40445,176.242483,4186772,1919925,9874549,0.3255,buy,70047,101.941939,5356007,2733822,5792992,0.191,buy,47433,100.12866,1848088,1043589,5620858,0.1853,buy,56675,68.623502,1516766,1731621,-0.05
2017-10-18,30274646,139,False,,9056904,0.2992,buy,40445,176.242483,4186772,1928777,9862621,0.3258,buy,70047,101.941939,5356007,2721894,5771173,0.1906,buy,47433,100.12866,1848088,1021770,5583808,0.1844,buy,56675,68.623502,1516766,1694572,-0.25
2017-10-19,30284657,139,False,,9059386,0.2991,buy,40445,176.242483,4186772,1931258,9826180,0.3245,buy,70047,101.941939,5356007,2685453,5805325,0.1917,buy,47433,100.12866,1848088,1055922,5593627,0.1847,buy,56675,68.623502,1516766,1704390,-0.22
2017-10-20,30261545,139,False,,9106137,0.3009,buy,40445,176.242483,4186772,1978009,9852683,0.3256,buy,70047,101.941939,5356007,2711956,5768327,0.1906,buy,47433,100.12866,1848088,1018924,5534259,0.1829,buy,56675,68.623502,1516766,1645022,-0.29
2017-10-23,30180694,139,False,,9070717,0.3005,buy,40445,176.242483,4186772,1942590,9788418,0.3243,buy,70047,101.941939,5356007,2647691,5777340,0.1914,buy,47433,100.12866,1848088,1027937,5544080,0.1837,buy,56675,68.623502,1516766,1654843,-0.56
2017-10-24,30156532,139,False,,9086655,0.3013,buy,40445,176.242483,4186772,1958528,9804983,0.3251,buy,70047,101.941939,5356007,2664256,5755046,0.1908,buy,47433,100.12866,1848088,1005643,5509708,0.1827,buy,56675,68.623502,1516766,1620471,-0.64
2017-10-25,30049059,139,False,,9041676,0.3009,buy,40445,176.242483,4186772,1913548,9767880,0.3251,buy,70047,101.941939,5356007,2627153,5755994,0.1916,buy,47433,100.12866,1848088,1006592,5483370,0.1825,buy,56675,68.623502,1516766,1594133,-0.99
2017-10-26,29962923,139,False,,9053364,0.3022,buy,40445,176.242483,4186772,1925236,9736738,0.325,buy,70047,101.941939,5356007,2596011,5707613,0.1905,buy,47433,100.12866,1848088,958210,5465070,0.1824,buy,56675,68.623502,1516766,1575833,-1.28
2017-10-27,30383710,139,False,,9127387,0.3004,buy,40445,176.242483,4186772,1999259,10020308,0.3298,buy,70047,101.941939,5356007,2879581,5734650,0.1887,buy,47433,100.12866,1848088,985247,5501227,0.1811,buy,56675,68.623502,1516766,1611990,0.0
2017-10-30,30435818,139,False,,9093385,0.2988,buy,40445,176.242483,4186772,1965257,10042834,0.33,buy,70047,101.941939,5356007,2902107,5745559,0.1888,buy,47433,100.12866,1848088,996156,5553901,0.1825,buy,56675,68.623502,1516766,1664664,0.0
2017-10-31,30467716,139,False,,9107553,0.2989,buy,40445,176.242483,4186772,1979426,10080599,0.3309,buy,70047,101.941939,5356007,2939872,5723740,0.1879,buy,47433,100.12866,1848088,974337,5555685,0.1823,buy,56675,68.623502,1516766,1666448,0.0
2017-11-01,30522051,139,False,,9119593,0.2988,buy,40445,176.242483,4186772,1991466,10077286,0.3302,buy,70047,101.941939,5356007,2936559,5744611,0.1882,buy,47433,100.12866,1848088,995208,5580422,0.1828,buy,56675,68.623502,1516766,1691185,0.0
2017-11-02,30530966,250,True,monthly,9159902,0.3,buy,40608,176.44256,4186772,1994923,9135361,0.2992,buy,63621,101.941939,5621599,2649712,6106764,0.2,buy,50390,101.391808,1848088,997631,6128689,0.2007,buy,61970,71.215323,1516766,1715475,0.0
2017-11-03,30637316,250,False,,9190485,0.3,buy,40608,176.44256,4186772,2025505,9223220,0.301,buy,63621,101.941939,5621599,2737572,6078042,0.1984,buy,50390,101.391808,1848088,968909,6145319,0.2006,buy,61970,71.215323,1516766,1732106,0.0
2017-11-06,30757718,250,False,,9204709,0.2993,buy,40608,176.44256,4186772,2039729,9254508,0.3009,buy,63621,101.941939,5621599,2768860,6129944,0.1993,buy,50390,101.391808,1848088,1020810,6168307,0.2005,buy,61970,71.215323,1516766,1755093,0.0
2017-11-07,30760492,250,False,,9198311,0.299,buy,40608,176.44256,4186772,2033331,9259927,0.301,buy,63621,101.941939,5621599,2774279,6107772,0.1986,buy,50390,101.391808,1848088,998639,6194232,0.2014,buy,61970,71.215323,1516766,1781018,0.0
2017-11-08,30820912,250,False,,9213954,0.299,buy,40608,176.44256,4186772,2048974,9297237,0.3017,buy,63621,101.941939,5621599,2811589,6128936,0.1989,buy,50390,101.391808,1848088,1019802,6180536,0.2005,buy,61970,71.215323,1516766,1767322,0.0
2017-11-09,30746326,250,False,,9180528,0.2986,buy,40608,176.44256,4186772,2015549,9248489,0.3008,buy,63621,101.941939,5621599,2762841,6154131,0.2002,buy,50390,101.391808,1848088,1044997,6162928,0.2004,buy,61970,71.215323,1516766,1749714,-0.24
2017-11-10,30599558,250,False,,9177683,0.2999,buy,40608,176.44256,4186772,2012703,9247891,0.3022,buy,63621,101.941939,5621599,2762243,6103741,0.1995,buy,50390,101.391808,1848088,994607,6069993,0.1984,buy,61970,71.215323,1516766,1656780,-0.72
2017-11-13,30641316,250,False,,9186219,0.2998,buy,40608,176.44256,4186772,2021239,9259327,0.3022,buy,63621,101.941939,5621599,2773679,6112811,0.1995,buy,50390,101.391808,1848088,1003678,6082710,0.1985,buy,61970,71.215323,1516766,1669496,-0.58
2017-11-14,30639965,250,False,,9164881,0.2991,buy,40608,176.44256,4186772,1999901,9225626,0.3011,buy,63621,101.941939,5621599,2739978,6125408,0.1999,buy,50390,101.391808,1848088,1016275,6123799,0.1999,buy,61970,71.215323,1516766,1710585,-0.59
2017-11-15,30609724,250,False,,9119009,0.2979,buy,40608,176.44256,4186772,1954030,9182297,0.3,buy,63621,101.941939,5621599,2696649,6117850,0.1999,buy,50390,101.391808,1848088,1008717,6190318,0.2022,buy,61970,71.215323,1516766,1777104,-0.69
2017-11-16,30750281,250,False,,9196529,0.2991,buy,40608,176.44256,4186772,2031550,9299641,0.3024,buy,63621,101.941939,5621599,2813993,6117346,0.1989,buy,50390,101.391808,1848088,1008213,6136515,0.1996,buy,61970,71.215323,1516766,1723301,-0.23
2017-11-17,30806814,250,False,,9169504,0.2976,buy,40608,176.44256,4186772,2004525,9264139,0.3007,buy,63621,101.941939,5621599,2778491,6190915,0.201,buy,50390,101.391808,1848088,1081782,6182005,0.2007,buy,61970,71.215323,1516766,1768792,-0.05
2017-11-20,30734689,250,False,,9185150,0.2989,buy,40608,176.44256,4186772,2020171,9256919,0.3012,buy,63621,101.941939,5621599,2771271,6112811,0.1989,buy,50390,101.391808,1848088,1003678,6179559,0.2011,buy,61970,71.215323,1516766,1766346,-0.28
2017-11-21,30924919,250,False,,9245247,0.299,buy,40608,176.44256,4186772,2080267,9357411,0.3026,buy,63621,101.941939,5621599,2871763,6122889,0.198,buy,50390,101.391808,1848088,1013756,6199122,0.2005,buy,61970,71.215323,1516766,1785909,0.0
2017-11-22,31004667,250,False,,9237070,0.2979,buy,40608,176.44256,4186772,2072091,9368845,0.3022,buy,63621,101.941939,5621599,2883197,6179326,0.1993,buy,50390,101.391808,1848088,1070192,6219176,0.2006,buy,61970,71.215323,1516766,1805963,0.0
2017-11-24,31027565,250,False,,9258404,0.2984,buy,40608,176.44256,4186772,2093425,9403146,0.3031,buy,63621,101.941939,5621599,2917498,6163705,0.1987,buy,50390,101.391808,1848088,1054572,6202060,0.1999,buy,61970,71.215323,1516766,1788847,0.0
2017-11-27,31035622,250,False,,9253783,0.2982,buy,40608,176.44256,4186772,2088803,9398931,0.3028,buy,63621,101.941939,5621599,2913283,6189404,0.1994,buy,50390,101.391808,1848088,1080271,6193255,0.1996,buy,61970,71.215323,1516766,1780041,0.0
2017-11-28,31160879,250,False,,9347660,0.3,buy,40608,176.44256,4186772,2182680,9423005,0.3024,buy,63621,101.941939,5621599,2937357,6188396,0.1986,buy,50390,101.391808,1848088,1079263,6201568,0.199,buy,61970,71.215323,1516766,1788354,0.0
2017-11-29,30890968,250,False,,9341970,0.3024,buy,40608,176.44256,4186772,2176990,9258726,0.2997,buy,63621,101.941939,5621599,2773078,6149596,0.1991,buy,50390,101.391808,1848088,1040462,6140426,0.1988,buy,61970,71.215323,1516766,1727213,-0.87
2017-11-30,30982471,250,False,,9423758,0.3042,buy,40608,176.44256,4186772,2258779,9336349,0.3013,buy,63621,101.941939,5621599,2850701,6102229,0.197,buy,50390,101.391808,1848088,993096,6119885,0.1975,buy,61970,71.215323,1516766,1706671,-0.57
2017-12-01,31030475,250,False,,9404200,0.3031,buy,40608,176.44256,4186772,2239221,9296634,0.2996,buy,63621,101.941939,5621599,2810986,6126920,0.1974,buy,50390,101.391808,1848088,1017787,6202471,0.1999,buy,61970,71.215323,1516766,1789257,-0.42
2017-12-04,30894263,250,False,,9392821,0.304,buy,40608,176.44256,4186772,2227842,9189520,0.2975,buy,63621,101.941939,5621599,2703872,6106260,0.1977,buy,50390,101.391808,1848088,997127,6205411,0.2009,buy,61970,71.215323,1516766,1792197,-0.86
2017-12-05,30854040,250,False,,9359039,0.3033,buy,40608,176.44256,4186772,2194059,9195538,0.298,buy,63621,101.941939,5621599,2709890,6062925,0.1965,buy,50390,101.391808,1848088,953792,6236288,0.2021,buy,61970,71.215323,1516766,1823075,-0.98
2017-12-06,30906309,250,False,,9360817,0.3029,buy,40608,176.44256,4186772,2195837,9237060,0.2989,buy,63621,101.941939,5621599,2751412,6050327,0.1958,buy,50390,101.391808,1848088,941194,6257854,0.2025,buy,61970,71.215323,1516766,1844640,-0.82
2017-12-07,30838486,250,False,,9390332,0.3045,buy,40608,176.44256,4186772,2225353,9268351,0.3005,buy,63621,101.941939,5621599,2782703,5970711,0.1936,buy,50390,101.391808,1848088,861578,6208841,0.2013,buy,61970,71.215323,1516766,1795627,-1.03
2017-12-08,30930598,250,False,,9441538,0.3052,buy,40608,176.44256,4186772,2276558,9309271,0.301,buy,63621,101.941939,5621599,2823623,5970207,0.193,buy,50390,101.391808,1848088,861074,6209331,0.2008,buy,61970,71.215323,1516766,1796118,-0.74
2017-12-11,30994834,250,False,,9469987,0.3055,buy,40608,176.44256,4186772,2305007,9381484,0.3027,buy,63621,101.941939,5621599,2895836,5946524,0.1919,buy,50390,101.391808,1848088,837391,6196589,0.1999,buy,61970,71.215323,1516766,1783375,-0.53
2017-12-12,31003508,250,False,,9486698,0.306,buy,40608,176.44256,4186772,2321718,9368845,0.3022,buy,63621,101.941939,5621599,2883197,5953579,0.192,buy,50390,101.391808,1848088,844445,6194137,0.1998,buy,61970,71.215323,1516766,1780923,-0.51
2017-12-13,31118459,250,False,,9485633,0.3048,buy,40608,176.44256,4186772,2320654,9386899,0.3017,buy,63621,101.941939,5621599,2901251,6004976,0.193,buy,50390,101.391808,1848088,895843,6240700,0.2005,buy,61970,71.215323,1516766,1827487,-0.14
2017-12-14,31087449,250,False,,9446873,0.3039,buy,40608,176.44256,4186772,2281894,9380276,0.3017,buy,63621,101.941939,5621599,2894628,5992883,0.1928,buy,50390,101.391808,1848088,883749,6267166,0.2016,buy,61970,71.215323,1516766,1853952,-0.24
2017-12-15,31308750,250,False,,9525541,0.3042,buy,40608,176.44256,4186772,2360561,9486788,0.303,buy,63621,101.941939,5621599,3001140,6005480,0.1918,buy,50390,101.391808,1848088,896347,6290691,0.2009,buy,61970,71.215323,1516766,1877477,0.0
2017-12-18,31419070,250,False,,9585944,0.3051,buy,40608,176.44256,4186772,2420964,9566332,0.3045,buy,63621,101.941939,5621599,3080684,6033195,0.192,buy,50390,101.391808,1848088,924062,6233349,0.1984,buy,61970,71.215323,1516766,1820135,0.0
2017-12-19,31249234,250,False,,9549132,0.3056,buy,40608,176.44256,4186772,2384153,9509645,0.3043,buy,63621,101.941939,5621599,3023996,6037730,0.1932,buy,50390,101.391808,1848088,928597,6152477,0.1969,buy,61970,71.215323,1516766,1739263,-0.54
2017-12-20,31181984,250,False,,9544129,0.3061,buy,40608,176.44256,4186772,2379150,9499395,0.3046,buy,63621,101.941939,5621599,3013747,6053855,0.1941,buy,50390,101.391808,1848088,944721,6084355,0.1951,buy,61970,71.215323,1516766,1671141,-0.75
2017-12-21,31246864,250,False,,9563781,0.3061,buy,40608,176.44256,4186772,2398802,9500598,0.304,buy,63621,101.941939,5621599,3014950,6062421,0.194,buy,50390,101.391808,1848088,953288,6119814,0.1959,buy,61970,71.215323,1516766,1706600,-0.55
2017-12-22,31273604,250,False,,9561284,0.3057,buy,40608,176.44256,4186772,2396304,9489743,0.3034,buy,63621,101.941939,5621599,3004094,6094167,0.1949,buy,50390,101.391808,1848088,985033,6128161,0.196,buy,61970,71.215323,1516766,1714948,-0.46
2017-12-26,31270907,250,False,,9549845,0.3054,buy,40608,176.44256,4186772,2384866,9438485,0.3018,buy,63621,101.941939,5621599,2952837,6135990,0.1962,buy,50390,101.391808,1848088,1026857,6146336,0.1966,buy,61970,71.215323,1516766,1733122,-0.47
2017-12-27,31379996,250,False,,9554489,0.3045,buy,40608,176.44256,4186772,2389509,9439695,0.3008,buy,63621,101.941939,5621599,2954047,6159170,0.1963,buy,50390,101.391808,1848088,1050037,6226392,0.1984,buy,61970,71.215323,1516766,1813179,-0.12
2017-12-28,31436952,250,False,,9574150,0.3046,buy,40608,176.44256,4186772,2409170,9451151,0.3006,buy,63621,101.941939,5621599,2965503,6190411,0.1969,buy,50390,101.391808,1848088,1081278,6220990,0.1979,buy,61970,71.215323,1516766,1807776,0.0
2017-12-29,31392501,250,False,,9538049,0.3038,buy,40608,176.44256,4186772,2373069,9392663,0.2992,buy,63621,101.941939,5621599,2907015,6230724,0.1985,buy,50390,101.391808,1848088,1121590,6230816,0.1985,buy,61970,71.215323,1516766,1817602,-0.14
2018-01-02,31633685,250,False,,9606319,0.3037,buy,40608,176.44256,4186772,2441340,9557283,0.3021,buy,63621,101.941939,5621599,3071634,6306309,0.1994,buy,50390,101.391808,1848088,1197175,6163524,0.1948,buy,61970,71.215323,1516766,1750310,0.0
2018-01-03,31800150,250,False,,9667079,0.304,buy,40608,176.44256,4186772,2502100,9650147,0.3035,buy,63621,101.941939,5621599,3164499,6289680,0.1978,buy,50390,101.391808,1848088,1180547,6192994,0.1947,buy,61970,71.215323,1516766,1779780,0.0
2018-01-04,31889045,250,False,,9707820,0.3044,buy,40608,176.44256,4186772,2542840,9667034,0.3031,buy,63621,101.941939,5621599,3181386,6321929,0.1982,buy,50390,101.391808,1848088,1212796,6192012,0.1942,buy,61970,71.215323,1516766,1778798,0.0
2018-01-05,32026598,250,False,,9772518,0.3051,buy,40608,176.44256,4186772,2607539,9764120,0.3049,buy,63621,101.941939,5621599,3278472,6315379,0.1972,buy,50390,101.391808,1848088,1206246,6174331,0.1928,buy,61970,71.215323,1516766,1761117,0.0
2018-01-08,32077524,250,False,,9790391,0.3052,buy,40608,176.44256,4186772,2625411,9802111,0.3056,buy,63621,101.941939,5621599,3316463,6314371,0.1968,buy,50390,101.391808,1848088,1205238,6170401,0.1924,buy,61970,71.215323,1516766,1757188,0.0
2018-01-09,31988544,250,False,,9812548,0.3068,buy,40608,176.44256,4186772,2647569,9802713,0.3064,buy,63621,101.941939,5621599,3317065,6285145,0.1965,buy,50390,101.391808,1848088,1176012,6087887,0.1903,buy,61970,71.215323,1516766,1674674,-0.28
2018-01-10,31958363,250,False,,9797534,0.3066,buy,40608,176.44256,4186772,2632554,9779796,0.306,buy,63621,101.941939,5621599,3294148,6300262,0.1971,buy,50390,101.391808,1848088,1191128,6080521,0.1903,buy,61970,71.215323,1516766,1667308,-0.37
2018-01-11,32142495,250,False,,9869020,0.307,buy,40608,176.44256,4186772,2704041,9846733,0.3063,buy,63621,101.941939,5621599,3361085,6320922,0.1967,buy,50390,101.391808,1848088,1211788,6105570,0.19,buy,61970,71.215323,1516766,1692356,0.0
2018-01-12,32366098,250,False,,9933354,0.3069,buy,40608,176.44256,4186772,2768375,9919097,0.3065,buy,63621,101.941939,5621599,3433449,6397514,0.1977,buy,50390,101.391808,1848088,1288381,6115882,0.189,buy,61970,71.215323,1516766,1702669,0.0
2018-01-16,32339920,250,False,,9899399,0.3061,buy,40608,176.44256,4186772,2734420,9890753,0.3058,buy,63621,101.941939,5621599,3405105,6408096,0.1981,buy,50390,101.391808,1848088,1298963,6141422,0.1899,buy,61970,71.215323,1516766,1728208,-0.08
2018-01-17,32480764,250,False,,9993757,0.3077,buy,40608,176.44256,4186772,2828777,9997488,0.3078,buy,63621,101.941939,5621599,3511840,6356195,0.1957,buy,50390,101.391808,1848088,1247061,6133075,0.1888,buy,61970,71.215323,1516766,1719861,0.0
2018-01-18,32394698,250,False,,9976960,0.308,buy,40608,176.44256,4186772,2811980,9999300,0.3087,buy,63621,101.941939,5621599,3513652,6342085,0.1958,buy,50390,101.391808,1848088,1232952,6076102,0.1876,buy,61970,71.215323,1516766,1662889,-0.26
2018-01-19,32467731,250,False,,10022350,0.3087,buy,40608,176.44256,4186772,2857371,10030653,0.3089,buy,63621,101.941939,5621599,3545005,6370304,0.1962,buy,50390,101.391808,1848088,1261170,6044174,0.1862,buy,61970,71.215323,1516766,1630960,-0.04
2018-01-22,32674044,250,False,,10103842,0.3092,buy,40608,176.44256,4186772,2938862,10137991,0.3103,buy,63621,101.941939,5621599,3652343,6381894,0.1953,buy,50390,101.391808,1848088,1272760,6050067,0.1852,buy,61970,71.215323,1516766,1636853,0.0
2018-01-23,32837090,250,False,,10125285,0.3083,buy,40608,176.44256,4186772,2960306,10221813,0.3113,buy,63621,101.941939,5621599,3736165,6413639,0.1953,buy,50390,101.391808,1848088,1304506,6076102,0.185,buy,61970,71.215323,1516766,1662889,0.0
2018-01-24,32812019,250,False,,10121351,0.3085,buy,40608,176.44256,4186772,2956372,10155484,0.3095,buy,63621,101.941939,5621599,3669836,6491744,0.1978,buy,50390,101.391808,1848088,1382611,6043190,0.1842,buy,61970,71.215323,1516766,1629977,-0.08
2018-01-25,32818962,250,False,,10125644,0.3085,buy,40608,176.44256,4186772,2960665,10151859,0.3093,buy,63621,101.941939,5621599,3666211,6448408,0.1965,buy,50390,101.391808,1848088,1339275,6092801,0.1856,buy,61970,71.215323,1516766,1679587,-0.06
2018-01-26,33074219,250,False,,10242876,0.3097,buy,40608,176.44256,4186772,3077897,10307440,0.3116,buy,63621,101.941939,5621599,3821792,6453448,0.1951,buy,50390,101.391808,1848088,1344314,6070206,0.1835,buy,61970,71.215323,1516766,1656992,0.0
2018-01-29,32877744,250,False,,10174971,0.3095,buy,40608,176.44256,4186772,3009991,10257392,0.312,buy,63621,101.941939,5621599,3771744,6417166,0.1952,buy,50390,101.391808,1848088,1308033,6027964,0.1833,buy,61970,71.215323,1516766,1614750,-0.59
2018-01-30,32625877,250,False,,10070602,0.3087,buy,40608,176.44256,4186772,2905623,10172967,0.3118,buy,63621,101.941939,5621599,3687319,6389452,0.1958,buy,50390,101.391808,1848088,1280319,5992605,0.1837,buy,61970,71.215323,1516766,1579392,-1.36
2018-01-31,32751284,250,False,,10075607,0.3076,buy,40608,176.44256,4186772,2910628,10215179,0.3119,buy,63621,101.941939,5621599,3729531,6432284,0.1964,buy,50390,101.391808,1848088,1323150,6027964,0.1841,buy,61970,71.215323,1516766,1614750,-0.98
2018-02-01,32586812,250,False,,10064168,0.3088,buy,40608,176.44256,4186772,2899188,10128343,0.3108,buy,63621,101.941939,5621599,3642695,6453448,0.198,buy,50390,101.391808,1848088,1344314,5940604,0.1823,buy,61970,71.215323,1516766,1527390,-1.47
2018-02-02,32025926,250,False,,9845072,0.3074,buy,40608,176.44256,4186772,2680092,9926332,0.3099,buy,63621,101.941939,5621599,3440684,6368792,0.1989,buy,50390,101.391808,1848088,1259659,5885480,0.1838,buy,61970,71.215323,1516766,1472267,-3.17
2018-02-05,31294560,250,False,,9433325,0.3014,buy,40608,176.44256,4186772,2268345,9534969,0.3047,buy,63621,101.941939,5621599,3049321,6384917,0.204,buy,50390,101.391808,1848088,1275784,5941099,0.1898,buy,61970,71.215323,1516766,1527885,-5.38
2018-02-06,31629147,250,False,,9619183,0.3041,buy,40608,176.44256,4186772,2454203,9787635,0.3094,buy,63621,101.941939,5621599,3301987,6317898,0.1997,buy,50390,101.391808,1848088,1208765,5904180,0.1867,buy,61970,71.215323,1516766,1490967,-4.37
2018-02-07,31364496,250,False,,9567003,0.305,buy,40608,176.44256,4186772,2402023,9661002,0.308,buy,63621,101.941939,5621599,3175354,6288168,0.2005,buy,50390,101.391808,1848088,1179035,5848073,0.1865,buy,61970,71.215323,1516766,1434860,-5.17
2018-02-08,30601179,250,False,,9208154,0.3009,buy,40608,176.44256,4186772,2043175,9253358,0.3024,buy,63621,101.941939,5621599,2767710,6297742,0.2058,buy,50390,101.391808,1848088,1188609,5841674,0.1909,buy,61970,71.215323,1516766,1428461,-7.48
2018-02-09,30851810,250,False,,9346473,0.3029,buy,40608,176.44256,4186772,2181494,9413163,0.3051,buy,63621,101.941939,5621599,2927515,6287160,0.2038,buy,50390,101.391808,1848088,1178027,5804764,0.1881,buy,61970,71.215323,1516766,1391551,-6.72
2018-02-12,31211921,250,False,,9483722,0.3038,buy,40608,176.44256,4186772,2318742,9580196,0.3069,buy,63621,101.941939,5621599,3094548,6317394,0.2024,buy,50390,101.391808,1848088,1208261,5830359,0.1868,buy,61970,71.215323,1516766,1417145,-5.63
2018-02-13,31346823,250,False,,9507311,0.3033,buy,40608,176.44256,4186772,2342331,9629648,0.3072,buy,63621,101.941939,5621599,3144000,6353171,0.2027,buy,50390,101.391808,1848088,1244038,5856442,0.1868,buy,61970,71.215323,1516766,1443228,-5.22
2018-02-14,31698804,250,False,,9635624,0.304,buy,40608,176.44256,4186772,2470645,9809946,0.3095,buy,63621,101.941939,5621599,3324298,6461509,0.2038,buy,50390,101.391808,1848088,1352376,5791474,0.1827,buy,61970,71.215323,1516766,1378260,-4.16
2018-02-15,32031118,250,False,,9758577,0.3047,buy,40608,176.44256,4186772,2593598,9992063,0.3119,buy,63621,101.941939,5621599,3506415,6469068,0.202,buy,50390,101.391808,1848088,1359935,5811160,0.1814,buy,61970,71.215323,1516766,1397946,-3.15
2018-02-16,31999694,250,False,,9761439,0.305,buy,40608,176.44256,4186772,2596459,9947438,0.3109,buy,63621,101.941939,5621599,3461790,6447904,0.2015,buy,50390,101.391808,1848088,1338771,5842663,0.1826,buy,61970,71.215323,1516766,1429450,-3.25
2018-02-20,31846202,250,False,,9700313,0.3046,buy,40608,176.44256,4186772,2535334,9967336,0.313,buy,63621,101.941939,5621599,3481688,6361233,0.1997,buy,50390,101.391808,1848088,1252100,5817069,0.1827,buy,61970,71.215323,1516766,1403855,-3.71
2018-02-21,31669024,250,False,,9652067,0.3048,buy,40608,176.44256,4186772,2487088,9938997,0.3138,buy,63621,101.941939,5621599,3453349,6332008,0.1999,buy,50390,101.391808,1848088,1222874,5745701,0.1814,buy,61970,71.215323,1516766,1332488,-4.25
2018-02-22,31729799,250,False,,9664576,0.3046,buy,40608,176.44256,4186772,2499596,9937789,0.3132,buy,63621,101.941939,5621599,3452141,6364257,0.2006,buy,50390,101.391808,1848088,1255124,5762926,0.1816,buy,61970,71.215323,1516766,1349713,-4.06
2018-02-23,32130188,250,False,,9818623,0.3056,buy,40608,176.44256,4186772,2653643,10141007,0.3156,buy,63621,101.941939,5621599,3655359,6356195,0.1978,buy,50390,101.391808,1848088,1247061,5814113,0.181,buy,61970,71.215323,1516766,1400900,-2.85
2018-02-26,32396275,250,False,,9932641,0.3066,buy,40608,176.44256,4186772,2767661,10275483,0.3172,buy,63621,101.941939,5621599,3789835,6371815,0.1967,buy,50390,101.391808,1848088,1262682,5816086,0.1795,buy,61970,71.215323,1516766,1402872,-2.05
2018-02-27,32070126,250,False,,9808615,0.3058,buy,40608,176.44256,4186772,2643635,10148245,0.3164,buy,63621,101.941939,5621599,3662596,6305301,0.1966,buy,50390,101.391808,1848088,1196167,5807716,0.1811,buy,61970,71.215323,1516766,1394503,-3.04
2018-02-28,31936000,250,False,,9709254,0.304,buy,40608,176.44256,4186772,2544275,10083117,0.3157,buy,63621,101.941939,5621599,3597469,6298750,0.1972,buy,50390,101.391808,1848088,1189617,5844629,0.183,buy,61970,71.215323,1516766,1431415,-3.44
2018-03-01,31655980,250,False,,9568071,0.3023,buy,40608,176.44256,4186772,2403092,9918491,0.3133,buy,63621,101.941939,5621599,3432843,6284641,0.1985,buy,50390,101.391808,1848088,1175508,5884526,0.1859,buy,61970,71.215323,1516766,1471313,-4.29
2018-03-02,31782284,250,False,,9617396,0.3026,buy,40608,176.44256,4186772,2452416,10009548,0.3149,buy,63621,101.941939,5621599,3523900,6318402,0.1988,buy,50390,101.391808,1848088,1209269,5836687,0.1836,buy,61970,71.215323,1516766,1423474,-3.91
2018-03-05,31978036,250,False,,9728551,0.3042,buy,40608,176.44256,4186772,2563572,10120506,0.3165,buy,63621,101.941939,5621599,3634857,6307820,0.1973,buy,50390,101.391808,1848088,1198687,5820909,0.182,buy,61970,71.215323,1516766,1407695,-3.31
2018-03-06,32118968,250,False,,9753216,0.3037,buy,40608,176.44256,4186772,2588236,10163323,0.3164,buy,63621,101.941939,5621599,3677675,6375847,0.1985,buy,50390,101.391808,1848088,1266713,5826333,0.1814,buy,61970,71.215323,1516766,1413120,-2.89
2018-03-07,32091681,250,False,,9749642,0.3038,buy,40608,176.44256,4186772,2584663,10186836,0.3174,buy,63621,101.941939,5621599,3701188,6335031,0.1974,buy,50390,101.391808,1848088,1225898,5819922,0.1814,buy,61970,71.215323,1516766,1406708,-2.97
2018-03-08,32213358,250,False,,9796819,0.3041,buy,40608,176.44256,4186772,2631839,10242919,0.318,buy,63621,101.941939,5621599,3757271,6319914,0.1962,buy,50390,101.391808,1848088,1210780,5853456,0.1817,buy,61970,71.215323,1516766,1440243,-2.6
2018-03-09,32550425,250,False,,9967308,0.3062,buy,40608,176.44256,4186772,2802329,10441915,0.3208,buy,63621,101.941939,5621599,3956267,6325961,0.1943,buy,50390,101.391808,1848088,1216827,5814990,0.1786,buy,61970,71.215323,1516766,1401777,-1.58
2018-03-12,32626926,250,False,,9954799,0.3051,buy,40608,176.44256,4186772,2789819,10497391,0.3217,buy,63621,101.941939,5621599,4011743,6325961,0.1939,buy,50390,101.391808,1848088,1216827,5848525,0.1793,buy,61970,71.215323,1516766,1435312,-1.35
2018-03-13,32461362,250,False,,9890464,0.3047,buy,40608,176.44256,4186772,2725484,10354478,0.319,buy,63621,101.941939,5621599,3868830,6338054,0.1952,buy,50390,101.391808,1848088,1228921,5878116,0.1811,buy,61970,71.215323,1516766,1464902,-1.85
2018-03-14,32456547,250,False,,9839709,0.3032,buy,40608,176.44256,4186772,2674729,10352667,0.319,buy,63621,101.941939,5621599,3867019,6334023,0.1952,buy,50390,101.391808,1848088,1224890,5929897,0.1827,buy,61970,71.215323,1516766,1516684,-1.87
2018-03-15,32396469,250,False,,9828986,0.3034,buy,40608,176.44256,4186772,2664007,10343625,0.3193,buy,63621,101.941939,5621599,3857976,6293711,0.1943,buy,50390,101.391808,1848088,1184578,5929897,0.183,buy,61970,71.215323,1516766,1516684,-2.05
2018-03-16,32340052,250,False,,9839648,0.3043,buy,40608,176.44256,4186772,2674669,10312867,0.3189,buy,63621,101.941939,5621599,3827219,6278594,0.1941,buy,50390,101.391808,1848088,1169461,5908692,0.1827,buy,61970,71.215323,1516766,1495479,-2.22
2018-03-19,31981747,250,False,,9706513,0.3035,buy,40608,176.44256,4186772,2541533,10092831,0.3156,buy,63621,101.941939,5621599,3607183,6292199,0.1967,buy,50390,101.391808,1848088,1183066,5889953,0.1842,buy,61970,71.215323,1516766,1476740,-3.3
2018-03-20,31979582,250,False,,9723018,0.304,buy,40608,176.44256,4186772,2558038,10126051,0.3166,buy,63621,101.941939,5621599,3640403,6263981,0.1959,buy,50390,101.391808,1848088,1154848,5866282,0.1834,buy,61970,71.215323,1516766,1453069,-3.31
2018-03-21,32032586,250,False,,9704358,0.303,buy,40608,176.44256,4186772,2539378,10081959,0.3147,buy,63621,101.941939,5621599,3596311,6373327,0.199,buy,50390,101.391808,1848088,1264194,5872691,0.1833,buy,61970,71.215323,1516766,1459478,-3.15
2018-03-22,31574161,250,False,,9461778,0.2997,buy,40608,176.44256,4186772,2296799,9833115,0.3114,buy,63621,101.941939,5621599,3347467,6348132,0.2011,buy,50390,101.391808,1848088,1238999,5930885,0.1878,buy,61970,71.215323,1516766,1517672,-4.54
2018-03-23,31191064,250,False,,9260102,0.2969,buy,40608,176.44256,4186772,2095123,9573997,0.3069,buy,63621,101.941939,5621599,3088349,6430268,0.2062,buy,50390,101.391808,1848088,1321135,5926446,0.19,buy,61970,71.215323,1516766,1513232,-5.69
2018-03-26,31811243,250,False,,9513451,0.2991,buy,40608,176.44256,4186772,2348471,9929751,0.3121,buy,63621,101.941939,5621599,3444103,6464029,0.2032,buy,50390,101.391808,1848088,1354896,5903761,0.1856,buy,61970,71.215323,1516766,1490548,-3.82
2018-03-27,31351390,250,False,,9351610,0.2983,buy,40608,176.44256,4186772,2186630,9608422,0.3065,buy,63621,101.941939,5621599,3122774,6424221,0.2049,buy,50390,101.391808,1848088,1315088,5966887,0.1903,buy,61970,71.215323,1516766,1553674,-5.21
2018-03-28,31140323,250,False,,9323978,0.2994,buy,40608,176.44256,4186772,2158998,9497894,0.305,buy,63621,101.941939,5621599,3012246,6335535,0.2035,buy,50390,101.391808,1848088,1226402,5982666,0.1921,buy,61970,71.215323,1516766,1569453,-5.85
2018-03-29,31465537,250,False,,9443118,0.3001,buy,40608,176.44256,4186772,2278139,9671843,0.3074,buy,63621,101.941939,5621599,3186195,6338558,0.2014,buy,50390,101.391808,1848088,1229425,6011767,0.1911,buy,61970,71.215323,1516766,1598553,-4.86
2018-04-02,31068599,250,False,,9239291,0.2974,buy,40608,176.44256,4186772,2074311,9392798,0.3023,buy,63621,101.941939,5621599,2907150,6412632,0.2064,buy,50390,101.391808,1848088,1303498,6023629,0.1939,buy,61970,71.215323,1516766,1610415,-6.06
2018-04-03,31197885,250,False,,9357713,0.2999,buy,40608,176.44256,4186772,2192733,9498497,0.3045,buy,63621,101.941939,5621599,3012849,6364257,0.204,buy,50390,101.391808,1848088,1255124,5977168,0.1916,buy,61970,71.215323,1516766,1563955,-5.67
2018-04-04,31442997,250,False,,9457830,0.3008,buy,40608,176.44256,4186772,2292851,9648287,0.3069,buy,63621,101.941939,5621599,3162639,6371815,0.2026,buy,50390,101.391808,1848088,1262682,5964814,0.1897,buy,61970,71.215323,1516766,1551600,-4.93
2018-04-05,31495371,250,False,,9532471,0.3027,buy,40608,176.44256,4186772,2367492,9703254,0.3081,buy,63621,101.941939,5621599,3217606,6339062,0.2013,buy,50390,101.391808,1848088,1229929,5920333,0.188,buy,61970,71.215323,1516766,1507119,-4.77
2018-04-06,31134599,250,False,,9320033,0.2993,buy,40608,176.44256,4186772,2155053,9460446,0.3039,buy,63621,101.941939,5621599,2974798,6368792,0.2046,buy,50390,101.391808,1848088,1259659,5985077,0.1922,buy,61970,71.215323,1516766,1571864,-5.86
2018-04-09,31278522,250,False,,9365965,0.2994,buy,40608,176.44256,4186772,2200985,9526887,0.3046,buy,63621,101.941939,5621599,3041238,6390460,0.2043,buy,50390,101.391808,1848088,1281327,5994960,0.1917,buy,61970,71.215323,1516766,1581747,-5.43
2018-04-10,31641881,250,False,,9514888,0.3007,buy,40608,176.44256,4186772,2349908,9737078,0.3077,buy,63621,101.941939,5621599,3251430,6405577,0.2024,buy,50390,101.391808,1848088,1296444,5984088,0.1891,buy,61970,71.215323,1516766,1570875,-4.33
2018-04-11,31606966,250,False,,9465007,0.2995,buy,40608,176.44256,4186772,2300027,9680906,0.3063,buy,63621,101.941939,5621599,3195257,6455463,0.2042,buy,50390,101.391808,1848088,1346330,6005340,0.19,buy,61970,71.215323,1516766,1592126,-4.44
2018-04-12,31682341,250,False,,9542876,0.3012,buy,40608,176.44256,4186772,2377897,9797476,0.3092,buy,63621,101.941939,5621599,3311828,6380382,0.2014,buy,50390,101.391808,1848088,1271249,5961356,0.1882,buy,61970,71.215323,1516766,1548143,-4.21
2018-04-13,31659275,250,False,,9514888,0.3005,buy,40608,176.44256,4186772,2349908,9746739,0.3079,buy,63621,101.941939,5621599,3261091,6422205,0.2029,buy,50390,101.391808,1848088,1313072,5975193,0.1887,buy,61970,71.215323,1516766,1561980,-4.28
2018-04-16,31822844,250,False,,9593118,0.3015,buy,40608,176.44256,4186772,2428138,9821032,0.3086,buy,63621,101.941939,5621599,3335384,6431276,0.2021,buy,50390,101.391808,1848088,1322142,5977168,0.1878,buy,61970,71.215323,1516766,1563955,-3.78
2018-04-17,32159232,250,False,,9695747,0.3015,buy,40608,176.44256,4186772,2530767,10032433,0.312,buy,63621,101.941939,5621599,3546784,6437322,0.2002,buy,50390,101.391808,1848088,1328189,5993480,0.1864,buy,61970,71.215323,1516766,1580266,-2.77
2018-04-18,32144045,250,False,,9702924,0.3019,buy,40608,176.44256,4186772,2537944,10052969,0.3127,buy,63621,101.941939,5621599,3567321,6442361,0.2004,buy,50390,101.391808,1848088,1333228,5945540,0.185,buy,61970,71.215323,1516766,1532326,-2.81
2018-04-19,31936776,250,False,,9649100,0.3021,buy,40608,176.44256,4186772,2484120,9960557,0.3119,buy,63621,101.941939,5621599,3474909,6429764,0.2013,buy,50390,101.391808,1848088,1320631,5897105,0.1846,buy,61970,71.215323,1516766,1483891,-3.44
2018-04-20,31605928,250,False,,9567277,0.3027,buy,40608,176.44256,4186772,2402298,9802913,0.3102,buy,63621,101.941939,5621599,3317265,6380886,0.2019,buy,50390,101.391808,1848088,1271752,5854602,0.1852,buy,61970,71.215323,1516766,1441388,-4.44
2018-04-23,31530319,250,False,,9565842,0.3034,buy,40608,176.44256,4186772,2400863,9778149,0.3101,buy,63621,101.941939,5621599,3292500,6329992,0.2008,buy,50390,101.391808,1848088,1220859,5856086,0.1857,buy,61970,71.215323,1516766,1442872,-4.67
2018-04-24,31198366,250,False,,9437017,0.3025,buy,40608,176.44256,4186772,2272038,9570974,0.3068,buy,63621,101.941939,5621599,3085326,6360730,0.2039,buy,50390,101.391808,1848088,1251597,5829394,0.1868,buy,61970,71.215323,1516766,1416181,-5.67
2018-04-25,31152810,250,False,,9460342,0.3037,buy,40608,176.44256,4186772,2295363,9582453,0.3076,buy,63621,101.941939,5621599,3096805,6319410,0.2029,buy,50390,101.391808,1848088,1210277,5790354,0.1859,buy,61970,71.215323,1516766,1377140,-5.81
2018-04-26,31469072,250,False,,9556515,0.3037,buy,40608,176.44256,4186772,2391535,9784189,0.3109,buy,63621,101.941939,5621599,3298541,6297238,0.2001,buy,50390,101.391808,1848088,1188105,5830880,0.1853,buy,61970,71.215323,1516766,1417666,-4.85
2018-04-27,31555765,250,False,,9565488,0.3031,buy,40608,176.44256,4186772,2400508,9790228,0.3103,buy,63621,101.941939,5621599,3304580,6323945,0.2004,buy,50390,101.391808,1848088,1214812,5875854,0.1862,buy,61970,71.215323,1516766,1462641,-4.59
2018-04-30,31377261,250,False,,9491920,0.3025,buy,40608,176.44256,4186772,2326941,9720769,0.3098,buy,63621,101.941939,5621599,3235121,6278090,0.2001,buy,50390,101.391808,1848088,1168957,5886232,0.1876,buy,61970,71.215323,1516766,1473018,-5.13
2018-05-01,31439721,250,False,,9508787,0.3024,buy,40608,176.44256,4186772,2343808,9831902,0.3127,buy,63621,101.941939,5621599,3346253,6233747,0.1983,buy,50390,101.391808,1848088,1124614,5865035,0.1865,buy,61970,71.215323,1516766,1451821,-4.94
2018-05-02,31308399,250,False,,9444910,0.3017,buy,40608,176.44256,4186772,2279930,9773921,0.3122,buy,63621,101.941939,5621599,3288273,6230724,0.199,buy,50390,101.391808,1848088,1121590,5858594,0.1871,buy,61970,71.215323,1516766,1445381,-5.34
2018-05-03,31344379,250,False,,9424100,0.3007,buy,40608,176.44256,4186772,2259120,9772713,0.3118,buy,63621,101.941939,5621599,3287065,6262469,0.1998,buy,50390,101.391808,1848088,1153336,5884847,0.1877,buy,61970,71.215323,1516766,1471633,-5.23
2018-05-04,31673830,250,False,,9546108,0.3014,buy,40608,176.44256,4186772,2381129,9958141,0.3144,buy,63621,101.941939,5621599,3472493,6275571,0.1981,buy,50390,101.391808,1848088,1166437,5893761,0.1861,buy,61970,71.215323,1516766,1480547,-4.23
2018-05-07,31780977,250,False,,9578404,0.3014,buy,40608,176.44256,4186772,2413424,10040891,0.3159,buy,63621,101.941939,5621599,3555243,6277082,0.1975,buy,50390,101.391808,1848088,1167949,5884350,0.1852,buy,61970,71.215323,1516766,1471136,-3.91
2018-05-08,31766265,250,False,,9578404,0.3015,buy,40608,176.44256,4186772,2413424,10030618,0.3158,buy,63621,101.941939,5621599,3544970,6278090,0.1976,buy,50390,101.391808,1848088,1168957,5878903,0.1851,buy,61970,71.215323,1516766,1465689,-3.95
2018-05-09,31919903,250,False,,9670986,0.303,buy,40608,176.44256,4186772,2506007,10139942,0.3177,buy,63621,101.941939,5621599,3654294,6264989,0.1963,buy,50390,101.391808,1848088,1155856,5843735,0.1831,buy,61970,71.215323,1516766,1430522,-3.49
2018-05-10,32205317,250,False,,9761416,0.3031,buy,40608,176.44256,4186772,2596436,10245041,0.3181,buy,63621,101.941939,5621599,3759393,6307820,0.1959,buy,50390,101.391808,1848088,1198687,5890790,0.1829,buy,61970,71.215323,1516766,1477576,-2.63
2018-05-11,32231221,250,False,,9791200,0.3038,buy,40608,176.44256,4186772,2626221,10235374,0.3176,buy,63621,101.941939,5621599,3749726,6298750,0.1954,buy,50390,101.391808,1848088,1189617,5905647,0.1832,buy,61970,71.215323,1516766,1492434,-2.55
2018-05-14,32196505,250,False,,9795867,0.3043,buy,40608,176.44256,4186772,2630888,10252891,0.3184,buy,63621,101.941939,5621599,3767243,6273051,0.1948,buy,50390,101.391808,1848088,1163918,5874446,0.1825,buy,61970,71.215323,1516766,1461232,-2.65
2018-05-15,31847332,250,False,,9728402,0.3055,buy,40608,176.44256,4186772,2563422,10139339,0.3184,buy,63621,101.941939,5621599,3653691,6171767,0.1938,buy,50390,101.391808,1848088,1062634,5807574,0.1824,buy,61970,71.215323,1516766,1394360,-3.71
2018-05-16,31923420,250,False,,9769308,0.306,buy,40608,176.44256,4186772,2604328,10206382,0.3197,buy,63621,101.941939,5621599,3720734,6162193,0.193,buy,50390,101.391808,1848088,1053060,5785287,0.1812,buy,61970,71.215323,1516766,1372074,-3.48
2018-05-17,31850215,250,False,,9761058,0.3065,buy,40608,176.44256,4186772,2596079,10167123,0.3192,buy,63621,101.941939,5621599,3681475,6165720,0.1936,buy,50390,101.391808,1848088,1056587,5756063,0.1807,buy,61970,71.215323,1516766,1342849,-3.7
2018-05-18,31825323,250,False,,9736657,0.3059,buy,40608,176.44256,4186772,2571678,10114580,0.3178,buy,63621,101.941939,5621599,3628932,6168240,0.1938,buy,50390,101.391808,1848088,1059107,5805596,0.1824,buy,61970,71.215323,1516766,1392382,-3.78
2018-05-21,31961796,250,False,,9809861,0.3069,buy,40608,176.44256,4186772,2644881,10171350,0.3182,buy,63621,101.941939,5621599,3685702,6171767,0.1931,buy,50390,101.391808,1848088,1062634,5808567,0.1817,buy,61970,71.215323,1516766,1395354,-3.36
2018-05-22,31908791,250,False,,9782587,0.3066,buy,40608,176.44256,4186772,2617608,10158064,0.3183,buy,63621,101.941939,5621599,3672416,6168240,0.1933,buy,50390,101.391808,1848088,1059107,5799650,0.1818,buy,61970,71.215323,1516766,1386436,-3.52
2018-05-23,32070128,250,False,,9809501,0.3059,buy,40608,176.44256,4186772,2644521,10243832,0.3194,buy,63621,101.941939,5621599,3758184,6174791,0.1925,buy,50390,101.391808,1848088,1065657,5841754,0.1822,buy,61970,71.215323,1516766,1428540,-3.04
2018-05-24,32146481,250,False,,9789407,0.3045,buy,40608,176.44256,4186772,2624427,10240812,0.3186,buy,63621,101.941939,5621599,3755164,6227700,0.1937,buy,50390,101.391808,1848088,1118567,5888312,0.1832,buy,61970,71.215323,1516766,1475098,-2.81
2018-05-25,32150932,250,False,,9766081,0.3038,buy,40608,176.44256,4186772,2601102,10251080,0.3188,buy,63621,101.941939,5621599,3765432,6208552,0.1931,buy,50390,101.391808,1848088,1099419,5924968,0.1843,buy,61970,71.215323,1516766,1511754,-2.79
2018-05-29,32122076,250,False,,9653763,0.3005,buy,40608,176.44256,4186772,2488783,10205779,0.3177,buy,63621,101.941939,5621599,3720131,6207544,0.1932,buy,50390,101.391808,1848088,1098411,6054740,0.1885,buy,61970,71.215323,1516766,1641526,-2.88
2018-05-30,32292437,250,False,,9782587,0.3029,buy,40608,176.44256,4186772,2617608,10278863,0.3183,buy,63621,101.941939,5621599,3793215,6216614,0.1925,buy,50390,101.391808,1848088,1107481,6014123,0.1862,buy,61970,71.215323,1516766,1600909,-2.36
2018-05-31,32202356,250,False,,9722660,0.3019,buy,40608,176.44256,4186772,2557681,10272220,0.319,buy,63621,101.941939,5621599,3786572,6203009,0.1926,buy,50390,101.391808,1848088,1093876,6004217,0.1865,buy,61970,71.215323,1516766,1591003,-2.64
2018-06-01,32396615,250,False,,9818114,0.3031,buy,40608,176.44256,4186772,2653134,10433488,0.3221,buy,63621,101.941939,5621599,3947840,6172271,0.1905,buy,50390,101.391808,1848088,1063138,5972492,0.1844,buy,61970,71.215323,1516766,1559278,-2.05
2018-06-04,32488251,250,False,,9864765,0.3036,buy,40608,176.44256,4186772,2699785,10527712,0.324,buy,63621,101.941939,5621599,4042063,6166224,0.1898,buy,50390,101.391808,1848088,1057091,5929300,0.1825,buy,61970,71.215323,1516766,1516086,-1.77
2018-06-05,32566130,250,False,,9871938,0.3031,buy,40608,176.44256,4186772,2706959,10560330,0.3243,buy,63621,101.941939,5621599,4074682,6190411,0.1901,buy,50390,101.391808,1848088,1081278,5943200,0.1825,buy,61970,71.215323,1516766,1529987,-1.54
2018-06-06,32665645,250,False,,9954478,0.3047,buy,40608,176.44256,4186772,2789498,10621935,0.3252,buy,63621,101.941939,5621599,4136287,6193939,0.1896,buy,50390,101.391808,1848088,1084805,5895043,0.1805,buy,61970,71.215323,1516766,1481830,-1.24
2018-06-07,32632266,250,False,,9953398,0.305,buy,40608,176.44256,4186772,2788418,10535565,0.3229,buy,63621,101.941939,5621599,4049917,6190915,0.1897,buy,50390,101.391808,1848088,1081782,5952138,0.1824,buy,61970,71.215323,1516766,1538924,-1.34
2018-06-08,32651981,250,False,,9982825,0.3057,buy,40608,176.44256,4186772,2817846,10536168,0.3227,buy,63621,101.941939,5621599,4050520,6198474,0.1898,buy,50390,101.391808,1848088,1089341,5934263,0.1817,buy,61970,71.215323,1516766,1521050,-1.28
2018-06-11,32693812,250,False,,9996102,0.3057,buy,40608,176.44256,4186772,2831123,10564557,0.3231,buy,63621,101.941939,5621599,4078909,6209560,0.1899,buy,50390,101.391808,1848088,1100427,5923342,0.1812,buy,61970,71.215323,1516766,1510129,-1.15
2018-06-12,32743125,250,False,,10009022,0.3057,buy,40608,176.44256,4186772,2844043,10620122,0.3243,buy,63621,101.941939,5621599,4134474,6188900,0.189,buy,50390,101.391808,1848088,1079767,5924830,0.1809,buy,61970,71.215323,1516766,1511617,-1.0
2018-06-13,32726251,250,False,,9977085,0.3049,buy,40608,176.44256,4186772,2812105,10619519,0.3245,buy,63621,101.941939,5621599,4133871,6207544,0.1897,buy,50390,101.391808,1848088,1098411,5921853,0.181,buy,61970,71.215323,1516766,1508639,-1.05
2018-06-14,32917608,250,False,,10002206,0.3039,buy,40608,176.44256,4186772,2837226,10727031,0.3259,buy,63621,101.941939,5621599,4241383,6217118,0.1889,buy,50390,101.391808,1848088,1107985,5971002,0.1814,buy,61970,71.215323,1516766,1557789,-0.47
2018-06-15,32770062,250,False,,9989443,0.3048,buy,40608,176.44256,4186772,2824463,10689584,0.3262,buy,63621,101.941939,5621599,4203936,6114322,0.1866,buy,50390,101.391808,1848088,1005189,5976463,0.1824,buy,61970,71.215323,1516766,1563249,-0.92
2018-06-18,32726297,250,False,,9968902,0.3046,buy,40608,176.44256,4186772,2803922,10683410,0.3264,buy,63621,101.941939,5621599,4197762,6102733,0.1865,buy,50390,101.391808,1848088,993600,5971002,0.1825,buy,61970,71.215323,1516766,1557789,-1.05
2018-06-19,32676949,250,False,,9930688,0.3039,buy,40608,176.44256,4186772,2765709,10653144,0.326,buy,63621,101.941939,5621599,4167496,6087112,0.1863,buy,50390,101.391808,1848088,977979,6005754,0.1838,buy,61970,71.215323,1516766,1592540,-1.2
2018-06-20,32689718,250,False,,9947633,0.3043,buy,40608,176.44256,4186772,2782653,10728806,0.3282,buy,63621,101.941939,5621599,4243157,6059902,0.1854,buy,50390,101.391808,1848088,950768,5953128,0.1821,buy,61970,71.215323,1516766,1539915,-1.16
2018-06-21,32554836,250,False,,9885271,0.3036,buy,40608,176.44256,4186772,2720292,10635588,0.3267,buy,63621,101.941939,5621599,4149940,6049320,0.1858,buy,50390,101.391808,1848088,940186,5984406,0.1838,buy,61970,71.215323,1516766,1571193,-1.57
2018-06-22,32563374,250,False,,9903294,0.3041,buy,40608,176.44256,4186772,2738315,10611985,0.3259,buy,63621,101.941939,5621599,4126337,6063932,0.1862,buy,50390,101.391808,1848088,954799,5983912,0.1838,buy,61970,71.215323,1516766,1570698,-1.54
2018-06-25,32180197,250,False,,9768481,0.3036,buy,40608,176.44256,4186772,2603502,10372894,0.3223,buy,63621,101.941939,5621599,3887246,6041257,0.1877,buy,50390,101.391808,1848088,932124,5997315,0.1864,buy,61970,71.215323,1516766,1584102,-2.7
2018-06-26,32220890,250,False,,9790108,0.3038,buy,40608,176.44256,4186772,2625129,10415266,0.3232,buy,63621,101.941939,5621599,3929618,6009512,0.1865,buy,50390,101.391808,1848088,900378,6005754,0.1864,buy,61970,71.215323,1516766,1592540,-2.58
2018-06-27,32020478,250,False,,9709004,0.3032,buy,40608,176.44256,4186772,2544024,10273625,0.3208,buy,63621,101.941939,5621599,3787977,5975246,0.1866,buy,50390,101.391808,1848088,866113,6062353,0.1893,buy,61970,71.215323,1516766,1649140,-3.19
2018-06-28,32147711,250,False,,9764518,0.3037,buy,40608,176.44256,4186772,2599538,10361997,0.3223,buy,63621,101.941939,5621599,3876349,5957106,0.1853,buy,50390,101.391808,1848088,847973,6063841,0.1886,buy,61970,71.215323,1516766,1650627,-2.8
2018-06-29,32190428,250,False,,9778573,0.3038,buy,40608,176.44256,4186772,2613594,10389841,0.3228,buy,63621,101.941939,5621599,3904193,5978774,0.1857,buy,50390,101.391808,1848088,869640,6042989,0.1877,buy,61970,71.215323,1516766,1629776,-2.67
2018-07-02,32216252,250,False,,9799481,0.3042,buy,40608,176.44256,4186772,2634501,10459449,0.3247,buy,63621,101.941939,5621599,3973801,5918809,0.1837,buy,50390,101.391808,1848088,809676,6038263,0.1874,buy,61970,71.215323,1516766,1625049,-2.59
2018-07-03,32152904,250,False,,9764879,0.3037,buy,40608,176.44256,4186772,2599900,10338394,0.3215,buy,63621,101.941939,5621599,3852746,5978774,0.1859,buy,50390,101.391808,1848088,869640,6070607,0.1888,buy,61970,71.215323,1516766,1657393,-2.79
2018-07-05,32398455,250,False,,9844540,0.3039,buy,40608,176.44256,4186772,2679560,10466714,0.3231,buy,63621,101.941939,5621599,3981065,5998930,0.1852,buy,50390,101.391808,1848088,889796,6088022,0.1879,buy,61970,71.215323,1516766,1674808,-2.04
2018-07-06,32654874,250,False,,9927803,0.304,buy,40608,176.44256,4186772,2762824,10629540,0.3255,buy,63621,101.941939,5621599,4143891,5989355,0.1834,buy,50390,101.391808,1848088,880222,6107926,0.187,buy,61970,71.215323,1516766,1694712,-1.27
2018-07-09,32815210,250,False,,10017202,0.3053,buy,40608,176.44256,4186772,2852222,10725174,0.3268,buy,63621,101.941939,5621599,4239526,6003969,0.183,buy,50390,101.391808,1848088,894835,6068616,0.1849,buy,61970,71.215323,1516766,1655402,-0.78
2018-07-10,32847538,250,False,,10053245,0.3061,buy,40608,176.44256,4186772,2888266,10733042,0.3268,buy,63621,101.941939,5621599,4247394,5992883,0.1824,buy,50390,101.391808,1848088,883749,6068117,0.1847,buy,61970,71.215323,1516766,1654904,-0.69
2018-07-11,32677908,250,False,,9979712,0.3054,buy,40608,176.44256,4186772,2814732,10678563,0.3268,buy,63621,101.941939,5621599,4192915,5927880,0.1814,buy,50390,101.391808,1848088,818746,6091504,0.1864,buy,61970,71.215323,1516766,1678291,-1.2
2018-07-12,32976589,250,False,,10070189,0.3054,buy,40608,176.44256,4186772,2905209,10862573,0.3294,buy,63621,101.941939,5621599,4376925,5952571,0.1805,buy,50390,101.391808,1848088,843437,6091006,0.1847,buy,61970,71.215323,1516766,1677793,-0.3
2018-07-13,32982823,250,False,,10078116,0.3056,buy,40608,176.44256,4186772,2913137,10871654,0.3296,buy,63621,101.941939,5621599,4386006,5926368,0.1797,buy,50390,101.391808,1848088,817235,6106435,0.1851,buy,61970,71.215323,1516766,1693221,-0.28
2018-07-16,32919382,250,False,,10069105,0.3059,buy,40608,176.44256,4186772,2904126,10845625,0.3295,buy,63621,101.941939,5621599,4359977,5923345,0.1799,buy,50390,101.391808,1848088,814211,6081057,0.1847,buy,61970,71.215323,1516766,1667843,-0.47
2018-07-17,32950659,250,False,,10109841,0.3068,buy,40608,176.44256,4186772,2944862,10911606,0.3311,buy,63621,101.941939,5621599,4425958,5859349,0.1778,buy,50390,101.391808,1848088,750216,6069612,0.1842,buy,61970,71.215323,1516766,1656398,-0.37
2018-07-18,32928473,250,False,,10131110,0.3077,buy,40608,176.44256,4186772,2966130,10891023,0.3307,buy,63621,101.941939,5621599,4405375,5860861,0.178,buy,50390,101.391808,1848088,751728,6045229,0.1836,buy,61970,71.215323,1516766,1632015,-0.44
2018-07-19,32848903,250,False,,10092897,0.3073,buy,40608,176.44256,4186772,2927918,10836549,0.3299,buy,63621,101.941939,5621599,4350900,5835666,0.1777,buy,50390,101.391808,1848088,726533,6083541,0.1852,buy,61970,71.215323,1516766,1670328,-0.68
2018-07-20,32798102,250,False,,10081362,0.3074,buy,40608,176.44256,4186772,2916383,10834127,0.3303,buy,63621,101.941939,5621599,4348479,5873458,0.1791,buy,50390,101.391808,1848088,764325,6008904,0.1832,buy,61970,71.215323,1516766,1595690,-0.83
2018-07-23,32748986,250,False,,10100104,0.3084,buy,40608,176.44256,4186772,2935124,10868630,0.3319,buy,63621,101.941939,5621599,4382982,5845240,0.1785,buy,50390,101.391808,1848088,736107,5934763,0.1812,buy,61970,71.215323,1516766,1521549,-0.98
2018-07-24,32867022,250,False,,10150930,0.3088,buy,40608,176.44256,4186772,2985950,10913421,0.332,buy,63621,101.941939,5621599,4427773,5847256,0.1779,buy,50390,101.391808,1848088,738122,5955166,0.1812,buy,61970,71.215323,1516766,1541952,-0.63
2018-07-25,33128860,250,False,,10237440,0.309,buy,40608,176.44256,4186772,3072461,11065953,0.334,buy,63621,101.941939,5621599,4580305,5879505,0.1775,buy,50390,101.391808,1848088,770372,5945711,0.1795,buy,61970,71.215323,1516766,1532497,0.0
2018-07-26,32879745,250,False,,10213291,0.3106,buy,40608,176.44256,4186772,3048312,10898287,0.3315,buy,63621,101.941939,5621599,4412639,5833650,0.1774,buy,50390,101.391808,1848088,724517,5934266,0.1805,buy,61970,71.215323,1516766,1521052,-0.75
2018-07-27,32676426,250,False,,10144081,0.3104,buy,40608,176.44256,4186772,2979101,10751202,0.329,buy,63621,101.941939,5621599,4265554,5836674,0.1786,buy,50390,101.391808,1848088,727541,5944219,0.1819,buy,61970,71.215323,1516766,1531005,-1.37
2018-07-30,32442038,250,False,,10091095,0.311,buy,40608,176.44256,4186772,2926115,10599272,0.3267,buy,63621,101.941939,5621599,4113623,5827604,0.1796,buy,50390,101.391808,1848088,718470,5923818,0.1826,buy,61970,71.215323,1516766,1510604,-2.07
2018-07-31,32622366,250,False,,10140836,0.3109,buy,40608,176.44256,4186772,2975857,10680382,0.3274,buy,63621,101.941939,5621599,4194734,5844736,0.1792,buy,50390,101.391808,1848088,735603,5956161,0.1826,buy,61970,71.215323,1516766,1542948,-1.53
2018-08-01,32554626,250,False,,10123899,0.311,buy,40608,176.44256,4186772,2958919,10720935,0.3293,buy,63621,101.941939,5621599,4235287,5801905,0.1782,buy,50390,101.391808,1848088,692771,5907637,0.1815,buy,61970,71.215323,1516766,1494424,-1.73
2018-08-02,32697309,19,True,monthly,9816833,0.3002,buy,39163,176.44256,4289102,2906813,9889636,0.3025,buy,57900,101.941939,5992774,3987198,6473357,0.198,buy,56526,102.924961,1848088,655421,6517463,0.1993,buy,68269,73.478679,1516766,1501147,-1.3
2018-08-03,32824693,19,False,,9858897,0.3004,buy,39163,176.44256,4289102,2948877,9919931,0.3022,buy,57900,101.941939,5992774,4017493,6495968,0.1979,buy,56526,102.924961,1848088,678031,6549878,0.1995,buy,68269,73.478679,1516766,1533562,-0.92
2018-08-06,32889738,19,False,,9895053,0.3009,buy,39163,176.44256,4289102,2985033,9978324,0.3034,buy,57900,101.941939,5992774,4075886,6462618,0.1965,buy,56526,102.924961,1848088,644681,6553725,0.1993,buy,68269,73.478679,1516766,1537409,-0.72
2018-08-07,32939408,19,False,,9927730,0.3014,buy,39163,176.44256,4289102,3017710,10014684,0.304,buy,57900,101.941939,5992774,4112246,6477314,0.1966,buy,56526,102.924961,1848088,659378,6519661,0.1979,buy,68269,73.478679,1516766,1503345,-0.57
2018-08-08,32972034,19,False,,9923558,0.301,buy,39163,176.44256,4289102,3013538,10026801,0.3041,buy,57900,101.941939,5992774,4124363,6495403,0.197,buy,56526,102.924961,1848088,677467,6526254,0.1979,buy,68269,73.478679,1516766,1509938,-0.47
2018-08-09,32997749,19,False,,9910002,0.3003,buy,39163,176.44256,4289102,2999982,10020739,0.3037,buy,57900,101.941939,5992774,4118301,6485793,0.1966,buy,56526,102.924961,1848088,667857,6581195,0.1994,buy,68269,73.478679,1516766,1564879,-0.4
2018-08-10,32899748,19,False,,9843601,0.2992,buy,39163,176.44256,4289102,2933581,9944170,0.3023,buy,57900,101.941939,5992774,4041732,6482967,0.1971,buy,56526,102.924961,1848088,665031,6628990,0.2015,buy,68269,73.478679,1516766,1612674,-0.69
2018-08-13,32740362,19,False,,9806755,0.2995,buy,39163,176.44256,4289102,2896735,9933153,0.3034,buy,57900,101.941939,5992774,4030715,6385177,0.195,buy,56526,102.924961,1848088,567241,6615258,0.2021,buy,68269,73.478679,1516766,1598942,-1.17
2018-08-14,32856567,19,False,,9869328,0.3004,buy,39163,176.44256,4289102,2959308,9995401,0.3042,buy,57900,101.941939,5992774,4092963,6391395,0.1945,buy,56526,102.924961,1848088,573458,6600424,0.2009,buy,68269,73.478679,1516766,1584108,-0.82
2018-08-15,32592762,19,False,,9795627,0.3005,buy,39163,176.44256,4289102,2885607,9873109,0.3029,buy,57900,101.941939,5992774,3970671,6285126,0.1928,buy,56526,102.924961,1848088,467190,6638880,0.2037,buy,68269,73.478679,1516766,1622564,-1.62
2018-08-16,32698884,19,False,,9874887,0.302,buy,39163,176.44256,4289102,2964867,9905609,0.3029,buy,57900,101.941939,5992774,4003171,6280038,0.1921,buy,56526,102.924961,1848088,462102,6638330,0.203,buy,68269,73.478679,1516766,1622014,-1.3
2018-08-17,32802318,19,False,,9909652,0.3021,buy,39163,176.44256,4289102,2999632,9907814,0.302,buy,57900,101.941939,5992774,4005376,6338260,0.1932,buy,56526,102.924961,1848088,520324,6646572,0.2026,buy,68269,73.478679,1516766,1630257,-0.99
2018-08-20,32890866,19,False,,9930860,0.3019,buy,39163,176.44256,4289102,3020840,9898999,0.301,buy,57900,101.941939,5992774,3996560,6369915,0.1937,buy,56526,102.924961,1848088,551979,6691073,0.2034,buy,68269,73.478679,1516766,1674757,-0.72
2018-08-21,32946642,19,False,,9954151,0.3021,buy,39163,176.44256,4289102,3044131,9935357,0.3016,buy,57900,101.941939,5992774,4032918,6388568,0.1939,buy,56526,102.924961,1848088,570632,6668547,0.2024,buy,68269,73.478679,1516766,1652231,-0.55
2018-08-22,33019789,19,False,,9948239,0.3013,buy,39163,176.44256,4289102,3038219,9973916,0.3021,buy,57900,101.941939,5992774,4071478,6402700,0.1939,buy,56526,102.924961,1848088,584763,6694915,0.2028,buy,68269,73.478679,1516766,1678599,-0.33
2018-08-23,32942214,19,False,,9935030,0.3016,buy,39163,176.44256,4289102,3025010,9959592,0.3023,buy,57900,101.941939,5992774,4057154,6342217,0.1925,buy,56526,102.924961,1848088,524281,6705356,0.2035,buy,68269,73.478679,1516766,1689040,-0.56
2018-08-24,33218534,19,False,,9994825,0.3009,buy,39163,176.44256,4289102,3084805,10052140,0.3026,buy,57900,101.941939,5992774,4149702,6453008,0.1943,buy,56526,102.924961,1848088,635072,6718542,0.2023,buy,68269,73.478679,1516766,1702226,0.0
2018-08-27,33385750,19,False,,10073736,0.3017,buy,39163,176.44256,4289102,3163716,10154598,0.3042,buy,57900,101.941939,5992774,4252159,6477314,0.194,buy,56526,102.924961,1848088,659378,6680083,0.2001,buy,68269,73.478679,1516766,1663767,0.0
2018-08-28,33313949,19,False,,10078604,0.3025,buy,39163,176.44256,4289102,3168584,10169472,0.3053,buy,57900,101.941939,5992774,4267034,6425876,0.1929,buy,56526,102.924961,1848088,607939,6639978,0.1993,buy,68269,73.478679,1516766,1623662,-0.22
2018-08-29,33523696,19,False,,10132835,0.3023,buy,39163,176.44256,4289102,3222815,10286806,0.3069,buy,57900,101.941939,5992774,4384367,6455269,0.1926,buy,56526,102.924961,1848088,637333,6648767,0.1983,buy,68269,73.478679,1516766,1632451,0.0
2018-08-30,33447126,19,False,,10091811,0.3017,buy,39163,176.44256,4289102,3181791,10268628,0.307,buy,57900,101.941939,5992774,4366190,6423615,0.1921,buy,56526,102.924961,1848088,605678,6663054,0.1992,buy,68269,73.478679,1516766,1646738,-0.23
2018-08-31,33437963,19,False,,10092157,0.3018,buy,39163,176.44256,4289102,3182137,10281849,0.3075,buy,57900,101.941939,5992774,4379410,6416266,0.1919,buy,56526,102.924961,1848088,598330,6647671,0.1988,buy,68269,73.478679,1516766,1631356,-0.26
2018-09-04,33305295,19,False,,10074779,0.3025,buy,39163,176.44256,4289102,3164759,10237780,0.3074,buy,57900,101.941939,5992774,4335342,6383481,0.1917,buy,56526,102.924961,1848088,565545,6609236,0.1984,buy,68269,73.478679,1516766,1592920,-0.65
2018-09-05,33150392,19,False,,10047659,0.3031,buy,39163,176.44256,4289102,3137639,10105571,0.3048,buy,57900,101.941939,5992774,4203133,6405526,0.1932,buy,56526,102.924961,1848088,587590,6591616,0.1988,buy,68269,73.478679,1516766,1575300,-1.11
2018-09-06,33066477,19,False,,10017419,0.3029,buy,39163,176.44256,4289102,3107399,10015232,0.3029,buy,57900,101.941939,5992774,4112793,6417962,0.1941,buy,56526,102.924961,1848088,600026,6615845,0.2001,buy,68269,73.478679,1516766,1599529,-1.36
2018-09-07,32934756,19,False,,9997948,0.3036,buy,39163,176.44256,4289102,3087928,9976670,0.3029,buy,57900,101.941939,5992774,4074232,6400439,0.1943,buy,56526,102.924961,1848088,582503,6559679,0.1992,buy,68269,73.478679,1516766,1543364,-1.76
2018-09-10,33005452,19,False,,10015334,0.3034,buy,39163,176.44256,4289102,3105314,10010275,0.3033,buy,57900,101.941939,5992774,4107837,6395917,0.1938,buy,56526,102.924961,1848088,577981,6583907,0.1995,buy,68269,73.478679,1516766,1567591,-1.55
2018-09-11,33069440,19,False,,10048356,0.3039,buy,39163,176.44256,4289102,3138336,10087393,0.305,buy,57900,101.941939,5992774,4184955,6399874,0.1935,buy,56526,102.924961,1848088,581937,6533798,0.1976,buy,68269,73.478679,1516766,1517482,-1.36
2018-09-12,33111250,19,False,,10050793,0.3035,buy,39163,176.44256,4289102,3140773,10057648,0.3038,buy,57900,101.941939,5992774,4155209,6453573,0.1949,buy,56526,102.924961,1848088,635637,6549217,0.1978,buy,68269,73.478679,1516766,1532901,-1.23
2018-09-13,33264849,19,False,,10110239,0.3039,buy,39163,176.44256,4289102,3200219,10165065,0.3056,buy,57900,101.941939,5992774,4262627,6430398,0.1933,buy,56526,102.924961,1848088,612462,6559128,0.1972,buy,68269,73.478679,1516766,1542812,-0.77
2018-09-14,33163623,19,False,,10111974,0.3049,buy,39163,176.44256,4289102,3201954,10135318,0.3056,buy,57900,101.941939,5992774,4232880,6388568,0.1926,buy,56526,102.924961,1848088,570632,6527743,0.1968,buy,68269,73.478679,1516766,1511427,-1.07
2018-09-17,32997461,19,False,,10058440,0.3048,buy,39163,176.44256,4289102,3148420,9989340,0.3027,buy,57900,101.941939,5992774,4086902,6421919,0.1946,buy,56526,102.924961,1848088,603983,6527743,0.1978,buy,68269,73.478679,1516766,1511427,-1.57
2018-09-18,33056783,19,False,,10113021,0.3059,buy,39163,176.44256,4289102,3203001,10071969,0.3047,buy,57900,101.941939,5992774,4169531,6412310,0.194,buy,56526,102.924961,1848088,594373,6459464,0.1954,buy,68269,73.478679,1516766,1443148,-1.39
2018-09-19,33046171,19,False,,10123794,0.3064,buy,39163,176.44256,4289102,3213774,10064259,0.3046,buy,57900,101.941939,5992774,4161821,6437181,0.1948,buy,56526,102.924961,1848088,619244,6420918,0.1943,buy,68269,73.478679,1516766,1404602,-1.42
2018-09-20,33291268,19,False,,10205836,0.3066,buy,39163,176.44256,4289102,3295816,10175533,0.3057,buy,57900,101.941939,5992774,4273094,6459226,0.194,buy,56526,102.924961,1848088,641289,6450654,0.1938,buy,68269,73.478679,1516766,1434338,-0.69
2018-09-21,33179464,19,False,,10196512,0.3073,buy,39163,176.44256,4289102,3286492,10119896,0.305,buy,57900,101.941939,5992774,4217458,6415136,0.1933,buy,56526,102.924961,1848088,597199,6447901,0.1943,buy,68269,73.478679,1516766,1431585,-1.03
2018-09-24,33156086,19,False,,10162640,0.3065,buy,39163,176.44256,4289102,3252620,10148039,0.3061,buy,57900,101.941939,5992774,4245600,6414005,0.1934,buy,56526,102.924961,1848088,596069,6431384,0.194,buy,68269,73.478679,1516766,1415068,-1.1
2018-09-25,33164023,19,False,,10153211,0.3062,buy,39163,176.44256,4289102,3243191,10161835,0.3064,buy,57900,101.941939,5992774,4259397,6424180,0.1937,buy,56526,102.924961,1848088,606244,6424777,0.1937,buy,68269,73.478679,1516766,1408462,-1.07
2018-09-26,33152049,19,False,,10122830,0.3053,buy,39163,176.44256,4289102,3212810,10169010,0.3067,buy,57900,101.941939,5992774,4266572,6390264,0.1928,buy,56526,102.924961,1848088,572328,6469925,0.1952,buy,68269,73.478679,1516766,1453609,-1.11
2018-09-27,33214301,19,False,,10151116,0.3056,buy,39163,176.44256,4289102,3241096,10255098,0.3088,buy,57900,101.941939,5992774,4352660,6333738,0.1907,buy,56526,102.924961,1848088,515802,6474330,0.1949,buy,68269,73.478679,1516766,1458014,-0.92
2018-09-28,33236206,19,False,,10152166,0.3055,buy,39163,176.44256,4289102,3242146,10252890,0.3085,buy,57900,101.941939,5992774,4350451,6373872,0.1918,buy,56526,102.924961,1848088,555936,6457259,0.1943,buy,68269,73.478679,1516766,1440943,-0.86
2018-10-01,33234305,19,False,,10187434,0.3065,buy,39163,176.44256,4289102,3277414,10273864,0.3091,buy,57900,101.941939,5992774,4371425,6363132,0.1915,buy,56526,102.924961,1848088,545195,6409857,0.1929,buy,68269,73.478679,1516766,1393541,-0.86
2018-10-02,33317857,19,False,,10181499,0.3056,buy,39163,176.44256,4289102,3271479,10250684,0.3077,buy,57900,101.941939,5992774,4348245,6436616,0.1932,buy,56526,102.924961,1848088,618679,6449039,0.1936,buy,68269,73.478679,1516766,1432723,-0.61
2018-10-03,33197017,19,False,,10187084,0.3069,buy,39163,176.44256,4289102,3277064,10261722,0.3091,buy,57900,101.941939,5992774,4359284,6411179,0.1931,buy,56526,102.924961,1848088,593242,6337013,0.1909,buy,68269,73.478679,1516766,1320697,-0.97
2018-10-04,32879073,19,False,,10107464,0.3074,buy,39163,176.44256,4289102,3197444,10064709,0.3061,buy,57900,101.941939,5992774,4162271,6414571,0.1951,buy,56526,102.924961,1848088,596634,6292310,0.1914,buy,68269,73.478679,1516766,1275994,-1.92
2018-10-05,32663444,19,False,,10050892,0.3077,buy,39163,176.44256,4289102,3140872,9941646,0.3044,buy,57900,101.941939,5992774,4039208,6432659,0.1969,buy,56526,102.924961,1848088,614723,6238227,0.191,buy,68269,73.478679,1516766,1221911,-2.57
2018-10-08,32510548,19,False,,10050892,0.3092,buy,39163,176.44256,4289102,3140872,9880943,0.3039,buy,57900,101.941939,5992774,3978505,6361436,0.1957,buy,56526,102.924961,1848088,543500,6217258,0.1912,buy,68269,73.478679,1516766,1200942,-3.02
2018-10-09,32594197,19,False,,10036229,0.3079,buy,39163,176.44256,4289102,3126209,9912951,0.3041,buy,57900,101.941939,5992774,4010512,6364827,0.1953,buy,56526,102.924961,1848088,546891,6280171,0.1927,buy,68269,73.478679,1516766,1263855,-2.77
2018-10-10,31839171,19,False,,9718448,0.3052,buy,39163,176.44256,4289102,2808428,9476987,0.2977,buy,57900,101.941939,5992774,3574548,6380655,0.2004,buy,56526,102.924961,1848088,562718,6263063,0.1967,buy,68269,73.478679,1516766,1246747,-5.02
2018-10-11,31747646,19,False,,9504385,0.2994,buy,39163,176.44256,4289102,2594366,9359440,0.2948,buy,57900,101.941939,5992774,3457002,6544580,0.2061,buy,56526,102.924961,1848088,726644,6339221,0.1997,buy,68269,73.478679,1516766,1322905,-5.3
2018-10-12,32086950,19,False,,9636381,0.3003,buy,39163,176.44256,4289102,2726361,9619914,0.2998,buy,57900,101.941939,5992774,3717476,6513491,0.203,buy,56526,102.924961,1848088,695555,6317145,0.1969,buy,68269,73.478679,1516766,1300829,-4.29
2018-10-15,31957151,19,False,,9582256,0.2998,buy,39163,176.44256,4289102,2672236,9503476,0.2974,buy,57900,101.941939,5992774,3601038,6557016,0.2052,buy,56526,102.924961,1848088,739080,6314384,0.1976,buy,68269,73.478679,1516766,1298068,-4.67
2018-10-16,32446197,19,False,,9791780,0.3018,buy,39163,176.44256,4289102,2881760,9779953,0.3014,buy,57900,101.941939,5992774,3877515,6545711,0.2017,buy,56526,102.924961,1848088,727775,6328735,0.1951,buy,68269,73.478679,1516766,1312419,-3.21
2018-10-17,32413711,19,False,,9793525,0.3021,buy,39163,176.44256,4289102,2883505,9783815,0.3018,buy,57900,101.941939,5992774,3881377,6545146,0.2019,buy,56526,102.924961,1848088,727209,6291206,0.1941,buy,68269,73.478679,1516766,1274890,-3.31
2018-10-18,32050608,19,False,,9652094,0.3012,buy,39163,176.44256,4289102,2742074,9557005,0.2982,buy,57900,101.941939,5992774,3654567,6552494,0.2044,buy,56526,102.924961,1848088,734557,6288997,0.1962,buy,68269,73.478679,1516766,1272681,-4.39
2018-10-19,32027841,19,False,,9646861,0.3012,buy,39163,176.44256,4289102,2736841,9548175,0.2981,buy,57900,101.941939,5992774,3645737,6557581,0.2047,buy,56526,102.924961,1848088,739645,6275205,0.1959,buy,68269,73.478679,1516766,1258889,-4.46
2018-10-22,32008418,19,False,,9603559,0.3,buy,39163,176.44256,4289102,2693539,9597291,0.2998,buy,57900,101.941939,5992774,3694852,6540623,0.2043,buy,56526,102.924961,1848088,722687,6266926,0.1958,buy,68269,73.478679,1516766,1250610,-4.52
2018-10-23,31982514,19,False,,9554669,0.2987,buy,39163,176.44256,4289102,2644650,9561975,0.299,buy,57900,101.941939,5992774,3659537,6579061,0.2057,buy,56526,102.924961,1848088,761125,6286789,0.1966,buy,68269,73.478679,1516766,1270473,-4.6
2018-10-24,31318124,19,False,,9265178,0.2958,buy,39163,176.44256,4289102,2355158,9124353,0.2913,buy,57900,101.941939,5992774,3221915,6594323,0.2106,buy,56526,102.924961,1848088,776387,6334250,0.2023,buy,68269,73.478679,1516766,1317934,-6.58
2018-10-25,31758823,19,False,,9431398,0.297,buy,39163,176.44256,4289102,2521378,9440016,0.2972,buy,57900,101.941939,5992774,3537577,6579627,0.2072,buy,56526,102.924961,1848088,761690,6307764,0.1986,buy,68269,73.478679,1516766,1291448,-5.26
2018-10-26,31409123,19,False,,9265526,0.295,buy,39163,176.44256,4289102,2355506,9197196,0.2928,buy,57900,101.941939,5992774,3294758,6600541,0.2101,buy,56526,102.924961,1848088,782604,6345840,0.202,buy,68269,73.478679,1516766,1329524,-6.31
2018-10-29,31128154,19,False,,9214192,0.296,buy,39163,176.44256,4289102,2304172,9007911,0.2894,buy,57900,101.941939,5992774,3105472,6574539,0.2112,buy,56526,102.924961,1848088,756603,6331494,0.2034,buy,68269,73.478679,1516766,1315178,-7.15
2018-10-30,31352853,19,False,,9350730,0.2982,buy,39163,176.44256,4289102,2440710,9156358,0.292,buy,57900,101.941939,5992774,3253920,6545711,0.2088,buy,56526,102.924961,1848088,727775,6300035,0.2009,buy,68269,73.478679,1516766,1283719,-6.48
2018-10-31,31599206,19,False,,9450605,0.2991,buy,39163,176.44256,4289102,2540585,9371585,0.2966,buy,57900,101.941939,5992774,3469146,6508969,0.206,buy,56526,102.924961,1848088,691033,6268029,0.1984,buy,68269,73.478679,1516766,1251713,-5.74
2018-11-01,31912858,19,False,,9551177,0.2993,buy,39163,176.44256,4289102,2641157,9495198,0.2975,buy,57900,101.941939,5992774,3592760,6592627,0.2066,buy,56526,102.924961,1848088,774691,6273836,0.1966,buy,68269,73.478679,1516766,1257520,-4.81
2018-11-02,31631519,19,False,,9494604,0.3002,buy,39163,176.44256,4289102,2584584,9347301,0.2955,buy,57900,101.941939,5992774,3444863,6593758,0.2085,buy,56526,102.924961,1848088,775822,6195837,0.1959,buy,68269,73.478679,1516766,1179521,-5.64
2018-11-05,31669239,19,False,,9546988,0.3015,buy,39163,176.44256,4289102,2636968,9324125,0.2944,buy,57900,101.941939,5992774,3421686,6577931,0.2077,buy,56526,102.924961,1848088,759994,6220176,0.1964,buy,68269,73.478679,1516766,1203860,-5.53
2018-11-06,31777760,19,False,,9607399,0.3023,buy,39163,176.44256,4289102,2697379,9394759,0.2956,buy,57900,101.941939,5992774,3492321,6559277,0.2064,buy,56526,102.924961,1848088,741341,6216305,0.1956,buy,68269,73.478679,1516766,1199989,-5.21
2018-11-07,32285867,19,False,,9813084,0.3039,buy,39163,176.44256,4289102,2903064,9689448,0.3001,buy,57900,101.941939,5992774,3787010,6558712,0.2031,buy,56526,102.924961,1848088,740775,6224604,0.1928,buy,68269,73.478679,1516766,1208288,-3.69
2018-11-08,32191569,19,False,,9795274,0.3043,buy,39163,176.44256,4289102,2885254,9627646,0.2991,buy,57900,101.941939,5992774,3725207,6544580,0.2033,buy,56526,102.924961,1848088,726644,6224051,0.1933,buy,68269,73.478679,1516766,1207735,-3.97
2018-11-09,31906625,19,False,,9699593,0.304,buy,39163,176.44256,4289102,2789573,9465398,0.2967,buy,57900,101.941939,5992774,3562960,6471097,0.2028,buy,56526,102.924961,1848088,653160,6270519,0.1965,buy,68269,73.478679,1516766,1254203,-4.82
2018-11-12,31433557,19,False,,9518352,0.3028,buy,39163,176.44256,4289102,2608332,9178983,0.292,buy,57900,101.941939,5992774,3276545,6424745,0.2044,buy,56526,102.924961,1848088,606809,6311457,0.2008,buy,68269,73.478679,1516766,1295141,-6.23
2018-11-13,31421864,19,False,,9500543,0.3024,buy,39163,176.44256,4289102,2590523,9186713,0.2924,buy,57900,101.941939,5992774,3284275,6427006,0.2045,buy,56526,102.924961,1848088,609070,6307583,0.2007,buy,68269,73.478679,1516766,1291267,-6.27
2018-11-14,31343826,19,False,,9435588,0.301,buy,39163,176.44256,4289102,2525568,9116622,0.2909,buy,57900,101.941939,5992774,3214183,6480141,0.2067,buy,56526,102.924961,1848088,662204,6311457,0.2014,buy,68269,73.478679,1516766,1295141,-6.5
2018-11-15,31606371,19,False,,9534067,0.3017,buy,39163,176.44256,4289102,2624047,9276108,0.2935,buy,57900,101.941939,5992774,3373670,6487489,0.2053,buy,56526,102.924961,1848088,669552,6308688,0.1996,buy,68269,73.478679,1516766,1292372,-5.72
2018-11-16,31683165,19,False,,9558860,0.3017,buy,39163,176.44256,4289102,2648840,9243549,0.2917,buy,57900,101.941939,5992774,3341111,6535536,0.2063,buy,56526,102.924961,1848088,717600,6345201,0.2003,buy,68269,73.478679,1516766,1328885,-5.49
2018-11-19,31241804,19,False,,9397178,0.3008,buy,39163,176.44256,4289102,2487158,8943343,0.2863,buy,57900,101.941939,5992774,3040905,6538362,0.2093,buy,56526,102.924961,1848088,720426,6362901,0.2037,buy,68269,73.478679,1516766,1346585,-6.81
2018-11-20,30910072,19,False,,9223271,0.2984,buy,39163,176.44256,4289102,2313251,8783306,0.2842,sell,57900,101.941939,5992774,2880868,6538362,0.2115,buy,56526,102.924961,1848088,720426,6365113,0.2059,buy,68269,73.478679,1516766,1348797,-7.8
2018-11-21,31044169,8877467,False,,9254699,0.2981,buy,39163,176.44256,4289102,2344679,0,0.0,sell,0,0.0,8967783,0,6549102,0.211,buy,56526,102.924961,1848088,731166,6362901,0.205,buy,68269,73.478679,1516766,1346585,-7.4
2018-11-23,30983909,8877467,False,,9192889,0.2967,buy,39163,176.44256,4289102,2282869,0,0.0,sell,0,0.0,8967783,0,6544015,0.2112,buy,56526,102.924961,1848088,726078,6369539,0.2056,buy,68269,73.478679,1516766,1353223,-7.58
2018-11-26,31110599,8877467,False,,9341304,0.3003,buy,39163,176.44256,4289102,2431284,0,0.0,sell,0,0.0,8967783,0,6536667,0.2101,buy,56526,102.924961,1848088,718730,6355161,0.2043,buy,68269,73.478679,1516766,1338845,-7.2
2018-11-27,31110212,8877467,False,,9372731,0.3013,buy,39163,176.44256,4289102,2462711,0,0.0,sell,0,0.0,8967783,0,6497664,0.2089,buy,56526,102.924961,1848088,679727,6362350,0.2045,buy,68269,73.478679,1516766,1346034,-7.2
2018-11-28,31319349,8877467,False,,9588543,0.3062,buy,39163,176.44256,4289102,2678523,0,0.0,sell,0,0.0,8967783,0,6521970,0.2082,buy,56526,102.924961,1848088,704033,6331370,0.2022,buy,68269,73.478679,1516766,1315054,-6.58
2018-11-29,31343641,8877467,False,,9567588,0.3052,buy,39163,176.44256,4289102,2657568,0,0.0,sell,0,0.0,8967783,0,6542319,0.2087,buy,56526,102.924961,1848088,724383,6356267,0.2028,buy,68269,73.478679,1516766,1339951,-6.5
2018-11-30,31414439,8877467,False,,9625908,0.3064,buy,39163,176.44256,4289102,2715888,0,0.0,sell,0,0.0,8967783,0,6531014,0.2079,buy,56526,102.924961,1848088,713078,6380050,0.2031,buy,68269,73.478679,1516766,1363734,-6.29
2018-12-03,31636380,8877467,False,,9753369,0.3083,buy,39163,176.44256,4289102,2843349,0,0.0,sell,0,0.0,8967783,0,6580192,0.208,buy,56526,102.924961,1848088,762256,6425352,0.2031,buy,68269,73.478679,1516766,1409036,-5.63
2018-12-04,31468049,8877467,False,,9437335,0.2999,buy,39163,176.44256,4289102,2527315,0,0.0,sell,0,0.0,8967783,0,6620325,0.2104,buy,56526,102.924961,1848088,802389,6532922,0.2076,buy,68269,73.478679,1516766,1516606,-6.13
2018-12-06,31475379,8877467,False,,9423017,0.2994,buy,39163,176.44256,4289102,2512997,0,0.0,sell,0,0.0,8967783,0,6621456,0.2104,buy,56526,102.924961,1848088,803519,6553440,0.2082,buy,68269,73.478679,1516766,1537124,-6.11
2018-12-07,31322325,8877467,False,,9204066,0.2939,buy,39163,176.44256,4289102,2294046,0,0.0,sell,0,0.0,8967783,0,6675155,0.2131,buy,56526,102.924961,1848088,857219,6565637,0.2096,buy,68269,73.478679,1516766,1549321,-6.57
2018-12-10,31343778,8877467,False,,9221526,0.2942,buy,39163,176.44256,4289102,2311506,0,0.0,sell,0,0.0,8967783,0,6651980,0.2122,buy,56526,102.924961,1848088,834043,6592806,0.2103,buy,68269,73.478679,1516766,1576490,-6.5
2018-12-11,31336852,8877467,False,,9223619,0.2943,buy,39163,176.44256,4289102,2313599,0,0.0,sell,0,0.0,8967783,0,6644066,0.212,buy,56526,102.924961,1848088,826130,6591700,0.2103,buy,68269,73.478679,1516766,1575384,-6.52
2018-12-12,31368040,8877467,False,,9270064,0.2955,buy,39163,176.44256,4289102,2360044,0,0.0,sell,0,0.0,8967783,0,6658198,0.2123,buy,56526,102.924961,1848088,840261,6562312,0.2092,buy,68269,73.478679,1516766,1545996,-6.43
2018-12-13,31334673,8877467,False,,9266921,0.2957,buy,39163,176.44256,4289102,2356901,0,0.0,sell,0,0.0,8967783,0,6643501,0.212,buy,56526,102.924961,1848088,825564,6546784,0.2089,buy,68269,73.478679,1516766,1530468,-6.53
2018-12-14,31159728,8877467,False,,9095809,0.2919,buy,39163,176.44256,4289102,2185789,0,0.0,sell,0,0.0,8967783,0,6616933,0.2124,buy,56526,102.924961,1848088,798997,6569518,0.2108,buy,68269,73.478679,1516766,1553202,-7.05
2018-12-17,31065329,8877467,False,,8917365,0.2871,sell,39163,176.44256,4289102,2007345,0,0.0,sell,0,0.0,8967783,0,6662720,0.2145,buy,56526,102.924961,1848088,844783,6607777,0.2127,buy,68269,73.478679,1516766,1591461,-7.33
2018-12-18,31158039,17832140,False,,0,0.0,sell,0,0.0,6333755,0,0,0.0,sell,0,0.0,8967783,0,6678547,0.2143,buy,56526,102.924961,1848088,860611,6647351,0.2133,buy,68269,73.478679,1516766,1631035,-7.06
2018-12-19,31205157,17832140,False,,0,0.0,sell,0,0.0,6333755,0,0,0.0,sell,0,0.0,8967783,0,6637848,0.2127,buy,56526,102.924961,1848088,819912,6735168,0.2158,buy,68269,73.478679,1516766,1718852,-6.92
2018-12-20,31283011,17832140,False,,0,0.0,sell,0,0.0,6333755,0,0,0.0,sell,0,0.0,8967783,0,6740160,0.2155,buy,56526,102.924961,1848088,922224,6710710,0.2145,buy,68269,73.478679,1516766,1694394,-6.68
2018-12-21,31252507,17832140,False,,0,0.0,sell,0,0.0,6333755,0,0,0.0,sell,0,0.0,8967783,0,6710767,0.2147,buy,56526,102.924961,1848088,892830,6709600,0.2147,buy,68269,73.478679,1516766,1693284,-6.77
2018-12-24,31359336,17832140,False,,0,0.0,sell,0,0.0,6333755,0,0,0.0,sell,0,0.0,8967783,0,6784250,0.2163,buy,56526,102.924961,1848088,966314,6742946,0.215,buy,68269,73.478679,1516766,1726630,-6.46
2018-12-26,31266736,17832140,False,,0,0.0,sell,0,0.0,6333755,0,0,0.0,sell,0,0.0,8967783,0,6763901,0.2163,buy,56526,102.924961,1848088,945965,6670694,0.2133,buy,68269,73.478679,1516766,1654378,-6.73
2018-12-27,31319286,17832140,False,,0,0.0,sell,0,0.0,6333755,0,0,0.0,sell,0,0.0,8967783,0,6815340,0.2176,buy,56526,102.924961,1848088,997403,6671806,0.213,buy,68269,73.478679,1516766,1655490,-6.58
2018-12-28,31403121,17832140,False,,0,0.0,sell,0,0.0,6333755,0,0,0.0,sell,0,0.0,8967783,0,6843037,0.2179,buy,56526,102.924961,1848088,1025101,6727943,0.2142,buy,68269,73.478679,1516766,1711627,-6.33
2018-12-31,31439426,17832140,False,,0,0.0,sell,0,0.0,6333755,0,0,0.0,sell,0,0.0,8967783,0,6853778,0.218,buy,56526,102.924961,1848088,1035841,6753508,0.2148,buy,68269,73.478679,1516766,1737193,-6.22
2019-01-02,31479520,17832140,False,,0,0.0,sell,0,0.0,6333755,0,0,0.0,sell,0,0.0,8967783,0,6858300,0.2179,buy,56526,102.924961,1848088,1040363,6789080,0.2157,buy,68269,73.478679,1516766,1772764,-6.1
2019-01-03,31618953,17832140,False,,0,0.0,sell,0,0.0,6333755,0,0,0.0,sell,0,0.0,8967783,0,6920478,0.2189,buy,56526,102.924961,1848088,1102542,6866335,0.2172,buy,68269,73.478679,1516766,1850019,-5.68
2019-01-04,31483515,17832140,False,,0,0.0,sell,0,0.0,6333755,0,0,0.0,sell,0,0.0,8967783,0,6864518,0.218,buy,56526,102.924961,1848088,1046581,6786858,0.2156,buy,68269,73.478679,1516766,1770542,-6.09
2019-01-07,31487247,17832140,False,,0,0.0,sell,0,0.0,6333755,0,0,0.0,sell,0,0.0,8967783,0,6888258,0.2188,buy,56526,102.924961,1848088,1070322,6766848,0.2149,buy,68269,73.478679,1516766,1750532,-6.07
2019-01-08,31450806,17832140,False,,0,0.0,sell,0,0.0,6333755,0,0,0.0,sell,0,0.0,8967783,0,6869605,0.2184,buy,56526,102.924961,1848088,1051668,6749061,0.2146,buy,68269,73.478679,1516766,1732745,-6.18
2019-01-09,31484339,17832140,False,,0,0.0,sell,0,0.0,6333755,0,0,0.0,sell,0,0.0,8967783,0,6913695,0.2196,buy,56526,102.924961,1848088,1095759,6738503,0.214,buy,68269,73.478679,1516766,1722187,-6.08
2019-01-10,31400286,17832140,False,,0,0.0,sell,0,0.0,6333755,0,0,0.0,sell,0,0.0,8967783,0,6872996,0.2189,buy,56526,102.924961,1848088,1055060,6695150,0.2132,buy,68269,73.478679,1516766,1678834,-6.33
2019-01-11,31438279,17832140,False,,0,0.0,sell,0,0.0,6333755,0,0,0.0,sell,0,0.0,8967783,0,6884867,0.219,buy,56526,102.924961,1848088,1066931,6721272,0.2138,buy,68269,73.478679,1516766,1704956,-6.22
2019-01-14,31429660,17832140,False,,0,0.0,sell,0,0.0,6333755,0,0,0.0,sell,0,0.0,8967783,0,6901259,0.2196,buy,56526,102.924961,1848088,1083323,6696261,0.2131,buy,68269,73.478679,1516766,1679945,-6.25
2019-01-15,31393335,17832140,False,,0,0.0,sell,0,0.0,6333755,0,0,0.0,sell,0,0.0,8967783,0,6889389,0.2195,buy,56526,102.924961,1848088,1071452,6671806,0.2125,buy,68269,73.478679,1516766,1655490,-6.35
2019-01-16,31422049,17832140,False,,0,0.0,sell,0,0.0,6333755,0,0,0.0,sell,0,0.0,8967783,0,6911434,0.22,buy,56526,102.924961,1848088,1093497,6678475,0.2125,buy,68269,73.478679,1516766,1662159,-6.27
2019-01-17,31414673,17832140,False,,0,0.0,sell,0,0.0,6333755,0,0,0.0,sell,0,0.0,8967783,0,6902390,0.2197,buy,56526,102.924961,1848088,1084454,6680142,0.2126,buy,68269,73.478679,1516766,1663826,-6.29
2019-01-18,31318042,17832140,False,,0,0.0,sell,0,0.0,6333755,0,0,0.0,sell,0,0.0,8967783,0,6840776,0.2184,buy,56526,102.924961,1848088,1022840,6645126,0.2122,buy,68269,73.478679,1516766,1628810,-6.58
2019-01-22,31387370,17832140,False,,0,0.0,sell,0,0.0,6333755,0,0,0.0,sell,0,0.0,8967783,0,6865083,0.2187,buy,56526,102.924961,1848088,1047146,6690147,0.2131,buy,68269,73.478679,1516766,1673831,-6.37
2019-01-23,31374983,17832140,False,,0,0.0,sell,0,0.0,6333755,0,0,0.0,sell,0,0.0,8967783,0,6855473,0.2185,buy,56526,102.924961,1848088,1037537,6687369,0.2131,buy,68269,73.478679,1516766,1671053,-6.41
2019-01-24,31408148,17832140,False,,0,0.0,sell,0,0.0,6333755,0,0,0.0,sell,0,0.0,8967783,0,6844733,0.2179,buy,56526,102.924961,1848088,1026797,6731275,0.2143,buy,68269,73.478679,1516766,1714959,-6.31
2019-01-25,31475967,17832140,False,,0,0.0,sell,0,0.0,6333755,0,0,0.0,sell,0,0.0,8967783,0,6944784,0.2206,buy,56526,102.924961,1848088,1126848,6699042,0.2128,buy,68269,73.478679,1516766,1682726,-6.11
2019-01-28,31493603,17832140,False,,0,0.0,sell,0,0.0,6333755,0,0,0.0,sell,0,0.0,8967783,0,6969091,0.2213,buy,56526,102.924961,1848088,1151154,6692372,0.2125,buy,68269,73.478679,1516766,1676057,-6.06
2019-01-29,31566507,17832140,False,,0,0.0,sell,0,0.0,6333755,0,0,0.0,sell,0,0.0,8967783,0,7008094,0.222,buy,56526,102.924961,1848088,1190157,6726273,0.2131,buy,68269,73.478679,1516766,1709957,-5.84
2019-01-30,31601639,17832140,False,,0,0.0,sell,0,0.0,6333755,0,0,0.0,sell,0,0.0,8967783,0,7048227,0.223,buy,56526,102.924961,1848088,1230291,6721272,0.2127,buy,68269,73.478679,1516766,1704956,-5.73
2019-01-31,31662836,17832140,False,,0,0.0,sell,0,0.0,6333755,0,0,0.0,sell,0,0.0,8967783,0,7051618,0.2227,buy,56526,102.924961,1848088,1233682,6779077,0.2141,buy,68269,73.478679,1516766,1762761,-5.55
2019-02-01,31607759,17832140,False,,0,0.0,sell,0,0.0,6333755,0,0,0.0,sell,0,0.0,8967783,0,7037487,0.2227,buy,56526,102.924961,1848088,1219551,6738131,0.2132,buy,68269,73.478679,1516766,1721815,-5.72
2019-02-04,31543989,18964528,True,monthly,0,0.0,sell,0,0.0,6333755,0,0,0.0,sell,0,0.0,8967783,0,6289111,0.1994,buy,50735,102.924961,1967922,1067213,6290350,0.1994,buy,64018,73.478679,1620924,1586392,-5.91
2019-02-05,31588955,18964528,False,,0,0.0,sell,0,0.0,6333755,0,0,0.0,sell,0,0.0,8967783,0,6305346,0.1996,buy,50735,102.924961,1967922,1083448,6319082,0.2,buy,64018,73.478679,1620924,1615124,-5.77
2019-02-06,31549471,18964528,False,,0,0.0,sell,0,0.0,6333755,0,0,0.0,sell,0,0.0,8967783,0,6262729,0.1985,buy,50735,102.924961,1967922,1040831,6322215,0.2004,buy,64018,73.478679,1620924,1618257,-5.89
2019-02-07,31606482,18964528,False,,0,0.0,sell,0,0.0,6333755,0,0,0.0,sell,0,0.0,8967783,0,6277949,0.1986,buy,50735,102.924961,1967922,1056051,6364006,0.2014,buy,64018,73.478679,1620924,1660048,-5.72
2019-02-08,31657491,18964528,False,,0,0.0,sell,0,0.0,6333755,0,0,0.0,sell,0,0.0,8967783,0,6301794,0.1991,buy,50735,102.924961,1967922,1079896,6391169,0.2019,buy,64018,73.478679,1620924,1687211,-5.57
2019-02-11,31601466,18964528,False,,0,0.0,sell,0,0.0,6333755,0,0,0.0,sell,0,0.0,8967783,0,6270846,0.1984,buy,50735,102.924961,1967922,1048948,6366093,0.2014,buy,64018,73.478679,1620924,1662135,-5.73
2019-02-12,31598466,18964528,False,,0,0.0,sell,0,0.0,6333755,0,0,0.0,sell,0,0.0,8967783,0,6284037,0.1989,buy,50735,102.924961,1967922,1062139,6349901,0.201,buy,64018,73.478679,1620924,1645943,-5.74
2019-02-13,31549578,18964528,False,,0,0.0,sell,0,0.0,6333755,0,0,0.0,sell,0,0.0,8967783,0,6259177,0.1984,buy,50735,102.924961,1967922,1037279,6325873,0.2005,buy,64018,73.478679,1620924,1621915,-5.89
2019-02-14,31620628,18964528,False,,0,0.0,sell,0,0.0,6333755,0,0,0.0,sell,0,0.0,8967783,0,6294184,0.1991,buy,50735,102.924961,1967922,1072286,6361916,0.2012,buy,64018,73.478679,1620924,1657958,-5.68
2019-02-15,31668094,18964528,False,,0,0.0,sell,0,0.0,6333755,0,0,0.0,sell,0,0.0,8967783,0,6331728,0.1999,buy,50735,102.924961,1967922,1109830,6371838,0.2012,buy,64018,73.478679,1620924,1667880,-5.54
2019-02-19,31780689,18964528,False,,0,0.0,sell,0,0.0,6333755,0,0,0.0,sell,0,0.0,8967783,0,6428124,0.2023,buy,50735,102.924961,1967922,1206226,6388036,0.201,buy,64018,73.478679,1620924,1684078,-5.2
2019-02-20,31751244,18964528,False,,0,0.0,sell,0,0.0,6333755,0,0,0.0,sell,0,0.0,8967783,0,6416963,0.2021,buy,50735,102.924961,1967922,1195065,6369753,0.2006,buy,64018,73.478679,1620924,1665795,-5.29
2019-02-21,31621751,18964528,False,,0,0.0,buy,0,0.0,6333755,0,0,0.0,sell,0,0.0,8967783,0,6344412,0.2006,buy,50735,102.924961,1967922,1122514,6312812,0.1996,buy,64018,73.478679,1620924,1608854,-5.67
2019-02-22,31688769,9486665,True,daily,9493010,0.2996,buy,37918,250.180788,6333755,6655,0,0.0,sell,0,0.0,8967783,0,6347162,0.2003,buy,50575,102.924961,1971478,1141733,6361931,0.2008,buy,64134,73.525587,1620924,1646441,-5.47
2019-02-25,31676278,9486665,False,,9505934,0.3001,buy,37918,250.180788,6333755,19579,0,0.0,sell,0,0.0,8967783,0,6340588,0.2002,buy,50575,102.924961,1971478,1135158,6343090,0.2002,buy,64134,73.525587,1620924,1627600,-5.51
2019-02-26,31711498,9486665,False,,9499134,0.2995,buy,37918,250.180788,6333755,12779,0,0.0,sell,0,0.0,8967783,0,6351209,0.2003,buy,50575,102.924961,1971478,1145779,6374490,0.201,buy,64134,73.525587,1620924,1659000,-5.41
2019-02-27,31590185,9486665,False,,9495052,0.3006,buy,37918,250.180788,6333755,8697,0,0.0,buy,0,0.0,8967783,0,6306197,0.1996,buy,50575,102.924961,1971478,1100767,6302270,0.1995,buy,64134,73.525587,1620924,1586780,-5.77
2019-02-28,31494684,205,True,daily,9459371,0.3003,buy,37846,250.180788,6333702,-8971,9456273,0.3002,buy,57123,165.904705,8967783,-20702,6282449,0.1995,buy,50669,102.96607,1971478,1065261,6296387,0.1999,buy,64293,73.587767,1620924,1565209,-6.05
2019-03-01,31454162,205,False,,9518434,0.3026,buy,37846,250.180788,6333702,50092,9521794,0.3027,buy,57123,165.904705,8967783,44819,6175538,0.1963,buy,50669,102.96607,1971478,958350,6238192,0.1983,buy,64293,73.587767,1620924,1507014,-6.17
2019-03-04,31453854,205,False,,9483811,0.3015,buy,37846,250.180788,6333702,15469,9523432,0.3028,buy,57123,165.904705,8967783,46458,6159324,0.1958,buy,50669,102.96607,1971478,942136,6287083,0.1999,buy,64293,73.587767,1620924,1555904,-6.17
2019-03-05,31469305,205,False,,9470910,0.301,buy,37846,250.180788,6333702,2568,9530533,0.3029,buy,57123,165.904705,8967783,53558,6167431,0.196,buy,50669,102.96607,1971478,950243,6300227,0.2002,buy,64293,73.587767,1620924,1569049,-6.13
2019-03-06,31375439,205,False,,9413545,0.3,buy,37846,250.180788,6333702,-54797,9476476,0.302,buy,57123,165.904705,8967783,-498,6161857,0.1964,buy,50669,102.96607,1971478,944669,6323356,0.2015,buy,64293,73.587767,1620924,1592178,-6.41
2019-03-07,31216335,205,False,,9334798,0.299,buy,37846,250.180788,6333702,-133544,9360178,0.2998,buy,57123,165.904705,8967783,-116796,6156790,0.1972,buy,50669,102.96607,1971478,939602,6364364,0.2039,buy,64293,73.587767,1620924,1633186,-6.88
2019-03-08,31277673,205,False,,9316131,0.2979,buy,37846,250.180788,6333702,-152211,9345981,0.2988,buy,57123,165.904705,8967783,-130993,6224180,0.199,buy,50669,102.96607,1971478,1006992,6391177,0.2043,buy,64293,73.587767,1620924,1659998,-6.7
2019-03-11,31557813,205,False,,9451224,0.2995,buy,37846,250.180788,6333702,-17118,9540357,0.3023,buy,57123,165.904705,8967783,63382,6193778,0.1963,buy,50669,102.96607,1971478,976591,6372249,0.2019,buy,64293,73.587767,1620924,1641071,-5.86
2019-03-12,31728052,205,False,,9486864,0.299,buy,37846,250.180788,6333702,18522,9592774,0.3023,buy,57123,165.904705,8967783,115799,6231274,0.1964,buy,50669,102.96607,1971478,1014086,6416936,0.2022,buy,64293,73.587767,1620924,1685757,-5.36
2019-03-13,31894403,205,False,,9549658,0.2994,buy,37846,250.180788,6333702,81315,9664847,0.303,buy,57123,165.904705,8967783,187873,6274849,0.1967,buy,50669,102.96607,1971478,1057661,6404845,0.2008,buy,64293,73.587767,1620924,1673667,-4.86
2019-03-14,31753195,205,False,,9543550,0.3006,buy,37846,250.180788,6333702,75207,9648468,0.3039,buy,57123,165.904705,8967783,171494,6202392,0.1953,buy,50669,102.96607,1971478,985205,6358580,0.2003,buy,64293,73.587767,1620924,1627402,-5.28
2019-03-15,31960327,205,False,,9590702,0.3001,buy,37846,250.180788,6333702,122360,9738015,0.3047,buy,57123,165.904705,8967783,261041,6230767,0.195,buy,50669,102.96607,1971478,1013579,6400639,0.2003,buy,64293,73.587767,1620924,1669460,-4.66
2019-03-18,32018159,205,False,,9625475,0.3006,buy,37846,250.180788,6333702,157133,9761206,0.3049,buy,57123,165.904705,8967783,284231,6234314,0.1947,buy,50669,102.96607,1971478,1017126,6396960,0.1998,buy,64293,73.587767,1620924,1665782,-4.49
2019-03-19,32056392,205,False,,9627859,0.3003,buy,37846,250.180788,6333702,159517,9794025,0.3055,buy,57123,165.904705,8967783,317050,6251541,0.195,buy,50669,102.96607,1971478,1034353,6382762,0.1991,buy,64293,73.587767,1620924,1651583,-4.38
2019-03-20,32173558,205,False,,9598882,0.2983,buy,37846,250.180788,6333702,130540,9832863,0.3056,buy,57123,165.904705,8967783,355888,6292076,0.1956,buy,50669,102.96607,1971478,1074889,6449532,0.2005,buy,64293,73.587767,1620924,1718354,-4.03
2019-03-21,32424542,205,False,,9707300,0.2994,buy,37846,250.180788,6333702,238958,9986571,0.308,buy,57123,165.904705,8967783,509597,6266742,0.1933,buy,50669,102.96607,1971478,1049554,6463724,0.1993,buy,64293,73.587767,1620924,1732546,-3.28
2019-03-22,32133471,205,False,,9520470,0.2963,buy,37846,250.180788,6333702,52128,9767223,0.304,buy,57123,165.904705,8967783,290249,6281436,0.1955,buy,50669,102.96607,1971478,1064248,6564137,0.2043,buy,64293,73.587767,1620924,1832959,-4.15
2019-03-25,32166363,205,False,,9513311,0.2958,buy,37846,250.180788,6333702,44969,9748626,0.3031,buy,57123,165.904705,8967783,271652,6329571,0.1968,buy,50669,102.96607,1971478,1112384,6574650,0.2044,buy,64293,73.587767,1620924,1843472,-4.05
2019-03-26,32246530,205,False,,9584223,0.2972,buy,37846,250.180788,6333702,115881,9794025,0.3037,buy,57123,165.904705,8967783,317050,6298157,0.1953,buy,50669,102.96607,1971478,1080969,6569920,0.2037,buy,64293,73.587767,1620924,1838742,-3.81
2019-03-27,32161033,205,False,,9534108,0.2964,buy,37846,250.180788,6333702,65766,9731121,0.3026,buy,57123,165.904705,8967783,254147,6265222,0.1948,buy,50669,102.96607,1971478,1048034,6630378,0.2062,buy,64293,73.587767,1620924,1899199,-4.06
2019-03-28,32154058,205,False,,9570247,0.2976,buy,37846,250.180788,6333702,101905,9753546,0.3033,buy,57123,165.904705,8967783,276571,6176551,0.1921,buy,50669,102.96607,1971478,959363,6653510,0.2069,buy,64293,73.587767,1620924,1922331,-4.09
2019-03-29,32287510,205,False,,9630588,0.2983,buy,37846,250.180788,6333702,162246,9827391,0.3044,buy,57123,165.904705,8967783,350416,6182125,0.1915,buy,50669,102.96607,1971478,964937,6647202,0.2059,buy,64293,73.587767,1620924,1916024,-3.69
2019-04-01,32413170,205,False,,9744801,0.3006,buy,37846,250.180788,6333702,276459,9957579,0.3072,buy,57123,165.904705,8967783,480604,6157804,0.19,buy,50669,102.96607,1971478,940616,6552782,0.2022,buy,64293,73.587767,1620924,1821604,-3.31
2019-04-02,32490609,205,False,,9749576,0.3001,buy,37846,250.180788,6333702,281234,9995321,0.3076,buy,57123,165.904705,8967783,518347,6180605,0.1902,buy,50669,102.96607,1971478,963417,6564902,0.2021,buy,64293,73.587767,1620924,1833724,-3.08
2019-04-03,32497364,205,False,,9764917,0.3005,buy,37846,250.180788,6333702,296575,10052757,0.3093,buy,57123,165.904705,8967783,575783,6171484,0.1899,buy,50669,102.96607,1971478,954297,6508001,0.2003,buy,64293,73.587767,1620924,1776823,-3.06
2019-04-04,32553591,205,False,,9790828,0.3008,buy,37846,250.180788,6333702,322486,10048927,0.3087,buy,57123,165.904705,8967783,571953,6187192,0.1901,buy,50669,102.96607,1971478,970004,6526440,0.2005,buy,64293,73.587767,1620924,1795262,-2.89
2019-04-05,32654792,205,False,,9838218,0.3013,buy,37846,250.180788,6333702,369876,10100894,0.3093,buy,57123,165.904705,8967783,623919,6180605,0.1893,buy,50669,102.96607,1971478,963417,6534870,0.2001,buy,64293,73.587767,1620924,1803692,-2.59
2019-04-08,32691668,205,False,,9845716,0.3012,buy,37846,250.180788,6333702,377374,10126601,0.3098,buy,57123,165.904705,8967783,649626,6207459,0.1899,buy,50669,102.96607,1971478,990271,6511687,0.1992,buy,64293,73.587767,1620924,1780509,-2.48
2019-04-09,32658631,205,False,,9795259,0.2999,buy,37846,250.180788,6333702,326917,10091045,0.309,buy,57123,165.904705,8967783,614071,6239887,0.1911,buy,50669,102.96607,1971478,1022700,6532235,0.2,buy,64293,73.587767,1620924,1801057,-2.58
2019-04-10,32781263,205,False,,9828674,0.2998,buy,37846,250.180788,6333702,360332,10145198,0.3095,buy,57123,165.904705,8967783,668223,6259142,0.1909,buy,50669,102.96607,1971478,1041954,6548045,0.1997,buy,64293,73.587767,1620924,1816867,-2.21
2019-04-11,32635942,205,False,,9825944,0.3011,buy,37846,250.180788,6333702,357602,10121130,0.3101,buy,57123,165.904705,8967783,644156,6179084,0.1893,buy,50669,102.96607,1971478,961897,6509578,0.1995,buy,64293,73.587767,1620924,1778400,-2.65
2019-04-12,32693737,205,False,,9892422,0.3026,buy,37846,250.180788,6333702,424080,10164890,0.3109,buy,57123,165.904705,8967783,687916,6173004,0.1888,buy,50669,102.96607,1971478,955817,6463215,0.1977,buy,64293,73.587767,1620924,1732037,-2.48
2019-04-15,32693581,205,False,,9885946,0.3024,buy,37846,250.180788,6333702,417604,10166532,0.311,buy,57123,165.904705,8967783,689557,6161350,0.1885,buy,50669,102.96607,1971478,944162,6479548,0.1982,buy,64293,73.587767,1620924,1748370,-2.48
2019-04-16,32639264,205,False,,9892422,0.3031,buy,37846,250.180788,6333702,424080,10201538,0.3126,buy,57123,165.904705,8967783,724563,6106121,0.1871,buy,50669,102.96607,1971478,888933,6438978,0.1973,buy,64293,73.587767,1620924,1707800,-2.64
2019-04-17,32641602,205,False,,9868221,0.3023,buy,37846,250.180788,6333702,399879,10237097,0.3136,buy,57123,165.904705,8967783,760122,6094467,0.1867,buy,50669,102.96607,1971478,877279,6441612,0.1973,buy,64293,73.587767,1620924,1710434,-2.63
2019-04-18,32712437,205,False,,9887650,0.3023,buy,37846,250.180788,6333702,419308,10250222,0.3133,buy,57123,165.904705,8967783,773247,6099028,0.1864,buy,50669,102.96607,1971478,881840,6475334,0.1979,buy,64293,73.587767,1620924,1744155,-2.42
2019-04-22,32718867,205,False,,9896176,0.3025,buy,37846,250.180788,6333702,427834,10279213,0.3142,buy,57123,165.904705,8967783,802239,6099028,0.1864,buy,50669,102.96607,1971478,881840,6444246,0.197,buy,64293,73.587767,1620924,1713068,-2.4
2019-04-23,32939616,205,False,,9985158,0.3031,buy,37846,250.180788,6333702,516816,10409947,0.316,buy,57123,165.904705,8967783,932972,6086360,0.1848,buy,50669,102.96607,1971478,869173,6457947,0.1961,buy,64293,73.587767,1620924,1726768,-1.74
2019-04-24,32955058,205,False,,9962998,0.3023,buy,37846,250.180788,6333702,494655,10377127,0.3149,buy,57123,165.904705,8967783,900153,6104094,0.1852,buy,50669,102.96607,1971478,886907,6510634,0.1976,buy,64293,73.587767,1620924,1779456,-1.7
2019-04-25,32986623,205,False,,9956861,0.3018,buy,37846,250.180788,6333702,488519,10419244,0.3159,buy,57123,165.904705,8967783,942270,6109161,0.1852,buy,50669,102.96607,1971478,891974,6501152,0.1971,buy,64293,73.587767,1620924,1769974,-1.6
2019-04-26,33104948,205,False,,10003226,0.3022,buy,37846,250.180788,6333702,534884,10428542,0.315,buy,57123,165.904705,8967783,951568,6149697,0.1858,buy,50669,102.96607,1971478,932509,6523278,0.197,buy,64293,73.587767,1620924,1792100,-1.25
2019-04-29,33071889,205,False,,10018907,0.3029,buy,37846,250.180788,6333702,550565,10448785,0.3159,buy,57123,165.904705,8967783,971810,6122335,0.1851,buy,50669,102.96607,1971478,905148,6481657,0.196,buy,64293,73.587767,1620924,1750478,-1.35
2019-04-30,33047988,205,False,,10024023,0.3033,buy,37846,250.180788,6333702,555681,10367829,0.3137,buy,57123,165.904705,8967783,890854,6141083,0.1858,buy,50669,102.96607,1971478,923895,6514849,0.1971,buy,64293,73.587767,1620924,1783671,-1.42
2019-05-01,32925616,205,False,,9948678,0.3022,buy,37846,250.180788,6333702,480336,10334462,0.3139,buy,57123,165.904705,8967783,857488,6100548,0.1853,buy,50669,102.96607,1971478,883360,6541723,0.1987,buy,64293,73.587767,1620924,1810545,-1.78
2019-05-02,32804822,205,False,,9927198,0.3026,buy,37846,250.180788,6333702,458856,10289607,0.3137,buy,57123,165.904705,8967783,812633,6077240,0.1853,buy,50669,102.96607,1971478,860052,6510572,0.1985,buy,64293,73.587767,1620924,1779393,-2.14
2019-05-03,33120542,205,False,,10024366,0.3027,buy,37846,250.180788,6333702,556024,10453706,0.3156,buy,57123,165.904705,8967783,976731,6113215,0.1846,buy,50669,102.96607,1971478,896027,6529051,0.1971,buy,64293,73.587767,1620924,1797873,-1.2
2019-05-06,33041350,205,False,,9983111,0.3021,buy,37846,250.180788,6333702,514769,10389709,0.3144,buy,57123,165.904705,8967783,912735,6121322,0.1853,buy,50669,102.96607,1971478,904134,6547003,0.1981,buy,64293,73.587767,1620924,1815825,-1.44
2019-05-07,32742671,205,False,,9816399,0.2998,buy,37846,250.180788,6333702,348057,10187317,0.3111,buy,57123,165.904705,8967783,710343,6141589,0.1876,buy,50669,102.96607,1971478,924402,6597161,0.2015,buy,64293,73.587767,1620924,1865983,-2.33
2019-05-08,32659614,205,False,,9802760,0.3001,buy,37846,250.180788,6333702,334417,10161609,0.3111,buy,57123,165.904705,8967783,684634,6126389,0.1876,buy,50669,102.96607,1971478,909201,6568652,0.2011,buy,64293,73.587767,1620924,1837474,-2.58
2019-05-09,32616872,205,False,,9773099,0.2996,buy,37846,250.180788,6333702,304757,10106909,0.3099,buy,57123,165.904705,8967783,629934,6141083,0.1883,buy,50669,102.96607,1971478,923895,6595577,0.2022,buy,64293,73.587767,1620924,1864399,-2.71
2019-05-10,32681224,205,False,,9822193,0.3005,buy,37846,250.180788,6333702,353851,10119490,0.3096,buy,57123,165.904705,8967783,642515,6152737,0.1883,buy,50669,102.96607,1971478,935549,6586600,0.2015,buy,64293,73.587767,1620924,1855422,-2.51
2019-05-13,32197793,205,False,,9575361,0.2974,buy,37846,250.180788,6333702,107019,9768316,0.3034,buy,57123,165.904705,8967783,291342,6215566,0.193,buy,50669,102.96607,1971478,998378,6638345,0.2062,buy,64293,73.587767,1620924,1907167,-3.96
2019-05-14,32361427,205,False,,9661960,0.2986,buy,37846,250.180788,6333702,193618,9875527,0.3052,buy,57123,165.904705,8967783,398553,6204926,0.1917,buy,50669,102.96607,1971478,987738,6618809,0.2045,buy,64293,73.587767,1620924,1887630,-3.47
2019-05-15,32594611,205,False,,9718551,0.2982,buy,37846,250.180788,6333702,250209,10015012,0.3073,buy,57123,165.904705,8967783,538038,6201379,0.1903,buy,50669,102.96607,1971478,984191,6659465,0.2043,buy,64293,73.587767,1620924,1928286,-2.77
2019-05-16,32718499,205,False,,9808555,0.2998,buy,37846,250.180788,6333702,340213,10115661,0.3092,buy,57123,165.904705,8967783,638686,6156790,0.1882,buy,50669,102.96607,1971478,939602,6637288,0.2029,buy,64293,73.587767,1620924,1906110,-2.4
2019-05-17,32522912,205,False,,9745142,0.2996,buy,37846,250.180788,6333702,276800,10012279,0.3079,buy,57123,165.904705,8967783,535304,6113215,0.188,buy,50669,102.96607,1971478,896027,6652072,0.2045,buy,64293,73.587767,1620924,1920893,-2.99
2019-05-20,32275225,205,False,,9680711,0.2999,buy,37846,250.180788,6333702,212369,9843256,0.305,buy,57123,165.904705,8967783,366282,6112708,0.1894,buy,50669,102.96607,1971478,895520,6638345,0.2057,buy,64293,73.587767,1620924,1907167,-3.72
2019-05-21,32440587,205,False,,9767984,0.3011,buy,37846,250.180788,6333702,299641,9946093,0.3066,buy,57123,165.904705,8967783,469118,6098521,0.188,buy,50669,102.96607,1971478,881333,6627785,0.2043,buy,64293,73.587767,1620924,1896607,-3.23
2019-05-22,32398212,205,False,,9737984,0.3006,buy,37846,250.180788,6333702,269642,9901783,0.3056,buy,57123,165.904705,8967783,424809,6092440,0.188,buy,50669,102.96607,1971478,875253,6665799,0.2057,buy,64293,73.587767,1620924,1934621,-3.36
2019-05-23,32249800,205,False,,9618995,0.2983,buy,37846,250.180788,6333702,150653,9750264,0.3023,buy,57123,165.904705,8967783,273289,6139563,0.1904,buy,50669,102.96607,1971478,922375,6740774,0.209,buy,64293,73.587767,1620924,2009595,-3.8
2019-05-24,32279096,205,False,,9640816,0.2987,buy,37846,250.180788,6333702,172474,9745345,0.3019,buy,57123,165.904705,8967783,268370,6146150,0.1904,buy,50669,102.96607,1971478,928962,6746580,0.209,buy,64293,73.587767,1620924,2015402,-3.71
2019-05-28,32177542,205,False,,9551153,0.2968,buy,37846,250.180788,6333702,82811,9708692,0.3017,buy,57123,165.904705,8967783,231717,6122335,0.1903,buy,50669,102.96607,1971478,905148,6795157,0.2112,buy,64293,73.587767,1620924,2063978,-4.02
2019-05-29,32056202,205,False,,9487057,0.296,buy,37846,250.180788,6333702,18714,9628831,0.3004,buy,57123,165.904705,8967783,151857,6124362,0.1911,buy,50669,102.96607,1971478,907174,6815747,0.2126,buy,64293,73.587767,1620924,2084569,-4.38
2019-05-30,32222750,205,False,,9512971,0.2952,buy,37846,250.180788,6333702,44629,9669309,0.3001,buy,57123,165.904705,8967783,192334,6165911,0.1914,buy,50669,102.96607,1971478,948723,6874354,0.2133,buy,64293,73.587767,1620924,2143176,-3.88
2019-05-31,32109462,205,False,,9384778,0.2923,buy,37846,250.180788,6333702,-83564,9515057,0.2963,buy,57123,165.904705,8967783,38083,6249008,0.1946,buy,50669,102.96607,1971478,1031820,6960414,0.2168,buy,64293,73.587767,1620924,2229236,-4.22
2019-06-03,32012847,205,False,,9360916,0.2924,buy,37846,250.180788,6333702,-107426,9305557,0.2907,buy,57123,165.904705,8967783,-171418,6339199,0.198,buy,50669,102.96607,1971478,1122011,7006971,0.2189,buy,64293,73.587767,1620924,2275793,-4.51
2019-06-04,32400187,205,False,,9564106,0.2952,buy,37846,250.180788,6333702,95764,9567570,0.2953,buy,57123,165.904705,8967783,90595,6341225,0.1957,buy,50669,102.96607,1971478,1124038,6927081,0.2138,buy,64293,73.587767,1620924,2195902,-3.35
2019-06-05,32531209,205,False,,9646954,0.2965,buy,37846,250.180788,6333702,178612,9638677,0.2963,buy,57123,165.904705,8967783,161703,6357439,0.1954,buy,50669,102.96607,1971478,1140252,6887934,0.2117,buy,64293,73.587767,1620924,2156755,-2.96
2019-06-06,32713511,205,False,,9709684,0.2968,buy,37846,250.180788,6333702,241342,9715257,0.297,buy,57123,165.904705,8967783,238282,6378214,0.195,buy,50669,102.96607,1971478,1161026,6910152,0.2112,buy,64293,73.587767,1620924,2178974,-2.42
2019-06-07,33094062,205,False,,9806852,0.2963,buy,37846,250.180788,6333702,338510,9902879,0.2992,buy,57123,165.904705,8967783,425905,6414189,0.1938,buy,50669,102.96607,1971478,1197001,6969939,0.2106,buy,64293,73.587767,1620924,2238760,-1.28
2019-06-10,33125030,205,False,,9851854,0.2974,buy,37846,250.180788,6333702,383512,10018293,0.3024,buy,57123,165.904705,8967783,541319,6350346,0.1917,buy,50669,102.96607,1971478,1133158,6904333,0.2084,buy,64293,73.587767,1620924,2173155,-1.19
2019-06-11,33132952,205,False,,9849465,0.2973,buy,37846,250.180788,6333702,381123,10031968,0.3028,buy,57123,165.904705,8967783,554994,6342745,0.1914,buy,50669,102.96607,1971478,1125558,6908568,0.2085,buy,64293,73.587767,1620924,2177390,-1.17
2019-06-12,33095816,205,False,,9832083,0.2971,buy,37846,250.180788,6333702,363741,9973990,0.3014,buy,57123,165.904705,8967783,497015,6375680,0.1926,buy,50669,102.96607,1971478,1158493,6913858,0.2089,buy,64293,73.587767,1620924,2182680,-1.28
2019-06-13,33258278,205,False,,9872649,0.2968,buy,37846,250.180788,6333702,404307,10033064,0.3017,buy,57123,165.904705,8967783,556089,6414695,0.1929,buy,50669,102.96607,1971478,1197507,6937666,0.2086,buy,64293,73.587767,1620924,2206487,-0.79
2019-06-14,33220136,205,False,,9861738,0.2969,buy,37846,250.180788,6333702,393396,9990399,0.3007,buy,57123,165.904705,8967783,513425,6412669,0.193,buy,50669,102.96607,1971478,1195481,6955126,0.2094,buy,64293,73.587767,1620924,2223947,-0.91
2019-06-17,33292175,205,False,,9865493,0.2963,buy,37846,250.180788,6333702,397151,10050569,0.3019,buy,57123,165.904705,8967783,573594,6408615,0.1925,buy,50669,102.96607,1971478,1191427,6967293,0.2093,buy,64293,73.587767,1620924,2236115,-0.69
2019-06-18,33608870,205,False,,9968792,0.2966,buy,37846,250.180788,6333702,500450,10196618,0.3034,buy,57123,165.904705,8967783,719644,6441043,0.1916,buy,50669,102.96607,1971478,1223856,7002212,0.2083,buy,64293,73.587767,1620924,2271033,0.0
2019-06-19,33718726,205,False,,9991293,0.2963,buy,37846,250.180788,6333702,522951,10234906,0.3035,buy,57123,165.904705,8967783,757932,6480058,0.1922,buy,50669,102.96607,1971478,1262871,7012263,0.208,buy,64293,73.587767,1620924,2281085,0.0
2019-06-20,34091038,205,False,,10086752,0.2959,buy,37846,250.180788,6333702,618410,10330085,0.303,buy,57123,165.904705,8967783,853110,6643213,0.1949,buy,50669,102.96607,1971478,1426025,7030783,0.2062,buy,64293,73.587767,1620924,2299605,0.0
2019-06-21,34027895,205,False,,10072091,0.296,buy,37846,250.180788,6333702,603749,10314768,0.3031,buy,57123,165.904705,8967783,837793,6687294,0.1965,buy,50669,102.96607,1971478,1470107,6953537,0.2043,buy,64293,73.587767,1620924,2222358,-0.19
2019-06-24,34167053,205,False,,10059760,0.2944,buy,37846,250.180788,6333702,591418,10315097,0.3019,buy,57123,165.904705,8967783,838123,6786606,0.1986,buy,50669,102.96607,1971478,1569418,7005386,0.205,buy,64293,73.587767,1620924,2274208,0.0
2019-06-25,33926179,205,False,,9961093,0.2936,buy,37846,250.180788,6333702,492751,10138026,0.2988,buy,57123,165.904705,8967783,661051,6799780,0.2004,buy,50669,102.96607,1971478,1582592,7027075,0.2071,buy,64293,73.587767,1620924,2295897,-0.7
2019-06-26,33856097,205,False,,9951153,0.2939,buy,37846,250.180788,6333702,482811,10185174,0.3008,buy,57123,165.904705,8967783,708200,6737457,0.199,buy,50669,102.96607,1971478,1520269,6982108,0.2062,buy,64293,73.587767,1620924,2250930,-0.91
2019-06-27,33972927,205,False,,9986446,0.294,buy,37846,250.180788,6333702,518104,10224095,0.3009,buy,57123,165.904705,8967783,747120,6730870,0.1981,buy,50669,102.96607,1971478,1513682,7031312,0.207,buy,64293,73.587767,1620924,2300133,-0.57
2019-06-28,34050950,205,False,,10037835,0.2948,buy,37846,250.180788,6333702,569493,10237252,0.3006,buy,57123,165.904705,8967783,760278,6749111,0.1982,buy,50669,102.96607,1971478,1531923,7026548,0.2064,buy,64293,73.587767,1620924,2295370,-0.34
2019-07-01,34133071,205,False,,10128962,0.2967,buy,37846,250.180788,6333702,660620,10375401,0.304,buy,57123,165.904705,8967783,898426,6618385,0.1939,buy,50669,102.96607,1971478,1401197,7010119,0.2054,buy,64293,73.587767,1620924,2278941,-0.1
2019-07-02,34396000,205,False,,10155341,0.2952,buy,37846,250.180788,6333702,686999,10416518,0.3028,buy,57123,165.904705,8967783,939543,6759751,0.1965,buy,50669,102.96607,1971478,1542564,7064185,0.2054,buy,64293,73.587767,1620924,2333007,0.0
2019-07-03,34617093,205,False,,10236535,0.2957,buy,37846,250.180788,6333702,768192,10494910,0.3032,buy,57123,165.904705,8967783,1017936,6770899,0.1956,buy,50669,102.96607,1971478,1553711,7114545,0.2055,buy,64293,73.587767,1620924,2383367,0.0
2019-07-05,34414208,205,False,,10224885,0.2971,buy,37846,250.180788,6333702,756543,10473531,0.3043,buy,57123,165.904705,8967783,996557,6695402,0.1946,buy,50669,102.96607,1971478,1478214,7020185,0.204,buy,64293,73.587767,1620924,2289007,-0.59
2019-07-08,34251039,205,False,,10168704,0.2969,buy,37846,250.180788,6333702,700362,10400070,0.3036,buy,57123,165.904705,8967783,923096,6652333,0.1942,buy,50669,102.96607,1971478,1435145,7029727,0.2052,buy,64293,73.587767,1620924,2298548,-1.06
2019-07-09,34336451,205,False,,10181378,0.2965,buy,37846,250.180788,6333702,713036,10452151,0.3044,buy,57123,165.904705,8967783,975177,6675641,0.1944,buy,50669,102.96607,1971478,1458453,7027076,0.2047,buy,64293,73.587767,1620924,2295898,-0.81
2019-07-10,34555950,205,False,,10230025,0.296,buy,37846,250.180788,6333702,761683,10556310,0.3055,buy,57123,165.904705,8967783,1079335,6781032,0.1962,buy,50669,102.96607,1971478,1563845,6988379,0.2022,buy,64293,73.587767,1620924,2257200,-0.18
2019-07-11,34421708,205,False,,10254006,0.2979,buy,37846,250.180788,6333702,785664,10548637,0.3065,buy,57123,165.904705,8967783,1071662,6723776,0.1953,buy,50669,102.96607,1971478,1506588,6895084,0.2003,buy,64293,73.587767,1620924,2163906,-0.56
2019-07-12,34578466,205,False,,10299912,0.2979,buy,37846,250.180788,6333702,831570,10609485,0.3068,buy,57123,165.904705,8967783,1132511,6765832,0.1957,buy,50669,102.96607,1971478,1548644,6903032,0.1996,buy,64293,73.587767,1620924,2171854,-0.11
2019-07-15,34655643,205,False,,10303339,0.2973,buy,37846,250.180788,6333702,834997,10643476,0.3071,buy,57123,165.904705,8967783,1166501,6765832,0.1952,buy,50669,102.96607,1971478,1548644,6942792,0.2003,buy,64293,73.587767,1620924,2211614,0.0
2019-07-16,34489659,205,False,,10270107,0.2978,buy,37846,250.180788,6333702,801765,10588652,0.307,buy,57123,165.904705,8967783,1111678,6708575,0.1945,buy,50669,102.96607,1971478,1491387,6922120,0.2007,buy,64293,73.587767,1620924,2190941,-0.48
2019-07-17,34552894,205,False,,10200219,0.2952,buy,37846,250.180788,6333702,731877,10536573,0.3049,buy,57123,165.904705,8967783,1059598,6819034,0.1974,buy,50669,102.96607,1971478,1601846,6996864,0.2025,buy,64293,73.587767,1620924,2265686,-0.3
2019-07-18,34699099,205,False,,10237560,0.295,buy,37846,250.180788,6333702,769218,10548637,0.304,buy,57123,165.904705,8967783,1071662,6915305,0.1993,buy,50669,102.96607,1971478,1698117,6997392,0.2017,buy,64293,73.587767,1620924,2266214,0.0
2019-07-19,34446650,205,False,,10180690,0.2955,buy,37846,250.180788,6333702,712347,10471336,0.304,buy,57123,165.904705,8967783,994362,6813460,0.1978,buy,50669,102.96607,1971478,1596273,6980959,0.2027,buy,64293,73.587767,1620924,2249781,-0.73
2019-07-22,34567229,205,False,,10205699,0.2952,buy,37846,250.180788,6333702,737357,10554666,0.3053,buy,57123,165.904705,8967783,1077691,6812447,0.1971,buy,50669,102.96607,1971478,1595259,6994212,0.2023,buy,64293,73.587767,1620924,2263034,-0.38
2019-07-23,34632602,205,False,,10278675,0.2968,buy,37846,250.180788,6333702,810333,10623739,0.3068,buy,57123,165.904705,8967783,1146764,6773939,0.1956,buy,50669,102.96607,1971478,1556751,6956045,0.2009,buy,64293,73.587767,1620924,2224866,-0.19
2019-07-24,34820128,205,False,,10326977,0.2966,buy,37846,250.180788,6333702,858635,10698296,0.3072,buy,57123,165.904705,8967783,1221322,6808393,0.1955,buy,50669,102.96607,1971478,1591205,6986258,0.2006,buy,64293,73.587767,1620924,2255079,0.0
2019-07-25,34587848,205,False,,10277643,0.2971,buy,37846,250.180788,6333702,809301,10596877,0.3064,buy,57123,165.904705,8967783,1119902,6760258,0.1955,buy,50669,102.96607,1971478,1543070,6952865,0.201,buy,64293,73.587767,1620924,2221687,-0.67
2019-07-26,34793379,205,False,,10346505,0.2974,buy,37846,250.180788,6333702,878163,10705968,0.3077,buy,57123,165.904705,8967783,1228994,6771405,0.1946,buy,50669,102.96607,1971478,1554217,6969296,0.2003,buy,64293,73.587767,1620924,2238118,-0.08
2019-07-29,34785030,205,False,,10327666,0.2969,buy,37846,250.180788,6333702,859324,10669240,0.3067,buy,57123,165.904705,8967783,1192266,6816501,0.196,buy,50669,102.96607,1971478,1599313,6971418,0.2004,buy,64293,73.587767,1620924,2240240,-0.1
2019-07-30,34753388,205,False,,10302310,0.2964,buy,37846,250.180788,6333702,833968,10623193,0.3057,buy,57123,165.904705,8967783,1146219,6839301,0.1968,buy,50669,102.96607,1971478,1622114,6988379,0.2011,buy,64293,73.587767,1620924,2257200,-0.19
2019-07-31,34460267,205,False,,10189598,0.2957,buy,37846,250.180788,6333702,721256,10476271,0.304,buy,57123,165.904705,8967783,999296,6749618,0.1959,buy,50669,102.96607,1971478,1532430,7044576,0.2044,buy,64293,73.587767,1620924,2313398,-1.03
2019-08-01,34621501,205,False,,10100871,0.2918,buy,37846,250.180788,6333702,632529,10424189,0.3011,buy,57123,165.904705,8967783,947215,6911758,0.1996,buy,50669,102.96607,1971478,1694571,7184478,0.2075,buy,64293,73.587767,1620924,2453300,-0.57
2019-08-02,34431995,205,False,,10024814,0.2911,buy,37846,250.180788,6333702,556472,10270693,0.2983,buy,57123,165.904705,8967783,793718,6885410,0.2,buy,50669,102.96607,1971478,1668223,7250874,0.2106,buy,64293,73.587767,1620924,2519695,-1.11
2019-08-05,33989231,205,False,,9723339,0.2861,buy,37846,250.180788,6333702,254997,9907779,0.2915,buy,57123,165.904705,8967783,430805,6981681,0.2054,buy,50669,102.96607,1971478,1764493,7376227,0.217,buy,64293,73.587767,1620924,2645048,-2.39
2019-08-06,34379986,205,False,,9859687,0.2868,buy,37846,250.180788,6333702,391345,10046476,0.2922,buy,57123,165.904705,8967783,569502,7038431,0.2047,buy,50669,102.96607,1971478,1821243,7435187,0.2163,buy,64293,73.587767,1620924,2704009,-1.26
2019-08-07,34549651,205,False,,9865513,0.2855,buy,37846,250.180788,6333702,397170,10100750,0.2924,buy,57123,165.904705,8967783,623775,7145343,0.2068,buy,50669,102.96607,1971478,1928155,7437841,0.2153,buy,64293,73.587767,1620924,2706663,-0.78
2019-08-08,35014953,205,False,,10059075,0.2873,buy,37846,250.180788,6333702,590733,10320581,0.2947,buy,57123,165.904705,8967783,843606,7181317,0.2051,buy,50669,102.96607,1971478,1964129,7453776,0.2129,buy,64293,73.587767,1620924,2722598,0.0
2019-08-09,34810718,205,False,,9990554,0.287,buy,37846,250.180788,6333702,522212,10223550,0.2937,buy,57123,165.904705,8967783,746576,7157503,0.2056,buy,50669,102.96607,1971478,1940315,7438906,0.2137,buy,64293,73.587767,1620924,2707728,-0.58
2019-08-12,34796298,205,False,,9868938,0.2836,buy,37846,250.180788,6333702,400596,10106232,0.2904,buy,57123,165.904705,8967783,629258,7226920,0.2077,buy,50669,102.96607,1971478,2009732,7594003,0.2182,buy,64293,73.587767,1620924,2862825,-0.62
2019-08-13,35102156,205,False,,10022418,0.2855,buy,37846,250.180788,6333702,554076,10327707,0.2942,buy,57123,165.904705,8967783,850732,7183851,0.2047,buy,50669,102.96607,1971478,1966663,7567976,0.2156,buy,64293,73.587767,1620924,2836797,0.0
2019-08-14,34716829,205,False,,9726079,0.2802,buy,37846,250.180788,6333702,257737,10019064,0.2886,buy,57123,165.904705,8967783,542090,7233000,0.2083,buy,50669,102.96607,1971478,2015812,7738482,0.2229,buy,64293,73.587767,1620924,3007303,-1.1
2019-08-15,34865194,205,False,,9751771,0.2797,buy,37846,250.180788,6333702,283429,10007551,0.287,buy,57123,165.904705,8967783,530577,7281135,0.2088,buy,50669,102.96607,1971478,2063947,7824531,0.2244,buy,64293,73.587767,1620924,3093353,-0.68
2019-08-16,35060411,205,False,,9895658,0.2822,buy,37846,250.180788,6333702,427316,10168180,0.29,buy,57123,165.904705,8967783,691205,7234520,0.2063,buy,50669,102.96607,1971478,2017332,7761848,0.2214,buy,64293,73.587767,1620924,3030670,-0.12
2019-08-19,35145725,205,False,,10014880,0.285,buy,37846,250.180788,6333702,546538,10329901,0.2939,buy,57123,165.904705,8967783,852926,7149903,0.2034,buy,50669,102.96607,1971478,1932715,7650837,0.2177,buy,64293,73.587767,1620924,2919659,0.0
2019-08-20,35123828,205,False,,9938142,0.2829,buy,37846,250.180788,6333702,469799,10249861,0.2918,buy,57123,165.904705,8967783,772887,7205639,0.2051,buy,50669,102.96607,1971478,1988451,7729982,0.2201,buy,64293,73.587767,1620924,2998804,-0.06
2019-08-21,35221361,205,False,,10018992,0.2845,buy,37846,250.180788,6333702,550650,10340863,0.2936,buy,57123,165.904705,8967783,863889,7182837,0.2039,buy,50669,102.96607,1971478,1965649,7678464,0.218,buy,64293,73.587767,1620924,2947286,0.0
2019-08-22,35115603,205,False,,10015907,0.2852,buy,37846,250.180788,6333702,547565,10307425,0.2935,buy,57123,165.904705,8967783,830451,7164596,0.204,buy,50669,102.96607,1971478,1947408,7627471,0.2172,buy,64293,73.587767,1620924,2896293,-0.3
2019-08-23,34797839,205,False,,9758624,0.2804,buy,37846,250.180788,6333702,290282,9981238,0.2868,buy,57123,165.904705,8967783,504264,7304950,0.2099,buy,50669,102.96607,1971478,2087762,7752822,0.2228,buy,64293,73.587767,1620924,3021644,-1.2
2019-08-26,35026191,205,False,,9866540,0.2817,buy,37846,250.180788,6333702,398198,10132000,0.2893,buy,57123,165.904705,8967783,655025,7305963,0.2086,buy,50669,102.96607,1971478,2088775,7721483,0.2204,buy,64293,73.587767,1620924,2990304,-0.55
2019-08-27,35154994,205,False,,9827826,0.2796,buy,37846,250.180788,6333702,359484,10110613,0.2876,buy,57123,165.904705,8967783,633639,7375887,0.2098,buy,50669,102.96607,1971478,2158699,7840464,0.223,buy,64293,73.587767,1620924,3109286,-0.19
2019-08-28,35249697,205,False,,9897027,0.2808,buy,37846,250.180788,6333702,428685,10146797,0.2879,buy,57123,165.904705,8967783,669823,7355112,0.2087,buy,50669,102.96607,1971478,2137924,7850556,0.2227,buy,64293,73.587767,1620924,3119378,0.0
2019-08-29,35448813,205,False,,10023444,0.2828,buy,37846,250.180788,6333702,555102,10301940,0.2906,buy,57123,165.904705,8967783,824965,7302416,0.206,buy,50669,102.96607,1971478,2085228,7820808,0.2206,buy,64293,73.587767,1620924,3089630,0.0
2019-08-30,35403073,205,False,,10018992,0.283,buy,37846,250.180788,6333702,550650,10277273,0.2903,buy,57123,165.904705,8967783,800298,7283669,0.2057,buy,50669,102.96607,1971478,2066481,7822935,0.221,buy,64293,73.587767,1620924,3091757,-0.13
2019-09-03,35356161,205,False,,9960408,0.2817,buy,37846,250.180788,6333702,492066,10177498,0.2879,buy,57123,165.904705,8967783,700523,7385007,0.2089,buy,50669,102.96607,1971478,2167819,7833043,0.2215,buy,64293,73.587767,1620924,3101865,-0.26
2019-09-04,35664396,184,True,monthly,10719723,0.3006,buy,40274,251.143596,6333702,605165,10754399,0.3015,buy,59502,166.48528,8967783,848192,7114037,0.1995,buy,48507,102.96607,2062579,2119462,7076053,0.1984,buy,57993,73.587767,1919035,2808478,0.0
2019-09-05,35700317,184,False,,10857528,0.3041,buy,40274,251.143596,6333702,742971,10951406,0.3068,buy,59502,166.48528,8967783,1045199,6943292,0.1945,buy,48507,102.96607,2062579,1948717,6947907,0.1946,buy,57993,73.587767,1919035,2680331,0.0
2019-09-06,35688107,184,False,,10865914,0.3045,buy,40274,251.143596,6333702,751356,10940559,0.3066,buy,59502,166.48528,8967783,1034352,6884113,0.1929,buy,48507,102.96607,2062579,1889538,6997337,0.1961,buy,57993,73.587767,1919035,2729761,-0.03
2019-09-09,35520721,184,False,,10871384,0.3061,buy,40274,251.143596,6333702,756827,10917716,0.3074,buy,59502,166.48528,8967783,1011509,6858405,0.1931,buy,48507,102.96607,2062579,1863830,6873032,0.1935,buy,57993,73.587767,1919035,2605456,-0.5
2019-09-10,35307595,184,False,,10868831,0.3078,buy,40274,251.143596,6333702,754274,10886308,0.3083,buy,59502,166.48528,8967783,980101,6799711,0.1926,buy,48507,102.96607,2062579,1805136,6752560,0.1912,buy,57993,73.587767,1919035,2484985,-1.1
2019-09-11,35516328,184,False,,10946118,0.3082,buy,40274,251.143596,6333702,831560,10988524,0.3094,buy,59502,166.48528,8967783,1082317,6840942,0.1926,buy,48507,102.96607,2062579,1846367,6740560,0.1898,buy,57993,73.587767,1919035,2472984,-0.52
2019-09-12,35569845,184,False,,10984037,0.3088,buy,40274,251.143596,6333702,869479,11034207,0.3102,buy,59502,166.48528,8967783,1128000,6855010,0.1927,buy,48507,102.96607,2062579,1860434,6696407,0.1883,buy,57993,73.587767,1919035,2428832,-0.37
2019-09-13,35323362,184,False,,10976741,0.3108,buy,40274,251.143596,6333702,862184,10994806,0.3113,buy,59502,166.48528,8967783,1088599,6798256,0.1925,buy,48507,102.96607,2062579,1803681,6553375,0.1855,buy,57993,73.587767,1919035,2285800,-1.06
2019-09-16,35380618,184,False,,10942840,0.3093,buy,40274,251.143596,6333702,828282,10945696,0.3094,buy,59502,166.48528,8967783,1039489,6855010,0.1938,buy,48507,102.96607,2062579,1860434,6636889,0.1876,buy,57993,73.587767,1919035,2369314,-0.9
2019-09-17,35510443,184,False,,10970546,0.3089,buy,40274,251.143596,6333702,855989,10998235,0.3097,buy,59502,166.48528,8967783,1092028,6868591,0.1934,buy,48507,102.96607,2062579,1874016,6672886,0.1879,buy,57993,73.587767,1919035,2405311,-0.53
2019-09-18,35497581,184,False,,10977106,0.3092,buy,40274,251.143596,6333702,862549,10993665,0.3097,buy,59502,166.48528,8967783,1087458,6825420,0.1923,buy,48507,102.96607,2062579,1830845,6701205,0.1888,buy,57993,73.587767,1919035,2433630,-0.57
2019-09-19,35562934,184,False,,10976378,0.3086,buy,40274,251.143596,6333702,861821,11011938,0.3096,buy,59502,166.48528,8967783,1105731,6853069,0.1927,buy,48507,102.96607,2062579,1858494,6721364,0.189,buy,57993,73.587767,1919035,2453789,-0.38
2019-09-20,35564374,184,False,,10924515,0.3072,buy,40274,251.143596,6333702,809958,10895444,0.3064,buy,59502,166.48528,8967783,989237,6934076,0.195,buy,48507,102.96607,2062579,1939500,6810155,0.1915,buy,57993,73.587767,1919035,2542579,-0.38
2019-09-23,35603984,184,False,,10921953,0.3068,buy,40274,251.143596,6333702,807396,10900251,0.3062,buy,59502,166.48528,8967783,994043,6972881,0.1958,buy,48507,102.96607,2062579,1978306,6808715,0.1912,buy,57993,73.587767,1919035,2541139,-0.27
2019-09-24,35492455,184,False,,10836250,0.3053,buy,40274,251.143596,6333702,721693,10755487,0.303,buy,59502,166.48528,8967783,849280,7009746,0.1975,buy,48507,102.96607,2062579,2015171,6890788,0.1941,buy,57993,73.587767,1919035,2623212,-0.58
2019-09-25,35446488,184,False,,10900342,0.3075,buy,40274,251.143596,6333702,785785,10876218,0.3068,buy,59502,166.48528,8967783,970011,6879748,0.1941,buy,48507,102.96607,2062579,1885173,6789996,0.1916,buy,57993,73.587767,1919035,2522421,-0.71
2019-09-26,35425461,184,False,,10877633,0.3071,buy,40274,251.143596,6333702,763076,10836165,0.3059,buy,59502,166.48528,8967783,929958,6877807,0.1941,buy,48507,102.96607,2062579,1883232,6833671,0.1929,buy,57993,73.587767,1919035,2566096,-0.77
2019-09-27,35213789,184,False,,10819036,0.3072,buy,40274,251.143596,6333702,704479,10701699,0.3039,buy,59502,166.48528,8967783,795492,6842397,0.1943,buy,48507,102.96607,2062579,1847822,6850473,0.1945,buy,57993,73.587767,1919035,2582897,-1.36
2019-09-30,35276386,184,False,,10869214,0.3081,buy,40274,251.143596,6333702,754657,10803550,0.3063,buy,59502,166.48528,8967783,897343,6736167,0.191,buy,48507,102.96607,2062579,1741592,6867271,0.1947,buy,57993,73.587767,1919035,2599696,-1.19
2019-10-01,35116519,184,False,,10739926,0.3058,buy,40274,251.143596,6333702,625369,10715434,0.3051,buy,59502,166.48528,8967783,809227,6773033,0.1929,buy,48507,102.96607,2062579,1778457,6887942,0.1961,buy,57993,73.587767,1919035,2620367,-1.64
2019-10-02,34838453,184,False,,10550210,0.3028,buy,40274,251.143596,6333702,435653,10531189,0.3023,buy,59502,166.48528,8967783,624982,6852099,0.1967,buy,48507,102.96607,2062579,1857523,6904770,0.1982,buy,57993,73.587767,1919035,2637195,-2.41
2019-10-03,35134502,184,False,,10636644,0.3027,buy,40274,251.143596,6333702,522087,10646771,0.303,buy,59502,166.48528,8967783,740564,6883143,0.1959,buy,48507,102.96607,2062579,1888568,6967759,0.1983,buy,57993,73.587767,1919035,2700184,-1.58
2019-10-04,35486659,184,False,,10780577,0.3038,buy,40274,251.143596,6333702,666020,10803550,0.3044,buy,59502,166.48528,8967783,897343,6883143,0.194,buy,48507,102.96607,2062579,1888568,7019204,0.1978,buy,57993,73.587767,1919035,2751629,-0.6
2019-10-07,35290662,184,False,,10734066,0.3042,buy,40274,251.143596,6333702,619509,10770934,0.3052,buy,59502,166.48528,8967783,864727,6824450,0.1934,buy,48507,102.96607,2062579,1829875,6961028,0.1972,buy,57993,73.587767,1919035,2693452,-1.15
2019-10-08,35041077,184,False,,10567424,0.3016,buy,40274,251.143596,6333702,452867,10609578,0.3028,buy,59502,166.48528,8967783,703371,6884113,0.1965,buy,48507,102.96607,2062579,1889538,6979777,0.1992,buy,57993,73.587767,1919035,2712202,-1.85
2019-10-09,35211875,184,False,,10667776,0.303,buy,40274,251.143596,6333702,553219,10713146,0.3042,buy,59502,166.48528,8967783,806939,6890419,0.1957,buy,48507,102.96607,2062579,1895844,6940349,0.1971,buy,57993,73.587767,1919035,2672774,-1.37
2019-10-10,35203473,184,False,,10739926,0.3051,buy,40274,251.143596,6333702,625369,10796115,0.3067,buy,59502,166.48528,8967783,889908,6830271,0.194,buy,48507,102.96607,2062579,1835695,6836977,0.1942,buy,57993,73.587767,1919035,2569402,-1.39
2019-10-11,35331396,184,False,,10851266,0.3071,buy,40274,251.143596,6333702,736708,10935151,0.3095,buy,59502,166.48528,8967783,1028944,6792435,0.1922,buy,48507,102.96607,2062579,1797860,6752359,0.1911,buy,57993,73.587767,1919035,2484784,-1.03
2019-10-14,35394374,184,False,,10839181,0.3062,buy,40274,251.143596,6333702,724624,10934010,0.3089,buy,59502,166.48528,8967783,1027803,6819599,0.1927,buy,48507,102.96607,2062579,1825024,6801399,0.1922,buy,57993,73.587767,1919035,2533824,-0.86
2019-10-15,35510974,184,False,,10946494,0.3083,buy,40274,251.143596,6333702,831936,11073050,0.3118,buy,59502,166.48528,8967783,1166843,6772062,0.1907,buy,48507,102.96607,2062579,1777487,6719183,0.1892,buy,57993,73.587767,1919035,2451608,-0.53
2019-10-16,35512910,184,False,,10928912,0.3077,buy,40274,251.143596,6333702,814355,11045589,0.311,buy,59502,166.48528,8967783,1139382,6810868,0.1918,buy,48507,102.96607,2062579,1816293,6727357,0.1894,buy,57993,73.587767,1919035,2459782,-0.52
2019-10-17,35567671,184,False,,10961142,0.3082,buy,40274,251.143596,6333702,846584,11074769,0.3114,buy,59502,166.48528,8967783,1168562,6820569,0.1918,buy,48507,102.96607,2062579,1825994,6711007,0.1887,buy,57993,73.587767,1919035,2443431,-0.37
2019-10-18,35405992,184,False,,10913164,0.3082,buy,40274,251.143596,6333702,798607,10968343,0.3098,buy,59502,166.48528,8967783,1062136,6813294,0.1924,buy,48507,102.96607,2062579,1818718,6711007,0.1895,buy,57993,73.587767,1919035,2443431,-0.82
2019-10-21,35494258,184,False,,10987144,0.3095,buy,40274,251.143596,6333702,872587,11065614,0.3118,buy,59502,166.48528,8967783,1159407,6780793,0.191,buy,48507,102.96607,2062579,1786218,6660523,0.1877,buy,57993,73.587767,1919035,2392948,-0.58
2019-10-22,35429087,184,False,,10951254,0.3091,buy,40274,251.143596,6333702,836697,10977499,0.3098,buy,59502,166.48528,8967783,1071292,6800681,0.192,buy,48507,102.96607,2062579,1806106,6699469,0.1891,buy,57993,73.587767,1919035,2431894,-0.76
2019-10-23,35504860,184,False,,10983117,0.3093,buy,40274,251.143596,6333702,868560,10998668,0.3098,buy,59502,166.48528,8967783,1092461,6816689,0.192,buy,48507,102.96607,2062579,1822113,6706202,0.1889,buy,57993,73.587767,1919035,2438627,-0.55
2019-10-24,35664850,184,False,,11001062,0.3085,buy,40274,251.143596,6333702,886504,11105667,0.3114,buy,59502,166.48528,8967783,1199459,6865196,0.1925,buy,48507,102.96607,2062579,1870620,6692741,0.1877,buy,57993,73.587767,1919035,2425166,-0.1
2019-10-25,35781903,184,False,,11046112,0.3087,buy,40274,251.143596,6333702,931555,11194358,0.3128,buy,59502,166.48528,8967783,1288151,6881203,0.1923,buy,48507,102.96607,2062579,1886628,6660045,0.1861,buy,57993,73.587767,1919035,2392470,0.0
2019-10-28,35834835,184,False,,11108374,0.31,buy,40274,251.143596,6333702,993817,11304790,0.3155,buy,59502,166.48528,8967783,1398583,6822024,0.1904,buy,48507,102.96607,2062579,1827449,6599463,0.1842,buy,57993,73.587767,1919035,2331888,0.0
2019-10-29,35729406,184,False,,11105080,0.3108,buy,40274,251.143596,6333702,990523,11217244,0.3139,buy,59502,166.48528,8967783,1311037,6803107,0.1904,buy,48507,102.96607,2062579,1808532,6603791,0.1848,buy,57993,73.587767,1919035,2336216,-0.29
2019-10-30,35951816,184,False,,11139140,0.3098,buy,40274,251.143596,6333702,1024583,11271603,0.3135,buy,59502,166.48528,8967783,1365396,6840457,0.1903,buy,48507,102.96607,2062579,1845882,6700431,0.1864,buy,57993,73.587767,1919035,2432856,0.0
2019-10-31,36086079,184,False,,11109473,0.3079,buy,40274,251.143596,6333702,994915,11276751,0.3125,buy,59502,166.48528,8967783,1370544,6908852,0.1915,buy,48507,102.96607,2062579,1914276,6790820,0.1882,buy,57993,73.587767,1919035,2523244,0.0
2019-11-01,36276826,184,False,,11212391,0.3091,buy,40274,251.143596,6333702,1097834,11379175,0.3137,buy,59502,166.48528,8967783,1472967,6915158,0.1906,buy,48507,102.96607,2062579,1920583,6769919,0.1866,buy,57993,73.587767,1919035,2502343,0.0
2019-11-04,36283265,184,False,,11257437,0.3103,buy,40274,251.143596,6333702,1142880,11449555,0.3156,buy,59502,166.48528,8967783,1543348,6895270,0.19,buy,48507,102.96607,2062579,1900695,6680818,0.1841,buy,57993,73.587767,1919035,2413243,0.0
2019-11-05,36090406,184,False,,11244987,0.3116,buy,40274,251.143596,6333702,1130430,11455851,0.3174,buy,59502,166.48528,8967783,1549644,6783704,0.188,buy,48507,102.96607,2062579,1789129,6605680,0.183,buy,57993,73.587767,1919035,2338104,-0.53
2019-11-06,36136298,184,False,,11247549,0.3113,buy,40274,251.143596,6333702,1132992,11430099,0.3163,buy,59502,166.48528,8967783,1523892,6812808,0.1885,buy,48507,102.96607,2062579,1818233,6645657,0.1839,buy,57993,73.587767,1919035,2378081,-0.41
2019-11-07,35988033,184,False,,11287106,0.3136,buy,40274,251.143596,6333702,1172548,11468437,0.3187,buy,59502,166.48528,8967783,1562230,6707063,0.1864,buy,48507,102.96607,2062579,1712488,6525243,0.1813,buy,57993,73.587767,1919035,2257668,-0.81
2019-11-08,35991506,184,False,,11314939,0.3144,buy,40274,251.143596,6333702,1200382,11514212,0.3199,buy,59502,166.48528,8967783,1608005,6664377,0.1852,buy,48507,102.96607,2062579,1669802,6497794,0.1805,buy,57993,73.587767,1919035,2230219,-0.8
2019-11-11,35942777,184,False,,11293331,0.3142,buy,40274,251.143596,6333702,1178774,11498764,0.3199,buy,59502,166.48528,8967783,1592557,6648369,0.185,buy,48507,102.96607,2062579,1653794,6502128,0.1809,buy,57993,73.587767,1919035,2234553,-0.94
2019-11-12,36047581,184,False,,11317137,0.3139,buy,40274,251.143596,6333702,1202579,11531953,0.3199,buy,59502,166.48528,8967783,1625746,6666317,0.1849,buy,48507,102.96607,2062579,1671741,6531990,0.1812,buy,57993,73.587767,1919035,2264415,-0.65
2019-11-13,36123168,184,False,,11320799,0.3134,buy,40274,251.143596,6333702,1206242,11534812,0.3193,buy,59502,166.48528,8967783,1628605,6692996,0.1853,buy,48507,102.96607,2062579,1698420,6574377,0.182,buy,57993,73.587767,1919035,2306802,-0.44
2019-11-14,36226534,184,False,,11337280,0.313,buy,40274,251.143596,6333702,1222723,11525658,0.3182,buy,59502,166.48528,8967783,1619451,6721130,0.1855,buy,48507,102.96607,2062579,1726555,6642282,0.1834,buy,57993,73.587767,1919035,2374707,-0.16
2019-11-15,36369062,184,False,,11419322,0.314,buy,40274,251.143596,6333702,1304765,11610342,0.3192,buy,59502,166.48528,8967783,1704135,6704153,0.1843,buy,48507,102.96607,2062579,1709578,6635060,0.1824,buy,57993,73.587767,1919035,2367485,0.0
2019-11-18,36418568,184,False,,11427745,0.3138,buy,40274,251.143596,6333702,1313188,11619498,0.3191,buy,59502,166.48528,8967783,1713291,6724040,0.1846,buy,48507,102.96607,2062579,1729465,6647100,0.1825,buy,57993,73.587767,1919035,2379525,0.0
2019-11-19,36491215,184,False,,11424445,0.3131,buy,40274,251.143596,6333702,1309888,11636660,0.3189,buy,59502,166.48528,8967783,1730453,6727436,0.1844,buy,48507,102.96607,2062579,1732861,6702489,0.1837,buy,57993,73.587767,1919035,2434914,0.0
2019-11-20,36451678,184,False,,11381962,0.3122,buy,40274,251.143596,6333702,1267405,11566854,0.3173,buy,59502,166.48528,8967783,1660647,6730831,0.1847,buy,48507,102.96607,2062579,1736256,6771846,0.1858,buy,57993,73.587767,1919035,2504270,-0.11
2019-11-21,36328370,184,False,,11363653,0.3128,buy,40274,251.143596,6333702,1249096,11541106,0.3177,buy,59502,166.48528,8967783,1634899,6693966,0.1843,buy,48507,102.96607,2062579,1699391,6729460,0.1852,buy,57993,73.587767,1919035,2461885,-0.45
2019-11-22,36357138,184,False,,11388923,0.3133,buy,40274,251.143596,6333702,1274365,11548545,0.3176,buy,59502,166.48528,8967783,1642338,6681354,0.1838,buy,48507,102.96607,2062579,1686779,6738132,0.1853,buy,57993,73.587767,1919035,2470557,-0.37
2019-11-25,36569888,184,False,,11477188,0.3138,buy,40274,251.143596,6333702,1362631,11685298,0.3195,buy,59502,166.48528,8967783,1779091,6649340,0.1818,buy,48507,102.96607,2062579,1654764,6757878,0.1848,buy,57993,73.587767,1919035,2490303,0.0
2019-11-26,36689718,184,False,,11503191,0.3135,buy,40274,251.143596,6333702,1388634,11707614,0.3191,buy,59502,166.48528,8967783,1801407,6681354,0.1821,buy,48507,102.96607,2062579,1686779,6797374,0.1853,buy,57993,73.587767,1919035,2529798,0.0
2019-11-27,36767661,184,False,,11554468,0.3143,buy,40274,251.143596,6333702,1439911,11789437,0.3206,buy,59502,166.48528,8967783,1883230,6645944,0.1808,buy,48507,102.96607,2062579,1651369,6777628,0.1843,buy,57993,73.587767,1919035,2510053,0.0
2019-11-29,36697804,184,False,,11511615,0.3137,buy,40274,251.143596,6333702,1397058,11735652,0.3198,buy,59502,166.48528,8967783,1829445,6687175,0.1822,buy,48507,102.96607,2062579,1692600,6763177,0.1843,buy,57993,73.587767,1919035,2495602,-0.19
2019-12-02,36386279,184,False,,11413823,0.3137,buy,40274,251.143596,6333702,1299266,11615489,0.3192,buy,59502,166.48528,8967783,1709282,6683779,0.1837,buy,48507,102.96607,2062579,1689204,6673003,0.1834,buy,57993,73.587767,1919035,2405428,-1.04
2019-12-03,36422707,184,False,,11337280,0.3113,buy,40274,251.143596,6333702,1222723,11524515,0.3164,buy,59502,166.48528,8967783,1618308,6747809,0.1853,buy,48507,102.96607,2062579,1753234,6812919,0.1871,buy,57993,73.587767,1919035,2545343,-0.94
2019-12-04,36473779,184,False,,11407234,0.3128,buy,40274,251.143596,6333702,1292677,11582876,0.3176,buy,59502,166.48528,8967783,1676668,6738592,0.1848,buy,48507,102.96607,2062579,1744017,6744892,0.1849,buy,57993,73.587767,1919035,2477317,-0.8
2019-12-05,36488251,184,False,,11427745,0.3132,buy,40274,251.143596,6333702,1313188,11605764,0.3181,buy,59502,166.48528,8967783,1699557,6742473,0.1848,buy,48507,102.96607,2062579,1747898,6712084,0.184,buy,57993,73.587767,1919035,2444509,-0.76
2019-12-06,36612705,184,False,,11532123,0.315,buy,40274,251.143596,6333702,1417566,11729931,0.3204,buy,59502,166.48528,8967783,1823724,6675533,0.1823,buy,48507,102.96607,2062579,1680958,6674933,0.1823,buy,57993,73.587767,1919035,2407358,-0.42
2019-12-09,36535767,184,False,,11495867,0.3146,buy,40274,251.143596,6333702,1381310,11676715,0.3196,buy,59502,166.48528,8967783,1770508,6673593,0.1827,buy,48507,102.96607,2062579,1679018,6689407,0.1831,buy,57993,73.587767,1919035,2421831,-0.63
2019-12-10,36532623,184,False,,11483049,0.3143,buy,40274,251.143596,6333702,1368492,11666991,0.3194,buy,59502,166.48528,8967783,1760784,6692511,0.1832,buy,48507,102.96607,2062579,1697936,6689888,0.1831,buy,57993,73.587767,1919035,2422313,-0.64
2019-12-11,36725684,184,False,,11515644,0.3136,buy,40274,251.143596,6333702,1401087,11728786,0.3194,buy,59502,166.48528,8967783,1822579,6738592,0.1835,buy,48507,102.96607,2062579,1744017,6742477,0.1836,buy,57993,73.587767,1919035,2474902,-0.11
2019-12-12,36777748,184,False,,11614900,0.3158,buy,40274,251.143596,6333702,1500343,11816329,0.3213,buy,59502,166.48528,8967783,1910122,6714824,0.1826,buy,48507,102.96607,2062579,1720248,6631511,0.1803,buy,57993,73.587767,1919035,2363936,0.0
2019-12-13,36930405,184,False,,11621859,0.3147,buy,40274,251.143596,6333702,1507301,11855241,0.321,buy,59502,166.48528,8967783,1949033,6744898,0.1826,buy,48507,102.96607,2062579,1750323,6708223,0.1816,buy,57993,73.587767,1919035,2440648,0.0
2019-12-16,37068464,184,False,,11701695,0.3157,buy,40274,251.143596,6333702,1587138,11974255,0.323,buy,59502,166.48528,8967783,2068047,6744413,0.1819,buy,48507,102.96607,2062579,1749838,6647917,0.1793,buy,57993,73.587767,1919035,2380342,0.0
2019-12-17,37067281,184,False,,11704269,0.3158,buy,40274,251.143596,6333702,1589711,11981121,0.3232,buy,59502,166.48528,8967783,2074914,6742958,0.1819,buy,48507,102.96607,2062579,1748383,6638749,0.1791,buy,57993,73.587767,1919035,2371174,-0.0
2019-12-18,37023136,184,False,,11704998,0.3162,buy,40274,251.143596,6333702,1590440,11990279,0.3239,buy,59502,166.48528,8967783,2084072,6743443,0.1821,buy,48507,102.96607,2062579,1748868,6584231,0.1778,buy,57993,73.587767,1919035,2316656,-0.12
2019-12-19,37174064,184,False,,11752975,0.3162,buy,40274,251.143596,6333702,1638418,12065234,0.3246,buy,59502,166.48528,8967783,2159027,6760906,0.1819,buy,48507,102.96607,2062579,1766331,6594764,0.1774,buy,57993,73.587767,1919035,2327189,0.0
2019-12-20,37289714,184,False,,11804501,0.3166,buy,40274,251.143596,6333702,1689944,12113870,0.3249,buy,59502,166.48528,8967783,2207663,6767697,0.1815,buy,48507,102.96607,2062579,1773122,6603461,0.1771,buy,57993,73.587767,1919035,2335886,0.0
2019-12-23,37350941,184,False,,11822538,0.3165,buy,40274,251.143596,6333702,1707981,12145865,0.3252,buy,59502,166.48528,8967783,2239658,6788555,0.1818,buy,48507,102.96607,2062579,1793979,6593799,0.1765,buy,57993,73.587767,1919035,2326224,0.0
2019-12-24,37440487,184,False,,11822903,0.3158,buy,40274,251.143596,6333702,1708346,12152174,0.3246,buy,59502,166.48528,8967783,2245967,6852584,0.183,buy,48507,102.96607,2062579,1858009,6612642,0.1766,buy,57993,73.587767,1919035,2345066,0.0
2019-12-26,37680454,184,False,,11885842,0.3154,buy,40274,251.143596,6333702,1771285,12259409,0.3254,buy,59502,166.48528,8967783,2353201,6906427,0.1833,buy,48507,102.96607,2062579,1911852,6628592,0.1759,buy,57993,73.587767,1919035,2361017,0.0
2019-12-27,37672004,184,False,,11882894,0.3154,buy,40274,251.143596,6333702,1768336,12249084,0.3252,buy,59502,166.48528,8967783,2342877,6904001,0.1833,buy,48507,102.96607,2062579,1909426,6635840,0.1761,buy,57993,73.587767,1919035,2368265,-0.02
2019-12-30,37516602,184,False,,11817381,0.315,buy,40274,251.143596,6333702,1702824,12168805,0.3244,buy,59502,166.48528,8967783,2262598,6918554,0.1844,buy,48507,102.96607,2062579,1923978,6611678,0.1762,buy,57993,73.587767,1919035,2344103,-0.43
2019-12-31,37516591,184,False,,11846093,0.3158,buy,40274,251.143596,6333702,1731536,12191742,0.325,buy,59502,166.48528,8967783,2285535,6931650,0.1848,buy,48507,102.96607,2062579,1937075,6546921,0.1745,buy,57993,73.587767,1919035,2279346,-0.43
2020-01-02,37955810,184,False,,11956872,0.315,buy,40274,251.143596,6333702,1842315,12395311,0.3266,buy,59502,166.48528,8967783,2489104,6982583,0.184,buy,48507,102.96607,2062579,1988007,6620860,0.1744,buy,57993,73.587767,1919035,2353284,0.0
2020-01-03,37936878,160,True,monthly,11292376,0.2977,buy,38326,251.143596,6414493,1667046,11266029,0.297,buy,54581,166.48528,9157042,2179096,7682300,0.2025,buy,52669,106.381487,2062579,2079294,7696012,0.2029,buy,66388,78.895575,1919035,2458293,-0.05
2020-01-06,38089425,160,False,,11335456,0.2976,buy,38326,251.143596,6414493,1710127,11338620,0.2977,buy,54581,166.48528,9157042,2251687,7762884,0.2038,buy,52669,106.381487,2062579,2159877,7652306,0.2009,buy,66388,78.895575,1919035,2414587,0.0
2020-01-07,38048909,160,False,,11303584,0.2971,buy,38326,251.143596,6414493,1678255,11337042,0.298,buy,54581,166.48528,9157042,2250108,7793432,0.2048,buy,52669,106.381487,2062579,2190425,7614692,0.2001,buy,66388,78.895575,1919035,2376972,-0.11
2020-01-08,38085563,160,False,,11363827,0.2984,buy,38326,251.143596,6414493,1738498,11422254,0.2999,buy,54581,166.48528,9157042,2335321,7734969,0.2031,buy,52669,106.381487,2062579,2131963,7564352,0.1986,buy,66388,78.895575,1919035,2326632,-0.01
2020-01-09,38242237,160,False,,11440881,0.2992,buy,38326,251.143596,6414493,1815551,11519040,0.3012,buy,54581,166.48528,9157042,2432107,7691254,0.2011,buy,52669,106.381487,2062579,2088248,7590902,0.1985,buy,66388,78.895575,1919035,2353183,0.0
2020-01-10,38293693,160,False,,11407956,0.2979,buy,38326,251.143596,6414493,1782626,11489582,0.3,buy,54581,166.48528,9157042,2402649,7737603,0.2021,buy,52669,106.381487,2062579,2134596,7658393,0.2,buy,66388,78.895575,1919035,2420673,0.0
2020-01-13,38424067,160,False,,11486414,0.2989,buy,38326,251.143596,6414493,1861084,11622139,0.3025,buy,54581,166.48528,9157042,2535206,7680194,0.1999,buy,52669,106.381487,2062579,2077187,7635160,0.1987,buy,66388,78.895575,1919035,2397441,0.0
2020-01-14,38393214,160,False,,11468899,0.2987,buy,38326,251.143596,6414493,1843569,11576374,0.3015,buy,54581,166.48528,9157042,2489441,7673347,0.1999,buy,52669,106.381487,2062579,2070340,7674435,0.1999,buy,66388,78.895575,1919035,2436716,-0.08
2020-01-15,38519531,160,False,,11494821,0.2984,buy,38326,251.143596,6414493,1869492,11581108,0.3007,buy,54581,166.48528,9157042,2494175,7718115,0.2004,buy,52669,106.381487,2062579,2115108,7725328,0.2006,buy,66388,78.895575,1919035,2487608,0.0
2020-01-16,38689684,160,False,,11590436,0.2996,buy,38326,251.143596,6414493,1965107,11692098,0.3022,buy,54581,166.48528,9157042,2605165,7706001,0.1992,buy,52669,106.381487,2062579,2102995,7700989,0.199,buy,66388,78.895575,1919035,2463269,0.0
2020-01-17,38732012,160,False,,11626514,0.3002,buy,38326,251.143596,6414493,2001185,11749956,0.3034,buy,54581,166.48528,9157042,2663023,7720222,0.1993,buy,52669,106.381487,2062579,2117216,7635160,0.1971,buy,66388,78.895575,1919035,2397441,0.0
2020-01-21,38792623,160,False,,11603747,0.2991,buy,38326,251.143596,6414493,1978418,11744696,0.3028,buy,54581,166.48528,9157042,2657763,7728649,0.1992,buy,52669,106.381487,2062579,2125643,7715371,0.1989,buy,66388,78.895575,1919035,2477651,0.0
2020-01-22,38854797,160,False,,11605146,0.2987,buy,38326,251.143596,6414493,1979817,11775728,0.3031,buy,54581,166.48528,9157042,2688795,7731282,0.199,buy,52669,106.381487,2062579,2128276,7742481,0.1993,buy,66388,78.895575,1919035,2504761,0.0
2020-01-23,38977577,160,False,,11618460,0.2981,buy,38326,251.143596,6414493,1993131,11813605,0.3031,buy,54581,166.48528,9157042,2726672,7748663,0.1988,buy,52669,106.381487,2062579,2145657,7796689,0.2,buy,66388,78.895575,1919035,2558970,0.0
2020-01-24,38883193,160,False,,11515133,0.2961,buy,38326,251.143596,6414493,1889803,11714190,0.3013,buy,54581,166.48528,9157042,2627257,7793958,0.2004,buy,52669,106.381487,2062579,2190952,7859753,0.2021,buy,66388,78.895575,1919035,2622033,-0.24
2020-01-27,38632104,160,False,,11330554,0.2933,buy,38326,251.143596,6414493,1705225,11472226,0.297,buy,54581,166.48528,9157042,2385293,7847155,0.2031,buy,52669,106.381487,2062579,2244148,7982010,0.2066,buy,66388,78.895575,1919035,2744290,-0.89
2020-01-28,38794491,160,False,,11449287,0.2951,buy,38326,251.143596,6414493,1823957,11648438,0.3003,buy,54581,166.48528,9157042,2561505,7777105,0.2005,buy,52669,106.381487,2062579,2174098,7919502,0.2041,buy,66388,78.895575,1919035,2681782,-0.47
2020-01-29,38923551,160,False,,11439828,0.2939,buy,38326,251.143596,6414493,1814498,11667375,0.2998,buy,54581,166.48528,9157042,2580442,7819240,0.2009,buy,52669,106.381487,2062579,2216234,7996948,0.2055,buy,66388,78.895575,1919035,2759229,-0.14
2020-01-30,39003867,160,False,,11476959,0.2943,buy,38326,251.143596,6414493,1851629,11708930,0.3002,buy,54581,166.48528,9157042,2621997,7819766,0.2005,buy,52669,106.381487,2062579,2216760,7998053,0.2051,buy,66388,78.895575,1919035,2760333,0.0
2020-01-31,38728100,160,False,,11268556,0.291,buy,38326,251.143596,6414493,1643227,11523248,0.2975,buy,54581,166.48528,9157042,2436315,7865062,0.2031,buy,52669,106.381487,2062579,2262055,8071074,0.2084,buy,66388,78.895575,1919035,2833354,-0.71
2020-02-03,38928294,160,False,,11352269,0.2916,buy,38326,251.143596,6414493,1726940,11697357,0.3005,buy,54581,166.48528,9157042,2610424,7813973,0.2007,buy,52669,106.381487,2062579,2210966,8064534,0.2072,buy,66388,78.895575,1919035,2826815,-0.19
2020-02-04,39158797,160,False,,11525288,0.2943,buy,38326,251.143596,6414493,1899959,11965095,0.3056,buy,54581,166.48528,9157042,2878162,7712321,0.1969,buy,52669,106.381487,2062579,2109315,7955932,0.2032,buy,66388,78.895575,1919035,2718213,0.0
2020-02-05,39253825,160,False,,11658384,0.297,buy,38326,251.143596,6414493,2033054,12004545,0.3058,buy,54581,166.48528,9157042,2917612,7721802,0.1967,buy,52669,106.381487,2062579,2118796,7868934,0.2005,buy,66388,78.895575,1919035,2631215,0.0
2020-02-06,39473748,160,False,,11697613,0.2963,buy,38326,251.143596,6414493,2072283,12108170,0.3067,buy,54581,166.48528,9157042,3021237,7763410,0.1967,buy,52669,106.381487,2062579,2160404,7904395,0.2002,buy,66388,78.895575,1919035,2666676,0.0
2020-02-07,39478507,160,False,,11635269,0.2947,buy,38326,251.143596,6414493,2009939,12056096,0.3054,buy,54581,166.48528,9157042,2969163,7783951,0.1972,buy,52669,106.381487,2062579,2180945,8003031,0.2027,buy,66388,78.895575,1919035,2765311,0.0
2020-02-10,39753253,160,False,,11722129,0.2949,buy,38326,251.143596,6414493,2096800,12201801,0.3069,buy,54581,166.48528,9157042,3114868,7803966,0.1963,buy,52669,106.381487,2062579,2200959,8025198,0.2019,buy,66388,78.895575,1919035,2787479,0.0
2020-02-11,39708356,160,False,,11742445,0.2957,buy,38326,251.143596,6414493,2117116,12203903,0.3073,buy,54581,166.48528,9157042,3116970,7777105,0.1959,buy,52669,106.381487,2062579,2174098,7984743,0.2011,buy,66388,78.895575,1919035,2747023,-0.11
2020-02-12,39856114,160,False,,11818096,0.2965,buy,38326,251.143596,6414493,2192767,12322780,0.3092,buy,54581,166.48528,9157042,3235847,7770784,0.195,buy,52669,106.381487,2062579,2167777,7944294,0.1993,buy,66388,78.895575,1919035,2706575,0.0
2020-02-13,39902444,160,False,,11805490,0.2959,buy,38326,251.143596,6414493,2180160,12307000,0.3084,buy,54581,166.48528,9157042,3220067,7815026,0.1959,buy,52669,106.381487,2062579,2212020,7974767,0.1999,buy,66388,78.895575,1919035,2737048,0.0
2020-02-14,40024165,160,False,,11824401,0.2954,buy,38326,251.143596,6414493,2199072,12342244,0.3084,buy,54581,166.48528,9157042,3255311,7847681,0.1961,buy,52669,106.381487,2062579,2244674,8009679,0.2001,buy,66388,78.895575,1919035,2771960,0.0
2020-02-18,40153875,160,False,,11793928,0.2937,buy,38326,251.143596,6414493,2168599,12346974,0.3075,buy,54581,166.48528,9157042,3260041,7948279,0.1979,buy,52669,106.381487,2062579,2345272,8064534,0.2008,buy,66388,78.895575,1919035,2826815,0.0
2020-02-19,40374416,160,False,,11850320,0.2935,buy,38326,251.143596,6414493,2224991,12465327,0.3087,buy,54581,166.48528,9157042,3378394,7994627,0.198,buy,52669,106.381487,2062579,2391621,8063981,0.1997,buy,66388,78.895575,1919035,2826262,0.0
2020-02-20,40305835,160,False,,11801636,0.2928,buy,38326,251.143596,6414493,2176307,12349607,0.3064,buy,54581,166.48528,9157042,3262674,8027283,0.1992,buy,52669,106.381487,2062579,2424276,8127150,0.2016,buy,66388,78.895575,1919035,2889431,-0.17
2020-02-21,40143603,160,False,,11680102,0.291,buy,38326,251.143596,6414493,2054773,12112380,0.3017,buy,54581,166.48528,9157042,3025447,8147894,0.203,buy,52669,106.381487,2062579,2544888,8203067,0.2043,buy,66388,78.895575,1919035,2965348,-0.57
2020-02-24,39484795,160,False,,11292726,0.286,buy,38326,251.143596,6414493,1667397,11645281,0.2949,buy,54581,166.48528,9157042,2558348,8221104,0.2082,buy,52669,106.381487,2062579,2618097,8325524,0.2109,buy,66388,78.895575,1919035,3087805,-2.2
2020-02-25,38723326,160,False,,10950532,0.2828,buy,38326,251.143596,6414493,1325202,11328626,0.2926,buy,54581,166.48528,9157042,2241693,8074158,0.2085,buy,52669,106.381487,2062579,2471151,8369851,0.2161,buy,66388,78.895575,1919035,3132131,-4.09
2020-02-26,38732395,160,False,,10910252,0.2817,buy,38326,251.143596,6414493,1284923,11387013,0.294,buy,54581,166.48528,9157042,2300080,8109446,0.2094,buy,52669,106.381487,2062579,2506439,8325524,0.2149,buy,66388,78.895575,1919035,3087805,-4.07
2020-02-27,37764104,160,False,,10420256,0.2759,buy,38326,251.143596,6414493,794926,10816819,0.2864,buy,54581,166.48528,9157042,1729886,8111026,0.2148,buy,52669,106.381487,2062579,2508019,8415843,0.2229,buy,66388,78.895575,1919035,3178124,-6.47
2020-02-28,37622798,160,False,,10376476,0.2758,buy,38326,251.143596,6414493,751146,10825238,0.2877,buy,54581,166.48528,9157042,1738305,7815026,0.2077,buy,52669,106.381487,2062579,2212020,8605898,0.2287,buy,66388,78.895575,1919035,3368179,-6.82
2020-03-02,38610659,160,False,,10825844,0.2804,buy,38326,251.143596,6414493,1200514,11383857,0.2948,buy,54581,166.48528,9157042,2296924,7858215,0.2035,buy,52669,106.381487,2062579,2255208,8542583,0.2212,buy,66388,78.895575,1919035,3304864,-4.37
2020-03-03,38263747,149,True,monthly,11248192,0.294,buy,40995,253.262582,6414493,865692,11210391,0.293,buy,55530,167.226561,9157042,1924300,7966116,0.2082,buy,51765,106.381487,2102360,2459278,7838899,0.2049,buy,59988,78.895575,2234470,3106111,-5.23
2020-03-04,39134999,149,False,,11720988,0.2995,buy,40995,253.262582,6414493,1338489,11678113,0.2984,buy,55530,167.226561,9157042,2392022,7980093,0.2039,buy,51765,106.381487,2102360,2473255,7755656,0.1982,buy,59988,78.895575,2234470,3022868,-3.07
2020-03-05,38756000,149,False,,11331363,0.2924,buy,40995,253.262582,6414493,948864,11323306,0.2922,buy,55530,167.226561,9157042,2037215,8152470,0.2104,buy,51765,106.381487,2102360,2645632,7948712,0.2051,buy,59988,78.895575,2234470,3215924,-4.01
2020-03-06,38794420,149,False,,11144042,0.2873,buy,40995,253.262582,6414493,761542,11132258,0.287,buy,55530,167.226561,9157042,1846168,8155576,0.2102,buy,51765,106.381487,2102360,2648738,8362395,0.2156,buy,59988,78.895575,2234470,3629607,-3.91
2020-03-09,37390939,149,False,,10273755,0.2748,sell,40995,253.262582,6414493,-108744,10358963,0.277,buy,55530,167.226561,9157042,1072872,8169035,0.2185,buy,51765,106.381487,2102360,2662197,8589037,0.2297,buy,59988,78.895575,2234470,3856250,-7.39
2020-03-10,37700366,10631913,False,,0,0.0,sell,0,0.0,6663757,0,10923013,0.2897,buy,55530,167.226561,9157042,1636923,7996657,0.2121,buy,51765,106.381487,2102360,2489819,8148783,0.2161,buy,59988,78.895575,2234470,3415995,-6.62
2020-03-11,36896289,10631913,False,,0,0.0,sell,0,0.0,6663757,0,10447263,0.2832,buy,55530,167.226561,9157042,1161172,7968186,0.216,buy,51765,106.381487,2102360,2461348,7848927,0.2127,buy,59988,78.895575,2234470,3116139,-8.61
2020-03-12,35669167,10631913,False,,0,0.0,sell,0,0.0,6663757,0,9489339,0.266,sell,55530,167.226561,9157042,203248,7650349,0.2145,buy,51765,106.381487,2102360,2143511,7897566,0.2214,buy,59988,78.895575,2234470,3164779,-11.65
2020-03-13,35748934,20612992,False,,0,0.0,sell,0,0.0,6663757,0,0,0.0,sell,0,0.0,9852030,0,7416889,0.2075,buy,51765,106.381487,2102360,1910051,7719053,0.2159,buy,59988,78.895575,2234470,2986265,-11.46
2020-03-16,36163970,20612992,False,,0,0.0,sell,0,0.0,6663757,0,0,0.0,sell,0,0.0,9852030,0,7331995,0.2027,buy,51765,106.381487,2102360,1825157,8218984,0.2273,buy,59988,78.895575,2234470,3486196,-10.43
2020-03-17,35715295,20612992,False,,0,0.0,sell,0,0.0,6663757,0,0,0.0,sell,0,0.0,9852030,0,7431383,0.2081,buy,51765,106.381487,2102360,1924546,7670920,0.2148,buy,59988,78.895575,2234470,2938132,-11.54
2020-03-18,35134509,20612992,False,,0,0.0,sell,0,0.0,6663757,0,0,0.0,sell,0,0.0,9852030,0,7283335,0.2073,buy,51765,106.381487,2102360,1776498,7238182,0.206,buy,59988,78.895575,2234470,2505394,-12.98
2020-03-19,35193873,20612992,False,,0,0.0,sell,0,0.0,6663757,0,0,0.0,sell,0,0.0,9852030,0,7145640,0.203,buy,51765,106.381487,2102360,1638803,7435241,0.2113,buy,59988,78.895575,2234470,2702454,-12.83
2020-03-20,35860126,20612992,False,,0,0.0,sell,0,0.0,6663757,0,0,0.0,sell,0,0.0,9852030,0,7252794,0.2023,buy,51765,106.381487,2102360,1745957,7994340,0.2229,buy,59988,78.895575,2234470,3261552,-11.18
2020-03-23,36509994,20612992,False,,0,0.0,sell,0,0.0,6663757,0,0,0.0,sell,0,0.0,9852030,0,7573220,0.2074,buy,51765,106.381487,2102360,2066382,8323783,0.228,buy,59988,78.895575,2234470,3590995,-9.57
2020-03-24,36722578,20612992,False,,0,0.0,sell,0,0.0,6663757,0,0,0.0,sell,0,0.0,9852030,0,7940751,0.2162,buy,51765,106.381487,2102360,2433913,8168836,0.2224,buy,59988,78.895575,2234470,3436048,-9.04
2020-03-25,36595325,20612992,False,,0,0.0,sell,0,0.0,6663757,0,0,0.0,sell,0,0.0,9852030,0,7832045,0.214,buy,51765,106.381487,2102360,2325207,8150288,0.2227,buy,59988,78.895575,2234470,3417501,-9.36
2020-03-26,36735862,20612992,False,,0,0.0,sell,0,0.0,6663757,0,0,0.0,sell,0,0.0,9852030,0,7932469,0.2159,buy,51765,106.381487,2102360,2425631,8190401,0.223,buy,59988,78.895575,2234470,3457614,-9.01
2020-03-27,36903241,20612992,False,,0,0.0,sell,0,0.0,6663757,0,0,0.0,sell,0,0.0,9852030,0,7881221,0.2136,buy,51765,106.381487,2102360,2374384,8409028,0.2279,buy,59988,78.895575,2234470,3676240,-8.6
2020-03-30,36868726,20612992,False,,0,0.0,sell,0,0.0,6663757,0,0,0.0,sell,0,0.0,9852030,0,7915904,0.2147,buy,51765,106.381487,2102360,2409066,8339830,0.2262,buy,59988,78.895575,2234470,3607043,-8.68
2020-03-31,36548935,20612992,False,,0,0.0,sell,0,0.0,6663757,0,0,0.0,sell,0,0.0,9852030,0,7663808,0.2097,buy,51765,106.381487,2102360,2156971,8272135,0.2263,buy,59988,78.895575,2234470,3539348,-9.48
2020-04-01,36737305,20612992,False,,0,0.0,sell,0,0.0,6663757,0,0,0.0,sell,0,0.0,9852030,0,7736279,0.2106,buy,51765,106.381487,2102360,2229441,8388034,0.2283,buy,59988,78.895575,2234470,3655247,-9.01
2020-04-02,36915765,22042335,True,monthly,0,0.0,sell,0,0.0,6663757,0,0,0.0,sell,0,0.0,9852030,0,7471353,0.2024,buy,49186,106.381487,2216778,2238873,7402077,0.2005,buy,52603,78.895575,2692395,3251933,-8.57
2020-04-03,36970265,22042335,False,,0,0.0,sell,0,0.0,6663757,0,0,0.0,sell,0,0.0,9852030,0,7508243,0.2031,buy,49186,106.381487,2216778,2275763,7419687,0.2007,buy,52603,78.895575,2692395,3269543,-8.43
2020-04-06,37158951,22042335,False,,0,0.0,sell,0,0.0,6663757,0,0,0.0,sell,0,0.0,9852030,0,7716300,0.2077,buy,49186,106.381487,2216778,2483820,7400316,0.1992,buy,52603,78.895575,2692395,3250173,-7.96
2020-04-07,37040133,22042335,False,,0,0.0,sell,0,0.0,6663757,0,0,0.0,sell,0,0.0,9852030,0,7674983,0.2072,buy,49186,106.381487,2216778,2442503,7322815,0.1977,buy,52603,78.895575,2692395,3172671,-8.26
2020-04-08,36918481,22042335,False,,0,0.0,sell,0,0.0,6663757,0,0,0.0,sell,0,0.0,9852030,0,7606615,0.206,buy,49186,106.381487,2216778,2374135,7269531,0.1969,buy,52603,78.895575,2692395,3119387,-8.56
2020-04-09,37130405,22042335,False,,0,0.0,sell,0,0.0,6663757,0,0,0.0,sell,0,0.0,9852030,0,7805326,0.2102,buy,49186,106.381487,2216778,2572847,7282744,0.1961,buy,52603,78.895575,2692395,3132600,-8.03
2020-04-13,37197701,22042335,False,,0,0.0,sell,0,0.0,6663757,0,0,0.0,sell,0,0.0,9852030,0,7939112,0.2134,buy,49186,106.381487,2216778,2706633,7216253,0.194,buy,52603,78.895575,2692395,3066109,-7.87
2020-04-14,37258405,22042335,False,,0,0.0,sell,0,0.0,6663757,0,0,0.0,sell,0,0.0,9852030,0,8001578,0.2148,buy,49186,106.381487,2216778,2769098,7214492,0.1936,buy,52603,78.895575,2692395,3064348,-7.72
2020-04-15,37408687,22042335,False,,0,0.0,sell,0,0.0,6663757,0,0,0.0,sell,0,0.0,9852030,0,7960754,0.2128,buy,49186,106.381487,2216778,2728275,7405597,0.198,buy,52603,78.895575,2692395,3255453,-7.35
2020-04-16,37485903,22042335,False,,0,0.0,sell,0,0.0,6663757,0,0,0.0,sell,0,0.0,9852030,0,7953868,0.2122,buy,49186,106.381487,2216778,2721389,7489700,0.1998,buy,52603,78.895575,2692395,3339556,-7.15
2020-04-17,37231063,22042335,False,,0,0.0,sell,0,0.0,6663757,0,0,0.0,buy,0,0.0,9852030,0,7799424,0.2095,buy,49186,106.381487,2216778,2566945,7389303,0.1985,buy,52603,78.895575,2692395,3239159,-7.79
2020-04-20,37276921,11169462,True,daily,0,0.0,sell,0,0.0,6663757,0,11103391,0.2979,buy,54042,206.675488,9852030,-65766,7498394,0.2012,buy,46953,106.381487,2332364,2503464,7505675,0.2013,buy,53005,79.369798,2692395,3298679,-7.67
2020-04-21,36910541,11169462,False,,0,0.0,sell,0,0.0,6663757,0,10693682,0.2897,buy,54042,206.675488,9852030,-475475,7447215,0.2018,buy,46953,106.381487,2332364,2452285,7600182,0.2059,buy,53005,79.369798,2692395,3393185,-8.58
2020-04-22,37296717,11169462,False,,0,0.0,sell,0,0.0,6663757,0,11011010,0.2952,buy,54042,206.675488,9852030,-158146,7593709,0.2036,buy,46953,106.381487,2332364,2598779,7522536,0.2017,buy,53005,79.369798,2692395,3315540,-7.62
2020-04-23,37388758,11169462,False,,0,0.0,sell,0,0.0,6663757,0,10987523,0.2939,buy,54042,206.675488,9852030,-181634,7669303,0.2051,buy,46953,106.381487,2332364,2674373,7562471,0.2023,buy,53005,79.369798,2692395,3355475,-7.39
2020-04-24,37546915,11169462,False,,0,0.0,sell,0,0.0,6663757,0,11160800,0.2972,buy,54042,206.675488,9852030,-8356,7636436,0.2034,buy,46953,106.381487,2332364,2641506,7580217,0.2019,buy,53005,79.369798,2692395,3373221,-7.0
2020-04-27,37444882,11169462,False,,0,0.0,sell,0,0.0,6663757,0,11250574,0.3005,buy,54042,206.675488,9852030,81417,7585727,0.2026,buy,46953,106.381487,2332364,2590797,7439119,0.1987,buy,53005,79.369798,2692395,3232123,-7.26
2020-04-28,37284807,11169462,False,,0,0.0,sell,0,0.0,6663757,0,11038673,0.2961,buy,54042,206.675488,9852030,-130484,7551920,0.2025,buy,46953,106.381487,2332364,2556990,7524752,0.2018,buy,53005,79.369798,2692395,3317756,-7.65
2020-04-29,37678995,11169462,False,,0,0.0,sell,0,0.0,6663757,0,11430115,0.3034,buy,54042,206.675488,9852030,260958,7593709,0.2015,buy,46953,106.381487,2332364,2598779,7485710,0.1987,buy,53005,79.369798,2692395,3278714,-6.68
2020-04-30,37449315,11169462,False,,0,0.0,sell,0,0.0,6663757,0,11425416,0.3051,buy,54042,206.675488,9852030,256259,7456137,0.1991,buy,46953,106.381487,2332364,2461207,7398301,0.1976,buy,53005,79.369798,2692395,3191304,-7.24
2020-05-01,37236652,11169462,False,,0,0.0,sell,0,0.0,6663757,0,11103391,0.2982,buy,54042,206.675488,9852030,-65766,7502150,0.2015,buy,46953,106.381487,2332364,2507220,7461649,0.2004,buy,53005,79.369798,2692395,3254653,-7.77
2020-05-04,37357288,11169462,False,,0,0.0,sell,0,0.0,6663757,0,11232825,0.3007,buy,54042,206.675488,9852030,63668,7528444,0.2015,buy,46953,106.381487,2332364,2533514,7426557,0.1988,buy,53005,79.369798,2692395,3219561,-7.47
2020-05-05,37469026,11169462,False,,0,0.0,sell,0,0.0,6663757,0,11360176,0.3032,buy,54042,206.675488,9852030,191019,7560372,0.2018,buy,46953,106.381487,2332364,2565442,7379016,0.1969,buy,53005,79.369798,2692395,3172020,-7.2
2020-05-06,37322707,11169462,False,,0,0.0,sell,0,0.0,6663757,0,11430115,0.3063,buy,54042,206.675488,9852030,260958,7463179,0.2,buy,46953,106.381487,2332364,2468249,7259951,0.1945,buy,53005,79.369798,2692395,3052955,-7.56
2020-05-07,37705741,11169462,False,,0,0.0,sell,0,0.0,6663757,0,11577296,0.307,buy,54042,206.675488,9852030,408140,7577745,0.201,buy,46953,106.381487,2332364,2582815,7381238,0.1958,buy,53005,79.369798,2692395,3174242,-6.61
2020-05-08,37722897,11169462,False,,0,0.0,sell,0,0.0,6663757,0,11735960,0.3111,buy,54042,206.675488,9852030,566804,7532200,0.1997,buy,46953,106.381487,2332364,2537270,7285274,0.1931,buy,53005,79.369798,2692395,3078278,-6.57
2020-05-11,37723985,11169462,False,,0,0.0,sell,0,0.0,6663757,0,11840867,0.3139,buy,54042,206.675488,9852030,671711,7485247,0.1984,buy,46953,106.381487,2332364,2490317,7228409,0.1916,buy,53005,79.369798,2692395,3021413,-6.56
2020-05-12,37579379,11169462,False,,0,0.0,sell,0,0.0,6663757,0,11592955,0.3085,buy,54042,206.675488,9852030,423798,7514358,0.2,buy,46953,106.381487,2332364,2519428,7302604,0.1943,buy,53005,79.369798,2692395,3095608,-6.92
2020-05-13,37557680,11169462,False,,0,0.0,sell,0,0.0,6663757,0,11447859,0.3048,buy,54042,206.675488,9852030,278702,7586666,0.202,buy,46953,106.381487,2332364,2591736,7353693,0.1958,buy,53005,79.369798,2692395,3146697,-6.98
2020-05-14,37826757,11169462,False,,0,0.0,sell,0,0.0,6663757,0,11577817,0.3061,buy,54042,206.675488,9852030,408661,7653808,0.2023,buy,46953,106.381487,2332364,2658878,7425669,0.1963,buy,53005,79.369798,2692395,3218673,-6.31
2020-05-15,37926009,11169462,False,,0,0.0,sell,0,0.0,6663757,0,11652977,0.3073,buy,54042,206.675488,9852030,483820,7697005,0.2029,buy,46953,106.381487,2332364,2702075,7406566,0.1953,buy,53005,79.369798,2692395,3199569,-6.06
2020-05-18,37922298,11169462,False,,0,0.0,sell,0,0.0,6663757,0,11870094,0.313,buy,54042,206.675488,9852030,700937,7638784,0.2014,buy,46953,106.381487,2332364,2643854,7243959,0.191,buy,53005,79.369798,2692395,3036963,-6.07
2020-05-19,37993363,11169462,False,,0,0.0,sell,0,0.0,6663757,0,11840345,0.3116,buy,54042,206.675488,9852030,671189,7712500,0.203,buy,46953,106.381487,2332364,2717570,7271056,0.1914,buy,53005,79.369798,2692395,3064060,-5.9
2020-05-20,38269879,11169462,False,,0,0.0,sell,0,0.0,6663757,0,12076777,0.3156,buy,54042,206.675488,9852030,907620,7730811,0.202,buy,46953,106.381487,2332364,2735881,7292829,0.1906,buy,53005,79.369798,2692395,3085833,-5.21
2020-05-21,38043879,11169462,False,,0,0.0,sell,0,0.0,6663757,0,11945252,0.314,buy,54042,206.675488,9852030,776095,7618124,0.2002,buy,46953,106.381487,2332364,2623194,7311041,0.1922,buy,53005,79.369798,2692395,3104045,-5.77
2020-05-22,38174176,11169462,False,,0,0.0,sell,0,0.0,6663757,0,11986484,0.314,buy,54042,206.675488,9852030,817328,7663199,0.2007,buy,46953,106.381487,2332364,2668270,7355030,0.1927,buy,53005,79.369798,2692395,3148034,-5.45
2020-05-26,37934251,11169462,False,,0,0.0,sell,0,0.0,6663757,0,11954124,0.3151,buy,54042,206.675488,9852030,784967,7554268,0.1991,buy,46953,106.381487,2332364,2559338,7256397,0.1913,buy,53005,79.369798,2692395,3049401,-6.04
2020-05-27,37999779,11169462,False,,0,0.0,sell,0,0.0,6663757,0,12019365,0.3163,buy,54042,206.675488,9852030,850208,7567884,0.1992,buy,46953,106.381487,2332364,2572954,7243068,0.1906,buy,53005,79.369798,2692395,3036072,-5.88
2020-05-28,37982821,11169462,False,,0,0.0,sell,0,0.0,6663757,0,12003709,0.316,buy,54042,206.675488,9852030,834552,7593239,0.1999,buy,46953,106.381487,2332364,2598309,7216411,0.19,buy,53005,79.369798,2692395,3009415,-5.92
2020-05-29,38266119,11169462,False,,0,0.0,sell,0,0.0,6663757,0,12179595,0.3183,buy,54042,206.675488,9852030,1010438,7649113,0.1999,buy,46953,106.381487,2332364,2654183,7267949,0.1899,buy,53005,79.369798,2692395,3060953,-5.22
2020-06-01,38288936,11169462,False,,0,0.0,buy,0,0.0,6663757,0,12216131,0.3191,buy,54042,206.675488,9852030,1046974,7684328,0.2007,buy,46953,106.381487,2332364,2689398,7219016,0.1885,buy,53005,79.369798,2692395,3012019,-5.17
2020-06-02,38310811,52,True,monthly,11509244,0.3004,buy,40640,282.638832,6663757,22801,11563037,0.3018,buy,50812,206.675488,9913783,1061442,7608217,0.1986,buy,46791,106.381487,2341600,2630521,7630262,0.1992,buy,56229,82.621963,2692395,2984512,-5.11
2020-06-03,38274165,52,False,,11662412,0.3047,buy,40640,282.638832,6663757,175970,11615053,0.3035,buy,50812,206.675488,9913783,1113458,7467844,0.1951,buy,46791,106.381487,2341600,2490148,7528805,0.1967,buy,56229,82.621963,2692395,2883054,-5.2
2020-06-04,38131666,52,False,,11631776,0.305,buy,40640,282.638832,6663757,145334,11533591,0.3025,buy,50812,206.675488,9913783,1031996,7546452,0.1979,buy,46791,106.381487,2341600,2568756,7419795,0.1946,buy,56229,82.621963,2692395,2774044,-5.55
2020-06-05,38452606,52,False,,11929895,0.3102,buy,40640,282.638832,6663757,443453,11762274,0.3059,buy,50812,206.675488,9913783,1260679,7393446,0.1923,buy,46791,106.381487,2341600,2415750,7366939,0.1916,buy,56229,82.621963,2692395,2721189,-4.76
2020-06-08,38796414,52,False,,12074101,0.3112,buy,40640,282.638832,6663757,587659,11853548,0.3055,buy,50812,206.675488,9913783,1351953,7473459,0.1926,buy,46791,106.381487,2341600,2495762,7395255,0.1906,buy,56229,82.621963,2692395,2749504,-3.91
2020-06-09,38948314,52,False,,11984065,0.3077,buy,40640,282.638832,6663757,497623,11939427,0.3065,buy,50812,206.675488,9913783,1437832,7545516,0.1937,buy,46791,106.381487,2341600,2567820,7479254,0.192,buy,56229,82.621963,2692395,2833504,-3.53
2020-06-10,39243723,52,False,,11917195,0.3037,buy,40640,282.638832,6663757,430753,12082719,0.3079,buy,50812,206.675488,9913783,1581124,7653604,0.195,buy,46791,106.381487,2341600,2675908,7590153,0.1934,buy,56229,82.621963,2692395,2944403,-2.8
2020-06-11,38046268,52,False,,11230181,0.2952,buy,40640,282.638832,6663757,-256261,11484029,0.3018,buy,50812,206.675488,9913783,982434,7598390,0.1997,buy,46791,106.381487,2341600,2620694,7733615,0.2033,buy,56229,82.621963,2692395,3087865,-5.77
2020-06-12,38208229,52,False,,11364668,0.2974,buy,40640,282.638832,6663757,-121774,11575306,0.303,buy,50812,206.675488,9913783,1073711,7609152,0.1991,buy,46791,106.381487,2341600,2631456,7659050,0.2005,buy,56229,82.621963,2692395,3013300,-5.37
2020-06-15,38445846,52,False,,11470765,0.2984,buy,40640,282.638832,6663757,-15677,11716145,0.3047,buy,50812,206.675488,9913783,1214550,7595583,0.1976,buy,46791,106.381487,2341600,2617887,7663301,0.1993,buy,56229,82.621963,2692395,3017550,-4.78
2020-06-16,38746575,52,False,,11691549,0.3017,buy,40640,282.638832,6663757,205107,11917344,0.3076,buy,50812,206.675488,9913783,1415749,7591840,0.1959,buy,46791,106.381487,2341600,2614144,7545790,0.1947,buy,56229,82.621963,2692395,2900040,-4.03
2020-06-17,38781450,52,False,,11642985,0.3002,buy,40640,282.638832,6663757,156543,11955129,0.3083,buy,50812,206.675488,9913783,1453535,7606345,0.1961,buy,46791,106.381487,2341600,2628649,7576938,0.1954,buy,56229,82.621963,2692395,2931188,-3.95
2020-06-18,38883574,52,False,,11647468,0.2995,buy,40640,282.638832,6663757,161026,11987517,0.3083,buy,50812,206.675488,9913783,1485922,7591372,0.1952,buy,46791,106.381487,2341600,2613676,7657166,0.1969,buy,56229,82.621963,2692395,3011416,-3.69
2020-06-19,38904940,52,False,,11580906,0.2977,buy,40640,282.638832,6663757,94463,11985554,0.3081,buy,50812,206.675488,9913783,1483959,7675128,0.1973,buy,46791,106.381487,2341600,2697432,7663301,0.197,buy,56229,82.621963,2692395,3017550,-3.64
2020-06-22,39173512,52,False,,11655197,0.2975,buy,40640,282.638832,6663757,168755,12129293,0.3096,buy,50812,206.675488,9913783,1627698,7724726,0.1972,buy,46791,106.381487,2341600,2747030,7664245,0.1956,buy,56229,82.621963,2692395,3018494,-2.97
2020-06-23,39343052,52,False,,11708854,0.2976,buy,40640,282.638832,6663757,222412,12232525,0.3109,buy,50812,206.675488,9913783,1730930,7789765,0.198,buy,46791,106.381487,2341600,2812069,7611856,0.1935,buy,56229,82.621963,2692395,2966105,-2.55
2020-06-24,38846703,52,False,,11410179,0.2937,buy,40640,282.638832,6663757,-76264,11980344,0.3084,buy,50812,206.675488,9913783,1478749,7762627,0.1998,buy,46791,106.381487,2341600,2784930,7693502,0.198,buy,56229,82.621963,2692395,3047752,-3.78
2020-06-25,39100576,52,False,,11532502,0.2949,buy,40640,282.638832,6663757,46059,12094393,0.3093,buy,50812,206.675488,9913783,1592798,7757948,0.1984,buy,46791,106.381487,2341600,2780252,7715682,0.1973,buy,56229,82.621963,2692395,3069931,-3.16
2020-06-26,38658255,52,False,,11258588,0.2912,buy,40640,282.638832,6663757,-227854,11808783,0.3055,buy,50812,206.675488,9913783,1307188,7792573,0.2016,buy,46791,106.381487,2341600,2814877,7798259,0.2017,buy,56229,82.621963,2692395,3152509,-4.25
2020-06-29,38932194,52,False,,11424057,0.2934,buy,40640,282.638832,6663757,-62385,11937577,0.3066,buy,50812,206.675488,9913783,1435982,7796785,0.2003,buy,46791,106.381487,2341600,2819088,7773724,0.1997,buy,56229,82.621963,2692395,3127974,-3.57
2020-06-30,39309400,52,False,,11570396,0.2943,buy,40640,282.638832,6663757,83954,12171570,0.3096,buy,50812,206.675488,9913783,1669975,7831409,0.1992,buy,46791,106.381487,2341600,2853713,7735973,0.1968,buy,56229,82.621963,2692395,3090223,-2.64
2020-07-01,39482395,52,False,,11651444,0.2951,buy,40640,282.638832,6663757,165002,12313636,0.3119,buy,50812,206.675488,9913783,1812041,7796316,0.1975,buy,46791,106.381487,2341600,2818620,7720947,0.1956,buy,56229,82.621963,2692395,3075197,-2.21
2020-07-02,39655008,52,False,,11715611,0.2954,buy,40640,282.638832,6663757,229169,12397207,0.3126,buy,50812,206.675488,9913783,1895612,7813161,0.197,buy,46791,106.381487,2341600,2835465,7728977,0.1949,buy,56229,82.621963,2692395,3083227,-1.78
2020-07-06,40155778,52,False,,11896465,0.2963,buy,40640,282.638832,6663757,410022,12701987,0.3163,buy,50812,206.675488,9913783,2200392,7859952,0.1957,buy,46791,106.381487,2341600,2882256,7697323,0.1917,buy,56229,82.621963,2692395,3051573,-0.54
2020-07-07,40103373,52,False,,11773769,0.2936,buy,40640,282.638832,6663757,287327,12614481,0.3145,buy,50812,206.675488,9913783,2112886,7909550,0.1972,buy,46791,106.381487,2341600,2931854,7805520,0.1946,buy,56229,82.621963,2692395,3159769,-0.67
2020-07-08,40377528,52,False,,11863823,0.2938,buy,40640,282.638832,6663757,377381,12780636,0.3165,buy,50812,206.675488,9913783,2279041,7958681,0.1971,buy,46791,106.381487,2341600,2980985,7774336,0.1925,buy,56229,82.621963,2692395,3128586,0.0
2020-07-09,40519911,52,False,,11796282,0.2911,buy,40640,282.638832,6663757,309840,12888298,0.3181,buy,50812,206.675488,9913783,2386703,7937158,0.1959,buy,46791,106.381487,2341600,2959461,7898122,0.1949,buy,56229,82.621963,2692395,3252372,0.0
2020-07-10,40668065,52,False,,11916729,0.293,buy,40640,282.638832,6663757,430287,12976282,0.3191,buy,50812,206.675488,9913783,2474687,7916569,0.1947,buy,46791,106.381487,2341600,2938873,7858433,0.1932,buy,56229,82.621963,2692395,3212683,0.0
2020-07-13,40333768,52,False,,11813542,0.2929,buy,40640,282.638832,6663757,327100,12709359,0.3151,buy,50812,206.675488,9913783,2207764,7926395,0.1965,buy,46791,106.381487,2341600,2948699,7884419,0.1955,buy,56229,82.621963,2692395,3238669,-0.82
2020-07-14,40625126,52,False,,11966637,0.2946,buy,40640,282.638832,6663757,480195,12799319,0.3151,buy,50812,206.675488,9913783,2297724,7963360,0.196,buy,46791,106.381487,2341600,2985664,7895758,0.1944,buy,56229,82.621963,2692395,3250007,-0.11
2020-07-15,40731285,52,False,,12076575,0.2965,buy,40640,282.638832,6663757,590133,12825374,0.3149,buy,50812,206.675488,9913783,2323779,7970379,0.1957,buy,46791,106.381487,2341600,2992683,7858905,0.1929,buy,56229,82.621963,2692395,3213155,0.0
2020-07-16,40565996,52,False,,12036801,0.2967,buy,40640,282.638832,6663757,550359,12737870,0.314,buy,50812,206.675488,9913783,2236276,7895045,0.1946,buy,46791,106.381487,2341600,2917349,7896228,0.1947,buy,56229,82.621963,2692395,3250477,-0.41
2020-07-17,40664147,52,False,,12071697,0.2969,buy,40640,282.638832,6663757,585255,12752621,0.3136,buy,50812,206.675488,9913783,2251026,7960085,0.1958,buy,46791,106.381487,2341600,2982389,7879692,0.1938,buy,56229,82.621963,2692395,3233941,-0.16
2020-07-20,41181250,52,False,,12169255,0.2955,buy,40640,282.638832,6663757,682813,13114422,0.3185,buy,50812,206.675488,9913783,2612828,7998454,0.1942,buy,46791,106.381487,2341600,3020757,7899067,0.1918,buy,56229,82.621963,2692395,3253316,0.0
2020-07-21,41171593,52,False,,12195146,0.2962,buy,40640,282.638832,6663757,708704,12977764,0.3152,buy,50812,206.675488,9913783,2476169,8094843,0.1966,buy,46791,106.381487,2341600,3117147,7903788,0.192,buy,56229,82.621963,2692395,3258038,-0.02
2020-07-22,41433408,52,False,,12264559,0.296,buy,40640,282.638832,6663757,778117,13023481,0.3143,buy,50812,206.675488,9913783,2521886,8217904,0.1983,buy,46791,106.381487,2341600,3240207,7927413,0.1913,buy,56229,82.621963,2692395,3281663,0.0
2020-07-23,41112031,52,False,,12118226,0.2948,buy,40640,282.638832,6663757,631784,12683307,0.3085,buy,50812,206.675488,9913783,2181712,8290429,0.2017,buy,46791,106.381487,2341600,3312733,8020018,0.1951,buy,56229,82.621963,2692395,3374268,-0.78
2020-07-24,40984191,52,False,,12040178,0.2938,buy,40640,282.638832,6663757,553736,12562867,0.3065,buy,50812,206.675488,9913783,2061272,8361552,0.204,buy,46791,106.381487,2341600,3383855,8019543,0.1957,buy,56229,82.621963,2692395,3373792,-1.08
2020-07-27,41431562,52,False,,12127979,0.2927,buy,40640,282.638832,6663757,641537,12787030,0.3086,buy,50812,206.675488,9913783,2285435,8526724,0.2058,buy,46791,106.381487,2341600,3549028,7989777,0.1928,buy,56229,82.621963,2692395,3344027,-0.0
2020-07-28,41318328,52,False,,12051061,0.2917,buy,40640,282.638832,6663757,564619,12624314,0.3055,buy,50812,206.675488,9913783,2122719,8597846,0.2081,buy,46791,106.381487,2341600,3620150,8045055,0.1947,buy,56229,82.621963,2692395,3399305,-0.28
2020-07-29,41662919,52,False,,12199272,0.2928,buy,40640,282.638832,6663757,712829,12769825,0.3065,buy,50812,206.675488,9913783,2268230,8662418,0.2079,buy,46791,106.381487,2341600,3684722,8031353,0.1928,buy,56229,82.621963,2692395,3385603,0.0
2020-07-30,41675063,52,False,,12155748,0.2917,buy,40640,282.638832,6663757,669306,12836682,0.308,buy,50812,206.675488,9913783,2335087,8598314,0.2063,buy,46791,106.381487,2341600,3620618,8084268,0.194,buy,56229,82.621963,2692395,3438518,0.0
2020-07-31,42073137,52,False,,12251804,0.2912,buy,40640,282.638832,6663757,765362,13065755,0.3105,buy,50812,206.675488,9913783,2564160,8676455,0.2062,buy,46791,106.381487,2341600,3698759,8079072,0.192,buy,56229,82.621963,2692395,3433321,0.0
2020-08-03,42303944,52,False,,12336978,0.2916,buy,40640,282.638832,6663757,850536,13242234,0.313,buy,50812,206.675488,9913783,2740639,8686281,0.2053,buy,46791,106.381487,2341600,3708585,8038399,0.19,buy,56229,82.621963,2692395,3392648,0.0
2020-08-04,42662201,52,False,,12384632,0.2903,buy,40640,282.638832,6663757,898190,13291393,0.3115,buy,50812,206.675488,9913783,2789798,8871106,0.2079,buy,46791,106.381487,2341600,3893409,8115019,0.1902,buy,56229,82.621963,2692395,3469268,0.0
2020-08-05,42783464,52,False,,12461554,0.2913,buy,40640,282.638832,6663757,975112,13324329,0.3114,buy,50812,206.675488,9913783,2822734,8953458,0.2093,buy,46791,106.381487,2341600,3975762,8044072,0.188,buy,56229,82.621963,2692395,3398321,0.0
2020-08-06,43207023,52,False,,12544854,0.2903,buy,40640,282.638832,6663757,1058412,13500806,0.3125,buy,50812,206.675488,9913783,2999211,9072307,0.21,buy,46791,106.381487,2341600,4094611,8089004,0.1872,buy,56229,82.621963,2692395,3443253,0.0
2020-08-07,42862160,52,False,,12553853,0.2929,buy,40640,282.638832,6663757,1067411,13344976,0.3113,buy,50812,206.675488,9913783,2843381,8928191,0.2083,buy,46791,106.381487,2341600,3950494,8035089,0.1875,buy,56229,82.621963,2692395,3389338,-0.8
2020-08-10,42775828,52,False,,12591382,0.2944,buy,40640,282.638832,6663757,1104939,13287950,0.3106,buy,50812,206.675488,9913783,2786356,8897308,0.208,buy,46791,106.381487,2341600,3919612,7999136,0.187,buy,56229,82.621963,2692395,3353386,-1.0
2020-08-11,41847401,52,False,,12487445,0.2984,buy,40640,282.638832,6663757,1001003,13036263,0.3115,buy,50812,206.675488,9913783,2534668,8419573,0.2012,buy,46791,106.381487,2341600,3441876,7904069,0.1889,buy,56229,82.621963,2692395,3258319,-3.15
2020-08-12,42238191,52,False,,12661547,0.2998,buy,40640,282.638832,6663757,1175104,13364147,0.3164,buy,50812,206.675488,9913783,2862552,8380268,0.1984,buy,46791,106.381487,2341600,3402572,7832177,0.1854,buy,56229,82.621963,2692395,3186427,-2.24
2020-08-13,42359986,52,False,,12638661,0.2984,buy,40640,282.638832,6663757,1152218,13394625,0.3162,buy,50812,206.675488,9913783,2893030,8578194,0.2025,buy,46791,106.381487,2341600,3600498,7748455,0.1829,buy,56229,82.621963,2692395,3102705,-1.96
2020-08-14,42277390,52,False,,12639031,0.299,buy,40640,282.638832,6663757,1152589,13378895,0.3165,buy,50812,206.675488,9913783,2877300,8541229,0.202,buy,46791,106.381487,2341600,3563533,7718183,0.1826,buy,56229,82.621963,2692395,3072432,-2.15
2020-08-17,42677568,52,False,,12679181,0.2971,buy,40640,282.638832,6663757,1192739,13534235,0.3171,buy,50812,206.675488,9913783,3032641,8726522,0.2045,buy,46791,106.381487,2341600,3748825,7737578,0.1813,buy,56229,82.621963,2692395,3091828,-1.23
2020-08-18,42969179,52,False,,12706576,0.2957,buy,40640,282.638832,6663757,1220134,13664505,0.318,buy,50812,206.675488,9913783,3162910,8805130,0.2049,buy,46791,106.381487,2341600,3827434,7792917,0.1814,buy,56229,82.621963,2692395,3147166,-0.55
2020-08-19,42497688,52,False,,12653670,0.2977,buy,40640,282.638832,6663757,1167228,13572576,0.3194,buy,50812,206.675488,9913783,3070981,8527192,0.2007,buy,46791,106.381487,2341600,3549496,7744199,0.1822,buy,56229,82.621963,2692395,3098448,-1.64
2020-08-20,42854325,52,False,,12693067,0.2962,buy,40640,282.638832,6663757,1206625,13760854,0.3211,buy,50812,206.675488,9913783,3259259,8586148,0.2004,buy,46791,106.381487,2341600,3608452,7814204,0.1823,buy,56229,82.621963,2692395,3168454,-0.82
2020-08-21,42972758,52,False,,12738093,0.2964,buy,40640,282.638832,6663757,1251650,13856221,0.3224,buy,50812,206.675488,9913783,3354626,8517366,0.1982,buy,46791,106.381487,2341600,3539670,7861027,0.1829,buy,56229,82.621963,2692395,3215277,-0.54
2020-08-24,43127381,52,False,,12867167,0.2984,buy,40640,282.638832,6663757,1380725,13942738,0.3233,buy,50812,206.675488,9913783,3441143,8469171,0.1964,buy,46791,106.381487,2341600,3491475,7848253,0.182,buy,56229,82.621963,2692395,3202502,-0.18
2020-08-25,43232263,52,False,,12912199,0.2987,buy,40640,282.638832,6663757,1425757,14052360,0.325,buy,50812,206.675488,9913783,3550765,8479465,0.1961,buy,46791,106.381487,2341600,3501769,7788187,0.1801,buy,56229,82.621963,2692395,3142436,0.0
2020-08-26,43731916,52,False,,13041647,0.2982,buy,40640,282.638832,6663757,1555205,14352230,0.3282,buy,50812,206.675488,9913783,3850635,8579598,0.1962,buy,46791,106.381487,2341600,3601902,7758390,0.1774,buy,56229,82.621963,2692395,3112639,0.0
2020-08-27,43484535,52,False,,13070167,0.3006,buy,40640,282.638832,6663757,1583724,14307492,0.329,buy,50812,206.675488,9913783,3805897,8480401,0.195,buy,46791,106.381487,2341600,3502705,7626424,0.1754,buy,56229,82.621963,2692395,2980673,-0.57
2020-08-28,43783431,52,False,,13154592,0.3004,buy,40640,282.638832,6663757,1668150,14380246,0.3284,buy,50812,206.675488,9913783,3878651,8627792,0.1971,buy,46791,106.381487,2341600,3650096,7620750,0.1741,buy,56229,82.621963,2692395,2974999,0.0
2020-08-31,43922495,52,False,,13106941,0.2984,buy,40640,282.638832,6663757,1620499,14495765,0.33,buy,50812,206.675488,9913783,3994170,8648381,0.1969,buy,46791,106.381487,2341600,3670684,7671357,0.1747,buy,56229,82.621963,2692395,3025607,0.0
2020-09-01,44391741,52,False,,13230386,0.298,buy,40640,282.638832,6663757,1743944,14743523,0.3321,buy,50812,206.675488,9913783,4241928,8658675,0.1951,buy,46791,106.381487,2341600,3680979,7759105,0.1748,buy,56229,82.621963,2692395,3113355,0.0
2020-09-02,44689205,57,True,monthly,13509267,0.3023,buy,40905,282.93558,6663757,1935787,13455510,0.3011,buy,45938,206.675488,10332232,3961252,8762473,0.1961,buy,47982,108.315596,2341600,3565274,8961898,0.2005,buy,64333,89.611699,2692395,3196909,0.0
2020-09-03,43496555,57,False,,13044360,0.2999,buy,40905,282.93558,6663757,1470880,12773318,0.2937,buy,45938,206.675488,10332232,3279060,8691459,0.1998,buy,47982,108.315596,2341600,3494261,8987360,0.2066,buy,64333,89.611699,2692395,3222371,-2.67
2020-09-04,43073162,57,False,,12937855,0.3004,buy,40905,282.93558,6663757,1364375,12603098,0.2926,buy,45938,206.675488,10332232,3108839,8715450,0.2023,buy,47982,108.315596,2341600,3518252,8816701,0.2047,buy,64333,89.611699,2692395,3051712,-3.62
2020-09-08,42151295,57,False,,12584357,0.2986,buy,40905,282.93558,6663757,1010877,11997345,0.2846,buy,45938,206.675488,10332232,2503086,8698656,0.2064,buy,47982,108.315596,2341600,3501458,8870879,0.2105,buy,64333,89.611699,2692395,3105890,-5.68
2020-09-09,42812843,57,False,,12832861,0.2997,buy,40905,282.93558,6663757,1259382,12349774,0.2885,buy,45938,206.675488,10332232,2855515,8783105,0.2052,buy,47982,108.315596,2341600,3585906,8847045,0.2066,buy,64333,89.611699,2692395,3082056,-4.2
2020-09-10,42360457,57,False,,12610036,0.2977,buy,40905,282.93558,6663757,1036556,12103558,0.2857,buy,45938,206.675488,10332232,2609300,8754796,0.2067,buy,47982,108.315596,2341600,3557597,8892009,0.2099,buy,64333,89.611699,2692395,3127020,-5.21
2020-09-11,42301366,57,False,,12616460,0.2983,buy,40905,282.93558,6663757,1042980,12019561,0.2841,buy,45938,206.675488,10332232,2525302,8754316,0.207,buy,47982,108.315596,2341600,3557117,8910973,0.2107,buy,64333,89.611699,2692395,3145983,-5.34
2020-09-14,42745417,57,False,,12782631,0.299,buy,40905,282.93558,6663757,1209152,12228891,0.2861,buy,45938,206.675488,10332232,2734632,8823410,0.2064,buy,47982,108.315596,2341600,3626211,8910428,0.2085,buy,64333,89.611699,2692395,3145438,-4.35
2020-09-15,42940545,57,False,,12847215,0.2992,buy,40905,282.93558,6663757,1273735,12402217,0.2888,buy,45938,206.675488,10332232,2907958,8802298,0.205,buy,47982,108.315596,2341600,3605099,8888759,0.207,buy,64333,89.611699,2692395,3123769,-3.91
2020-09-16,42690196,57,False,,12796231,0.2997,buy,40905,282.93558,6663757,1222751,12204443,0.2859,buy,45938,206.675488,10332232,2710184,8827249,0.2068,buy,47982,108.315596,2341600,3630050,8862216,0.2076,buy,64333,89.611699,2692395,3097227,-4.47
2020-09-17,42365612,57,False,,12683681,0.2994,buy,40905,282.93558,6663757,1110201,12013785,0.2836,buy,45938,206.675488,10332232,2519527,8778787,0.2072,buy,47982,108.315596,2341600,3581588,8889302,0.2098,buy,64333,89.611699,2692395,3124312,-5.2
2020-09-18,42050151,57,False,,12537661,0.2982,buy,40905,282.93558,6663757,964181,11860458,0.2821,buy,45938,206.675488,10332232,2366199,8790302,0.209,buy,47982,108.315596,2341600,3593103,8861673,0.2107,buy,64333,89.611699,2692395,3096684,-5.91
2020-09-21,41807450,57,False,,12398121,0.2966,buy,40905,282.93558,6663757,824641,11888904,0.2844,buy,45938,206.675488,10332232,2394645,8613729,0.206,buy,47982,108.315596,2341600,3416530,8906640,0.213,buy,64333,89.611699,2692395,3141650,-6.45
2020-09-22,42105807,57,False,,12524385,0.2975,buy,40905,282.93558,6663757,950905,12109783,0.2876,buy,45938,206.675488,10332232,2615524,8571984,0.2036,buy,47982,108.315596,2341600,3374785,8899598,0.2114,buy,64333,89.611699,2692395,3134609,-5.78
2020-09-23,41272301,57,False,,12233937,0.2964,buy,40905,282.93558,6663757,660457,11740020,0.2845,buy,45938,206.675488,10332232,2245761,8386773,0.2032,buy,47982,108.315596,2341600,3189575,8911514,0.2159,buy,64333,89.611699,2692395,3146525,-7.65
2020-09-24,41424893,57,False,,12266544,0.2961,buy,40905,282.93558,6663757,693064,11794682,0.2847,buy,45938,206.675488,10332232,2300424,8417962,0.2032,buy,47982,108.315596,2341600,3220763,8945647,0.2159,buy,64333,89.611699,2692395,3180658,-7.3
2020-09-25,41873428,57,False,,12464855,0.2977,buy,40905,282.93558,6663757,891375,12068897,0.2882,buy,45938,206.675488,10332232,2574639,8393971,0.2005,buy,47982,108.315596,2341600,3196772,8945647,0.2136,buy,64333,89.611699,2692395,3180658,-6.3
2020-09-28,42390098,57,False,,12671893,0.2989,buy,40905,282.93558,6663757,1098413,12319552,0.2906,buy,45938,206.675488,10332232,2825293,8478419,0.2,buy,47982,108.315596,2341600,3281220,8920177,0.2104,buy,64333,89.611699,2692395,3155188,-5.14
2020-09-29,42347322,57,False,,12602878,0.2976,buy,40905,282.93558,6663757,1029398,12264001,0.2896,buy,45938,206.675488,10332232,2769742,8549913,0.2019,buy,47982,108.315596,2341600,3352714,8930474,0.2109,buy,64333,89.611699,2692395,3165484,-5.24
2020-09-30,42389930,57,False,,12698431,0.2996,buy,40905,282.93558,6663757,1124951,12347995,0.2913,buy,45938,206.675488,10332232,2853737,8498572,0.2005,buy,47982,108.315596,2341600,3301373,8844876,0.2087,buy,64333,89.611699,2692395,3079886,-5.15
2020-10-01,42757849,57,False,,12779958,0.2989,buy,40905,282.93558,6663757,1206478,12543986,0.2934,buy,45938,206.675488,10332232,3049727,8574383,0.2005,buy,47982,108.315596,2341600,3377184,8859466,0.2072,buy,64333,89.611699,2692395,3094476,-4.32
2020-10-02,42242877,57,False,,12658622,0.2997,buy,40905,282.93558,6663757,1085142,12191111,0.2886,buy,45938,206.675488,10332232,2696852,8566706,0.2028,buy,47982,108.315596,2341600,3369507,8826381,0.2089,buy,64333,89.611699,2692395,3061392,-5.47
2020-10-05,42596625,57,False,,12883095,0.3024,buy,40905,282.93558,6663757,1309615,12451105,0.2923,buy,45938,206.675488,10332232,2956846,8608451,0.2021,buy,47982,108.315596,2341600,3411252,8653917,0.2032,buy,64333,89.611699,2692395,2888928,-4.68
2020-10-06,42136668,57,False,,12699950,0.3014,buy,40905,282.93558,6663757,1126470,12228891,0.2902,buy,45938,206.675488,10332232,2734632,8507209,0.2019,buy,47982,108.315596,2341600,3310010,8700561,0.2065,buy,64333,89.611699,2692395,2935572,-5.71
2020-10-07,42501988,57,False,,12921013,0.304,buy,40905,282.93558,6663757,1347533,12440439,0.2927,buy,45938,206.675488,10332232,2946180,8503370,0.2001,buy,47982,108.315596,2341600,3306171,8637109,0.2032,buy,64333,89.611699,2692395,2872119,-4.89
2020-10-08,42759589,57,False,,13035524,0.3049,buy,40905,282.93558,6663757,1462044,12506654,0.2925,buy,45938,206.675488,10332232,3012396,8533599,0.1996,buy,47982,108.315596,2341600,3336400,8683754,0.2031,buy,64333,89.611699,2692395,2918765,-4.32
2020-10-09,43220459,57,False,,13151935,0.3043,buy,40905,282.93558,6663757,1578455,12697763,0.2938,buy,45938,206.675488,10332232,3203505,8688581,0.201,buy,47982,108.315596,2341600,3491382,8682123,0.2009,buy,64333,89.611699,2692395,2917133,-3.29
2020-10-12,43826741,57,False,,13363522,0.3049,buy,40905,282.93558,6663757,1790042,13089748,0.2987,buy,45938,206.675488,10332232,3595489,8663630,0.1977,buy,47982,108.315596,2341600,3466431,8709785,0.1987,buy,64333,89.611699,2692395,2944795,-1.93
2020-10-13,43665177,57,False,,13276308,0.304,buy,40905,282.93558,6663757,1702828,13089302,0.2998,buy,45938,206.675488,10332232,3595043,8527361,0.1953,buy,47982,108.315596,2341600,3330162,8772150,0.2009,buy,64333,89.611699,2692395,3007160,-2.29
2020-10-14,43518878,57,False,,13192884,0.3032,buy,40905,282.93558,6663757,1619404,12979972,0.2983,buy,45938,206.675488,10332232,3485713,8553751,0.1966,buy,47982,108.315596,2341600,3356552,8792214,0.202,buy,64333,89.611699,2692395,3027225,-2.62
2020-10-15,43431472,57,False,,13176582,0.3034,buy,40905,282.93558,6663757,1603102,12892864,0.2969,buy,45938,206.675488,10332232,3398605,8584939,0.1977,buy,47982,108.315596,2341600,3387740,8777030,0.2021,buy,64333,89.611699,2692395,3012041,-2.81
2020-10-16,43298699,57,False,,13168617,0.3041,buy,40905,282.93558,6663757,1595138,12822202,0.2961,buy,45938,206.675488,10332232,3327943,8555191,0.1976,buy,47982,108.315596,2341600,3357992,8752632,0.2021,buy,64333,89.611699,2692395,2987643,-3.11
2020-10-19,42860400,57,False,,12968413,0.3026,buy,40905,282.93558,6663757,1394933,12612876,0.2943,buy,45938,206.675488,10332232,3118617,8559509,0.1997,buy,47982,108.315596,2341600,3362310,8719545,0.2034,buy,64333,89.611699,2692395,2954556,-4.09
2020-10-20,42897741,57,False,,13020356,0.3035,buy,40905,282.93558,6663757,1446876,12639985,0.2947,buy,45938,206.675488,10332232,3145726,8600774,0.2005,buy,47982,108.315596,2341600,3403575,8636570,0.2013,buy,64333,89.611699,2692395,2871580,-4.01
2020-10-21,42898266,57,False,,12995710,0.3029,buy,40905,282.93558,6663757,1422230,12630206,0.2944,buy,45938,206.675488,10332232,3135948,8665549,0.202,buy,47982,108.315596,2341600,3468351,8606743,0.2006,buy,64333,89.611699,2692395,2841753,-4.01
2020-10-22,42794692,57,False,,13066997,0.3053,buy,40905,282.93558,6663757,1493517,12629761,0.2951,buy,45938,206.675488,10332232,3135502,8580621,0.2005,buy,47982,108.315596,2341600,3383422,8517257,0.199,buy,64333,89.611699,2692395,2752267,-4.24
2020-10-23,42906895,57,False,,13111361,0.3056,buy,40905,282.93558,6663757,1537881,12654653,0.2949,buy,45938,206.675488,10332232,3160395,8571504,0.1998,buy,47982,108.315596,2341600,3374306,8569319,0.1997,buy,64333,89.611699,2692395,2804330,-3.99
2020-10-26,42550228,57,False,,12869065,0.3024,buy,40905,282.93558,6663757,1295585,12464881,0.2929,buy,45938,206.675488,10332232,2970623,8567186,0.2013,buy,47982,108.315596,2341600,3369987,8649039,0.2033,buy,64333,89.611699,2692395,2884049,-4.79
2020-10-27,42683779,57,False,,12824700,0.3005,buy,40905,282.93558,6663757,1251220,12562211,0.2943,buy,45938,206.675488,10332232,3067952,8589738,0.2012,buy,47982,108.315596,2341600,3392539,8707073,0.204,buy,64333,89.611699,2692395,2942084,-4.49
2020-10-28,41625146,57,False,,12386363,0.2976,buy,40905,282.93558,6663757,812883,12072451,0.29,buy,45938,206.675488,10332232,2578193,8451070,0.203,buy,47982,108.315596,2341600,3253871,8715204,0.2094,buy,64333,89.611699,2692395,2950215,-6.86
2020-10-29,41842506,57,False,,12512254,0.299,buy,40905,282.93558,6663757,938774,12283552,0.2936,buy,45938,206.675488,10332232,2789293,8416043,0.2011,buy,47982,108.315596,2341600,3218844,8630600,0.2063,buy,64333,89.611699,2692395,2865611,-6.37
2020-10-30,41353767,57,False,,12381814,0.2994,buy,40905,282.93558,6663757,808334,11972009,0.2895,buy,45938,206.675488,10332232,2477751,8454428,0.2044,buy,47982,108.315596,2341600,3257229,8545459,0.2066,buy,64333,89.611699,2692395,2780469,-7.46
2020-11-02,41665275,57,False,,12520598,0.3005,buy,40905,282.93558,6663757,947118,11998675,0.288,buy,45938,206.675488,10332232,2504417,8536478,0.2049,buy,47982,108.315596,2341600,3339279,8609468,0.2066,buy,64333,89.611699,2692395,2844478,-6.77
2020-11-03,42092399,57,False,,12741662,0.3027,buy,40905,282.93558,6663757,1168182,12206225,0.29,buy,45938,206.675488,10332232,2711966,8584939,0.204,buy,47982,108.315596,2341600,3387740,8559516,0.2034,buy,64333,89.611699,2692395,2794526,-5.81
2020-11-04,43102912,57,False,,13026429,0.3022,buy,40905,282.93558,6663757,1452949,12751091,0.2958,buy,45938,206.675488,10332232,3256832,8580142,0.1991,buy,47982,108.315596,2341600,3382943,8745194,0.2029,buy,64333,89.611699,2692395,2980204,-3.55
2020-11-05,43901798,57,False,,13280478,0.3025,buy,40905,282.93558,6663757,1706998,13083520,0.298,buy,45938,206.675488,10332232,3589262,8777347,0.1999,buy,47982,108.315596,2341600,3580148,8760395,0.1995,buy,64333,89.611699,2692395,2995406,-1.76
2020-11-06,43815154,57,False,,13277446,0.303,buy,40905,282.93558,6663757,1703966,13093302,0.2988,buy,45938,206.675488,10332232,3599043,8789823,0.2006,buy,47982,108.315596,2341600,3592624,8654527,0.1975,buy,64333,89.611699,2692395,2889538,-1.96
2020-11-09,43143436,57,False,,13444283,0.3116,buy,40905,282.93558,6663757,1870803,12825754,0.2973,buy,45938,206.675488,10332232,3331496,8400689,0.1947,buy,47982,108.315596,2341600,3203490,8472653,0.1964,buy,64333,89.611699,2692395,2707663,-3.46
2020-11-10,42872921,57,False,,13424566,0.3131,buy,40905,282.93558,6663757,1851086,12595987,0.2938,buy,45938,206.675488,10332232,3101729,8428518,0.1966,buy,47982,108.315596,2341600,3231319,8423793,0.1965,buy,64333,89.611699,2692395,2658803,-4.06
2020-11-11,43248352,57,False,,13524296,0.3127,buy,40905,282.93558,6663757,1950816,12877757,0.2978,buy,45938,206.675488,10332232,3383498,8392052,0.194,buy,47982,108.315596,2341600,3194853,8454191,0.1955,buy,64333,89.611699,2692395,2689202,-3.22
2020-11-12,43251440,57,False,,13393093,0.3097,buy,40905,282.93558,6663757,1819613,12817312,0.2963,buy,45938,206.675488,10332232,3323053,8442913,0.1952,buy,47982,108.315596,2341600,3245714,8598065,0.1988,buy,64333,89.611699,2692395,2833075,-3.22
2020-11-13,43595476,57,False,,13578513,0.3115,buy,40905,282.93558,6663757,2005033,12929750,0.2966,buy,45938,206.675488,10332232,3435491,8500491,0.195,buy,47982,108.315596,2341600,3303292,8586665,0.197,buy,64333,89.611699,2692395,2821676,-2.45
2020-11-16,43844753,57,False,,13748011,0.3136,buy,40905,282.93558,6663757,2174531,13030643,0.2972,buy,45938,206.675488,10332232,3536384,8500011,0.1939,buy,47982,108.315596,2341600,3302812,8566031,0.1954,buy,64333,89.611699,2692395,2801041,-1.89
2020-11-17,43754206,57,False,,13674069,0.3125,buy,40905,282.93558,6663757,2100589,12989305,0.2969,buy,45938,206.675488,10332232,3495046,8468823,0.1936,buy,47982,108.315596,2341600,3271624,8621952,0.1971,buy,64333,89.611699,2692395,2856963,-2.09
2020-11-18,43470157,57,False,,13509505,0.3108,buy,40905,282.93558,6663757,1936026,12893307,0.2966,buy,45938,206.675488,10332232,3399048,8420361,0.1937,buy,47982,108.315596,2341600,3223162,8646926,0.1989,buy,64333,89.611699,2692395,2881937,-2.73
2020-11-19,43656604,57,False,,13566378,0.3108,buy,40905,282.93558,6663757,1992898,12994196,0.2976,buy,45938,206.675488,10332232,3499937,8404527,0.1925,buy,47982,108.315596,2341600,3207328,8691446,0.1991,buy,64333,89.611699,2692395,2926456,-2.31
2020-11-20,43577346,57,False,,13473483,0.3092,buy,40905,282.93558,6663757,1900003,12905312,0.2961,buy,45938,206.675488,10332232,3411053,8429958,0.1934,buy,47982,108.315596,2341600,3232759,8768537,0.2012,buy,64333,89.611699,2692395,3003548,-2.49
2020-11-23,43452362,57,False,,13554248,0.3119,buy,40905,282.93558,6663757,1980768,12905752,0.297,buy,45938,206.675488,10332232,3411493,8263940,0.1902,buy,47982,108.315596,2341600,3066741,8728366,0.2009,buy,64333,89.611699,2692395,2963377,-2.77
2020-11-24,43638558,57,False,,13772658,0.3156,buy,40905,282.93558,6663757,2199178,13087078,0.2999,buy,45938,206.675488,10332232,3592820,8137267,0.1865,buy,47982,108.315596,2341600,2940068,8641498,0.198,buy,64333,89.611699,2692395,2876508,-2.35
2020-11-25,43667323,57,False,,13751421,0.3149,buy,40905,282.93558,6663757,2177941,13167520,0.3015,buy,45938,206.675488,10332232,3673262,8133429,0.1863,buy,47982,108.315596,2341600,2936230,8614895,0.1973,buy,64333,89.611699,2692395,2849906,-2.29
2020-11-27,43828033,57,False,,13789721,0.3146,buy,40905,282.93558,6663757,2216241,13288852,0.3032,buy,45938,206.675488,10332232,3794594,8050899,0.1837,buy,47982,108.315596,2341600,2853701,8698504,0.1985,buy,64333,89.611699,2692395,2933514,-1.93
2020-11-30,43729499,57,False,,13728672,0.3139,buy,40905,282.93558,6663757,2155192,13315961,0.3045,buy,45938,206.675488,10332232,3821702,7997160,0.1829,buy,47982,108.315596,2341600,2799961,8687650,0.1987,buy,64333,89.611699,2692395,2922660,-2.15
2020-12-01,44090630,57,False,,13878828,0.3148,buy,40905,282.93558,6663757,2305348,13486619,0.3059,buy,45938,206.675488,10332232,3992360,8165576,0.1852,buy,47982,108.315596,2341600,2968377,8559550,0.1941,buy,64333,89.611699,2692395,2794561,-1.34
2020-12-02,44130649,57,False,,13908023,0.3152,buy,40905,282.93558,6663757,2334543,13503957,0.306,buy,45938,206.675488,10332232,4009698,8226994,0.1864,buy,47982,108.315596,2341600,3029795,8491618,0.1924,buy,64333,89.611699,2692395,2726629,-1.25
2020-12-03,44279221,57,False,,13904233,0.314,buy,40905,282.93558,6663757,2330754,13523066,0.3054,buy,45938,206.675488,10332232,4028807,8291769,0.1873,buy,47982,108.315596,2341600,3094570,8560095,0.1933,buy,64333,89.611699,2692395,2795105,-0.92
2020-12-04,44305099,57,False,,14024055,0.3165,buy,40905,282.93558,6663757,2450575,13578173,0.3065,buy,45938,206.675488,10332232,4083914,8268259,0.1866,buy,47982,108.315596,2341600,3071060,8434556,0.1904,buy,64333,89.611699,2692395,2669567,-0.86
2020-12-07,44552565,57,False,,13995235,0.3141,buy,40905,282.93558,6663757,2421755,13655061,0.3065,buy,45938,206.675488,10332232,4160802,8391572,0.1884,buy,47982,108.315596,2341600,3194373,8510641,0.191,buy,64333,89.611699,2692395,2745651,-0.31
2020-12-08,44709216,57,False,,14036188,0.3139,buy,40905,282.93558,6663757,2462709,13701276,0.3065,buy,45938,206.675488,10332232,4207018,8420841,0.1883,buy,47982,108.315596,2341600,3223642,8550854,0.1913,buy,64333,89.611699,2692395,2785864,0.0
2020-12-09,44100913,57,False,,13910299,0.3154,buy,40905,282.93558,6663757,2336819,13391069,0.3036,buy,45938,206.675488,10332232,3896810,8276895,0.1877,buy,47982,108.315596,2341600,3079696,8522593,0.1933,buy,64333,89.611699,2692395,2757604,-1.36
2020-12-10,44209847,57,False,,13905750,0.3145,buy,40905,282.93558,6663757,2332270,13444842,0.3041,buy,45938,206.675488,10332232,3950583,8261061,0.1869,buy,47982,108.315596,2341600,3063862,8598137,0.1945,buy,64333,89.611699,2692395,2833148,-1.12
2020-12-11,44209556,57,False,,13889445,0.3142,buy,40905,282.93558,6663757,2315965,13415068,0.3034,buy,45938,206.675488,10332232,3920809,8276415,0.1872,buy,47982,108.315596,2341600,3079216,8628571,0.1952,buy,64333,89.611699,2692395,2863582,-1.12
2020-12-14,44175202,57,False,,13827257,0.313,buy,40905,282.93558,6663757,2253777,13512399,0.3059,buy,45938,206.675488,10332232,4018140,8230832,0.1863,buy,47982,108.315596,2341600,3033633,8604658,0.1948,buy,64333,89.611699,2692395,2839668,-1.19
2020-12-15,44592931,57,False,,14014192,0.3143,buy,40905,282.93558,6663757,2440712,13656837,0.3063,buy,45938,206.675488,10332232,4162578,8345989,0.1872,buy,47982,108.315596,2341600,3148790,8575856,0.1923,buy,64333,89.611699,2692395,2810867,-0.26
2020-12-16,44713275,57,False,,14036188,0.3139,buy,40905,282.93558,6663757,2462709,13731949,0.3071,buy,45938,206.675488,10332232,4237690,8392052,0.1877,buy,47982,108.315596,2341600,3194853,8553029,0.1913,buy,64333,89.611699,2692395,2788040,0.0
2020-12-17,44947190,57,False,,14114677,0.314,buy,40905,282.93558,6663757,2541197,13821718,0.3075,buy,45938,206.675488,10332232,4327459,8480339,0.1887,buy,47982,108.315596,2341600,3283140,8530399,0.1898,buy,64333,89.611699,2692395,2765410,0.0
2020-12-18,44809089,57,False,,14058317,0.3137,buy,40905,282.93558,6663757,2484838,13779945,0.3075,buy,45938,206.675488,10332232,4285686,8465944,0.1889,buy,47982,108.315596,2341600,3268745,8504825,0.1898,buy,64333,89.611699,2692395,2739836,-0.31
2020-12-21,44739910,57,False,,14008051,0.3131,buy,40905,282.93558,6663757,2434571,13754166,0.3074,buy,45938,206.675488,10332232,4259908,8439074,0.1886,buy,47982,108.315596,2341600,3241875,8538560,0.1908,buy,64333,89.611699,2692395,2773571,-0.46
2020-12-22,44731071,57,False,,13984443,0.3126,buy,40905,282.93558,6663757,2410963,13791567,0.3083,buy,45938,206.675488,10332232,4297308,8372379,0.1872,buy,47982,108.315596,2341600,3175180,8582625,0.1919,buy,64333,89.611699,2692395,2817635,-0.48
2020-12-23,44670544,57,False,,13997012,0.3133,buy,40905,282.93558,6663757,2423533,13722107,0.3072,buy,45938,206.675488,10332232,4227849,8428038,0.1887,buy,47982,108.315596,2341600,3230839,8523329,0.1908,buy,64333,89.611699,2692395,2758340,-0.62
2020-12-24,44852863,57,False,,14051465,0.3133,buy,40905,282.93558,6663757,2477986,13782660,0.3073,buy,45938,206.675488,10332232,4288402,8461626,0.1887,buy,47982,108.315596,2341600,3264427,8557054,0.1908,buy,64333,89.611699,2692395,2792064,-0.21
2020-12-28,45085589,57,False,,14172178,0.3143,buy,40905,282.93558,6663757,2598698,13921573,0.3088,buy,45938,206.675488,10332232,4427315,8430918,0.187,buy,47982,108.315596,2341600,3233719,8560862,0.1899,buy,64333,89.611699,2692395,2795873,0.0
2020-12-29,45090843,57,False,,14145143,0.3137,buy,40905,282.93558,6663757,2571663,13934038,0.309,buy,45938,206.675488,10332232,4439779,8461626,0.1877,buy,47982,108.315596,2341600,3264427,8549979,0.1896,buy,64333,89.611699,2692395,2784990,0.0
2020-12-30,45194744,57,False,,14165327,0.3134,buy,40905,282.93558,6663757,2591847,13934482,0.3083,buy,45938,206.675488,10332232,4440224,8526401,0.1887,buy,47982,108.315596,2341600,3329202,8568476,0.1896,buy,64333,89.611699,2692395,2803487,0.0
2020-12-31,45345184,57,False,,14237296,0.314,buy,40905,282.93558,6663757,2663816,13968770,0.3081,buy,45938,206.675488,10332232,4474512,8558070,0.1887,buy,47982,108.315596,2341600,3360871,8580991,0.1892,buy,64333,89.611699,2692395,2816002,0.0
2021-01-04,45134269,57,False,,14043469,0.3111,buy,40905,282.93558,6663757,2469989,13771528,0.3051,buy,45938,206.675488,10332232,4277269,8748558,0.1938,buy,47982,108.315596,2341600,3551359,8570657,0.1899,buy,64333,89.611699,2692395,2805668,-0.47
2021-01-05,45306786,57,False,,14140191,0.3121,buy,40905,282.93558,6663757,2566711,13885062,0.3065,buy,45938,206.675488,10332232,4390803,8774468,0.1937,buy,47982,108.315596,2341600,3577269,8507008,0.1878,buy,64333,89.611699,2692395,2742018,-0.08
2021-01-06,44881841,57,False,,14224729,0.3169,buy,40905,282.93558,6663757,2651249,13692723,0.3051,buy,45938,206.675488,10332232,4198465,8631962,0.1923,buy,47982,108.315596,2341600,3434763,8332370,0.1857,buy,64333,89.611699,2692395,2567381,-1.02
2021-01-07,45330841,57,False,,14436072,0.3185,buy,40905,282.93558,6663757,2862592,14023976,0.3094,buy,45938,206.675488,10332232,4529718,8611809,0.19,buy,47982,108.315596,2341600,3414610,8258927,0.1822,buy,64333,89.611699,2692395,2493937,-0.03
2021-01-08,45272146,57,False,,14518328,0.3207,buy,40905,282.93558,6663757,2944848,14204294,0.3138,buy,45938,206.675488,10332232,4710035,8317200,0.1837,buy,47982,108.315596,2341600,3120001,8232268,0.1818,buy,64333,89.611699,2692395,2467278,-0.16
2021-01-11,44939113,57,False,,14420461,0.3209,buy,40905,282.93558,6663757,2846981,13999042,0.3115,buy,45938,206.675488,10332232,4504783,8300886,0.1847,buy,47982,108.315596,2341600,3103687,8218668,0.1829,buy,64333,89.611699,2692395,2453678,-0.9
2021-01-12,44967110,57,False,,14423505,0.3208,buy,40905,282.93558,6663757,2850025,13976782,0.3108,buy,45938,206.675488,10332232,4482524,8354626,0.1858,buy,47982,108.315596,2341600,3157427,8212139,0.1826,buy,64333,89.611699,2692395,2447150,-0.83
2021-01-13,45156838,57,False,,14462348,0.3203,buy,40905,282.93558,6663757,2888868,14071168,0.3116,buy,45938,206.675488,10332232,4576909,8318639,0.1842,buy,47982,108.315596,2341600,3121440,8304626,0.1839,buy,64333,89.611699,2692395,2539637,-0.42
2021-01-14,44948837,57,False,,14411702,0.3206,buy,40905,282.93558,6663757,2838222,13995927,0.3114,buy,45938,206.675488,10332232,4501668,8314321,0.185,buy,47982,108.315596,2341600,3117122,8226830,0.183,buy,64333,89.611699,2692395,2461840,-0.87
2021-01-15,44662351,57,False,,14306601,0.3203,buy,40905,282.93558,6663757,2733121,13885062,0.3109,buy,45938,206.675488,10332232,4390803,8211160,0.1838,buy,47982,108.315596,2341600,3013961,8259471,0.1849,buy,64333,89.611699,2692395,2494482,-1.51
2021-01-19,45073496,57,False,,14418934,0.3199,buy,40905,282.93558,6663757,2845454,14087643,0.3125,buy,45938,206.675488,10332232,4593384,8280734,0.1837,buy,47982,108.315596,2341600,3083535,8286129,0.1838,buy,64333,89.611699,2692395,2521139,-0.6
2021-01-20,45743715,57,False,,14618476,0.3196,buy,40905,282.93558,6663757,3044996,14415331,0.3151,buy,45938,206.675488,10332232,4921073,8415563,0.184,buy,47982,108.315596,2341600,3218364,8294288,0.1813,buy,64333,89.611699,2692395,2529299,0.0
2021-01-21,45808870,57,False,,14631801,0.3194,buy,40905,282.93558,6663757,3058321,14530650,0.3172,buy,45938,206.675488,10332232,5036392,8410285,0.1836,buy,47982,108.315596,2341600,3213086,8236077,0.1798,buy,64333,89.611699,2692395,2471087,0.0
2021-01-22,45675680,57,False,,14580016,0.3192,buy,40905,282.93558,6663757,3006536,14488801,0.3172,buy,45938,206.675488,10332232,4994543,8344070,0.1827,buy,47982,108.315596,2341600,3146871,8262736,0.1809,buy,64333,89.611699,2692395,2497747,-0.29
2021-01-25,45957520,57,False,,14637514,0.3185,buy,40905,282.93558,6663757,3064034,14608566,0.3179,buy,45938,206.675488,10332232,5114307,8351267,0.1817,buy,47982,108.315596,2341600,3154068,8360116,0.1819,buy,64333,89.611699,2692395,2595127,0.0
2021-01-26,45919640,57,False,,14614669,0.3183,buy,40905,282.93558,6663757,3041190,14629939,0.3186,buy,45938,206.675488,10332232,5135681,8330635,0.1814,buy,47982,108.315596,2341600,3133436,8344339,0.1817,buy,64333,89.611699,2692395,2579350,-0.08
2021-01-27,45123050,57,False,,14257477,0.316,buy,40905,282.93558,6663757,2683997,14222106,0.3152,buy,45938,206.675488,10332232,4727848,8277855,0.1835,buy,47982,108.315596,2341600,3080656,8365555,0.1854,buy,64333,89.611699,2692395,2600565,-1.82
2021-01-28,45291252,57,False,,14380092,0.3175,buy,40905,282.93558,6663757,2806612,14306255,0.3159,buy,45938,206.675488,10332232,4811997,8285531,0.1829,buy,47982,108.315596,2341600,3088332,8319316,0.1837,buy,64333,89.611699,2692395,2554327,-1.45
2021-01-29,44648985,57,False,,14092214,0.3156,buy,40905,282.93558,6663757,2518734,14005278,0.3137,buy,45938,206.675488,10332232,4511019,8282173,0.1855,buy,47982,108.315596,2341600,3084974,8269263,0.1852,buy,64333,89.611699,2692395,2504274,-2.85
2021-02-01,45320829,57,False,,14326786,0.3161,buy,40905,282.93558,6663757,2753307,14355230,0.3167,buy,45938,206.675488,10332232,4860971,8359904,0.1845,buy,47982,108.315596,2341600,3162705,8278852,0.1827,buy,64333,89.611699,2692395,2513863,-1.39
2021-02-02,45602499,57,False,,14529367,0.3186,buy,40905,282.93558,6663757,2955887,14589423,0.3199,buy,45938,206.675488,10332232,5095164,8258182,0.1811,buy,47982,108.315596,2341600,3060983,8225471,0.1804,buy,64333,89.611699,2692395,2460481,-0.77
2021-02-03,45470591,57,False,,14540794,0.3198,buy,40905,282.93558,6663757,2967314,14531543,0.3196,buy,45938,206.675488,10332232,5037285,8245707,0.1813,buy,47982,108.315596,2341600,3048508,8152490,0.1793,buy,64333,89.611699,2692395,2387501,-1.06
2021-02-04,45608391,57,False,,14706057,0.3224,buy,40905,282.93558,6663757,3132577,14703404,0.3224,buy,45938,206.675488,10332232,5209145,8068173,0.1769,buy,47982,108.315596,2341600,2870974,8130700,0.1783,buy,64333,89.611699,2692395,2365711,-0.76
2021-02-05,45727706,57,False,,14763936,0.3229,buy,40905,282.93558,6663757,3190456,14753272,0.3226,buy,45938,206.675488,10332232,5259013,8147823,0.1782,buy,47982,108.315596,2341600,2950624,8062617,0.1763,buy,64333,89.611699,2692395,2297628,-0.5
2021-02-08,46050627,57,False,,14870567,0.3229,buy,40905,282.93558,6663757,3297087,14852111,0.3225,buy,45938,206.675488,10332232,5357852,8229873,0.1787,buy,47982,108.315596,2341600,3032674,8098019,0.1759,buy,64333,89.611699,2692395,2333030,0.0
2021-02-09,46070475,57,False,,14860664,0.3226,buy,40905,282.93558,6663757,3287184,14848997,0.3223,buy,45938,206.675488,10332232,5354739,8256743,0.1792,buy,47982,108.315596,2341600,3059544,8104014,0.1759,buy,64333,89.611699,2692395,2339024,0.0
2021-02-10,46114312,57,False,,14854190,0.3221,buy,40905,282.93558,6663757,3280710,14815156,0.3213,buy,45938,206.675488,10332232,5320898,8286972,0.1797,buy,47982,108.315596,2341600,3089773,8157937,0.1769,buy,64333,89.611699,2692395,2392948,0.0
2021-02-11,46103142,57,False,,14878180,0.3227,buy,40905,282.93558,6663757,3304700,14896633,0.3231,buy,45938,206.675488,10332232,5402374,8214999,0.1782,buy,47982,108.315596,2341600,3017800,8113273,0.176,buy,64333,89.611699,2692395,2348284,-0.02
2021-02-12,46134180,57,False,,14951670,0.3241,buy,40905,282.93558,6663757,3378190,14979894,0.3247,buy,45938,206.675488,10332232,5485636,8190048,0.1775,buy,47982,108.315596,2341600,2992849,8012511,0.1737,buy,64333,89.611699,2692395,2247522,0.0
2021-02-16,45841158,57,False,,14938726,0.3259,buy,40905,282.93558,6663757,3365246,14939376,0.3259,buy,45938,206.675488,10332232,5445117,8072492,0.1761,buy,47982,108.315596,2341600,2875293,7890506,0.1721,buy,64333,89.611699,2692395,2125517,-0.64
2021-02-17,45731362,57,False,,14942153,0.3267,buy,40905,282.93558,6663757,3368673,14867695,0.3251,buy,45938,206.675488,10332232,5373436,7980846,0.1745,buy,47982,108.315596,2341600,2783647,7940611,0.1736,buy,64333,89.611699,2692395,2175621,-0.87
2021-02-18,45570149,57,False,,14878562,0.3265,buy,40905,282.93558,6663757,3305082,14802688,0.3248,buy,45938,206.675488,10332232,5308429,7980367,0.1751,buy,47982,108.315596,2341600,2783168,7908476,0.1735,buy,64333,89.611699,2692395,2143486,-1.22
2021-02-19,45407307,57,False,,14852284,0.3271,buy,40905,282.93558,6663757,3278804,14738132,0.3246,buy,45938,206.675488,10332232,5243874,8013474,0.1765,buy,47982,108.315596,2341600,2816275,7803360,0.1719,buy,64333,89.611699,2692395,2038371,-1.58
2021-02-22,44971650,57,False,,14738046,0.3277,buy,40905,282.93558,6663757,3164566,14356127,0.3192,buy,45938,206.675488,10332232,4861868,8133429,0.1809,buy,47982,108.315596,2341600,2936230,7743992,0.1722,buy,64333,89.611699,2692395,1979002,-2.52
2021-02-23,44905756,57,False,,14755944,0.3286,buy,40905,282.93558,6663757,3182465,14313380,0.3187,buy,45938,206.675488,10332232,4819121,8114716,0.1807,buy,47982,108.315596,2341600,2917517,7721659,0.172,buy,64333,89.611699,2692395,1956670,-2.66
2021-02-24,45129926,57,False,,14918542,0.3306,buy,40905,282.93558,6663757,3345062,14431362,0.3198,buy,45938,206.675488,10332232,4937104,8108958,0.1797,buy,47982,108.315596,2341600,2911759,7671006,0.17,buy,64333,89.611699,2692395,1906017,-2.18
2021-02-25,43989488,57,False,,14559072,0.331,buy,40905,282.93558,6663757,2985592,13928248,0.3166,buy,45938,206.675488,10332232,4433989,7956376,0.1809,buy,47982,108.315596,2341600,2759177,7545736,0.1715,buy,64333,89.611699,2692395,1780746,-4.65
2021-02-26,44029842,57,False,,14484053,0.329,buy,40905,282.93558,6663757,2910573,13986576,0.3177,buy,45938,206.675488,10332232,4492318,7763967,0.1763,buy,47982,108.315596,2341600,2566768,7795189,0.177,buy,64333,89.611699,2692395,2030200,-4.56
2021-03-01,44685291,57,False,,14835147,0.332,buy,40905,282.93558,6663757,3261667,14407322,0.3224,buy,45938,206.675488,10332232,4913063,7750532,0.1734,buy,47982,108.315596,2341600,2553333,7692233,0.1721,buy,64333,89.611699,2692395,1927244,-3.14
2021-03-02,44406259,49,True,monthly,13297645,0.2995,buy,36954,282.93558,6975382,2842043,13189668,0.297,buy,42741,206.675488,10673182,4356151,8979162,0.2022,buy,55287,115.463784,2341600,2595516,8939736,0.2013,buy,74761,93.76205,2692395,1929991,-3.75
2021-03-03,43651437,49,False,,13121511,0.3006,buy,36954,282.93558,6975382,2665909,12806902,0.2934,buy,42741,206.675488,10673182,3973385,8880198,0.2034,buy,55287,115.463784,2341600,2496551,8842778,0.2026,buy,74761,93.76205,2692395,1833033,-5.38
2021-03-04,43135061,49,False,,12959134,0.3004,buy,36954,282.93558,6975382,2503533,12597293,0.292,buy,42741,206.675488,10673182,3763776,8792844,0.2038,buy,55287,115.463784,2341600,2409198,8785741,0.2037,buy,74761,93.76205,2692395,1775996,-6.5
2021-03-05,43585832,49,False,,13197539,0.3028,buy,36954,282.93558,6975382,2741938,12787019,0.2934,buy,42741,206.675488,10673182,3953502,8798373,0.2019,buy,55287,115.463784,2341600,2414727,8802852,0.202,buy,74761,93.76205,2692395,1793108,-5.52
2021-03-08,42998408,49,False,,13131830,0.3054,buy,36954,282.93558,6975382,2676228,12424967,0.289,buy,42741,206.675488,10673182,3591450,8707150,0.2025,buy,55287,115.463784,2341600,2323504,8734412,0.2031,buy,74761,93.76205,2692395,1724668,-6.8
2021-03-09,43982193,49,False,,13319320,0.3028,buy,36954,282.93558,6975382,2863718,12915019,0.2936,buy,42741,206.675488,10673182,4081502,8892361,0.2022,buy,55287,115.463784,2341600,2508715,8855445,0.2013,buy,74761,93.76205,2692395,1845700,-4.66
2021-03-10,44091315,49,False,,13402225,0.304,buy,36954,282.93558,6975382,2946624,12878151,0.2921,buy,42741,206.675488,10673182,4044634,8937697,0.2027,buy,55287,115.463784,2341600,2554050,8873193,0.2012,buy,74761,93.76205,2692395,1863449,-4.43
2021-03-11,44452060,49,False,,13538114,0.3046,buy,36954,282.93558,6975382,3082512,13174753,0.2964,buy,42741,206.675488,10673182,4341236,8929956,0.2009,buy,55287,115.463784,2341600,2546310,8809188,0.1982,buy,74761,93.76205,2692395,1799443,-3.65
2021-03-12,44174820,49,False,,13556347,0.3069,buy,36954,282.93558,6975382,3100746,13067877,0.2958,buy,42741,206.675488,10673182,4234360,8928298,0.2021,buy,55287,115.463784,2341600,2544652,8622249,0.1952,buy,74761,93.76205,2692395,1612504,-4.25
2021-03-15,44485214,49,False,,13637190,0.3066,buy,36954,282.93558,6975382,3181588,13207480,0.2969,buy,42741,206.675488,10673182,4373963,8967551,0.2016,buy,55287,115.463784,2341600,2583905,8672944,0.195,buy,74761,93.76205,2692395,1663199,-3.57
2021-03-16,44513943,49,False,,13619989,0.306,buy,36954,282.93558,6975382,3164388,13279972,0.2983,buy,42741,206.675488,10673182,4446455,8975845,0.2016,buy,55287,115.463784,2341600,2592199,8638087,0.1941,buy,74761,93.76205,2692395,1628343,-3.51
2021-03-17,44614562,49,False,,13666432,0.3063,buy,36954,282.93558,6975382,3210831,13334656,0.2989,buy,42741,206.675488,10673182,4501139,9039977,0.2026,buy,55287,115.463784,2341600,2656331,8573447,0.1922,buy,74761,93.76205,2692395,1563703,-3.29
2021-03-18,43867934,49,False,,13467591,0.307,buy,36954,282.93558,6975382,3011990,12926207,0.2947,buy,42741,206.675488,10673182,4092690,8987455,0.2049,buy,55287,115.463784,2341600,2603808,8486632,0.1935,buy,74761,93.76205,2692395,1476887,-4.91
2021-03-19,43978770,49,False,,13442669,0.3057,buy,36954,282.93558,6975382,2987068,12971772,0.295,buy,42741,206.675488,10673182,4138255,9025050,0.2052,buy,55287,115.463784,2341600,2641404,8539229,0.1942,buy,74761,93.76205,2692395,1529485,-4.67
2021-03-22,44411794,49,False,,13550009,0.3051,buy,36954,282.93558,6975382,3094408,13215033,0.2976,buy,42741,206.675488,10673182,4381515,9011781,0.2029,buy,55287,115.463784,2341600,2628135,8634922,0.1944,buy,74761,93.76205,2692395,1625177,-3.73
2021-03-23,44259644,49,False,,13443358,0.3037,buy,36954,282.93558,6975382,2987757,13157381,0.2973,buy,42741,206.675488,10673182,4323864,8945989,0.2021,buy,55287,115.463784,2341600,2562343,8712866,0.1969,buy,74761,93.76205,2692395,1703121,-4.06
2021-03-24,44047263,49,False,,13375024,0.3037,buy,36954,282.93558,6975382,2919422,12935480,0.2937,buy,42741,206.675488,10673182,4101963,8976950,0.2038,buy,55287,115.463784,2341600,2593304,8759760,0.1989,buy,74761,93.76205,2692395,1750015,-4.52
2021-03-25,43998418,49,False,,13450267,0.3057,buy,36954,282.93558,6975382,2994666,12913084,0.2935,buy,42741,206.675488,10673182,4079567,8944331,0.2033,buy,55287,115.463784,2341600,2560685,8690687,0.1975,buy,74761,93.76205,2692395,1680942,-4.63
2021-03-26,44403879,49,False,,13667016,0.3078,buy,36954,282.93558,6975382,3211415,13106782,0.2952,buy,42741,206.675488,10673182,4273265,8969763,0.202,buy,55287,115.463784,2341600,2586117,8660268,0.195,buy,74761,93.76205,2692395,1650524,-3.75
2021-03-29,44213026,49,False,,13660110,0.309,buy,36954,282.93558,6975382,3204509,13103049,0.2964,buy,42741,206.675488,10673182,4269532,8863059,0.2005,buy,55287,115.463784,2341600,2479413,8586759,0.1942,buy,74761,93.76205,2692395,1577014,-4.16
2021-03-30,44004348,49,False,,13623873,0.3096,buy,36954,282.93558,6975382,3168272,13037099,0.2963,buy,42741,206.675488,10673182,4203582,8711573,0.198,buy,55287,115.463784,2341600,2327927,8631753,0.1962,buy,74761,93.76205,2692395,1622009,-4.62
2021-03-31,44343049,49,False,,13679096,0.3085,buy,36954,282.93558,6975382,3223494,13236605,0.2985,buy,42741,206.675488,10673182,4403088,8843709,0.1994,buy,55287,115.463784,2341600,2460063,8583590,0.1936,buy,74761,93.76205,2692395,1573845,-3.88
2021-04-01,44970545,49,False,,13826815,0.3075,buy,36954,282.93558,6975382,3371213,13462241,0.2994,buy,42741,206.675488,10673182,4628724,8955388,0.1991,buy,55287,115.463784,2341600,2571742,8726052,0.194,buy,74761,93.76205,2692395,1716307,-2.52
2021-04-05,45396380,49,False,,14025272,0.309,buy,36954,282.93558,6975382,3569671,13731011,0.3025,buy,42741,206.675488,10673182,4897494,8952071,0.1972,buy,55287,115.463784,2341600,2568425,8687977,0.1914,buy,74761,93.76205,2692395,1678233,-1.6
2021-04-06,45509449,49,False,,14016992,0.308,buy,36954,282.93558,6975382,3561391,13721471,0.3015,buy,42741,206.675488,10673182,4887954,9023944,0.1983,buy,55287,115.463784,2341600,2640298,8746993,0.1922,buy,74761,93.76205,2692395,1737249,-1.35
2021-04-07,45472498,49,False,,14033212,0.3086,buy,36954,282.93558,6975382,3577610,13754655,0.3025,buy,42741,206.675488,10673182,4921138,8998512,0.1979,buy,55287,115.463784,2341600,2614866,8686071,0.191,buy,74761,93.76205,2692395,1676326,-1.43
2021-04-08,45851079,49,False,,14099823,0.3075,buy,36954,282.93558,6975382,3644222,13898165,0.3031,buy,42741,206.675488,10673182,5064648,9095264,0.1984,buy,55287,115.463784,2341600,2711618,8757778,0.191,buy,74761,93.76205,2692395,1748033,-0.61
2021-04-09,45937506,49,False,,14202332,0.3092,buy,36954,282.93558,6975382,3746730,13982364,0.3044,buy,42741,206.675488,10673182,5148847,9026709,0.1965,buy,55287,115.463784,2341600,2643062,8726052,0.19,buy,74761,93.76205,2692395,1716307,-0.43
2021-04-12,45865892,49,False,,14207510,0.3098,buy,36954,282.93558,6975382,3751909,13964114,0.3045,buy,42741,206.675488,10673182,5130597,8971974,0.1956,buy,55287,115.463784,2341600,2588328,8722244,0.1902,buy,74761,93.76205,2692395,1712500,-0.58
2021-04-13,46199941,49,False,,14249616,0.3084,buy,36954,282.93558,6975382,3794015,14127117,0.3058,buy,42741,206.675488,10673182,5293600,9035554,0.1956,buy,55287,115.463784,2341600,2651908,8787604,0.1902,buy,74761,93.76205,2692395,1777860,0.0
2021-04-14,45914466,49,False,,14200953,0.3093,buy,36954,282.93558,6975382,3745351,13957477,0.304,buy,42741,206.675488,10673182,5123960,8996301,0.1959,buy,55287,115.463784,2341600,2612654,8759686,0.1908,buy,74761,93.76205,2692395,1749941,-0.62
2021-04-15,46570544,49,False,,14353506,0.3082,buy,36954,282.93558,6975382,3897905,14169009,0.3042,buy,42741,206.675488,10673182,5335492,9141706,0.1963,buy,55287,115.463784,2341600,2758060,8906273,0.1912,buy,74761,93.76205,2692395,1896529,0.0
2021-04-16,46621232,49,False,,14401483,0.3089,buy,36954,282.93558,6975382,3945881,14185602,0.3043,buy,42741,206.675488,10673182,5352085,9196993,0.1973,buy,55287,115.463784,2341600,2813347,8837105,0.1896,buy,74761,93.76205,2692395,1827361,0.0
2021-04-19,46369834,49,False,,14330727,0.3091,buy,36954,282.93558,6975382,3875125,14055780,0.3031,buy,42741,206.675488,10673182,5222263,9171560,0.1978,buy,55287,115.463784,2341600,2787914,8811718,0.19,buy,74761,93.76205,2692395,1801973,-0.54
2021-04-20,46235695,49,False,,14225804,0.3077,buy,36954,282.93558,6975382,3770202,13953331,0.3018,buy,42741,206.675488,10673182,5119814,9204180,0.1991,buy,55287,115.463784,2341600,2820533,8852332,0.1915,buy,74761,93.76205,2692395,1842587,-0.83
2021-04-21,46598744,49,False,,14360409,0.3082,buy,36954,282.93558,6975382,3904808,14072783,0.302,buy,42741,206.675488,10673182,5239266,9295404,0.1995,buy,55287,115.463784,2341600,2911757,8870099,0.1904,buy,74761,93.76205,2692395,1860354,-0.05
2021-04-22,46276397,49,False,,14229255,0.3075,buy,36954,282.93558,6975382,3773653,13903143,0.3004,buy,42741,206.675488,10673182,5069626,9235140,0.1996,buy,55287,115.463784,2341600,2851494,8908810,0.1925,buy,74761,93.76205,2692395,1899065,-0.74
2021-04-23,46549389,49,False,,14383534,0.309,buy,36954,282.93558,6975382,3927932,14078177,0.3024,buy,42741,206.675488,10673182,5244660,9199756,0.1976,buy,55287,115.463784,2341600,2816110,8887873,0.1909,buy,74761,93.76205,2692395,1878129,-0.15
2021-04-26,46682709,49,False,,14413561,0.3088,buy,36954,282.93558,6975382,3957960,14169839,0.3035,buy,42741,206.675488,10673182,5336322,9224083,0.1976,buy,55287,115.463784,2341600,2840437,8875177,0.1901,buy,74761,93.76205,2692395,1865433,0.0
2021-04-27,46517580,49,False,,14410456,0.3098,buy,36954,282.93558,6975382,3954855,14108455,0.3033,buy,42741,206.675488,10673182,5274938,9200862,0.1978,buy,55287,115.463784,2341600,2817216,8797758,0.1891,buy,74761,93.76205,2692395,1788013,-0.35
2021-04-28,46498535,49,False,,14406314,0.3098,buy,36954,282.93558,6975382,3950713,14060752,0.3024,buy,42741,206.675488,10673182,5227235,9227953,0.1985,buy,55287,115.463784,2341600,2844307,8803467,0.1893,buy,74761,93.76205,2692395,1793722,-0.39
2021-04-29,46576786,49,False,,14498122,0.3113,buy,36954,282.93558,6975382,4042520,14111358,0.303,buy,42741,206.675488,10673182,5277841,9189805,0.1973,buy,55287,115.463784,2341600,2806159,8777452,0.1885,buy,74761,93.76205,2692395,1767707,-0.23
2021-04-30,46378376,49,False,,14402861,0.3106,buy,36954,282.93558,6975382,3947260,14018864,0.3023,buy,42741,206.675488,10673182,5185347,9158845,0.1975,buy,55287,115.463784,2341600,2775198,8797758,0.1897,buy,74761,93.76205,2692395,1788013,-0.65
2021-05-03,46458924,49,False,,14433925,0.3107,buy,36954,282.93558,6975382,3978323,13944206,0.3001,buy,42741,206.675488,10673182,5110689,9277711,0.1997,buy,55287,115.463784,2341600,2894065,8803033,0.1895,buy,74761,93.76205,2692395,1793288,-0.48
2021-05-04,46110670,49,False,,14344878,0.3111,buy,36954,282.93558,6975382,3889276,13693265,0.297,buy,42741,206.675488,10673182,4859748,9209709,0.1997,buy,55287,115.463784,2341600,2826062,8862769,0.1922,buy,74761,93.76205,2692395,1853024,-1.23
2021-05-05,46121886,49,False,,14349364,0.3111,buy,36954,282.93558,6975382,3893763,13647228,0.2959,buy,42741,206.675488,10673182,4813711,9247857,0.2005,buy,55287,115.463784,2341600,2864210,8877388,0.1925,buy,74761,93.76205,2692395,1867643,-1.2
2021-05-06,46508205,49,False,,14463953,0.311,buy,36954,282.93558,6975382,4008352,13750093,0.2956,buy,42741,206.675488,10673182,4916576,9402107,0.2022,buy,55287,115.463784,2341600,3018461,8892002,0.1912,buy,74761,93.76205,2692395,1882258,-0.37
2021-05-07,46765785,49,False,,14569222,0.3115,buy,36954,282.93558,6975382,4113620,13861665,0.2964,buy,42741,206.675488,10673182,5028148,9486696,0.2029,buy,55287,115.463784,2341600,3103050,8848153,0.1892,buy,74761,93.76205,2692395,1838408,0.0
2021-05-10,46210596,49,False,,14424954,0.3122,buy,36954,282.93558,6975382,3969352,13511600,0.2924,buy,42741,206.675488,10673182,4678083,9515446,0.2059,buy,55287,115.463784,2341600,3131799,8758548,0.1895,buy,74761,93.76205,2692395,1748803,-1.19
2021-05-11,46015275,49,False,,14296212,0.3107,buy,36954,282.93558,6975382,3840611,13492932,0.2932,buy,42741,206.675488,10673182,4659415,9517104,0.2068,buy,55287,115.463784,2341600,3133458,8708977,0.1893,buy,74761,93.76205,2692395,1699232,-1.6
2021-05-12,45176259,49,False,,13992485,0.3097,buy,36954,282.93558,6975382,3536884,13143695,0.2909,buy,42741,206.675488,10673182,4310178,9422563,0.2086,buy,55287,115.463784,2341600,3038917,8617466,0.1908,buy,74761,93.76205,2692395,1607722,-3.4
2021-05-13,45498007,49,False,,14160569,0.3112,buy,36954,282.93558,6975382,3704968,13245312,0.2911,buy,42741,206.675488,10673182,4411795,9461265,0.2079,buy,55287,115.463784,2341600,3077618,8630812,0.1897,buy,74761,93.76205,2692395,1621068,-2.71
2021-05-14,46174822,49,False,,14378011,0.3114,buy,36954,282.93558,6975382,3922410,13537729,0.2932,buy,42741,206.675488,10673182,4704212,9547512,0.2068,buy,55287,115.463784,2341600,3163866,8711521,0.1887,buy,74761,93.76205,2692395,1701776,-1.26
2021-05-17,46148807,49,False,,14341427,0.3108,buy,36954,282.93558,6975382,3885826,13455602,0.2916,buy,42741,206.675488,10673182,4622085,9658639,0.2093,buy,55287,115.463784,2341600,3274993,8693090,0.1884,buy,74761,93.76205,2692395,1683345,-1.32
2021-05-18,45930968,49,False,,14217865,0.3095,buy,36954,282.93558,6975382,3762264,13364767,0.291,buy,42741,206.675488,10673182,4531250,9677436,0.2107,buy,55287,115.463784,2341600,3293790,8670851,0.1888,buy,74761,93.76205,2692395,1661106,-1.79
2021-05-19,45894704,49,False,,14180591,0.309,buy,36954,282.93558,6975382,3724990,13380116,0.2915,buy,42741,206.675488,10673182,4546599,9684071,0.211,buy,55287,115.463784,2341600,3300425,8649876,0.1885,buy,74761,93.76205,2692395,1640131,-1.86
2021-05-20,46421479,49,False,,14333143,0.3088,buy,36954,282.93558,6975382,3877541,13638932,0.2938,buy,42741,206.675488,10673182,4805415,9728301,0.2096,buy,55287,115.463784,2341600,3344655,8721054,0.1879,buy,74761,93.76205,2692395,1711309,-0.74
2021-05-21,46366638,49,False,,14321407,0.3089,buy,36954,282.93558,6975382,3865806,13563443,0.2925,buy,42741,206.675488,10673182,4729926,9732723,0.2099,buy,55287,115.463784,2341600,3349077,8749016,0.1887,buy,74761,93.76205,2692395,1739271,-0.85
2021-05-24,46790317,49,False,,14467408,0.3092,buy,36954,282.93558,6975382,4011806,13791569,0.2948,buy,42741,206.675488,10673182,4958052,9749863,0.2084,buy,55287,115.463784,2341600,3366217,8781428,0.1877,buy,74761,93.76205,2692395,1771683,0.0
2021-05-25,46947095,49,False,,14435306,0.3075,buy,36954,282.93558,6975382,3979705,13810649,0.2942,buy,42741,206.675488,10673182,4977132,9838321,0.2096,buy,55287,115.463784,2341600,3454675,8862769,0.1888,buy,74761,93.76205,2692395,1853024,0.0
2021-05-26,46991470,49,False,,14463953,0.3078,buy,36954,282.93558,6975382,4008352,13858763,0.2949,buy,42741,206.675488,10673182,5025246,9821183,0.209,buy,55287,115.463784,2341600,3437536,8847522,0.1883,buy,74761,93.76205,2692395,1837778,0.0
2021-05-27,46915497,49,False,,14471546,0.3085,buy,36954,282.93558,6975382,4015945,13806917,0.2943,buy,42741,206.675488,10673182,4973400,9825053,0.2094,buy,55287,115.463784,2341600,3441407,8811931,0.1878,buy,74761,93.76205,2692395,1802186,-0.16
2021-05-28,47007994,49,False,,14497432,0.3084,buy,36954,282.93558,6975382,4041830,13850467,0.2946,buy,42741,206.675488,10673182,5016950,9862095,0.2098,buy,55287,115.463784,2341600,3478449,8797951,0.1872,buy,74761,93.76205,2692395,1788206,0.0
2021-06-01,46920672,49,False,,14484663,0.3087,buy,36954,282.93558,6975382,4029062,13804426,0.2942,buy,42741,206.675488,10673182,4970909,9835557,0.2096,buy,55287,115.463784,2341600,3451911,8795977,0.1875,buy,74761,93.76205,2692395,1786232,-0.19
2021-06-02,47038872,49,False,,14507437,0.3084,buy,36954,282.93558,6975382,4051835,13831387,0.294,buy,42741,206.675488,10673182,4997870,9883657,0.2101,buy,55287,115.463784,2341600,3500011,8816342,0.1874,buy,74761,93.76205,2692395,1806597,0.0
2021-06-03,46614510,49,False,,14453599,0.3101,buy,36954,282.93558,6975382,3997998,13687463,0.2936,buy,42741,206.675488,10673182,4853946,9690153,0.2079,buy,55287,115.463784,2341600,3306506,8783245,0.1884,buy,74761,93.76205,2692395,1773501,-0.9
2021-06-04,47203746,49,False,,14585789,0.309,buy,36954,282.93558,6975382,4130188,13919731,0.2949,buy,42741,206.675488,10673182,5086214,9794645,0.2075,buy,55287,115.463784,2341600,3410999,8903532,0.1886,buy,74761,93.76205,2692395,1893787,0.0
2021-06-07,47242961,49,False,,14571640,0.3084,buy,36954,282.93558,6975382,4116038,13961208,0.2955,buy,42741,206.675488,10673182,5127691,9833898,0.2082,buy,55287,115.463784,2341600,3450252,8876166,0.1879,buy,74761,93.76205,2692395,1866422,0.0
2021-06-08,47284660,49,False,,14574742,0.3082,buy,36954,282.93558,6975382,4119141,13967843,0.2954,buy,42741,206.675488,10673182,5134326,9803491,0.2073,buy,55287,115.463784,2341600,3419845,8938535,0.189,buy,74761,93.76205,2692395,1928790,0.0
2021-06-09,47326358,49,False,,14552999,0.3075,buy,36954,282.93558,6975382,4097398,13971161,0.2952,buy,42741,206.675488,10673182,5137644,9784693,0.2067,buy,55287,115.463784,2341600,3401047,9017455,0.1905,buy,74761,93.76205,2692395,2007711,0.0
2021-06-10,47635699,49,False,,14620646,0.3069,buy,36954,282.93558,6975382,4165044,14116749,0.2963,buy,42741,206.675488,10673182,5283232,9826712,0.2063,buy,55287,115.463784,2341600,3443065,9071543,0.1904,buy,74761,93.76205,2692395,2061798,0.0
2021-06-11,47571570,49,False,,14644809,0.3078,buy,36954,282.93558,6975382,4189207,14153664,0.2975,buy,42741,206.675488,10673182,5320147,9716138,0.2042,buy,55287,115.463784,2341600,3332491,9056911,0.1904,buy,74761,93.76205,2692395,2047166,-0.13
2021-06-14,47613669,49,False,,14677595,0.3083,buy,36954,282.93558,6975382,4221993,14289294,0.3001,buy,42741,206.675488,10673182,5455777,9659192,0.2029,buy,55287,115.463784,2341600,3275546,8987539,0.1888,buy,74761,93.76205,2692395,1977794,-0.05
2021-06-15,47446118,49,False,,14650677,0.3088,buy,36954,282.93558,6975382,4195075,14195972,0.2992,buy,42741,206.675488,10673182,5362455,9622703,0.2028,buy,55287,115.463784,2341600,3239056,8976718,0.1892,buy,74761,93.76205,2692395,1966974,-0.4
2021-06-16,47142291,49,False,,14568874,0.309,buy,36954,282.93558,6975382,4113273,14144126,0.3,buy,42741,206.675488,10673182,5310609,9460159,0.2007,buy,55287,115.463784,2341600,3076512,8969083,0.1903,buy,74761,93.76205,2692395,1959338,-1.04
2021-06-17,47160531,49,False,,14564043,0.3088,buy,36954,282.93558,6975382,4108442,14323720,0.3037,buy,42741,206.675488,10673182,5490203,9169349,0.1944,buy,55287,115.463784,2341600,2785703,9103370,0.193,buy,74761,93.76205,2692395,2093625,-1.0
2021-06-18,46971983,49,False,,14367569,0.3059,buy,36954,282.93558,6975382,3911968,14211316,0.3025,buy,42741,206.675488,10673182,5377799,9118485,0.1941,buy,55287,115.463784,2341600,2734838,9274564,0.1974,buy,74761,93.76205,2692395,2264820,-1.39
2021-06-21,47222386,49,False,,14573253,0.3086,buy,36954,282.93558,6975382,4117652,14299641,0.3028,buy,42741,206.675488,10673182,5466124,9230164,0.1955,buy,55287,115.463784,2341600,2846518,9119277,0.1931,buy,74761,93.76205,2692395,2109533,-0.87
2021-06-22,47417168,49,False,,14651167,0.309,buy,36954,282.93558,6975382,4195566,14432937,0.3044,buy,42741,206.675488,10673182,5599420,9191464,0.1938,buy,55287,115.463784,2341600,2807818,9141551,0.1928,buy,74761,93.76205,2692395,2131807,-0.46
2021-06-23,47376946,49,False,,14633510,0.3089,buy,36954,282.93558,6975382,4177909,14439995,0.3048,buy,42741,206.675488,10673182,5606478,9185382,0.1939,buy,55287,115.463784,2341600,2801736,9118009,0.1925,buy,74761,93.76205,2692395,2108265,-0.54
2021-06-24,47561896,49,False,,14720075,0.3095,buy,36954,282.93558,6975382,4264473,14529277,0.3055,buy,42741,206.675488,10673182,5695759,9179853,0.193,buy,55287,115.463784,2341600,2796207,9132643,0.192,buy,74761,93.76205,2692395,2122898,-0.15
2021-06-25,47531902,49,False,,14772359,0.3108,buy,36954,282.93558,6975382,4316758,14511417,0.3053,buy,42741,206.675488,10673182,5677900,9210261,0.1938,buy,55287,115.463784,2341600,2826615,9037816,0.1901,buy,74761,93.76205,2692395,2028071,-0.22
2021-06-28,47830535,49,False,,14802141,0.3095,buy,36954,282.93558,6975382,4346539,14687904,0.3071,buy,42741,206.675488,10673182,5854387,9209709,0.1925,buy,55287,115.463784,2341600,2826062,9130733,0.1909,buy,74761,93.76205,2692395,2120988,0.0
2021-06-29,47810174,49,False,,14810107,0.3098,buy,36954,282.93558,6975382,4354506,14741054,0.3083,buy,42741,206.675488,10673182,5907537,9112956,0.1906,buy,55287,115.463784,2341600,2729310,9146007,0.1913,buy,74761,93.76205,2692395,2136263,-0.04
2021-06-30,47884347,49,False,,14822572,0.3095,buy,36954,282.93558,6975382,4366971,14717801,0.3074,buy,42741,206.675488,10673182,5884284,9157186,0.1912,buy,55287,115.463784,2341600,2773540,9186738,0.1919,buy,74761,93.76205,2692395,2176994,0.0
2021-07-01,48004253,49,False,,14904638,0.3105,buy,36954,282.93558,6975382,4449037,14723616,0.3067,buy,42741,206.675488,10673182,5890099,9188699,0.1914,buy,55287,115.463784,2341600,2805053,9187251,0.1914,buy,74761,93.76205,2692395,2177506,0.0
2021-07-02,48402886,49,False,,15018564,0.3103,buy,36954,282.93558,6975382,4562963,14892623,0.3077,buy,42741,206.675488,10673182,6059106,9248962,0.1911,buy,55287,115.463784,2341600,2865316,9242687,0.191,buy,74761,93.76205,2692395,2232943,0.0
2021-07-06,48594115,49,False,,14991210,0.3085,buy,36954,282.93558,6975382,4535608,14956987,0.3078,buy,42741,206.675488,10673182,6123469,9294850,0.1913,buy,55287,115.463784,2341600,2911204,9351019,0.1924,buy,74761,93.76205,2692395,2341275,0.0
2021-07-07,48796877,49,False,,15044188,0.3083,buy,36954,282.93558,6975382,4588586,14988545,0.3072,buy,42741,206.675488,10673182,6155028,9330234,0.1912,buy,55287,115.463784,2341600,2946588,9433861,0.1933,buy,74761,93.76205,2692395,2424116,0.0
2021-07-08,48614645,49,False,,14921604,0.3069,buy,36954,282.93558,6975382,4466003,14898018,0.3065,buy,42741,206.675488,10673182,6064501,9324152,0.1918,buy,55287,115.463784,2341600,2940506,9470822,0.1948,buy,74761,93.76205,2692395,2461077,-0.37
2021-07-09,48764732,49,False,,15080890,0.3093,buy,36954,282.93558,6975382,4625289,14991038,0.3074,buy,42741,206.675488,10673182,6157521,9355114,0.1918,buy,55287,115.463784,2341600,2971467,9337640,0.1915,buy,74761,93.76205,2692395,2327896,-0.07
2021-07-12,48853586,49,False,,15134909,0.3098,buy,36954,282.93558,6975382,4679308,15049589,0.3081,buy,42741,206.675488,10673182,6216072,9343503,0.1913,buy,55287,115.463784,2341600,2959857,9325536,0.1909,buy,74761,93.76205,2692395,2315791,0.0
2021-07-13,48742776,49,False,,15083316,0.3094,buy,36954,282.93558,6975382,4627715,15049589,0.3088,buy,42741,206.675488,10673182,6216072,9355666,0.1919,buy,55287,115.463784,2341600,2972020,9254155,0.1899,buy,74761,93.76205,2692395,2244411,-0.23
2021-07-14,48998040,49,False,,15105823,0.3083,buy,36954,282.93558,6975382,4650221,15076577,0.3077,buy,42741,206.675488,10673182,6243060,9456288,0.193,buy,55287,115.463784,2341600,3072642,9359302,0.191,buy,74761,93.76205,2692395,2349558,0.0
2021-07-15,48945457,49,False,,15054232,0.3076,buy,36954,282.93558,6975382,4598630,14970690,0.3059,buy,42741,206.675488,10673182,6137173,9457947,0.1932,buy,55287,115.463784,2341600,3074301,9462538,0.1933,buy,74761,93.76205,2692395,2452794,-0.11
2021-07-16,48596502,49,False,,14936152,0.3074,buy,36954,282.93558,6975382,4480551,14849434,0.3056,buy,42741,206.675488,10673182,6015917,9366171,0.1927,buy,55287,115.463784,2341600,2982525,9444696,0.1943,buy,74761,93.76205,2692395,2434952,-0.82
2021-07-19,48472423,49,False,,14715575,0.3036,buy,36954,282.93558,6975382,4259974,14727769,0.3038,buy,42741,206.675488,10673182,5894252,9377228,0.1935,buy,55287,115.463784,2341600,2993582,9651802,0.1991,buy,74761,93.76205,2692395,2642057,-1.07
2021-07-20,48749187,49,False,,14926452,0.3062,buy,36954,282.93558,6975382,4470851,14898852,0.3056,buy,42741,206.675488,10673182,6065335,9365065,0.1921,buy,55287,115.463784,2341600,2981419,9558769,0.1961,buy,74761,93.76205,2692395,2549024,-0.51
2021-07-21,48829155,49,False,,15047303,0.3082,buy,36954,282.93558,6975382,4591701,15013878,0.3075,buy,42741,206.675488,10673182,6180361,9330234,0.1911,buy,55287,115.463784,2341600,2946588,9437691,0.1933,buy,74761,93.76205,2692395,2427946,-0.34
2021-07-22,49067369,49,False,,15078814,0.3073,buy,36954,282.93558,6975382,4623213,15113125,0.308,buy,42741,206.675488,10673182,6279608,9348479,0.1905,buy,55287,115.463784,2341600,2964832,9526902,0.1942,buy,74761,93.76205,2692395,2517157,0.0
2021-07-23,49305953,49,False,,15233944,0.309,buy,36954,282.93558,6975382,4778342,15289603,0.3101,buy,42741,206.675488,10673182,6456086,9319177,0.189,buy,55287,115.463784,2341600,2935530,9463181,0.1919,buy,74761,93.76205,2692395,2453436,0.0
2021-07-26,49305236,49,False,,15271340,0.3097,buy,36954,282.93558,6975382,4815738,15301647,0.3103,buy,42741,206.675488,10673182,6468130,9297062,0.1886,buy,55287,115.463784,2341600,2913416,9435137,0.1914,buy,74761,93.76205,2692395,2425393,-0.0
2021-07-27,49183214,49,False,,15201743,0.3091,buy,36954,282.93558,6975382,4746142,15133054,0.3077,buy,42741,206.675488,10673182,6299537,9312542,0.1893,buy,55287,115.463784,2341600,2928896,9535825,0.1939,buy,74761,93.76205,2692395,2526081,-0.25
2021-07-28,49282742,49,False,,15195509,0.3083,buy,36954,282.93558,6975382,4739908,15191187,0.3082,buy,42741,206.675488,10673182,6357670,9359536,0.1899,buy,55287,115.463784,2341600,2975890,9536462,0.1935,buy,74761,93.76205,2692395,2526717,-0.05
2021-07-29,49423810,49,False,,15258530,0.3087,buy,36954,282.93558,6975382,4802928,15218183,0.3079,buy,42741,206.675488,10673182,6384666,9463476,0.1915,buy,55287,115.463784,2341600,3079829,9483573,0.1919,buy,74761,93.76205,2692395,2473828,0.0
2021-07-30,49240363,49,False,,15184429,0.3084,buy,36954,282.93558,6975382,4728827,15138868,0.3074,buy,42741,206.675488,10673182,6305351,9388839,0.1907,buy,55287,115.463784,2341600,3005193,9528179,0.1935,buy,74761,93.76205,2692395,2518434,-0.37
2021-08-02,49283128,49,False,,15152569,0.3075,buy,36954,282.93558,6975382,4696967,15140115,0.3072,buy,42741,206.675488,10673182,6306598,9377228,0.1903,buy,55287,115.463784,2341600,2993582,9613167,0.1951,buy,74761,93.76205,2692395,2603422,-0.28
2021-08-03,49496638,49,False,,15275842,0.3086,buy,36954,282.93558,6975382,4820240,15231886,0.3077,buy,42741,206.675488,10673182,6398369,9370594,0.1893,buy,55287,115.463784,2341600,2986948,9618267,0.1943,buy,74761,93.76205,2692395,2608522,0.0
2021-08-04,49465498,49,False,,15200703,0.3073,buy,36954,282.93558,6975382,4745102,15253893,0.3084,buy,42741,206.675488,10673182,6420376,9372805,0.1895,buy,55287,115.463784,2341600,2989159,9638047,0.1948,buy,74761,93.76205,2692395,2628302,-0.06
2021-08-05,49572344,49,False,,15296968,0.3086,buy,36954,282.93558,6975382,4841366,15350646,0.3097,buy,42741,206.675488,10673182,6517129,9335763,0.1883,buy,55287,115.463784,2341600,2952117,9588917,0.1934,buy,74761,93.76205,2692395,2579173,0.0
2021-08-06,49136893,49,False,,15322245,0.3118,buy,36954,282.93558,6975382,4866644,15283376,0.311,buy,42741,206.675488,10673182,6449859,9102452,0.1852,buy,55287,115.463784,2341600,2718805,9428771,0.1919,buy,74761,93.76205,2692395,2419027,-0.88
2021-08-09,48957407,49,False,,15309777,0.3127,buy,36954,282.93558,6975382,4854175,15311610,0.3128,buy,42741,206.675488,10673182,6478093,8941014,0.1826,buy,55287,115.463784,2341600,2557367,9394958,0.1919,buy,74761,93.76205,2692395,2385213,-1.24
2021-08-10,48857355,49,False,,15328823,0.3137,buy,36954,282.93558,6975382,4873222,15233131,0.3118,buy,42741,206.675488,10673182,6399614,8943778,0.1831,buy,55287,115.463784,2341600,2560132,9351574,0.1914,buy,74761,93.76205,2692395,2341829,-1.44
2021-08-11,48986825,49,False,,15366915,0.3137,buy,36954,282.93558,6975382,4911314,15206967,0.3104,buy,42741,206.675488,10673182,6373450,9067068,0.1851,buy,55287,115.463784,2341600,2683422,9345825,0.1908,buy,74761,93.76205,2692395,2336081,-1.18
2021-08-12,49074591,49,False,,15412964,0.3141,buy,36954,282.93558,6975382,4957363,15261782,0.311,buy,42741,206.675488,10673182,6428265,9069279,0.1848,buy,55287,115.463784,2341600,2685633,9330516,0.1901,buy,74761,93.76205,2692395,2320771,-1.0
2021-08-13,49433521,49,False,,15441016,0.3124,buy,36954,282.93558,6975382,4985415,15315351,0.3098,buy,42741,206.675488,10673182,6481834,9199204,0.1861,buy,55287,115.463784,2341600,2815558,9477901,0.1917,buy,74761,93.76205,2692395,2468157,-0.28
2021-08-16,49545379,49,False,,15477373,0.3124,buy,36954,282.93558,6975382,5021772,15321994,0.3093,buy,42741,206.675488,10673182,6488477,9245092,0.1866,buy,55287,115.463784,2341600,2861446,9500870,0.1918,buy,74761,93.76205,2692395,2491126,-0.05
2021-08-17,49291320,49,False,,15375917,0.3119,buy,36954,282.93558,6975382,4920315,15187038,0.3081,buy,42741,206.675488,10673182,6353521,9231270,0.1873,buy,55287,115.463784,2341600,2847624,9497046,0.1927,buy,74761,93.76205,2692395,2487301,-0.57
2021-08-18,49015951,49,False,,15207630,0.3103,buy,36954,282.93558,6975382,4752029,15040868,0.3069,buy,42741,206.675488,10673182,6207351,9238458,0.1885,buy,55287,115.463784,2341600,2854812,9528946,0.1944,buy,74761,93.76205,2692395,2519201,-1.12
2021-08-19,49155252,49,False,,15231175,0.3099,buy,36954,282.93558,6975382,4775574,15113537,0.3075,buy,42741,206.675488,10673182,6280020,9211367,0.1874,buy,55287,115.463784,2341600,2827721,9599124,0.1953,buy,74761,93.76205,2692395,2589379,-0.84
2021-08-20,49444358,49,False,,15352371,0.3105,buy,36954,282.93558,6975382,4896769,15270087,0.3088,buy,42741,206.675488,10673182,6436570,9216343,0.1864,buy,55287,115.463784,2341600,2832697,9605509,0.1943,buy,74761,93.76205,2692395,2595764,-0.26
2021-08-23,49913642,49,False,,15487418,0.3103,buy,36954,282.93558,6975382,5031817,15498475,0.3105,buy,42741,206.675488,10673182,6664958,9328575,0.1869,buy,55287,115.463784,2341600,2944929,9599124,0.1923,buy,74761,93.76205,2692395,2589379,0.0
2021-08-24,49906489,49,False,,15512001,0.3108,buy,36954,282.93558,6975382,5056399,15545813,0.3115,buy,42741,206.675488,10673182,6712296,9324152,0.1868,buy,55287,115.463784,2341600,2940506,9524474,0.1908,buy,74761,93.76205,2692395,2514729,-0.01
2021-08-25,49813101,49,False,,15544552,0.3121,buy,36954,282.93558,6975382,5088951,15563672,0.3124,buy,42741,206.675488,10673182,6730155,9259467,0.1859,buy,55287,115.463784,2341600,2875820,9445361,0.1896,buy,74761,93.76205,2692395,2435617,-0.2
2021-08-26,49659173,49,False,,15452790,0.3112,buy,36954,282.93558,6975382,4997188,15464842,0.3114,buy,42741,206.675488,10673182,6631325,9269971,0.1867,buy,55287,115.463784,2341600,2886325,9471521,0.1907,buy,74761,93.76205,2692395,2461776,-0.51
2021-08-27,50151425,49,False,,15590951,0.3109,buy,36954,282.93558,6975382,5135350,15615165,0.3114,buy,42741,206.675488,10673182,6781648,9409295,0.1876,buy,55287,115.463784,2341600,3025648,9535965,0.1901,buy,74761,93.76205,2692395,2526220,0.0
2021-08-30,50373659,49,False,,15659512,0.3109,buy,36954,282.93558,6975382,5203911,15790396,0.3135,buy,42741,206.675488,10673182,6956879,9362854,0.1859,buy,55287,115.463784,2341600,2979208,9560848,0.1898,buy,74761,93.76205,2692395,2551104,0.0
2021-08-31,50291307,49,False,,15636314,0.3109,buy,36954,282.93558,6975382,5180712,15777523,0.3137,buy,42741,206.675488,10673182,6944006,9381651,0.1865,buy,55287,115.463784,2341600,2998005,9495771,0.1888,buy,74761,93.76205,2692395,2486026,-0.16
2021-09-01,50342234,49,False,,15644625,0.3108,buy,36954,282.93558,6975382,5189024,15803686,0.3139,buy,42741,206.675488,10673182,6970169,9382204,0.1864,buy,55287,115.463784,2341600,2998558,9511671,0.1889,buy,74761,93.76205,2692395,2501926,-0.06
2021-09-02,50399539,49,False,,15692756,0.3114,buy,36954,282.93558,6975382,5237155,15796210,0.3134,buy,42741,206.675488,10673182,6962693,9357325,0.1857,buy,55287,115.463784,2341600,2973679,9553198,0.1895,buy,74761,93.76205,2692395,2543454,0.0
2021-09-03,50457506,49,False,,15688949,0.3109,buy,36954,282.93558,6975382,5233347,15844796,0.314,buy,42741,206.675488,10673182,7011279,9457394,0.1874,buy,55287,115.463784,2341600,3073748,9466317,0.1876,buy,74761,93.76205,2692395,2456573,0.0
2021-09-07,50158760,49,False,,15632850,0.3117,buy,36954,282.93558,6975382,5177249,15867218,0.3163,buy,42741,206.675488,10673182,7033701,9272183,0.1849,buy,55287,115.463784,2341600,2888537,9386460,0.1871,buy,74761,93.76205,2692395,2376715,-0.59
2021-09-08,50125154,49,False,,15613806,0.3115,buy,36954,282.93558,6975382,5158204,15811990,0.3155,buy,42741,206.675488,10673182,6978473,9248962,0.1845,buy,55287,115.463784,2341600,2865316,9450347,0.1885,buy,74761,93.76205,2692395,2440602,-0.66
2021-09-09,50159190,49,False,,15546973,0.31,buy,36954,282.93558,6975382,5091372,15757594,0.3142,buy,42741,206.675488,10673182,6924077,9289875,0.1852,buy,55287,115.463784,2341600,2906228,9564699,0.1907,buy,74761,93.76205,2692395,2554955,-0.59
2021-09-10,49785693,49,False,,15424395,0.3098,buy,36954,282.93558,6975382,4968794,15637999,0.3141,buy,42741,206.675488,10673182,6804482,9242880,0.1857,buy,55287,115.463784,2341600,2859234,9480369,0.1904,buy,74761,93.76205,2692395,2470625,-1.33
2021-09-13,49902833,49,False,,15463870,0.3099,buy,36954,282.93558,6975382,5008268,15627203,0.3132,buy,42741,206.675488,10673182,6793686,9273842,0.1858,buy,55287,115.463784,2341600,2890195,9537870,0.1911,buy,74761,93.76205,2692395,2528125,-1.1
2021-09-14,49950289,49,False,,15380418,0.3079,buy,36954,282.93558,6975382,4924816,15582771,0.312,buy,42741,206.675488,10673182,6749254,9333552,0.1869,buy,55287,115.463784,2341600,2949906,9653499,0.1933,buy,74761,93.76205,2692395,2643755,-1.01
2021-09-15,50106020,49,False,,15508885,0.3095,buy,36954,282.93558,6975382,5053283,15698628,0.3133,buy,42741,206.675488,10673182,6865111,9278817,0.1852,buy,55287,115.463784,2341600,2895171,9619640,0.192,buy,74761,93.76205,2692395,2609896,-0.7
2021-09-16,49838054,49,False,,15484299,0.3107,buy,36954,282.93558,6975382,5028697,15709423,0.3152,buy,42741,206.675488,10673182,6875906,9068727,0.182,buy,55287,115.463784,2341600,2685080,9575557,0.1921,buy,74761,93.76205,2692395,2565812,-1.23
2021-09-17,49440819,49,False,,15333466,0.3101,buy,36954,282.93558,6975382,4877865,15523391,0.314,buy,42741,206.675488,10673182,6689874,9054352,0.1831,buy,55287,115.463784,2341600,2670706,9529561,0.1927,buy,74761,93.76205,2692395,2519816,-2.01
2021-09-20,49047258,49,False,,15077796,0.3074,buy,36954,282.93558,6975382,4622194,15202627,0.31,buy,42741,206.675488,10673182,6369110,9119038,0.1859,buy,55287,115.463784,2341600,2735392,9647748,0.1967,buy,74761,93.76205,2692395,2638003,-2.79
2021-09-21,49104230,49,False,,15063552,0.3068,buy,36954,282.93558,6975382,4607951,15221330,0.31,buy,42741,206.675488,10673182,6387813,9179853,0.1869,buy,55287,115.463784,2341600,2796207,9639445,0.1963,buy,74761,93.76205,2692395,2629700,-2.68
2021-09-22,49416561,49,False,,15210494,0.3078,buy,36954,282.93558,6975382,4754893,15363507,0.3109,buy,42741,206.675488,10673182,6529990,9145575,0.1851,buy,55287,115.463784,2341600,2761929,9696935,0.1962,buy,74761,93.76205,2692395,2687190,-2.06
2021-09-23,49418410,49,False,,15395301,0.3115,buy,36954,282.93558,6975382,4939699,15505267,0.3138,buy,42741,206.675488,10673182,6671750,9039977,0.1829,buy,55287,115.463784,2341600,2656331,9477816,0.1918,buy,74761,93.76205,2692395,2468072,-2.06
2021-09-24,49354070,49,False,,15420659,0.3124,buy,36954,282.93558,6975382,4965058,15519813,0.3145,buy,42741,206.675488,10673182,6686296,9028367,0.1829,buy,55287,115.463784,2341600,2644721,9385181,0.1902,buy,74761,93.76205,2692395,2375437,-2.19
2021-09-27,49170382,49,False,,15376545,0.3127,buy,36954,282.93558,6975382,4920944,15395936,0.3131,buy,42741,206.675488,10673182,6562419,9047165,0.184,buy,55287,115.463784,2341600,2663518,9350687,0.1902,buy,74761,93.76205,2692395,2340942,-2.55
2021-09-28,48191282,49,False,,15066679,0.3126,buy,36954,282.93558,6975382,4611077,14960264,0.3104,buy,42741,206.675488,10673182,6126747,8959259,0.1859,buy,55287,115.463784,2341600,2575612,9205031,0.191,buy,74761,93.76205,2692395,2195287,-4.49
2021-09-29,48167724,49,False,,15092036,0.3133,buy,36954,282.93558,6975382,4636434,14935740,0.3101,buy,42741,206.675488,10673182,6102223,8918899,0.1852,buy,55287,115.463784,2341600,2535253,9221000,0.1914,buy,74761,93.76205,2692395,2211255,-4.54
2021-09-30,48087447,49,False,,14907577,0.31,buy,36954,282.93558,6975382,4451976,14880867,0.3095,buy,42741,206.675488,10673182,6047350,9079231,0.1888,buy,55287,115.463784,2341600,2695585,9219723,0.1917,buy,74761,93.76205,2692395,2209978,-4.7
2021-10-01,48454944,49,False,,15084739,0.3113,buy,36954,282.93558,6975382,4629138,14973154,0.309,buy,42741,206.675488,10673182,6139637,9099687,0.1878,buy,55287,115.463784,2341600,2716041,9297314,0.1919,buy,74761,93.76205,2692395,2287569,-3.97
2021-10-04,47965036,49,False,,14890210,0.3104,buy,36954,282.93558,6975382,4434608,14658870,0.3056,buy,42741,206.675488,10673182,5825353,9142258,0.1906,buy,55287,115.463784,2341600,2758612,9273648,0.1933,buy,74761,93.76205,2692395,2263904,-4.94
2021-10-05,48185728,49,False,,15045139,0.3122,buy,36954,282.93558,6975382,4589537,14856755,0.3083,buy,42741,206.675488,10673182,6023238,9099687,0.1888,buy,55287,115.463784,2341600,2716041,9184098,0.1906,buy,74761,93.76205,2692395,2174353,-4.5
2021-10-06,48419594,49,False,,15107670,0.312,buy,36954,282.93558,6975382,4652068,14951952,0.3088,buy,42741,206.675488,10673182,6118435,9124014,0.1884,buy,55287,115.463784,2341600,2740367,9235910,0.1907,buy,74761,93.76205,2692395,2226165,-4.04
2021-10-07,48542706,49,False,,15238284,0.3139,buy,36954,282.93558,6975382,4782683,15089136,0.3108,buy,42741,206.675488,10673182,6255619,9075914,0.187,buy,55287,115.463784,2341600,2692268,9139322,0.1883,buy,74761,93.76205,2692395,2129578,-3.79
2021-10-08,48379580,49,False,,15210494,0.3144,buy,36954,282.93558,6975382,4754893,15013895,0.3103,buy,42741,206.675488,10673182,6180378,9079784,0.1877,buy,55287,115.463784,2341600,2696138,9075358,0.1876,buy,74761,93.76205,2692395,2065613,-4.12
2021-10-11,48114139,49,False,,15100374,0.3138,buy,36954,282.93558,6975382,4644773,14898741,0.3097,buy,42741,206.675488,10673182,6065224,9062645,0.1884,buy,55287,115.463784,2341600,2678999,9052330,0.1881,buy,74761,93.76205,2692395,2042585,-4.64
2021-10-12,48220717,49,False,,15063204,0.3124,buy,36954,282.93558,6975382,4607603,14846779,0.3079,buy,42741,206.675488,10673182,6013262,9103558,0.1888,buy,55287,115.463784,2341600,2719911,9207127,0.1909,buy,74761,93.76205,2692395,2197382,-4.43
2021-10-13,48645339,49,False,,15117397,0.3108,buy,36954,282.93558,6975382,4661795,14965671,0.3076,buy,42741,206.675488,10673182,6132154,9265548,0.1905,buy,55287,115.463784,2341600,2881902,9296674,0.1911,buy,74761,93.76205,2692395,2286929,-3.59
2021-10-14,49232447,49,False,,15371680,0.3122,buy,36954,282.93558,6975382,4916078,15241288,0.3096,buy,42741,206.675488,10673182,6407771,9288216,0.1887,buy,55287,115.463784,2341600,2904570,9331213,0.1895,buy,74761,93.76205,2692395,2321469,-2.43
2021-10-15,49243559,49,False,,15488747,0.3145,buy,36954,282.93558,6975382,5033145,15337319,0.3115,buy,42741,206.675488,10673182,6503802,9140600,0.1856,buy,55287,115.463784,2341600,2756954,9276845,0.1884,buy,74761,93.76205,2692395,2267100,-2.41
2021-10-18,49464469,49,False,,15534600,0.3141,buy,36954,282.93558,6975382,5078998,15491548,0.3132,buy,42741,206.675488,10673182,6658031,9117932,0.1843,buy,55287,115.463784,2341600,2734286,9320341,0.1884,buy,74761,93.76205,2692395,2310596,-1.97
2021-10-19,49602280,49,False,,15654448,0.3156,buy,36954,282.93558,6975382,5198846,15608776,0.3147,buy,42741,206.675488,10673182,6775259,9147234,0.1844,buy,55287,115.463784,2341600,2763588,9191773,0.1853,buy,74761,93.76205,2692395,2182028,-1.69
2021-10-20,49661518,49,False,,15715937,0.3165,buy,36954,282.93558,6975382,5260335,15588408,0.3139,buy,42741,206.675488,10673182,6754891,9227400,0.1858,buy,55287,115.463784,2341600,2843754,9129725,0.1838,buy,74761,93.76205,2692395,2119980,-1.58
2021-10-21,49778544,49,False,,15756929,0.3165,buy,36954,282.93558,6975382,5301328,15683610,0.3151,buy,42741,206.675488,10673182,6850093,9219107,0.1852,buy,55287,115.463784,2341600,2835461,9118849,0.1832,buy,74761,93.76205,2692395,2109104,-1.35
2021-10-22,49787247,49,False,,15740601,0.3162,buy,36954,282.93558,6975382,5284999,15551824,0.3124,buy,42741,206.675488,10673182,6718307,9275500,0.1863,buy,55287,115.463784,2341600,2891854,9219272,0.1852,buy,74761,93.76205,2692395,2209527,-1.33
2021-10-25,50080939,49,False,,15825011,0.316,buy,36954,282.93558,6975382,5369410,15711043,0.3137,buy,42741,206.675488,10673182,6877526,9339633,0.1865,buy,55287,115.463784,2341600,2955986,9205203,0.1838,buy,74761,93.76205,2692395,2195458,-0.75
2021-10-26,50151665,49,False,,15839256,0.3158,buy,36954,282.93558,6975382,5383655,15760514,0.3143,buy,42741,206.675488,10673182,6926997,9270524,0.1848,buy,55287,115.463784,2341600,2886878,9281322,0.1851,buy,74761,93.76205,2692395,2271578,-0.61
2021-10-27,50311272,49,False,,15769086,0.3134,buy,36954,282.93558,6975382,5313485,15797096,0.314,buy,42741,206.675488,10673182,6963579,9294850,0.1847,buy,55287,115.463784,2341600,2911204,9450190,0.1878,buy,74761,93.76205,2692395,2440446,-0.29
2021-10-28,50604667,49,False,,15921240,0.3146,buy,36954,282.93558,6975382,5465638,15972526,0.3156,buy,42741,206.675488,10673182,7139009,9292639,0.1836,buy,55287,115.463784,2341600,2908993,9418212,0.1861,buy,74761,93.76205,2692395,2408468,0.0
2021-10-29,50665262,49,False,,15953546,0.3149,buy,36954,282.93558,6975382,5497945,16051096,0.3168,buy,42741,206.675488,10673182,7217579,9213578,0.1819,buy,55287,115.463784,2341600,2829932,9446992,0.1865,buy,74761,93.76205,2692395,2437248,0.0
2021-11-01,50727661,49,False,,15980988,0.315,buy,36954,282.93558,6975382,5525386,16105970,0.3175,buy,42741,206.675488,10673182,7272453,9261678,0.1826,buy,55287,115.463784,2341600,2878032,9378975,0.1849,buy,74761,93.76205,2692395,2369230,0.0
2021-11-02,50881345,49,False,,16045602,0.3154,buy,36954,282.93558,6975382,5590001,16173317,0.3179,buy,42741,206.675488,10673182,7339800,9241775,0.1816,buy,55287,115.463784,2341600,2858129,9420602,0.1851,buy,74761,93.76205,2692395,2410857,0.0
2021-11-03,50976795,49,False,,16143564,0.3167,buy,36954,282.93558,6975382,5687962,16345005,0.3206,buy,42741,206.675488,10673182,7511488,9164926,0.1798,buy,55287,115.463784,2341600,2781280,9323251,0.1829,buy,74761,93.76205,2692395,2313507,0.0
2021-11-04,51464327,49,False,,16219642,0.3152,buy,36954,282.93558,6975382,5764040,16554527,0.3217,buy,42741,206.675488,10673182,7721010,9268865,0.1801,buy,55287,115.463784,2341600,2885219,9421244,0.1831,buy,74761,93.76205,2692395,2411499,0.0
2021-11-05,51798381,49,False,,16275916,0.3142,buy,36954,282.93558,6975382,5820315,16570324,0.3199,buy,42741,206.675488,10673182,7736807,9389944,0.1813,buy,55287,115.463784,2341600,3006298,9562149,0.1846,buy,74761,93.76205,2692395,2552404,0.0
2021-11-08,51805620,49,False,,16289811,0.3144,buy,36954,282.93558,6975382,5834210,16547873,0.3194,buy,42741,206.675488,10673182,7714356,9423669,0.1819,buy,55287,115.463784,2341600,3040023,9544218,0.1842,buy,74761,93.76205,2692395,2534473,0.0
2021-11-09,51808554,49,False,,16235965,0.3134,buy,36954,282.93558,6975382,5780363,16433967,0.3172,buy,42741,206.675488,10673182,7600450,9470110,0.1828,buy,55287,115.463784,2341600,3086464,9668464,0.1866,buy,74761,93.76205,2692395,2658719,0.0
2021-11-10,51362474,49,False,,16105352,0.3136,buy,36954,282.93558,6975382,5649751,16192440,0.3153,buy,42741,206.675488,10673182,7358923,9572944,0.1864,buy,55287,115.463784,2341600,3189297,9491689,0.1848,buy,74761,93.76205,2692395,2481944,-0.86
2021-11-11,51452125,49,False,,16110561,0.3131,buy,36954,282.93558,6975382,5654960,16237338,0.3156,buy,42741,206.675488,10673182,7403821,9626572,0.1871,buy,55287,115.463784,2341600,3242926,9477604,0.1842,buy,74761,93.76205,2692395,2467859,-0.69
2021-11-12,51721182,49,False,,16232146,0.3138,buy,36954,282.93558,6975382,5776545,16408194,0.3172,buy,42741,206.675488,10673182,7574677,9644817,0.1865,buy,55287,115.463784,2341600,3261171,9435976,0.1824,buy,74761,93.76205,2692395,2426231,-0.17
2021-11-15,51589585,49,False,,16237705,0.3147,buy,36954,282.93558,6975382,5782103,16404454,0.318,buy,42741,206.675488,10673182,7570937,9629889,0.1867,buy,55287,115.463784,2341600,3246243,9317488,0.1806,buy,74761,93.76205,2692395,2307743,-0.42
2021-11-16,51677307,49,False,,16301969,0.3155,buy,36954,282.93558,6975382,5846368,16521270,0.3197,buy,42741,206.675488,10673182,7687753,9560228,0.185,buy,55287,115.463784,2341600,3176582,9293791,0.1798,buy,74761,93.76205,2692395,2284046,-0.25
2021-11-17,51807447,49,False,,16262370,0.3139,buy,36954,282.93558,6975382,5806768,16530000,0.3191,buy,42741,206.675488,10673182,7696483,9647582,0.1862,buy,55287,115.463784,2341600,3263935,9367447,0.1808,buy,74761,93.76205,2692395,2357702,-0.0
2021-11-18,52038220,49,False,,16317604,0.3136,buy,36954,282.93558,6975382,5862003,16701273,0.3209,buy,42741,206.675488,10673182,7867756,9616621,0.1848,buy,55287,115.463784,2341600,3232975,9402673,0.1807,buy,74761,93.76205,2692395,2392928,0.0
2021-11-19,52127892,49,False,,16288422,0.3125,buy,36954,282.93558,6975382,5832820,16794390,0.3222,buy,42741,206.675488,10673182,7960873,9543089,0.1831,buy,55287,115.463784,2341600,3159443,9501942,0.1823,buy,74761,93.76205,2692395,2492197,0.0
2021-11-22,51561666,49,False,,16242569,0.315,buy,36954,282.93558,6975382,5786967,16599418,0.3219,buy,42741,206.675488,10673182,7765901,9329129,0.1809,buy,55287,115.463784,2341600,2945482,9390501,0.1821,buy,74761,93.76205,2692395,2380757,-1.09
2021-11-23,51291050,49,False,,16264104,0.3171,buy,36954,282.93558,6975382,5808503,16523763,0.3222,buy,42741,206.675488,10673182,7690246,9248409,0.1803,buy,55287,115.463784,2341600,2864763,9254724,0.1804,buy,74761,93.76205,2692395,2244980,-1.61
2021-11-24,51527426,49,False,,16307530,0.3165,buy,36954,282.93558,6975382,5851929,16576974,0.3217,buy,42741,206.675488,10673182,7743457,9239563,0.1793,buy,55287,115.463784,2341600,2855917,9403309,0.1825,buy,74761,93.76205,2692395,2393564,-1.15
2021-11-26,51072119,49,False,,15943818,0.3122,buy,36954,282.93558,6975382,5488217,16262695,0.3184,buy,42741,206.675488,10673182,7429178,9224636,0.1806,buy,55287,115.463784,2341600,2840990,9640920,0.1888,buy,74761,93.76205,2692395,2631176,-2.03
2021-11-29,51530428,49,False,,16139397,0.3132,buy,36954,282.93558,6975382,5683795,16615634,0.3224,buy,42741,206.675488,10673182,7782117,9211920,0.1788,buy,55287,115.463784,2341600,2828273,9563429,0.1856,buy,74761,93.76205,2692395,2553684,-1.15
2021-11-30,51055834,49,False,,15825360,0.31,buy,36954,282.93558,6975382,5369758,16371611,0.3207,buy,42741,206.675488,10673182,7538094,9149998,0.1792,buy,55287,115.463784,2341600,2766352,9708816,0.1902,buy,74761,93.76205,2692395,2699071,-2.06
2021-12-01,50697913,49,False,,15649585,0.3087,buy,36954,282.93558,6975382,5193983,16093085,0.3174,buy,42741,206.675488,10673182,7259568,9186488,0.1812,buy,55287,115.463784,2341600,2802842,9768706,0.1927,buy,74761,93.76205,2692395,2758961,-2.74
2021-12-02,51014908,49,False,,15889278,0.3115,buy,36954,282.93558,6975382,5433677,16209068,0.3177,buy,42741,206.675488,10673182,7375551,9135624,0.1791,buy,55287,115.463784,2341600,2751978,9780888,0.1917,buy,74761,93.76205,2692395,2771144,-2.14
2021-12-03,50788356,49,False,,15751020,0.3101,buy,36954,282.93558,6975382,5295419,15927216,0.3136,buy,42741,206.675488,10673182,7093699,9212473,0.1814,buy,55287,115.463784,2341600,2828827,9897598,0.1949,buy,74761,93.76205,2692395,2887854,-2.57
2021-12-06,50943911,49,False,,15937567,0.3128,buy,36954,282.93558,6975382,5481966,16054839,0.3151,buy,42741,206.675488,10673182,7221322,9189805,0.1804,buy,55287,115.463784,2341600,2806159,9761650,0.1916,buy,74761,93.76205,2692395,2751906,-2.27
2021-12-07,51710795,49,False,,16267231,0.3146,buy,36954,282.93558,6975382,5811630,16538313,0.3198,buy,42741,206.675488,10673182,7704796,9222424,0.1783,buy,55287,115.463784,2341600,2838778,9682777,0.1872,buy,74761,93.76205,2692395,2673032,-0.8
2021-12-08,51665476,49,False,,16310306,0.3157,buy,36954,282.93558,6975382,5854704,16612307,0.3215,buy,42741,206.675488,10673182,7778790,9227400,0.1786,buy,55287,115.463784,2341600,2843754,9515414,0.1842,buy,74761,93.76205,2692395,2505669,-0.89
2021-12-09,51307751,49,False,,16200187,0.3157,buy,36954,282.93558,6975382,5744585,16367873,0.319,buy,42741,206.675488,10673182,7534356,9171008,0.1787,buy,55287,115.463784,2341600,2787362,9568635,0.1865,buy,74761,93.76205,2692395,2558890,-1.57
2021-12-10,51653792,49,False,,16352687,0.3166,buy,36954,282.93558,6975382,5897086,16545798,0.3203,buy,42741,206.675488,10673182,7712281,9209709,0.1783,buy,55287,115.463784,2341600,2826062,9545549,0.1848,buy,74761,93.76205,2692395,2535804,-0.91
2021-12-13,51434195,49,False,,16207830,0.3151,buy,36954,282.93558,6975382,5752228,16306761,0.317,buy,42741,206.675488,10673182,7473244,9232929,0.1795,buy,55287,115.463784,2341600,2849283,9686626,0.1883,buy,74761,93.76205,2692395,2676881,-1.33
2021-12-14,51044569,49,False,,16096317,0.3153,buy,36954,282.93558,6975382,5640715,16137982,0.3162,buy,42741,206.675488,10673182,7304465,9146681,0.1792,buy,55287,115.463784,2341600,2763035,9663540,0.1893,buy,74761,93.76205,2692395,2653796,-2.08
2021-12-15,51610259,49,False,,16347823,0.3168,buy,36954,282.93558,6975382,5892222,16505886,0.3198,buy,42741,206.675488,10673182,7672369,9185935,0.178,buy,55287,115.463784,2341600,2802288,9570566,0.1854,buy,74761,93.76205,2692395,2560821,-0.99
2021-12-16,51156501,49,False,,16203660,0.3167,buy,36954,282.93558,6975382,5748059,16081446,0.3144,buy,42741,206.675488,10673182,7247929,9297062,0.1817,buy,55287,115.463784,2341600,2913416,9574284,0.1872,buy,74761,93.76205,2692395,2564539,-1.86
2021-12-17,50992399,49,False,,16031206,0.3144,buy,36954,282.93558,6975382,5575605,16001213,0.3138,buy,42741,206.675488,10673182,7167696,9277159,0.1819,buy,55287,115.463784,2341600,2893513,9682772,0.1899,buy,74761,93.76205,2692395,2673028,-2.18
2021-12-20,50554925,49,False,,15860740,0.3137,buy,36954,282.93558,6975382,5405138,15845995,0.3134,buy,42741,206.675488,10673182,7012478,9237905,0.1827,buy,55287,115.463784,2341600,2854258,9610237,0.1901,buy,74761,93.76205,2692395,2600492,-3.02
2021-12-21,51150775,49,False,,16142410,0.3156,buy,36954,282.93558,6975382,5686809,16200636,0.3167,buy,42741,206.675488,10673182,7367119,9234035,0.1805,buy,55287,115.463784,2341600,2850389,9573645,0.1872,buy,74761,93.76205,2692395,2563900,-1.87
2021-12-22,51640571,49,False,,16303813,0.3157,buy,36954,282.93558,6975382,5848212,16397934,0.3175,buy,42741,206.675488,10673182,7564417,9320835,0.1805,buy,55287,115.463784,2341600,2937189,9617939,0.1862,buy,74761,93.76205,2692395,2608195,-0.93
2021-12-23,51803194,49,False,,16405257,0.3167,buy,36954,282.93558,6975382,5949656,16521559,0.3189,buy,42741,206.675488,10673182,7688042,9341844,0.1803,buy,55287,115.463784,2341600,2958198,9534484,0.1841,buy,74761,93.76205,2692395,2524740,-0.62
2021-12-27,52353641,49,False,,16637428,0.3178,buy,36954,282.93558,6975382,6181826,16794615,0.3208,buy,42741,206.675488,10673182,7961098,9363959,0.1789,buy,55287,115.463784,2341600,2980313,9557590,0.1826,buy,74761,93.76205,2692395,2547846,0.0
2021-12-28,52183975,49,False,,16623832,0.3186,buy,36954,282.93558,6975382,6168230,16716776,0.3203,buy,42741,206.675488,10673182,7883259,9323600,0.1787,buy,55287,115.463784,2341600,2939953,9519719,0.1824,buy,74761,93.76205,2692395,2509974,-0.32
2021-12-29,52095980,49,False,,16645097,0.3195,buy,36954,282.93558,6975382,6189496,16714281,0.3208,buy,42741,206.675488,10673182,7880764,9320835,0.1789,buy,55287,115.463784,2341600,2937189,9415718,0.1807,buy,74761,93.76205,2692395,2405973,-0.49
2021-12-30,52145872,49,False,,16599081,0.3183,buy,36954,282.93558,6975382,6143479,16664327,0.3196,buy,42741,206.675488,10673182,7830810,9387733,0.18,buy,55287,115.463784,2341600,3004087,9494682,0.1821,buy,74761,93.76205,2692395,2484937,-0.4
2021-12-31,52082731,49,False,,16557248,0.3179,buy,36954,282.93558,6975382,6101647,16560270,0.318,buy,42741,206.675488,10673182,7726753,9451866,0.1815,buy,55287,115.463784,2341600,3068220,9513298,0.1827,buy,74761,93.76205,2692395,2503553,-0.52
2022-01-03,51942884,49,False,,16653115,0.3206,buy,36954,282.93558,6975382,6197513,16719689,0.3219,buy,42741,206.675488,10673182,7886172,9306461,0.1792,buy,55287,115.463784,2341600,2922815,9263571,0.1783,buy,74761,93.76205,2692395,2253826,-0.78
2022-01-04,51762325,216,True,monthly,15578063,0.301,buy,34580,282.93558,7373684,5794151,15379244,0.2971,buy,39831,206.675488,11208276,7147153,10457721,0.202,buy,61672,121.048579,2341600,2992414,10347080,0.1999,buy,83854,97.00703,2692395,2212653,-1.13
2022-01-05,50903103,216,False,,15278933,0.3002,buy,34580,282.93558,7373684,5495020,14906772,0.2928,buy,39831,206.675488,11208276,6674681,10426268,0.2048,buy,61672,121.048579,2341600,2960960,10290914,0.2022,buy,83854,97.00703,2692395,2156487,-2.77
2022-01-06,50777252,216,False,,15264580,0.3006,buy,34580,282.93558,7373684,5480667,14896298,0.2934,buy,39831,206.675488,11208276,6664207,10298608,0.2028,buy,61672,121.048579,2341600,2833300,10317551,0.2032,buy,83854,97.00703,2692395,2183124,-3.01
2022-01-07,50528245,216,False,,15204229,0.3009,buy,34580,282.93558,7373684,5420317,14734932,0.2916,buy,39831,206.675488,11208276,6502841,10345478,0.2047,buy,61672,121.048579,2341600,2880170,10243391,0.2027,buy,83854,97.00703,2692395,2108963,-3.49
2022-01-10,50575674,216,False,,15185311,0.3002,buy,34580,282.93558,7373684,5401398,14744628,0.2915,buy,39831,206.675488,11208276,6512537,10376930,0.2052,buy,61672,121.048579,2341600,2911622,10268589,0.203,buy,83854,97.00703,2692395,2134161,-3.4
2022-01-11,51129084,216,False,,15323623,0.2997,buy,34580,282.93558,7373684,5539711,14966123,0.2927,buy,39831,206.675488,11208276,6734031,10502124,0.2054,buy,61672,121.048579,2341600,3036816,10336998,0.2022,buy,83854,97.00703,2692395,2202570,-2.34
2022-01-12,51218011,216,False,,15365052,0.3,buy,34580,282.93558,7373684,5581140,15025473,0.2934,buy,39831,206.675488,11208276,6793382,10529878,0.2056,buy,61672,121.048579,2341600,3064570,10297393,0.2011,buy,83854,97.00703,2692395,2162966,-2.17
2022-01-13,50686093,216,False,,15153342,0.299,buy,34580,282.93558,7373684,5369429,14649590,0.289,buy,39831,206.675488,11208276,6417498,10494108,0.207,buy,61672,121.048579,2341600,3028800,10388838,0.205,buy,83854,97.00703,2692395,2254411,-3.19
2022-01-14,50596260,216,False,,15159541,0.2996,buy,34580,282.93558,7373684,5375629,14740746,0.2913,buy,39831,206.675488,11208276,6508655,10463888,0.2068,buy,61672,121.048579,2341600,2998580,10231869,0.2022,buy,83854,97.00703,2692395,2097441,-3.36
2022-01-18,49799561,216,False,,14891069,0.299,buy,34580,282.93558,7373684,5107157,14373795,0.2886,buy,39831,206.675488,11208276,6141703,10446620,0.2098,buy,61672,121.048579,2341600,2981312,10087862,0.2026,buy,83854,97.00703,2692395,1953434,-4.88
2022-01-19,49722802,216,False,,14736450,0.2964,buy,34580,282.93558,7373684,4952538,14215916,0.2859,buy,39831,206.675488,11208276,5983824,10612518,0.2134,buy,61672,121.048579,2341600,3147210,10157702,0.2043,buy,83854,97.00703,2692395,2023275,-5.03
2022-01-20,49411179,216,False,,14573346,0.2949,buy,34580,282.93558,7373684,4789433,14031272,0.284,buy,39831,206.675488,11208276,5799181,10585998,0.2142,buy,61672,121.048579,2341600,3120690,10220347,0.2068,buy,83854,97.00703,2692395,2085920,-5.62
2022-01-21,48823184,216,False,,14287261,0.2926,buy,34580,282.93558,7373684,4503348,13642205,0.2794,buy,39831,206.675488,11208276,5410114,10551462,0.2161,buy,61672,121.048579,2341600,3086154,10342040,0.2118,buy,83854,97.00703,2692395,2207613,-6.74
2022-01-24,48919311,216,False,,14347933,0.2933,buy,34580,282.93558,7373684,4564021,13704659,0.2801,buy,39831,206.675488,11208276,5472567,10609434,0.2169,buy,61672,121.048579,2341600,3144126,10257070,0.2097,buy,83854,97.00703,2692395,2122642,-6.56
2022-01-25,48443802,216,False,,14172760,0.2926,buy,34580,282.93558,7373684,4388848,13386962,0.2763,sell,39831,206.675488,11208276,5154871,10643354,0.2197,buy,61672,121.048579,2341600,3178046,10240510,0.2114,buy,83854,97.00703,2692395,2106082,-7.47
2022-01-26,48373832,13648676,False,,14137206,0.2922,buy,34580,282.93558,7373684,4353293,0,0.0,sell,0,0.0,16624645,0,10471288,0.2165,buy,61672,121.048579,2341600,3005980,10116662,0.2091,buy,83854,97.00703,2692395,1982234,-7.6
2022-01-27,48354734,13648676,False,,14067395,0.2909,buy,34580,282.93558,7373684,4283482,0,0.0,sell,0,0.0,16624645,0,10336228,0.2138,buy,61672,121.048579,2341600,2870920,10302435,0.2131,buy,83854,97.00703,2692395,2168007,-7.64
2022-01-28,48676864,13648676,False,,14416765,0.2962,buy,34580,282.93558,7373684,4632852,0,0.0,sell,0,0.0,16624645,0,10305392,0.2117,buy,61672,121.048579,2341600,2840084,10306032,0.2117,buy,83854,97.00703,2692395,2171604,-7.02
2022-01-31,48944297,13648676,False,,14676427,0.2999,buy,34580,282.93558,7373684,4892515,0,0.0,sell,0,0.0,16624645,0,10366446,0.2118,buy,61672,121.048579,2341600,2901138,10252747,0.2095,buy,83854,97.00703,2692395,2118320,-6.51
2022-02-01,49018070,13648676,False,,14775595,0.3014,buy,34580,282.93558,7373684,4991682,0,0.0,sell,0,0.0,16624645,0,10375080,0.2117,buy,61672,121.048579,2341600,2909772,10218719,0.2085,buy,83854,97.00703,2692395,2084292,-6.37
2022-02-02,49233824,13648676,False,,14919124,0.303,buy,34580,282.93558,7373684,5135211,0,0.0,sell,0,0.0,16624645,0,10412700,0.2115,buy,61672,121.048579,2341600,2947392,10253323,0.2083,buy,83854,97.00703,2692395,2118896,-5.96
2022-02-03,48788320,13648676,False,,14568452,0.2986,buy,34580,282.93558,7373684,4784540,0,0.0,sell,0,0.0,16624645,0,10397900,0.2131,buy,61672,121.048579,2341600,2932592,10173292,0.2085,buy,83854,97.00703,2692395,2038864,-6.81
2022-02-04,48722881,13648676,False,,14636957,0.3004,buy,34580,282.93558,7373684,4853045,0,0.0,sell,0,0.0,16624645,0,10413934,0.2137,buy,61672,121.048579,2341600,2948626,10023314,0.2057,buy,83854,97.00703,2692395,1888887,-6.94
2022-02-07,48759482,13648676,False,,14589980,0.2992,buy,34580,282.93558,7373684,4806068,0,0.0,sell,0,0.0,16624645,0,10491024,0.2152,buy,61672,121.048579,2341600,3025716,10029801,0.2057,buy,83854,97.00703,2692395,1895374,-6.87
2022-02-08,48844541,13648676,False,,14710026,0.3012,buy,34580,282.93558,7373684,4926113,0,0.0,sell,0,0.0,16624645,0,10523094,0.2154,buy,61672,121.048579,2341600,3057786,9962745,0.204,buy,83854,97.00703,2692395,1828318,-6.7
2022-02-09,49114356,13648676,False,,14925324,0.3039,buy,34580,282.93558,7373684,5141412,0,0.0,sell,0,0.0,16624645,0,10558864,0.215,buy,61672,121.048579,2341600,3093556,9981492,0.2032,buy,83854,97.00703,2692395,1847065,-6.19
2022-02-10,48647495,13648676,False,,14657182,0.3013,buy,34580,282.93558,7373684,4873269,0,0.0,sell,0,0.0,16624645,0,10518776,0.2162,buy,61672,121.048579,2341600,3053468,9822860,0.2019,buy,83854,97.00703,2692395,1688433,-7.08
2022-02-11,48704556,13648676,False,,14368159,0.295,buy,34580,282.93558,7373684,4584246,0,0.0,sell,0,0.0,16624645,0,10719210,0.2201,buy,61672,121.048579,2341600,3253902,9968510,0.2047,buy,83854,97.00703,2692395,1834083,-6.97
2022-02-14,48590918,13648676,False,,14321184,0.2947,buy,34580,282.93558,7373684,4537272,0,0.0,sell,0,0.0,16624645,0,10776566,0.2218,buy,61672,121.048579,2341600,3311258,9844492,0.2026,buy,83854,97.00703,2692395,1710064,-7.19
2022-02-15,48607739,13648676,False,,14552142,0.2994,buy,34580,282.93558,7373684,4768229,0,0.0,sell,0,0.0,16624645,0,10674190,0.2196,buy,61672,121.048579,2341600,3208882,9732732,0.2002,buy,83854,97.00703,2692395,1598304,-7.15
2022-02-16,48791510,13648676,False,,14568452,0.2986,buy,34580,282.93558,7373684,4784540,0,0.0,sell,0,0.0,16624645,0,10783966,0.221,buy,61672,121.048579,2341600,3318658,9790415,0.2007,buy,83854,97.00703,2692395,1655988,-6.8
2022-02-17,48700526,13648676,False,,14257248,0.2928,buy,34580,282.93558,7373684,4473336,0,0.0,sell,0,0.0,16624645,0,10931362,0.2245,buy,61672,121.048579,2341600,3466054,9863240,0.2025,buy,83854,97.00703,2692395,1728812,-6.98
2022-02-18,48704024,13648676,False,,14164932,0.2908,buy,34580,282.93558,7373684,4381019,0,0.0,sell,0,0.0,16624645,0,10923344,0.2243,buy,61672,121.048579,2341600,3458036,9967071,0.2046,buy,83854,97.00703,2692395,1832644,-6.97
2022-02-22,48600789,13648676,False,,14012919,0.2883,buy,34580,282.93558,7373684,4229007,0,0.0,sell,0,0.0,16624645,0,10946164,0.2252,buy,61672,121.048579,2341600,3480856,9993029,0.2056,buy,83854,97.00703,2692395,1858602,-7.17
2022-02-23,48263835,13648676,False,,13764349,0.2852,buy,34580,282.93558,7373684,3980437,0,0.0,sell,0,0.0,16624645,0,10995500,0.2278,buy,61672,121.048579,2341600,3530192,9855309,0.2042,buy,83854,97.00703,2692395,1720881,-7.81
2022-02-24,48406542,13648676,False,,13971490,0.2886,buy,34580,282.93558,7373684,4187578,0,0.0,sell,0,0.0,16624645,0,10924578,0.2257,buy,61672,121.048579,2341600,3459270,9861798,0.2037,buy,83854,97.00703,2692395,1727370,-7.54
2022-02-25,48685633,13648676,False,,14279757,0.2933,buy,34580,282.93558,7373684,4495844,0,0.0,sell,0,0.0,16624645,0,10888192,0.2236,buy,61672,121.048579,2341600,3422884,9869008,0.2027,buy,83854,97.00703,2692395,1734581,-7.01
2022-02-28,48978273,13648676,False,,14243224,0.2908,buy,34580,282.93558,7373684,4459312,0,0.0,sell,0,0.0,16624645,0,11001052,0.2246,buy,61672,121.048579,2341600,3535744,10085321,0.2059,buy,83854,97.00703,2692395,1950893,-6.45
2022-03-01,49077766,13648676,False,,14026293,0.2858,buy,34580,282.93558,7373684,4242381,0,0.0,sell,0,0.0,16624645,0,11200868,0.2282,buy,61672,121.048579,2341600,3735560,10201929,0.2079,buy,83854,97.00703,2692395,2067501,-6.26
2022-03-02,48884382,14723463,True,monthly,14987799,0.3066,buy,36283,288.857158,7373684,4507195,0,0.0,sell,0,0.0,16624645,0,9698051,0.1984,buy,53959,121.048579,2793127,3166391,9475069,0.1938,buy,80636,97.00703,2766530,1652810,-6.63
2022-03-03,48964008,14723463,False,,14913183,0.3046,buy,36283,288.857158,7373684,4432579,0,0.0,sell,0,0.0,16624645,0,9755787,0.1992,buy,53959,121.048579,2793127,3224127,9571575,0.1955,buy,80636,97.00703,2766530,1749316,-6.47
2022-03-04,49163493,14723463,False,,14792023,0.3009,buy,36283,288.857158,7373684,4311418,0,0.0,sell,0,0.0,16624645,0,9911189,0.2016,buy,53959,121.048579,2793127,3379528,9736819,0.198,buy,80636,97.00703,2766530,1914560,-6.09
2022-03-07,48800456,14723463,False,,14355964,0.2942,buy,36283,288.857158,7373684,3875360,0,0.0,sell,0,0.0,16624645,0,10058497,0.2061,buy,53959,121.048579,2793127,3526837,9662531,0.198,buy,80636,97.00703,2766530,1840273,-6.79
2022-03-08,48869600,14723463,False,,14247121,0.2915,buy,36283,288.857158,7373684,3766517,0,0.0,sell,0,0.0,16624645,0,10333688,0.2115,buy,53959,121.048579,2793127,3802028,9565328,0.1957,buy,80636,97.00703,2766530,1743069,-6.65
2022-03-09,48850822,14723463,False,,14629099,0.2995,buy,36283,288.857158,7373684,4148495,0,0.0,sell,0,0.0,16624645,0,10026662,0.2053,buy,53959,121.048579,2793127,3495001,9471598,0.1939,buy,80636,97.00703,2766530,1649339,-6.69
2022-03-10,48679976,14723463,False,,14563040,0.2992,buy,36283,288.857158,7373684,4082436,0,0.0,sell,0,0.0,16624645,0,10057957,0.2066,buy,53959,121.048579,2793127,3526297,9335515,0.1918,buy,80636,97.00703,2766530,1513257,-7.02
2022-03-11,48455363,14723463,False,,14377870,0.2967,buy,36283,288.857158,7373684,3897265,0,0.0,sell,0,0.0,16624645,0,9987271,0.2061,buy,53959,121.048579,2793127,3455611,9366760,0.1933,buy,80636,97.00703,2766530,1544501,-7.45
2022-03-14,47981034,14723463,False,,14272791,0.2975,buy,36283,288.857158,7373684,3792187,0,0.0,sell,0,0.0,16624645,0,9836726,0.205,buy,53959,121.048579,2793127,3305066,9148055,0.1907,buy,80636,97.00703,2766530,1325796,-8.35
2022-03-15,48094930,14723463,False,,14586656,0.3033,buy,36283,288.857158,7373684,4106052,0,0.0,sell,0,0.0,16624645,0,9652725,0.2007,buy,53959,121.048579,2793127,3121065,9132085,0.1899,buy,80636,97.00703,2766530,1309827,-8.13
2022-03-16,48568379,14723463,False,,14910106,0.307,buy,36283,288.857158,7373684,4429502,0,0.0,sell,0,0.0,16624645,0,9713159,0.2,buy,53959,121.048579,2793127,3181499,9221651,0.1899,buy,80636,97.00703,2766530,1399392,-7.23
2022-03-17,48733669,14723463,False,,15096646,0.3098,buy,36283,288.857158,7373684,4616041,0,0.0,sell,0,0.0,16624645,0,9760643,0.2003,buy,53959,121.048579,2793127,3228983,9152917,0.1878,buy,80636,97.00703,2766530,1330658,-6.91
2022-03-18,48925003,14723463,False,,15261993,0.3119,buy,36283,288.857158,7373684,4781389,0,0.0,sell,0,0.0,16624645,0,9674849,0.1977,buy,53959,121.048579,2793127,3143189,9264698,0.1894,buy,80636,97.00703,2766530,1442439,-6.55
2022-03-21,48779928,14723463,False,,15257533,0.3128,buy,36283,288.857158,7373684,4776929,0,0.0,sell,0,0.0,16624645,0,9748772,0.1999,buy,53959,121.048579,2793127,3217112,9050159,0.1855,buy,80636,97.00703,2766530,1227901,-6.83
2022-03-22,48771825,14723463,False,,15436065,0.3165,buy,36283,288.857158,7373684,4955460,0,0.0,sell,0,0.0,16624645,0,9678086,0.1984,buy,53959,121.048579,2793127,3146426,8934211,0.1832,buy,80636,97.00703,2766530,1111952,-6.84
2022-03-23,48901026,14723463,False,,15237274,0.3116,buy,36283,288.857158,7373684,4756670,0,0.0,sell,0,0.0,16624645,0,9810286,0.2006,buy,53959,121.048579,2793127,3278625,9130004,0.1867,buy,80636,97.00703,2766530,1307745,-6.59
2022-03-24,49130431,14723463,False,,15466964,0.3148,buy,36283,288.857158,7373684,4986360,0,0.0,sell,0,0.0,16624645,0,9881512,0.2011,buy,53959,121.048579,2793127,3349852,9058492,0.1844,buy,80636,97.00703,2766530,1236233,-6.16
2022-03-25,49039826,14723463,False,,15542499,0.3169,buy,36283,288.857158,7373684,5061894,0,0.0,sell,0,0.0,16624645,0,9841043,0.2007,buy,53959,121.048579,2793127,3309382,8932822,0.1822,buy,80636,97.00703,2766530,1110563,-6.33
2022-03-28,49047612,14723463,False,,15653055,0.3191,buy,36283,288.857158,7373684,5172451,0,0.0,sell,0,0.0,16624645,0,9661898,0.197,buy,53959,121.048579,2793127,3130238,9009196,0.1837,buy,80636,97.00703,2766530,1186937,-6.31
2022-03-29,49313612,14723463,False,,15846695,0.3213,buy,36283,288.857158,7373684,5366091,0,0.0,sell,0,0.0,16624645,0,9666215,0.196,buy,53959,121.048579,2793127,3134555,9077238,0.1841,buy,80636,97.00703,2766530,1254979,-5.81
2022-03-30,49364282,14723463,False,,15748848,0.319,buy,36283,288.857158,7373684,5268244,0,0.0,sell,0,0.0,16624645,0,9743916,0.1974,buy,53959,121.048579,2793127,3212256,9148055,0.1853,buy,80636,97.00703,2766530,1325796,-5.71
2022-03-31,49147880,14723463,False,,15506448,0.3155,buy,36283,288.857158,7373684,5025844,0,0.0,sell,0,0.0,16624645,0,9747693,0.1983,buy,53959,121.048579,2793127,3216033,9170275,0.1866,buy,80636,97.00703,2766530,1348017,-6.12
2022-04-01,49164683,14723463,False,,15550398,0.3163,buy,36283,288.857158,7373684,5069794,0,0.0,sell,0,0.0,16624645,0,9685640,0.197,buy,53959,121.048579,2793127,3153980,9205182,0.1872,buy,80636,97.00703,2766530,1382923,-6.09
2022-04-04,49280869,14723463,False,,15683612,0.3182,buy,36283,288.857158,7373684,5203008,0,0.0,sell,0,0.0,16624645,0,9732585,0.1975,buy,53959,121.048579,2793127,3200924,9141209,0.1855,buy,80636,97.00703,2766530,1318950,-5.87
2022-04-05,48815265,14723463,False,,15485504,0.3172,buy,36283,288.857158,7373684,5004900,0,0.0,sell,0,0.0,16624645,0,9671611,0.1981,buy,53959,121.048579,2793127,3139951,8934686,0.183,buy,80636,97.00703,2766530,1112427,-6.76
2022-04-06,48610766,14723463,False,,15330661,0.3154,buy,36283,288.857158,7373684,4850057,0,0.0,sell,0,0.0,16624645,0,9694274,0.1994,buy,53959,121.048579,2793127,3162614,8862367,0.1823,buy,80636,97.00703,2766530,1040108,-7.15
2022-04-07,48657953,14723463,False,,15407911,0.3167,buy,36283,288.857158,7373684,4927307,0,0.0,sell,0,0.0,16624645,0,9730966,0.2,buy,53959,121.048579,2793127,3199306,8795613,0.1808,buy,80636,97.00703,2766530,973354,-7.06
2022-04-08,48582465,14723463,False,,15366712,0.3163,buy,36283,288.857158,7373684,4886108,0,0.0,sell,0,0.0,16624645,0,9791940,0.2016,buy,53959,121.048579,2793127,3260280,8700350,0.1791,buy,80636,97.00703,2766530,878091,-7.2
2022-04-11,48230694,14723463,False,,15104062,0.3132,buy,36283,288.857158,7373684,4623458,0,0.0,sell,0,0.0,16624645,0,9840503,0.204,buy,53959,121.048579,2793127,3308842,8562667,0.1775,buy,80636,97.00703,2766530,740408,-7.88
2022-04-12,48238451,14723463,False,,15048095,0.312,buy,36283,288.857158,7373684,4567491,0,0.0,sell,0,0.0,16624645,0,9916046,0.2056,buy,53959,121.048579,2793127,3384385,8550847,0.1773,buy,80636,97.00703,2766530,728588,-7.86
2022-04-13,48475671,14723463,False,,15220449,0.314,buy,36283,288.857158,7373684,4739845,0,0.0,sell,0,0.0,16624645,0,9963529,0.2055,buy,53959,121.048579,2793127,3431869,8568230,0.1768,buy,80636,97.00703,2766530,745971,-7.41
2022-04-14,48081481,14723463,False,,15030929,0.3126,buy,36283,288.857158,7373684,4550325,0,0.0,sell,0,0.0,16624645,0,9930614,0.2065,buy,53959,121.048579,2793127,3398954,8396475,0.1746,buy,80636,97.00703,2766530,574216,-8.16
2022-04-18,48076695,14723463,False,,15037108,0.3128,buy,36283,288.857158,7373684,4556504,0,0.0,sell,0,0.0,16624645,0,9961371,0.2072,buy,53959,121.048579,2793127,3429711,8354754,0.1738,buy,80636,97.00703,2766530,532495,-8.17
2022-04-19,48106310,14723463,False,,15279849,0.3176,buy,36283,288.857158,7373684,4799245,0,0.0,sell,0,0.0,16624645,0,9810826,0.2039,buy,53959,121.048579,2793127,3279165,8292172,0.1724,buy,80636,97.00703,2766530,469913,-8.11
2022-04-20,48309887,14723463,False,,15268516,0.3161,buy,36283,288.857158,7373684,4787912,0,0.0,sell,0,0.0,16624645,0,9858849,0.2041,buy,53959,121.048579,2793127,3327189,8459059,0.1751,buy,80636,97.00703,2766530,636800,-7.72
2022-04-21,47983912,14723463,False,,15040199,0.3134,buy,36283,288.857158,7373684,4559595,0,0.0,sell,0,0.0,16624645,0,9823775,0.2047,buy,53959,121.048579,2793127,3292115,8396475,0.175,buy,80636,97.00703,2766530,574216,-8.35
2022-04-22,47422866,14723463,False,,14627508,0.3084,buy,36283,288.857158,7373684,4146904,0,0.0,sell,0,0.0,16624645,0,9728268,0.2051,buy,53959,121.048579,2793127,3196607,8343627,0.1759,buy,80636,97.00703,2766530,521368,-9.42
2022-04-25,47416289,14723463,False,,14712312,0.3103,buy,36283,288.857158,7373684,4231708,0,0.0,sell,0,0.0,16624645,0,9553441,0.2015,buy,53959,121.048579,2793127,3021781,8427072,0.1777,buy,80636,97.00703,2766530,604813,-9.43
2022-04-26,47089612,14723463,False,,14286233,0.3034,buy,36283,288.857158,7373684,3805629,0,0.0,sell,0,0.0,16624645,0,9568010,0.2032,buy,53959,121.048579,2793127,3036350,8511906,0.1808,buy,80636,97.00703,2766530,689647,-10.05
2022-04-27,46948305,14723463,False,,14326401,0.3052,buy,36283,288.857158,7373684,3845797,0,0.0,sell,0,0.0,16624645,0,9495705,0.2023,buy,53959,121.048579,2793127,2964044,8402736,0.179,buy,80636,97.00703,2766530,580477,-10.32
2022-04-28,47373958,14723463,False,,14688279,0.31,buy,36283,288.857158,7373684,4207675,0,0.0,sell,0,0.0,16624645,0,9546965,0.2015,buy,53959,121.048579,2793127,3015305,8415251,0.1776,buy,80636,97.00703,2766530,592992,-9.51
2022-04-29,46720896,14723463,False,,14145466,0.3028,sell,36283,288.857158,7373684,3664862,0,0.0,sell,0,0.0,16624645,0,9545887,0.2043,buy,53959,121.048579,2793127,3014227,8306080,0.1778,buy,80636,97.00703,2766530,483821,-10.76
2022-05-02,46359891,28828885,False,,0,0.0,sell,0,0.0,10998503,0,0,0.0,sell,0,0.0,16624645,0,9368901,0.2021,buy,53959,121.048579,2793127,2837241,8162105,0.1761,buy,80636,97.00703,2766530,339846,-11.45
2022-05-03,46426071,27815943,True,monthly,0,0.0,sell,0,0.0,10998503,0,0,0.0,sell,0,0.0,16624645,0,9296406,0.2002,buy,53400,121.048579,2822374,2832412,9313722,0.2006,buy,91397,97.728742,2766530,381608,-11.32
2022-05-04,46568701,27815943,False,,0,0.0,sell,0,0.0,10998503,0,0,0.0,sell,0,0.0,16624645,0,9387720,0.2016,buy,53400,121.048579,2822374,2923726,9365038,0.2011,buy,91397,97.728742,2766530,432924,-11.05
2022-05-05,46276337,27815943,False,,0,0.0,sell,0,0.0,10998503,0,0,0.0,sell,0,0.0,16624645,0,9351942,0.2021,buy,53400,121.048579,2822374,2887948,9108451,0.1968,buy,91397,97.728742,2766530,176337,-11.61
2022-05-06,46157605,27815943,False,,0,0.0,sell,0,0.0,10998503,0,0,0.0,sell,0,0.0,16624645,0,9367428,0.2029,buy,53400,121.048579,2822374,2903434,8974233,0.1944,buy,91397,97.728742,2766530,42119,-11.83
2022-05-09,46100920,27815943,False,,0,0.0,sell,0,0.0,10998503,0,0,0.0,sell,0,0.0,16624645,0,9231792,0.2003,buy,53400,121.048579,2822374,2767798,9053185,0.1964,buy,91397,97.728742,2766530,121071,-11.94
2022-05-10,46105064,27815943,False,,0,0.0,sell,0,0.0,10998503,0,0,0.0,sell,0,0.0,16624645,0,9153828,0.1985,buy,53400,121.048579,2822374,2689834,9135293,0.1981,buy,91397,97.728742,2766530,203179,-11.94
2022-05-11,46355884,27815943,False,,0,0.0,sell,0,0.0,10998503,0,0,0.0,sell,0,0.0,16624645,0,9228588,0.1991,buy,53400,121.048579,2822374,2764594,9311353,0.2009,buy,91397,97.728742,2766530,379239,-11.46
2022-05-12,46197005,27815943,False,,0,0.0,sell,0,0.0,10998503,0,0,0.0,sell,0,0.0,16624645,0,9087078,0.1967,buy,53400,121.048579,2822374,2623084,9293983,0.2012,buy,91397,97.728742,2766530,361870,-11.76
2022-05-13,45985940,27815943,False,,0,0.0,sell,0,0.0,10998503,0,0,0.0,sell,0,0.0,16624645,0,9013386,0.196,buy,53400,121.048579,2822374,2549392,9156611,0.1991,buy,91397,97.728742,2766530,224497,-12.16
2022-05-16,46062436,27815943,False,,0,0.0,sell,0,0.0,10998503,0,0,0.0,sell,0,0.0,16624645,0,9099360,0.1975,buy,53400,121.048579,2822374,2635366,9147133,0.1986,buy,91397,97.728742,2766530,215019,-12.02
2022-05-17,45894770,27815943,False,,0,0.0,sell,0,0.0,10998503,0,0,0.0,sell,0,0.0,16624645,0,9042222,0.197,buy,53400,121.048579,2822374,2578228,9036604,0.1969,buy,91397,97.728742,2766530,104491,-12.34
2022-05-18,46092217,27815943,False,,0,0.0,sell,0,0.0,10998503,0,0,0.0,sell,0,0.0,16624645,0,9047028,0.1963,buy,53400,121.048579,2822374,2583034,9229246,0.2002,buy,91397,97.728742,2766530,297132,-11.96
2022-05-19,46247288,27815943,False,,0,0.0,sell,0,0.0,10998503,0,0,0.0,sell,0,0.0,16624645,0,9179994,0.1985,buy,53400,121.048579,2822374,2716000,9251350,0.2,buy,91397,97.728742,2766530,319236,-11.66
2022-05-20,46358698,27815943,False,,0,0.0,sell,0,0.0,10998503,0,0,0.0,sell,0,0.0,16624645,0,9186402,0.1982,buy,53400,121.048579,2822374,2722408,9356352,0.2018,buy,91397,97.728742,2766530,424238,-11.45
2022-05-23,46247466,27815943,False,,0,0.0,sell,0,0.0,10998503,0,0,0.0,sell,0,0.0,16624645,0,9229122,0.1996,buy,53400,121.048579,2822374,2765128,9202401,0.199,buy,91397,97.728742,2766530,270287,-11.66
2022-05-24,46498471,27815943,False,,0,0.0,sell,0,0.0,10998503,0,0,0.0,sell,0,0.0,16624645,0,9298542,0.2,buy,53400,121.048579,2822374,2834548,9383985,0.2018,buy,91397,97.728742,2766530,451871,-11.18
2022-05-25,46479507,27815943,False,,0,0.0,sell,0,0.0,10998503,0,0,0.0,sell,0,0.0,16624645,0,9242472,0.1989,buy,53400,121.048579,2822374,2778478,9421091,0.2027,buy,91397,97.728742,2766530,488978,-11.22
2022-05-26,46419787,27815943,False,,0,0.0,sell,0,0.0,10998503,0,0,0.0,sell,0,0.0,16624645,0,9225384,0.1987,buy,53400,121.048579,2822374,2761390,9378460,0.202,buy,91397,97.728742,2766530,446346,-11.33
2022-05-27,46447489,27815943,False,,0,0.0,sell,0,0.0,10998503,0,0,0.0,sell,0,0.0,16624645,0,9230190,0.1987,buy,53400,121.048579,2822374,2766196,9401356,0.2024,buy,91397,97.728742,2766530,469242,-11.28
2022-05-31,46157220,27815943,False,,0,0.0,sell,0,0.0,10998503,0,0,0.0,sell,0,0.0,16624645,0,9138876,0.198,buy,53400,121.048579,2822374,2674882,9202401,0.1994,buy,91397,97.728742,2766530,270287,-11.84
2022-06-01,46204906,27815943,False,,0,0.0,sell,0,0.0,10998503,0,0,0.0,sell,0,0.0,16624645,0,9197082,0.199,buy,53400,121.048579,2822374,2733088,9191881,0.1989,buy,91397,97.728742,2766530,259767,-11.74
2022-06-02,46322860,27815943,False,,0,0.0,sell,0,0.0,10998503,0,0,0.0,sell,0,0.0,16624645,0,9310290,0.201,buy,53400,121.048579,2822374,2846296,9196627,0.1985,buy,91397,97.728742,2766530,264513,-11.52
2022-06-03,46208570,27815943,False,,0,0.0,sell,0,0.0,10998503,0,0,0.0,sell,0,0.0,16624645,0,9215772,0.1994,buy,53400,121.048579,2822374,2751778,9176854,0.1986,buy,91397,97.728742,2766530,244741,-11.74
2022-06-06,45998735,27815943,False,,0,0.0,sell,0,0.0,10998503,0,0,0.0,sell,0,0.0,16624645,0,9175188,0.1995,buy,53400,121.048579,2822374,2711194,9007603,0.1958,buy,91397,97.728742,2766530,75489,-12.14
2022-06-07,46155822,27815943,False,,0,0.0,sell,0,0.0,10998503,0,0,0.0,sell,0,0.0,16624645,0,9234996,0.2001,buy,53400,121.048579,2822374,2771002,9104883,0.1973,buy,91397,97.728742,2766530,172769,-11.84
2022-06-08,46066604,27815943,False,,0,0.0,sell,0,0.0,10998503,0,0,0.0,sell,0,0.0,16624645,0,9226452,0.2003,buy,53400,121.048579,2822374,2762458,9024209,0.1959,buy,91397,97.728742,2766530,92095,-12.01
2022-06-09,46067289,27815943,False,,0,0.0,sell,0,0.0,10998503,0,0,0.0,sell,0,0.0,16624645,0,9197082,0.1996,buy,53400,121.048579,2822374,2733088,9054264,0.1965,buy,91397,97.728742,2766530,122150,-12.01
2022-06-10,46134491,27815943,False,,0,0.0,sell,0,0.0,10998503,0,0,0.0,sell,0,0.0,16624645,0,9320436,0.202,buy,53400,121.048579,2822374,2856442,8998112,0.195,buy,91397,97.728742,2766530,65998,-11.88
2022-06-13,45605961,27815943,False,,0,0.0,sell,0,0.0,10998503,0,0,0.0,sell,0,0.0,16624645,0,9074262,0.199,buy,53400,121.048579,2822374,2610268,8715756,0.1911,buy,91397,97.728742,2766530,-216358,-12.89
2022-06-14,45423402,27815943,False,,0,0.0,sell,0,0.0,10998503,0,0,0.0,sell,0,0.0,16624645,0,9001638,0.1982,buy,53400,121.048579,2822374,2537644,8605820,0.1895,buy,91397,97.728742,2766530,-326294,-13.24
2022-06-15,45701437,27815943,False,,0,0.0,sell,0,0.0,10998503,0,0,0.0,sell,0,0.0,16624645,0,9119118,0.1995,buy,53400,121.048579,2822374,2655124,8766375,0.1918,buy,91397,97.728742,2766530,-165738,-12.71
2022-06-16,45873565,27815943,False,,0,0.0,sell,0,0.0,10998503,0,0,0.0,sell,0,0.0,16624645,0,9221646,0.201,buy,53400,121.048579,2822374,2757652,8835975,0.1926,buy,91397,97.728742,2766530,-96138,-12.38
2022-06-17,45826209,27815943,False,,0,0.0,sell,0,0.0,10998503,0,0,0.0,sell,0,0.0,16624645,0,9145818,0.1996,buy,53400,121.048579,2822374,2681824,8864448,0.1934,buy,91397,97.728742,2766530,-67666,-12.47
2022-06-21,45641763,27815943,False,,0,0.0,sell,0,0.0,10998503,0,0,0.0,sell,0,0.0,16624645,0,9111642,0.1996,buy,53400,121.048579,2822374,2647648,8714177,0.1909,buy,91397,97.728742,2766530,-217937,-12.82
2022-06-22,45917716,27815943,False,,0,0.0,sell,0,0.0,10998503,0,0,0.0,sell,0,0.0,16624645,0,9147954,0.1992,buy,53400,121.048579,2822374,2683960,8953819,0.195,buy,91397,97.728742,2766530,21705,-12.29
2022-06-23,45935202,27815943,False,,0,0.0,sell,0,0.0,10998503,0,0,0.0,sell,0,0.0,16624645,0,9091884,0.1979,buy,53400,121.048579,2822374,2627890,9027375,0.1965,buy,91397,97.728742,2766530,95261,-12.26
2022-06-24,45801158,27815943,False,,0,0.0,sell,0,0.0,10998503,0,0,0.0,sell,0,0.0,16624645,0,9082806,0.1983,buy,53400,121.048579,2822374,2618812,8902409,0.1944,buy,91397,97.728742,2766530,-29705,-12.52
2022-06-27,45715089,27815943,False,,0,0.0,sell,0,0.0,10998503,0,0,0.0,sell,0,0.0,16624645,0,9072660,0.1985,buy,53400,121.048579,2822374,2608666,8826486,0.1931,buy,91397,97.728742,2766530,-105628,-12.68
2022-06-28,45741262,27815943,False,,0,0.0,sell,0,0.0,10998503,0,0,0.0,sell,0,0.0,16624645,0,9057708,0.198,buy,53400,121.048579,2822374,2593714,8867611,0.1939,buy,91397,97.728742,2766530,-64503,-12.63
2022-06-29,45872727,27815943,False,,0,0.0,sell,0,0.0,10998503,0,0,0.0,sell,0,0.0,16624645,0,9050766,0.1973,buy,53400,121.048579,2822374,2586772,9006018,0.1963,buy,91397,97.728742,2766530,73904,-12.38
2022-06-30,45896817,27815943,False,,0,0.0,sell,0,0.0,10998503,0,0,0.0,sell,0,0.0,16624645,0,8995764,0.196,buy,53400,121.048579,2822374,2531770,9085109,0.1979,buy,91397,97.728742,2766530,152995,-12.33
2022-07-01,45982615,27815943,False,,0,0.0,sell,0,0.0,10998503,0,0,0.0,sell,0,0.0,16624645,0,8988288,0.1955,buy,53400,121.048579,2822374,2524294,9178383,0.1996,buy,91397,97.728742,2766530,246269,-12.17
2022-07-05,45864092,27815943,False,,0,0.0,sell,0,0.0,10998503,0,0,0.0,sell,0,0.0,16624645,0,8797650,0.1918,buy,53400,121.048579,2822374,2333656,9250499,0.2017,buy,91397,97.728742,2766530,318385,-12.4
2022-07-06,45569393,27815943,False,,0,0.0,sell,0,0.0,10998503,0,0,0.0,sell,0,0.0,16624645,0,8658276,0.19,buy,53400,121.048579,2822374,2194282,9095174,0.1996,buy,91397,97.728742,2766530,163060,-12.96
2022-07-07,45494160,27815943,False,,0,0.0,sell,0,0.0,10998503,0,0,0.0,sell,0,0.0,16624645,0,8663082,0.1904,buy,53400,121.048579,2822374,2199088,9015134,0.1982,buy,91397,97.728742,2766530,83021,-13.1
2022-07-08,45398045,27815943,False,,0,0.0,sell,0,0.0,10998503,0,0,0.0,sell,0,0.0,16624645,0,8666820,0.1909,buy,53400,121.048579,2822374,2202826,8915282,0.1964,buy,91397,97.728742,2766530,-16832,-13.29
2022-07-11,45505328,27815943,False,,0,0.0,sell,0,0.0,10998503,0,0,0.0,sell,0,0.0,16624645,0,8620362,0.1894,buy,53400,121.048579,2822374,2156368,9069023,0.1993,buy,91397,97.728742,2766530,136909,-13.08
2022-07-12,45527176,27815943,False,,0,0.0,sell,0,0.0,10998503,0,0,0.0,sell,0,0.0,16624645,0,8588322,0.1886,buy,53400,121.048579,2822374,2124328,9122911,0.2004,buy,91397,97.728742,2766530,190797,-13.04
2022-07-13,45672900,27815943,False,,0,0.0,sell,0,0.0,10998503,0,0,0.0,sell,0,0.0,16624645,0,8629440,0.1889,buy,53400,121.048579,2822374,2165446,9227516,0.202,buy,91397,97.728742,2766530,295403,-12.76
2022-07-14,45476399,27815943,False,,0,0.0,sell,0,0.0,10998503,0,0,0.0,sell,0,0.0,16624645,0,8508222,0.1871,buy,53400,121.048579,2822374,2044228,9152234,0.2013,buy,91397,97.728742,2766530,220120,-13.14
2022-07-15,45510820,27815943,False,,0,0.0,sell,0,0.0,10998503,0,0,0.0,sell,0,0.0,16624645,0,8491134,0.1866,buy,53400,121.048579,2822374,2027140,9203743,0.2022,buy,91397,97.728742,2766530,271629,-13.07
2022-07-18,45422941,27815943,False,,0,0.0,sell,0,0.0,10998503,0,0,0.0,sell,0,0.0,16624645,0,8499144,0.1871,buy,53400,121.048579,2822374,2035150,9107853,0.2005,buy,91397,97.728742,2766530,175740,-13.24
2022-07-19,45394098,27815943,False,,0,0.0,sell,0,0.0,10998503,0,0,0.0,sell,0,0.0,16624645,0,8519436,0.1877,buy,53400,121.048579,2822374,2055442,9058719,0.1996,buy,91397,97.728742,2766530,126606,-13.29
2022-07-20,45337774,27815943,False,,0,0.0,sell,0,0.0,10998503,0,0,0.0,sell,0,0.0,16624645,0,8439336,0.1861,buy,53400,121.048579,2822374,1975342,9082495,0.2003,buy,91397,97.728742,2766530,150381,-13.4
2022-07-21,45613763,27815943,False,,0,0.0,sell,0,0.0,10998503,0,0,0.0,sell,0,0.0,16624645,0,8558418,0.1876,buy,53400,121.048579,2822374,2094424,9239402,0.2026,buy,91397,97.728742,2766530,307288,-12.87
2022-07-22,45790448,27815943,False,,0,0.0,sell,0,0.0,10998503,0,0,0.0,sell,0,0.0,16624645,0,8579778,0.1874,buy,53400,121.048579,2822374,2115784,9394727,0.2052,buy,91397,97.728742,2766530,462613,-12.54
2022-07-25,45675028,27815943,False,,0,0.0,sell,0,0.0,10998503,0,0,0.0,sell,0,0.0,16624645,0,8556282,0.1873,buy,53400,121.048579,2822374,2092288,9302803,0.2037,buy,91397,97.728742,2766530,370689,-12.76
2022-07-26,45672010,27815943,False,,0,0.0,sell,0,0.0,10998503,0,0,0.0,sell,0,0.0,16624645,0,8546136,0.1871,buy,53400,121.048579,2822374,2082142,9309931,0.2038,buy,91397,97.728742,2766530,377818,-12.76
2022-07-27,45706751,27815943,False,,0,0.0,sell,0,0.0,10998503,0,0,0.0,sell,0,0.0,16624645,0,8633178,0.1889,buy,53400,121.048579,2822374,2169184,9257629,0.2025,buy,91397,97.728742,2766530,325516,-12.7
2022-07-28,45885649,27815943,False,,0,0.0,sell,0,0.0,10998503,0,0,0.0,sell,0,0.0,16624645,0,8738376,0.1904,buy,53400,121.048579,2822374,2274382,9331330,0.2034,buy,91397,97.728742,2766530,399216,-12.35
2022-07-29,45884854,27815943,False,,0,0.0,sell,0,0.0,10998503,0,0,0.0,sell,0,0.0,16624645,0,8762940,0.191,buy,53400,121.048579,2822374,2298946,9305970,0.2028,buy,91397,97.728742,2766530,373856,-12.36
2022-08-01,46158637,27815943,False,,0,0.0,sell,0,0.0,10998503,0,0,0.0,sell,0,0.0,16624645,0,8812602,0.1909,buy,53400,121.048579,2822374,2348608,9530092,0.2065,buy,91397,97.728742,2766530,597978,-11.83
2022-08-02,45904649,27815943,False,,0,0.0,sell,0,0.0,10998503,0,0,0.0,sell,0,0.0,16624645,0,8760270,0.1908,buy,53400,121.048579,2822374,2296276,9328435,0.2032,buy,91397,97.728742,2766530,396321,-12.32
2022-08-03,46072886,27815943,False,,0,0.0,sell,0,0.0,10998503,0,0,0.0,sell,0,0.0,16624645,0,8781630,0.1906,buy,53400,121.048579,2822374,2317636,9475313,0.2057,buy,91397,97.728742,2766530,543199,-12.0
2022-08-04,46214956,27815943,False,,0,0.0,sell,0,0.0,10998503,0,0,0.0,sell,0,0.0,16624645,0,8926878,0.1932,buy,53400,121.048579,2822374,2462884,9472135,0.205,buy,91397,97.728742,2766530,540021,-11.73
2022-08-05,45889097,27815943,False,,0,0.0,sell,0,0.0,10998503,0,0,0.0,sell,0,0.0,16624645,0,8826486,0.1923,buy,53400,121.048579,2822374,2362492,9246668,0.2015,buy,91397,97.728742,2766530,314554,-12.35
2022-08-08,46113108,27815943,False,,0,0.0,sell,0,0.0,10998503,0,0,0.0,sell,0,0.0,16624645,0,8901246,0.193,buy,53400,121.048579,2822374,2437252,9395919,0.2038,buy,91397,97.728742,2766530,463805,-11.92
2022-08-09,46103825,27815943,False,,0,0.0,sell,0,0.0,10998503,0,0,0.0,sell,0,0.0,16624645,0,8928480,0.1937,buy,53400,121.048579,2822374,2464486,9359402,0.203,buy,91397,97.728742,2766530,427288,-11.94
2022-08-10,46020264,27815943,False,,0,0.0,sell,0,0.0,10998503,0,0,0.0,sell,0,0.0,16624645,0,8906052,0.1935,buy,53400,121.048579,2822374,2442058,9298269,0.202,buy,91397,97.728742,2766530,366155,-12.1
2022-08-11,45780033,27815943,False,,0,0.0,sell,0,0.0,10998503,0,0,0.0,sell,0,0.0,16624645,0,8882556,0.194,buy,53400,121.048579,2822374,2418562,9081534,0.1984,buy,91397,97.728742,2766530,149420,-12.56
2022-08-12,45953828,27815943,False,,0,0.0,sell,0,0.0,10998503,0,0,0.0,sell,0,0.0,16624645,0,8964258,0.1951,buy,53400,121.048579,2822374,2500264,9173627,0.1996,buy,91397,97.728742,2766530,241513,-12.22
2022-08-15,45830545,27815943,False,,0,0.0,sell,0,0.0,10998503,0,0,0.0,sell,0,0.0,16624645,0,8848914,0.1931,buy,53400,121.048579,2822374,2384920,9165687,0.2,buy,91397,97.728742,2766530,233573,-12.46
2022-08-16,45853165,27815943,False,,0,0.0,sell,0,0.0,10998503,0,0,0.0,sell,0,0.0,16624645,0,8833428,0.1926,buy,53400,121.048579,2822374,2369434,9203794,0.2007,buy,91397,97.728742,2766530,271680,-12.42
2022-08-17,45699963,27815943,False,,0,0.0,sell,0,0.0,10998503,0,0,0.0,sell,0,0.0,16624645,0,8776290,0.192,buy,53400,121.048579,2822374,2312296,9107729,0.1993,buy,91397,97.728742,2766530,175616,-12.71
2022-08-18,45690499,27815943,False,,0,0.0,sell,0,0.0,10998503,0,0,0.0,sell,0,0.0,16624645,0,8753328,0.1916,buy,53400,121.048579,2822374,2289334,9121228,0.1996,buy,91397,97.728742,2766530,189114,-12.73
2022-08-19,45479545,27815943,False,,0,0.0,sell,0,0.0,10998503,0,0,0.0,sell,0,0.0,16624645,0,8689248,0.1911,buy,53400,121.048579,2822374,2225254,8974354,0.1973,buy,91397,97.728742,2766530,42240,-13.13
2022-08-22,45391704,27815943,False,,0,0.0,sell,0,0.0,10998503,0,0,0.0,sell,0,0.0,16624645,0,8631576,0.1902,buy,53400,121.048579,2822374,2167582,8944184,0.197,buy,91397,97.728742,2766530,12071,-13.3
2022-08-23,45402827,27815943,False,,0,0.0,sell,0,0.0,10998503,0,0,0.0,sell,0,0.0,16624645,0,8691918,0.1914,buy,53400,121.048579,2822374,2227924,8894965,0.1959,buy,91397,97.728742,2766530,-37149,-13.28
2022-08-24,45363356,27815943,False,,0,0.0,sell,0,0.0,10998503,0,0,0.0,sell,0,0.0,16624645,0,8717550,0.1922,buy,53400,121.048579,2822374,2253556,8829863,0.1946,buy,91397,97.728742,2766530,-102251,-13.35
2022-08-25,45513111,27815943,False,,0,0.0,sell,0,0.0,10998503,0,0,0.0,sell,0,0.0,16624645,0,8744250,0.1921,buy,53400,121.048579,2822374,2280256,8952917,0.1967,buy,91397,97.728742,2766530,20804,-13.07
2022-08-26,45474330,27815943,False,,0,0.0,sell,0,0.0,10998503,0,0,0.0,sell,0,0.0,16624645,0,8637984,0.19,buy,53400,121.048579,2822374,2173990,9020403,0.1984,buy,91397,97.728742,2766530,88289,-13.14
2022-08-29,45405040,27815943,False,,0,0.0,sell,0,0.0,10998503,0,0,0.0,sell,0,0.0,16624645,0,8643324,0.1904,buy,53400,121.048579,2822374,2179330,8945773,0.197,buy,91397,97.728742,2766530,13659,-13.27
2022-08-30,45355182,27815943,False,,0,0.0,sell,0,0.0,10998503,0,0,0.0,sell,0,0.0,16624645,0,8571234,0.189,buy,53400,121.048579,2822374,2107240,8968005,0.1977,buy,91397,97.728742,2766530,35891,-13.37
2022-08-31,45203221,27815943,False,,0,0.0,sell,0,0.0,10998503,0,0,0.0,sell,0,0.0,16624645,0,8505018,0.1882,buy,53400,121.048579,2822374,2041024,8882260,0.1965,buy,91397,97.728742,2766530,-49854,-13.66
2022-09-01,44965843,27815943,False,,0,0.0,sell,0,0.0,10998503,0,0,0.0,sell,0,0.0,16624645,0,8430258,0.1875,buy,53400,121.048579,2822374,1966264,8719642,0.1939,buy,91397,97.728742,2766530,-212472,-14.11
2022-09-02,45089394,27815943,False,,0,0.0,sell,0,0.0,10998503,0,0,0.0,sell,0,0.0,16624645,0,8504484,0.1886,buy,53400,121.048579,2822374,2040490,8768967,0.1945,buy,91397,97.728742,2766530,-163147,-13.88
2022-09-06,44822539,27815943,False,,0,0.0,sell,0,0.0,10998503,0,0,0.0,sell,0,0.0,16624645,0,8454822,0.1886,buy,53400,121.048579,2822374,1990828,8551773,0.1908,buy,91397,97.728742,2766530,-380341,-14.39
2022-09-07,45043764,27815943,False,,0,0.0,sell,0,0.0,10998503,0,0,0.0,sell,0,0.0,16624645,0,8540796,0.1896,buy,53400,121.048579,2822374,2076802,8687024,0.1929,buy,91397,97.728742,2766530,-245089,-13.96
2022-09-08,44903395,27815943,False,,0,0.0,sell,0,0.0,10998503,0,0,0.0,sell,0,0.0,16624645,0,8489532,0.1891,buy,53400,121.048579,2822374,2025538,8597920,0.1915,buy,91397,97.728742,2766530,-334194,-14.23
2022-09-09,44967345,27815943,False,,0,0.0,sell,0,0.0,10998503,0,0,0.0,sell,0,0.0,16624645,0,8534388,0.1898,buy,53400,121.048579,2822374,2070394,8617013,0.1916,buy,91397,97.728742,2766530,-315101,-14.11
2022-09-12,44939789,27815943,False,,0,0.0,sell,0,0.0,10998503,0,0,0.0,sell,0,0.0,16624645,0,8577642,0.1909,buy,53400,121.048579,2822374,2113648,8546203,0.1902,buy,91397,97.728742,2766530,-385911,-14.16
2022-09-13,44848073,27815943,False,,0,0.0,sell,0,0.0,10998503,0,0,0.0,sell,0,0.0,16624645,0,8466036,0.1888,buy,53400,121.048579,2822374,2002042,8566094,0.191,buy,91397,97.728742,2766530,-366020,-14.34
2022-09-14,44844936,27815943,False,,0,0.0,sell,0,0.0,10998503,0,0,0.0,sell,0,0.0,16624645,0,8433462,0.1881,buy,53400,121.048579,2822374,1969468,8595531,0.1917,buy,91397,97.728742,2766530,-336583,-14.34
2022-09-15,44681837,27815943,False,,0,0.0,sell,0,0.0,10998503,0,0,0.0,sell,0,0.0,16624645,0,8275932,0.1852,buy,53400,121.048579,2822374,1811938,8589962,0.1922,buy,91397,97.728742,2766530,-342152,-14.65
2022-09-16,44656159,27815943,False,,0,0.0,sell,0,0.0,10998503,0,0,0.0,sell,0,0.0,16624645,0,8321856,0.1864,buy,53400,121.048579,2822374,1857862,8518360,0.1908,buy,91397,97.728742,2766530,-413754,-14.7
2022-09-19,44682458,27815943,False,,0,0.0,sell,0,0.0,10998503,0,0,0.0,sell,0,0.0,16624645,0,8328264,0.1864,buy,53400,121.048579,2822374,1864270,8538250,0.1911,buy,91397,97.728742,2766530,-393863,-14.65
2022-09-20,44549805,27815943,False,,0,0.0,sell,0,0.0,10998503,0,0,0.0,sell,0,0.0,16624645,0,8280738,0.1859,buy,53400,121.048579,2822374,1816744,8453123,0.1897,buy,91397,97.728742,2766530,-478991,-14.91
2022-09-21,44729865,27815943,False,,0,0.0,sell,0,0.0,10998503,0,0,0.0,sell,0,0.0,16624645,0,8319186,0.186,buy,53400,121.048579,2822374,1855192,8594736,0.1921,buy,91397,97.728742,2766530,-337378,-14.56
2022-09-22,44505474,27815943,False,,0,0.0,sell,0,0.0,10998503,0,0,0.0,sell,0,0.0,16624645,0,8314380,0.1868,buy,53400,121.048579,2822374,1850386,8375150,0.1882,buy,91397,97.728742,2766530,-556963,-14.99
2022-09-23,44396041,27815943,False,,0,0.0,sell,0,0.0,10998503,0,0,0.0,sell,0,0.0,16624645,0,8170734,0.184,buy,53400,121.048579,2822374,1706740,8409364,0.1894,buy,91397,97.728742,2766530,-522750,-15.2
2022-09-26,44140280,27815943,False,,0,0.0,sell,0,0.0,10998503,0,0,0.0,sell,0,0.0,16624645,0,8075682,0.183,buy,53400,121.048579,2822374,1611688,8248655,0.1869,buy,91397,97.728742,2766530,-683459,-15.69
2022-09-27,43939637,27815943,False,,0,0.0,sell,0,0.0,10998503,0,0,0.0,sell,0,0.0,16624645,0,8092236,0.1842,buy,53400,121.048579,2822374,1628242,8031458,0.1828,buy,91397,97.728742,2766530,-900655,-16.07
2022-09-28,44376759,27815943,False,,0,0.0,sell,0,0.0,10998503,0,0,0.0,sell,0,0.0,16624645,0,8260446,0.1861,buy,53400,121.048579,2822374,1796452,8300369,0.187,buy,91397,97.728742,2766530,-631744,-15.24
2022-09-29,44332194,27815943,False,,0,0.0,sell,0,0.0,10998503,0,0,0.0,sell,0,0.0,16624645,0,8258844,0.1863,buy,53400,121.048579,2822374,1794850,8257406,0.1863,buy,91397,97.728742,2766530,-674707,-15.32
2022-09-30,44226118,27815943,False,,0,0.0,sell,0,0.0,10998503,0,0,0.0,sell,0,0.0,16624645,0,8259378,0.1868,buy,53400,121.048579,2822374,1795384,8150797,0.1843,buy,91397,97.728742,2766530,-781317,-15.52
2022-10-03,44556414,27815943,False,,0,0.0,sell,0,0.0,10998503,0,0,0.0,sell,0,0.0,16624645,0,8460162,0.1899,buy,53400,121.048579,2822374,1996168,8280309,0.1858,buy,91397,97.728742,2766530,-651804,-14.89
2022-10-04,44654504,27815943,False,,0,0.0,sell,0,0.0,10998503,0,0,0.0,sell,0,0.0,16624645,0,8581380,0.1922,buy,53400,121.048579,2822374,2117386,8257181,0.1849,buy,91397,97.728742,2766530,-674933,-14.71
2022-10-05,44528028,27815943,False,,0,0.0,sell,0,0.0,10998503,0,0,0.0,sell,0,0.0,16624645,0,8533854,0.1917,buy,53400,121.048579,2822374,2069860,8178230,0.1837,buy,91397,97.728742,2766530,-753883,-14.95
2022-10-06,44472962,27815943,False,,0,0.0,sell,0,0.0,10998503,0,0,0.0,sell,0,0.0,16624645,0,8524242,0.1917,buy,53400,121.048579,2822374,2060248,8132776,0.1829,buy,91397,97.728742,2766530,-799338,-15.05
2022-10-07,44300558,27815943,False,,0,0.0,sell,0,0.0,10998503,0,0,0.0,sell,0,0.0,16624645,0,8430792,0.1903,buy,53400,121.048579,2822374,1966798,8053822,0.1818,buy,91397,97.728742,2766530,-878292,-15.38
2022-10-10,44047193,27815943,False,,0,0.0,sell,0,0.0,10998503,0,0,0.0,sell,0,0.0,16624645,0,8302632,0.1885,buy,53400,121.048579,2822374,1838638,7928618,0.18,buy,91397,97.728742,2766530,-1003496,-15.87
2022-10-11,44065195,27815943,False,,0,0.0,sell,0,0.0,10998503,0,0,0.0,sell,0,0.0,16624645,0,8285544,0.188,buy,53400,121.048579,2822374,1821550,7963707,0.1807,buy,91397,97.728742,2766530,-968407,-15.83
2022-10-12,44148593,27815943,False,,0,0.0,sell,0,0.0,10998503,0,0,0.0,sell,0,0.0,16624645,0,8329866,0.1887,buy,53400,121.048579,2822374,1865872,8002783,0.1813,buy,91397,97.728742,2766530,-929331,-15.67
2022-10-13,44014362,27815943,False,,0,0.0,sell,0,0.0,10998503,0,0,0.0,sell,0,0.0,16624645,0,8272194,0.1879,buy,53400,121.048579,2822374,1808200,7926225,0.1801,buy,91397,97.728742,2766530,-1005889,-15.93
2022-10-14,43845905,27815943,False,,0,0.0,sell,0,0.0,10998503,0,0,0.0,sell,0,0.0,16624645,0,8169132,0.1863,buy,53400,121.048579,2822374,1705138,7860830,0.1793,buy,91397,97.728742,2766530,-1071284,-16.25
2022-10-17,43831120,27815943,False,,0,0.0,sell,0,0.0,10998503,0,0,0.0,sell,0,0.0,16624645,0,8192628,0.1869,buy,53400,121.048579,2822374,1728634,7822549,0.1785,buy,91397,97.728742,2766530,-1109565,-16.28
2022-10-18,43867086,27815943,False,,0,0.0,sell,0,0.0,10998503,0,0,0.0,sell,0,0.0,16624645,0,8210250,0.1872,buy,53400,121.048579,2822374,1746256,7840893,0.1787,buy,91397,97.728742,2766530,-1091221,-16.21
2022-10-19,43614332,27815943,False,,0,0.0,sell,0,0.0,10998503,0,0,0.0,sell,0,0.0,16624645,0,8100246,0.1857,buy,53400,121.048579,2822374,1636252,7698143,0.1765,buy,91397,97.728742,2766530,-1233971,-16.69
2022-10-20,43469932,27815943,False,,0,0.0,sell,0,0.0,10998503,0,0,0.0,sell,0,0.0,16624645,0,8087430,0.186,buy,53400,121.048579,2822374,1623436,7566558,0.1741,buy,91397,97.728742,2766530,-1365556,-16.97
2022-10-21,43477738,27815943,False,,0,0.0,sell,0,0.0,10998503,0,0,0.0,sell,0,0.0,16624645,0,8231610,0.1893,buy,53400,121.048579,2822374,1767616,7430184,0.1709,buy,91397,97.728742,2766530,-1501929,-16.95
2022-10-24,43389634,27815943,False,,0,0.0,sell,0,0.0,10998503,0,0,0.0,sell,0,0.0,16624645,0,8204910,0.1891,buy,53400,121.048579,2822374,1740916,7368781,0.1698,buy,91397,97.728742,2766530,-1563333,-17.12
2022-10-25,43622849,27815943,False,,0,0.0,sell,0,0.0,10998503,0,0,0.0,sell,0,0.0,16624645,0,8223600,0.1885,buy,53400,121.048579,2822374,1759606,7583305,0.1738,buy,91397,97.728742,2766530,-1348808,-16.68
2022-10-26,43784436,27815943,False,,0,0.0,sell,0,0.0,10998503,0,0,0.0,sell,0,0.0,16624645,0,8275932,0.189,buy,53400,121.048579,2822374,1811938,7692560,0.1757,buy,91397,97.728742,2766530,-1239553,-16.37
2022-10-27,43852167,27815943,False,,0,0.0,sell,0,0.0,10998503,0,0,0.0,sell,0,0.0,16624645,0,8263116,0.1884,buy,53400,121.048579,2822374,1799122,7773107,0.1773,buy,91397,97.728742,2766530,-1159007,-16.24
2022-10-28,43714361,27815943,False,,0,0.0,sell,0,0.0,10998503,0,0,0.0,sell,0,0.0,16624645,0,8178744,0.1871,buy,53400,121.048579,2822374,1714750,7719673,0.1766,buy,91397,97.728742,2766530,-1212441,-16.5
2022-10-31,43592586,27815943,False,,0,0.0,sell,0,0.0,10998503,0,0,0.0,sell,0,0.0,16624645,0,8111994,0.1861,buy,53400,121.048579,2822374,1648000,7664649,0.1758,buy,91397,97.728742,2766530,-1267465,-16.73
2022-11-01,43746988,27815943,False,,0,0.0,sell,0,0.0,10998503,0,0,0.0,sell,0,0.0,16624645,0,8194764,0.1873,buy,53400,121.048579,2822374,1730770,7736280,0.1768,buy,91397,97.728742,2766530,-1195834,-16.44
2022-11-02,43639398,26248196,True,monthly,0,0.0,sell,0,0.0,10998503,0,0,0.0,sell,0,0.0,16624645,0,8684249,0.199,buy,56987,123.161861,2822374,1665624,8706953,0.1995,buy,103313,96.26311,2766530,-1238278,-16.64
2022-11-03,43559355,26248196,False,,0,0.0,sell,0,0.0,10998503,0,0,0.0,sell,0,0.0,16624645,0,8651196,0.1986,buy,56987,123.161861,2822374,1632571,8659963,0.1988,buy,103313,96.26311,2766530,-1285268,-16.8
2022-11-04,43679420,26248196,False,,0,0.0,sell,0,0.0,10998503,0,0,0.0,sell,0,0.0,16624645,0,8916756,0.2041,buy,56987,123.161861,2822374,1898131,8514468,0.1949,buy,103313,96.26311,2766530,-1430762,-16.57
2022-11-07,43559142,26248196,False,,0,0.0,sell,0,0.0,10998503,0,0,0.0,sell,0,0.0,16624645,0,8881424,0.2039,buy,56987,123.161861,2822374,1862799,8429522,0.1935,buy,103313,96.26311,2766530,-1515708,-16.8
2022-11-08,43856470,26248196,False,,0,0.0,sell,0,0.0,10998503,0,0,0.0,sell,0,0.0,16624645,0,9086577,0.2072,buy,56987,123.161861,2822374,2067952,8521697,0.1943,buy,103313,96.26311,2766530,-1423534,-16.23
2022-11-09,43838896,26248196,False,,0,0.0,sell,0,0.0,10998503,0,0,0.0,sell,0,0.0,16624645,0,9040987,0.2062,buy,56987,123.161861,2822374,2022362,8549713,0.195,buy,103313,96.26311,2766530,-1395517,-16.26
2022-11-10,44443081,26248196,False,,0,0.0,sell,0,0.0,10998503,0,0,0.0,sell,0,0.0,16624645,0,9316235,0.2096,buy,56987,123.161861,2822374,2297610,8878651,0.1998,buy,103313,96.26311,2766530,-1066580,-15.11
2022-11-11,44472095,26248196,False,,0,0.0,sell,0,0.0,10998503,0,0,0.0,sell,0,0.0,16624645,0,9377781,0.2109,buy,56987,123.161861,2822374,2359156,8846119,0.1989,buy,103313,96.26311,2766530,-1099112,-15.05
2022-11-14,44470924,26248196,False,,0,0.0,sell,0,0.0,10998503,0,0,0.0,sell,0,0.0,16624645,0,9398296,0.2113,buy,56987,123.161861,2822374,2379671,8824432,0.1984,buy,103313,96.26311,2766530,-1120799,-15.06
2022-11-15,44646755,26248196,False,,0,0.0,sell,0,0.0,10998503,0,0,0.0,sell,0,0.0,16624645,0,9431348,0.2112,buy,56987,123.161861,2822374,2412724,8967211,0.2008,buy,103313,96.26311,2766530,-978020,-14.72
2022-11-16,44821200,26248196,False,,0,0.0,sell,0,0.0,10998503,0,0,0.0,sell,0,0.0,16624645,0,9409693,0.2099,buy,56987,123.161861,2822374,2391068,9163311,0.2044,buy,103313,96.26311,2766530,-781920,-14.39
2022-11-17,44656122,26248196,False,,0,0.0,sell,0,0.0,10998503,0,0,0.0,sell,0,0.0,16624645,0,9341309,0.2092,buy,56987,123.161861,2822374,2322684,9066617,0.203,buy,103313,96.26311,2766530,-878613,-14.7
2022-11-18,44529374,26248196,False,,0,0.0,sell,0,0.0,10998503,0,0,0.0,sell,0,0.0,16624645,0,9276913,0.2083,buy,56987,123.161861,2822374,2258288,9004265,0.2022,buy,103313,96.26311,2766530,-940966,-14.95
2022-11-21,44515470,26248196,False,,0,0.0,sell,0,0.0,10998503,0,0,0.0,sell,0,0.0,16624645,0,9225056,0.2072,buy,56987,123.161861,2822374,2206431,9042218,0.2031,buy,103313,96.26311,2766530,-903012,-14.97
2022-11-22,44654620,26248196,False,,0,0.0,sell,0,0.0,10998503,0,0,0.0,sell,0,0.0,16624645,0,9235883,0.2068,buy,56987,123.161861,2822374,2217259,9170541,0.2054,buy,103313,96.26311,2766530,-774689,-14.71
2022-11-23,44872126,26248196,False,,0,0.0,sell,0,0.0,10998503,0,0,0.0,sell,0,0.0,16624645,0,9293440,0.2071,buy,56987,123.161861,2822374,2274815,9330491,0.2079,buy,103313,96.26311,2766530,-614740,-14.29
2022-11-25,44848477,26248196,False,,0,0.0,sell,0,0.0,10998503,0,0,0.0,sell,0,0.0,16624645,0,9301418,0.2074,buy,56987,123.161861,2822374,2282793,9298864,0.2073,buy,103313,96.26311,2766530,-646367,-14.34
2022-11-28,44801171,26248196,False,,0,0.0,sell,0,0.0,10998503,0,0,0.0,sell,0,0.0,16624645,0,9227905,0.206,buy,56987,123.161861,2822374,2209280,9325071,0.2081,buy,103313,96.26311,2766530,-620160,-14.43
2022-11-29,44737416,26248196,False,,0,0.0,sell,0,0.0,10998503,0,0,0.0,sell,0,0.0,16624645,0,9273494,0.2073,buy,56987,123.161861,2822374,2254869,9215726,0.206,buy,103313,96.26311,2766530,-729505,-14.55
2022-11-30,44923720,26248196,False,,0,0.0,sell,0,0.0,10998503,0,0,0.0,sell,0,0.0,16624645,0,9392027,0.2091,buy,56987,123.161861,2822374,2373402,9283497,0.2067,buy,103313,96.26311,2766530,-661733,-14.19
2022-12-01,45392963,26248196,False,,0,0.0,sell,0,0.0,10998503,0,0,0.0,sell,0,0.0,16624645,0,9564698,0.2107,buy,56987,123.161861,2822374,2546073,9580070,0.211,buy,103313,96.26311,2766530,-365161,-13.3
2022-12-02,45480386,26248196,False,,0,0.0,sell,0,0.0,10998503,0,0,0.0,sell,0,0.0,16624645,0,9531645,0.2096,buy,56987,123.161861,2822374,2513020,9700545,0.2133,buy,103313,96.26311,2766530,-244685,-13.13
2022-12-05,45180959,26248196,False,,0,0.0,sell,0,0.0,10998503,0,0,0.0,sell,0,0.0,16624645,0,9368093,0.2073,buy,56987,123.161861,2822374,2349468,9564670,0.2117,buy,103313,96.26311,2766530,-380560,-13.7
2022-12-06,45329795,26248196,False,,0,0.0,sell,0,0.0,10998503,0,0,0.0,sell,0,0.0,16624645,0,9393737,0.2072,buy,56987,123.161861,2822374,2375112,9687862,0.2137,buy,103313,96.26311,2766530,-257369,-13.42
2022-12-07,45642975,26248196,False,,0,0.0,sell,0,0.0,10998503,0,0,0.0,sell,0,0.0,16624645,0,9478648,0.2077,buy,56987,123.161861,2822374,2460023,9916132,0.2173,buy,103313,96.26311,2766530,-29099,-12.82
2022-12-08,45623779,26248196,False,,0,0.0,sell,0,0.0,10998503,0,0,0.0,sell,0,0.0,16624645,0,9486626,0.2079,buy,56987,123.161861,2822374,2468001,9888957,0.2168,buy,103313,96.26311,2766530,-56273,-12.85
2022-12-09,45400146,26248196,False,,0,0.0,sell,0,0.0,10998503,0,0,0.0,sell,0,0.0,16624645,0,9520248,0.2097,buy,56987,123.161861,2822374,2501623,9631703,0.2122,buy,103313,96.26311,2766530,-313528,-13.28
2022-12-12,45352300,26248196,False,,0,0.0,sell,0,0.0,10998503,0,0,0.0,sell,0,0.0,16624645,0,9441606,0.2082,buy,56987,123.161861,2822374,2422981,9662499,0.2131,buy,103313,96.26311,2766530,-282732,-13.37
2022-12-13,45606876,26248196,False,,0,0.0,sell,0,0.0,10998503,0,0,0.0,sell,0,0.0,16624645,0,9602879,0.2106,buy,56987,123.161861,2822374,2584254,9755802,0.2139,buy,103313,96.26311,2766530,-189429,-12.89
2022-12-14,45625179,26248196,False,,0,0.0,sell,0,0.0,10998503,0,0,0.0,sell,0,0.0,16624645,0,9579515,0.21,buy,56987,123.161861,2822374,2560890,9797468,0.2147,buy,103313,96.26311,2766530,-147762,-12.85
2022-12-15,45506691,26248196,False,,0,0.0,sell,0,0.0,10998503,0,0,0.0,sell,0,0.0,16624645,0,9422801,0.2071,buy,56987,123.161861,2822374,2404176,9835694,0.2161,buy,103313,96.26311,2766530,-109536,-13.08
2022-12-16,45478884,26248196,False,,0,0.0,sell,0,0.0,10998503,0,0,0.0,sell,0,0.0,16624645,0,9504861,0.209,buy,56987,123.161861,2822374,2486236,9725827,0.2139,buy,103313,96.26311,2766530,-219403,-13.13
2022-12-19,45288657,26248196,False,,0,0.0,sell,0,0.0,10998503,0,0,0.0,sell,0,0.0,16624645,0,9478078,0.2093,buy,56987,123.161861,2822374,2459453,9562383,0.2111,buy,103313,96.26311,2766530,-382848,-13.49
2022-12-20,45276142,26248196,False,,0,0.0,sell,0,0.0,10998503,0,0,0.0,sell,0,0.0,16624645,0,9635362,0.2128,buy,56987,123.161861,2822374,2616737,9392584,0.2075,buy,103313,96.26311,2766530,-552647,-13.52
2022-12-21,45283792,26248196,False,,0,0.0,sell,0,0.0,10998503,0,0,0.0,sell,0,0.0,16624645,0,9619406,0.2124,buy,56987,123.161861,2822374,2600781,9416190,0.2079,buy,103313,96.26311,2766530,-529040,-13.5
2022-12-22,45165722,26248196,False,,0,0.0,sell,0,0.0,10998503,0,0,0.0,sell,0,0.0,16624645,0,9503152,0.2104,buy,56987,123.161861,2822374,2484527,9414374,0.2084,buy,103313,96.26311,2766530,-530856,-13.73
2022-12-23,45056194,26248196,False,,0,0.0,sell,0,0.0,10998503,0,0,0.0,sell,0,0.0,16624645,0,9531645,0.2116,buy,56987,123.161861,2822374,2513020,9276353,0.2059,buy,103313,96.26311,2766530,-668878,-13.94
2022-12-27,44953128,26248196,False,,0,0.0,sell,0,0.0,10998503,0,0,0.0,sell,0,0.0,16624645,0,9611997,0.2138,buy,56987,123.161861,2822374,2593372,9092935,0.2023,buy,103313,96.26311,2766530,-852296,-14.14
2022-12-28,44856246,26248196,False,,0,0.0,sell,0,0.0,10998503,0,0,0.0,sell,0,0.0,16624645,0,9568687,0.2133,buy,56987,123.161861,2822374,2550062,9039363,0.2015,buy,103313,96.26311,2766530,-905867,-14.32
2022-12-29,45012415,26248196,False,,0,0.0,sell,0,0.0,10998503,0,0,0.0,sell,0,0.0,16624645,0,9622255,0.2138,buy,56987,123.161861,2822374,2603630,9141965,0.2031,buy,103313,96.26311,2766530,-803266,-14.02
2022-12-30,44955739,26248196,False,,0,0.0,sell,0,0.0,10998503,0,0,0.0,sell,0,0.0,16624645,0,9667275,0.215,buy,56987,123.161861,2822374,2648650,9040269,0.2011,buy,103313,96.26311,2766530,-904962,-14.13
2023-01-03,45209185,26248196,False,,0,0.0,sell,0,0.0,10998503,0,0,0.0,sell,0,0.0,16624645,0,9748196,0.2156,buy,56987,123.161861,2822374,2729571,9212793,0.2038,buy,103313,96.26311,2766530,-732438,-13.65
2023-01-04,45427149,26248196,False,,0,0.0,sell,0,0.0,10998503,0,0,0.0,sell,0,0.0,16624645,0,9839945,0.2166,buy,56987,123.161861,2822374,2821320,9339008,0.2056,buy,103313,96.26311,2766530,-606222,-13.23
2023-01-05,45343673,26248196,False,,0,0.0,sell,0,0.0,10998503,0,0,0.0,sell,0,0.0,16624645,0,9717423,0.2143,buy,56987,123.161861,2822374,2698799,9378054,0.2068,buy,103313,96.26311,2766530,-567177,-13.39
2023-01-06,45697985,26248196,False,,0,0.0,sell,0,0.0,10998503,0,0,0.0,sell,0,0.0,16624645,0,9899212,0.2166,buy,56987,123.161861,2822374,2880587,9550577,0.209,buy,103313,96.26311,2766530,-394654,-12.71
2023-01-09,45771057,26248196,False,,0,0.0,sell,0,0.0,10998503,0,0,0.0,sell,0,0.0,16624645,0,9921437,0.2168,buy,56987,123.161861,2822374,2902812,9601424,0.2098,buy,103313,96.26311,2766530,-343807,-12.57
2023-01-10,45648625,26248196,False,,0,0.0,sell,0,0.0,10998503,0,0,0.0,sell,0,0.0,16624645,0,9957909,0.2181,buy,56987,123.161861,2822374,2939284,9442521,0.2069,buy,103313,96.26311,2766530,-502710,-12.81
2023-01-11,45795244,26248196,False,,0,0.0,sell,0,0.0,10998503,0,0,0.0,sell,0,0.0,16624645,0,9951070,0.2173,buy,56987,123.161861,2822374,2932445,9595979,0.2095,buy,103313,96.26311,2766530,-349252,-12.53
2023-01-12,46099229,26248196,False,,0,0.0,sell,0,0.0,10998503,0,0,0.0,sell,0,0.0,16624645,0,10066184,0.2184,buy,56987,123.161861,2822374,3047559,9784850,0.2123,buy,103313,96.26311,2766530,-160381,-11.95
2023-01-13,46128330,26248196,False,,0,0.0,sell,0,0.0,10998503,0,0,0.0,sell,0,0.0,16624645,0,10186996,0.2208,buy,56987,123.161861,2822374,3168371,9693139,0.2101,buy,103313,96.26311,2766530,-252092,-11.89
2023-01-17,45999001,26248196,False,,0,0.0,sell,0,0.0,10998503,0,0,0.0,sell,0,0.0,16624645,0,10120321,0.22,buy,56987,123.161861,2822374,3101696,9630484,0.2094,buy,103313,96.26311,2766530,-314747,-12.14
2023-01-18,46203299,26248196,False,,0,0.0,sell,0,0.0,10998503,0,0,0.0,sell,0,0.0,16624645,0,10091258,0.2184,buy,56987,123.161861,2822374,3072633,9863846,0.2135,buy,103313,96.26311,2766530,-81385,-11.75
2023-01-19,46301686,26248196,False,,0,0.0,sell,0,0.0,10998503,0,0,0.0,sell,0,0.0,16624645,0,10251391,0.2214,buy,56987,123.161861,2822374,3232766,9802099,0.2117,buy,103313,96.26311,2766530,-143132,-11.56
2023-01-20,46108590,26248196,False,,0,0.0,sell,0,0.0,10998503,0,0,0.0,sell,0,0.0,16624645,0,10217199,0.2216,buy,56987,123.161861,2822374,3198574,9643196,0.2091,buy,103313,96.26311,2766530,-302035,-11.93
2023-01-23,46082566,26248196,False,,0,0.0,sell,0,0.0,10998503,0,0,0.0,sell,0,0.0,16624645,0,10236575,0.2221,buy,56987,123.161861,2822374,3217950,9597795,0.2083,buy,103313,96.26311,2766530,-347436,-11.98
2023-01-24,46257628,26248196,False,,0,0.0,sell,0,0.0,10998503,0,0,0.0,sell,0,0.0,16624645,0,10273616,0.2221,buy,56987,123.161861,2822374,3254991,9735816,0.2105,buy,103313,96.26311,2766530,-209415,-11.64
2023-01-25,46328533,26248196,False,,0,0.0,sell,0,0.0,10998503,0,0,0.0,sell,0,0.0,16624645,0,10320916,0.2228,buy,56987,123.161861,2822374,3302291,9759422,0.2107,buy,103313,96.26311,2766530,-185809,-11.51
2023-01-26,46189675,26248196,False,,0,0.0,sell,0,0.0,10998503,0,0,0.0,sell,0,0.0,16624645,0,10227457,0.2214,buy,56987,123.161861,2822374,3208832,9714022,0.2103,buy,103313,96.26311,2766530,-231208,-11.77
2023-01-27,46150912,26248196,False,,0,0.0,sell,0,0.0,10998503,0,0,0.0,sell,0,0.0,16624645,0,10213210,0.2213,buy,56987,123.161861,2822374,3194585,9689506,0.21,buy,103313,96.26311,2766530,-255725,-11.85
2023-01-30,46089287,26248196,False,,0,0.0,sell,0,0.0,10998503,0,0,0.0,sell,0,0.0,16624645,0,10186996,0.221,buy,56987,123.161861,2822374,3168371,9654096,0.2095,buy,103313,96.26311,2766530,-291135,-11.97
2023-01-31,46203508,26248196,False,,0,0.0,sell,0,0.0,10998503,0,0,0.0,sell,0,0.0,16624645,0,10224038,0.2213,buy,56987,123.161861,2822374,3205413,9731275,0.2106,buy,103313,96.26311,2766530,-213956,-11.75
2023-02-01,46449278,26248196,False,,0,0.0,sell,0,0.0,10998503,0,0,0.0,sell,0,0.0,16624645,0,10352828,0.2229,buy,56987,123.161861,2822374,3334203,9848254,0.212,buy,103313,96.26311,2766530,-96977,-11.28
2023-02-02,46264109,27869358,True,monthly,0,0.0,sell,0,0.0,10998503,0,0,0.0,sell,0,0.0,16624645,0,9090690,0.1965,buy,51100,123.161861,3160140,2797119,9304061,0.2011,buy,97478,96.26311,2763177,-79474,-11.63
2023-02-03,45898079,27869358,False,,0,0.0,sell,0,0.0,10998503,0,0,0.0,sell,0,0.0,16624645,0,8863806,0.1931,buy,51100,123.161861,3160140,2570235,9164914,0.1997,buy,97478,96.26311,2763177,-218622,-12.33
2023-02-06,45848618,27869358,False,,0,0.0,buy,0,0.0,10998503,0,0,0.0,sell,0,0.0,16624645,0,8882202,0.1937,buy,51100,123.161861,3160140,2588631,9097057,0.1984,buy,97478,96.26311,2763177,-286478,-12.43
2023-02-07,45953778,13754924,True,daily,13925154,0.303,buy,34986,393.13798,10998503,170829,0,0.0,sell,0,0.0,16624645,0,9177445,0.1997,buy,52750,124.759602,3160140,2596376,9096255,0.1979,buy,98258,96.237934,2763177,-359892,-12.22
2023-02-08,45867487,13754924,False,,13772887,0.3003,buy,34986,393.13798,10998503,18561,0,0.0,sell,0,0.0,16624645,0,9200128,0.2006,buy,52750,124.759602,3160140,2619059,9139549,0.1993,buy,98258,96.237934,2763177,-316598,-12.39
2023-02-09,45588705,13754924,False,,13653485,0.2995,buy,34986,393.13798,10998503,-100840,0,0.0,sell,0,0.0,16624645,0,9127332,0.2002,buy,52750,124.759602,3160140,2546263,9052964,0.1986,buy,98258,96.237934,2763177,-403183,-12.92
2023-02-10,45536677,13754924,False,,13685348,0.3005,buy,34986,393.13798,10998503,-68977,0,0.0,sell,0,0.0,16624645,0,9144740,0.2008,buy,52750,124.759602,3160140,2563671,8951666,0.1966,buy,98258,96.237934,2763177,-504481,-13.02
2023-02-13,45726234,13754924,False,,13846002,0.3028,buy,34986,393.13798,10998503,91677,0,0.0,sell,0,0.0,16624645,0,9098320,0.199,buy,52750,124.759602,3160140,2517251,9026989,0.1974,buy,98258,96.237934,2763177,-429158,-12.66
2023-02-14,45705942,13754924,False,,13839629,0.3028,buy,34986,393.13798,10998503,85304,0,0.0,sell,0,0.0,16624645,0,9105178,0.1992,buy,52750,124.759602,3160140,2524109,9006212,0.197,buy,98258,96.237934,2763177,-449935,-12.7
2023-02-15,45576167,13754924,False,,13884570,0.3046,buy,34986,393.13798,10998503,130245,0,0.0,sell,0,0.0,16624645,0,9014447,0.1978,buy,52750,124.759602,3160140,2433378,8922226,0.1958,buy,98258,96.237934,2763177,-533921,-12.95
2023-02-16,45251205,13754924,False,,13693400,0.3026,buy,34986,393.13798,10998503,-60926,0,0.0,sell,0,0.0,16624645,0,9007062,0.199,buy,52750,124.759602,3160140,2425993,8795819,0.1944,buy,98258,96.237934,2763177,-660328,-13.57
2023-02-17,45312295,13754924,False,,13659188,0.3014,buy,34986,393.13798,10998503,-95138,0,0.0,sell,0,0.0,16624645,0,9033965,0.1994,buy,52750,124.759602,3160140,2452896,8864219,0.1956,buy,98258,96.237934,2763177,-591928,-13.45
2023-02-21,44832220,13754924,False,,13385173,0.2986,buy,34986,393.13798,10998503,-369152,0,0.0,sell,0,0.0,16624645,0,9000205,0.2008,buy,52750,124.759602,3160140,2419136,8691919,0.1939,buy,98258,96.237934,2763177,-764228,-14.37
2023-02-22,44842792,13754924,False,,13366728,0.2981,buy,34986,393.13798,10998503,-387598,0,0.0,sell,0,0.0,16624645,0,8949565,0.1996,buy,52750,124.759602,3160140,2368496,8771575,0.1956,buy,98258,96.237934,2763177,-684572,-14.35
2023-02-23,44994861,13754924,False,,13437828,0.2987,buy,34986,393.13798,10998503,-316497,0,0.0,sell,0,0.0,16624645,0,8944818,0.1988,buy,52750,124.759602,3160140,2363749,8857292,0.1969,buy,98258,96.237934,2763177,-598855,-14.06
2023-02-24,44671805,13754924,False,,13294282,0.2976,buy,34986,393.13798,10998503,-460044,0,0.0,sell,0,0.0,16624645,0,8880463,0.1988,buy,52750,124.759602,3160140,2299394,8742137,0.1957,buy,98258,96.237934,2763177,-714010,-14.67
2023-02-27,44776141,13754924,False,,13339560,0.2979,buy,34986,393.13798,10998503,-414765,0,0.0,sell,0,0.0,16624645,0,8915277,0.1991,buy,52750,124.759602,3160140,2334208,8766379,0.1958,buy,98258,96.237934,2763177,-689767,-14.47
2023-02-28,44807285,13754924,False,,13290258,0.2966,buy,34986,393.13798,10998503,-464068,0,0.0,sell,0,0.0,16624645,0,8955895,0.1999,buy,52750,124.759602,3160140,2374826,8806208,0.1965,buy,98258,96.237934,2763177,-649939,-14.41
2023-03-01,44713392,13754924,False,,13239278,0.2961,buy,34986,393.13798,10998503,-515048,0,0.0,sell,0,0.0,16624645,0,9007590,0.2015,buy,52750,124.759602,3160140,2426521,8711601,0.1948,buy,98258,96.237934,2763177,-744546,-14.59
2023-03-02,44733840,13754924,False,,13342244,0.2983,buy,34986,393.13798,10998503,-412081,0,0.0,sell,0,0.0,16624645,0,9002315,0.2012,buy,52750,124.759602,3160140,2421246,8634357,0.193,buy,98258,96.237934,2763177,-821790,-14.55
2023-03-03,45253527,13754924,False,,13556225,0.2996,buy,34986,393.13798,10998503,-198100,0,0.0,sell,0,0.0,16624645,0,9098848,0.2011,buy,52750,124.759602,3160140,2517779,8843530,0.1954,buy,98258,96.237934,2763177,-612616,-13.56
2023-03-06,45148455,13754924,False,,13565612,0.3005,buy,34986,393.13798,10998503,-188713,0,0.0,sell,0,0.0,16624645,0,9052955,0.2005,buy,52750,124.759602,3160140,2471886,8774964,0.1944,buy,98258,96.237934,2763177,-681182,-13.76
2023-03-07,44836077,13754924,False,,13357670,0.2979,buy,34986,393.13798,10998503,-396655,0,0.0,sell,0,0.0,16624645,0,8894705,0.1984,buy,52750,124.759602,3160140,2313636,8828778,0.1969,buy,98258,96.237934,2763177,-627369,-14.36
2023-03-08,44862337,13754924,False,,13379473,0.2982,buy,34986,393.13798,10998503,-374853,0,0.0,sell,0,0.0,16624645,0,8890485,0.1982,buy,52750,124.759602,3160140,2309416,8837456,0.197,buy,98258,96.237934,2763177,-618691,-14.31
2023-03-09,44724749,13754924,False,,13132623,0.2936,buy,34986,393.13798,10998503,-621702,0,0.0,sell,0,0.0,16624645,0,8978050,0.2007,buy,52750,124.759602,3160140,2396981,8859152,0.1981,buy,98258,96.237934,2763177,-596995,-14.57
2023-03-10,45034359,13754924,False,,12943125,0.2874,buy,34986,393.13798,10998503,-811201,0,0.0,sell,0,0.0,16624645,0,9171642,0.2037,buy,52750,124.759602,3160140,2590573,9164669,0.2035,buy,98258,96.237934,2763177,-291478,-13.98
2023-03-13,45247216,13754924,False,,12924677,0.2856,buy,34986,393.13798,10998503,-829648,0,0.0,sell,0,0.0,16624645,0,9382115,0.2074,buy,52750,124.759602,3160140,2801046,9185500,0.203,buy,98258,96.237934,2763177,-270647,-13.57
2023-03-14,45255511,13754924,False,,13138325,0.2903,buy,34986,393.13798,10998503,-616001,0,0.0,sell,0,0.0,16624645,0,9327783,0.2061,buy,52750,124.759602,3160140,2746714,9034480,0.1996,buy,98258,96.237934,2763177,-421667,-13.56
2023-03-15,45420591,13754924,False,,13056152,0.2875,buy,34986,393.13798,10998503,-698173,0,0.0,sell,0,0.0,16624645,0,9400578,0.207,buy,52750,124.759602,3160140,2819509,9208937,0.2027,buy,98258,96.237934,2763177,-247210,-13.24
2023-03-16,45596613,13754924,False,,13285225,0.2914,buy,34986,393.13798,10998503,-469101,0,0.0,sell,0,0.0,16624645,0,9419568,0.2066,buy,52750,124.759602,3160140,2838499,9136897,0.2004,buy,98258,96.237934,2763177,-319250,-12.91
2023-03-17,45852711,13754924,False,,13129887,0.2863,buy,34986,393.13798,10998503,-624439,0,0.0,sell,0,0.0,16624645,0,9693868,0.2114,buy,52750,124.759602,3160140,3112799,9274033,0.2023,buy,98258,96.237934,2763177,-182114,-12.42
2023-03-20,45901068,13754924,False,,13256139,0.2888,buy,34986,393.13798,10998503,-498187,0,0.0,sell,0,0.0,16624645,0,9697560,0.2113,buy,52750,124.759602,3160140,3116491,9192446,0.2003,buy,98258,96.237934,2763177,-263701,-12.32
2023-03-21,45813101,13754924,False,,13430197,0.2932,buy,34986,393.13798,10998503,-324128,0,0.0,buy,0,0.0,16624645,0,9514517,0.2077,buy,52750,124.759602,3160140,2933448,9113463,0.1989,buy,98258,96.237934,2763177,-342684,-12.49
2023-03-22,45630764,173,True,daily,13508783,0.296,buy,35801,392.949338,10998503,-559196,13519368,0.2963,buy,44947,305.776919,16624645,-224387,9317651,0.2042,buy,50794,124.759602,3267914,2980612,9284788,0.2035,buy,98788,96.219099,2763177,-220505,-12.84
2023-03-23,45944424,173,False,,13545303,0.2948,buy,35801,392.949338,10998503,-522676,13679683,0.2977,buy,44947,305.776919,16624645,-64072,9434478,0.2053,buy,50794,124.759602,3267914,3097439,9284788,0.2021,buy,98788,96.219099,2763177,-220505,-12.24
2023-03-24,46016765,173,False,,13634187,0.2963,buy,35801,392.949338,10998503,-433792,13730030,0.2984,buy,44947,305.776919,16624645,-13725,9328318,0.2027,buy,50794,124.759602,3267914,2991279,9324057,0.2026,buy,98788,96.219099,2763177,-181236,-12.1
2023-03-27,45642808,173,False,,13659682,0.2993,buy,35801,392.949338,10998503,-408297,13635961,0.2988,buy,44947,305.776919,16624645,-107794,9241968,0.2025,buy,50794,124.759602,3267914,2904929,9105025,0.1995,buy,98788,96.219099,2763177,-400268,-12.82
2023-03-28,45631980,173,False,,13629021,0.2987,buy,35801,392.949338,10998503,-438959,13563529,0.2972,buy,44947,305.776919,16624645,-180226,9317651,0.2042,buy,50794,124.759602,3267914,2980612,9121606,0.1999,buy,98788,96.219099,2763177,-383687,-12.84
2023-03-29,46012853,173,False,,13827116,0.3005,buy,35801,392.949338,10998503,-240863,13810853,0.3002,buy,44947,305.776919,16624645,67098,9271429,0.2015,buy,50794,124.759602,3267914,2934390,9103282,0.1978,buy,98788,96.219099,2763177,-402010,-12.11
2023-03-30,46350228,173,False,,13908077,0.3001,buy,35801,392.949338,10998503,-159903,13941572,0.3008,buy,44947,305.776919,16624645,197817,9355239,0.2018,buy,50794,124.759602,3267914,3018199,9145168,0.1973,buy,98788,96.219099,2763177,-360125,-11.47
2023-03-31,46866356,173,False,,14104106,0.3009,buy,35801,392.949338,10998503,36127,14173432,0.3024,buy,44947,305.776919,16624645,429677,9306477,0.1986,buy,50794,124.759602,3267914,2969438,9282169,0.1981,buy,98788,96.219099,2763177,-223124,-10.48
2023-04-03,46996351,173,False,,14157848,0.3013,buy,35801,392.949338,10998503,89869,14138981,0.3009,buy,44947,305.776919,16624645,395226,9373524,0.1995,buy,50794,124.759602,3267914,3036485,9325825,0.1984,buy,98788,96.219099,2763177,-179468,-10.23
2023-04-04,47091213,173,False,,14079303,0.299,buy,35801,392.949338,10998503,11323,14091291,0.2992,buy,44947,305.776919,16624645,347535,9548256,0.2028,buy,50794,124.759602,3267914,3211217,9372191,0.199,buy,98788,96.219099,2763177,-133101,-10.05
2023-04-05,47005595,173,False,,14042436,0.2987,buy,35801,392.949338,10998503,-25543,13952175,0.2968,buy,44947,305.776919,16624645,208420,9540637,0.203,buy,50794,124.759602,3267914,3203598,9470173,0.2015,buy,98788,96.219099,2763177,-35120,-10.22
2023-04-06,47110868,173,False,,14097215,0.2992,buy,35801,392.949338,10998503,29236,14046239,0.2982,buy,44947,305.776919,16624645,302484,9472573,0.2011,buy,50794,124.759602,3267914,3135534,9494668,0.2015,buy,98788,96.219099,2763177,-10625,-10.01
2023-04-10,46894201,173,False,,14111686,0.3009,buy,35801,392.949338,10998503,43707,14038292,0.2994,buy,44947,305.776919,16624645,294537,9402477,0.2005,buy,50794,124.759602,3267914,3065438,9341572,0.1992,buy,98788,96.219099,2763177,-163720,-10.43
2023-04-11,46886572,173,False,,14115476,0.3011,buy,35801,392.949338,10998503,47497,13948198,0.2975,buy,44947,305.776919,16624645,204442,9461906,0.2018,buy,50794,124.759602,3267914,3124867,9360819,0.1996,buy,98788,96.219099,2763177,-144474,-10.44
2023-04-12,46742421,173,False,,14057941,0.3008,buy,35801,392.949338,10998503,-10038,13824981,0.2958,buy,44947,305.776919,16624645,81226,9508129,0.2034,buy,50794,124.759602,3267914,3171090,9351196,0.2001,buy,98788,96.219099,2763177,-154096,-10.72
2023-04-13,47254893,173,False,,14244669,0.3014,buy,35801,392.949338,10998503,176690,14095703,0.2983,buy,44947,305.776919,16624645,351948,9636638,0.2039,buy,50794,124.759602,3267914,3299599,9277710,0.1963,buy,98788,96.219099,2763177,-227583,-9.74
2023-04-14,46938073,173,False,,14209872,0.3027,buy,35801,392.949338,10998503,141893,14069209,0.2997,buy,44947,305.776919,16624645,325454,9465970,0.2017,buy,50794,124.759602,3267914,3128931,9192849,0.1959,buy,98788,96.219099,2763177,-312444,-10.34
2023-04-17,46849469,173,False,,14260862,0.3044,buy,35801,392.949338,10998503,192883,14081131,0.3006,buy,44947,305.776919,16624645,337375,9423811,0.2012,buy,50794,124.759602,3267914,3086772,9083493,0.1939,buy,98788,96.219099,2763177,-421799,-10.51
2023-04-18,46928588,173,False,,14270162,0.3041,buy,35801,392.949338,10998503,202183,14082010,0.3001,buy,44947,305.776919,16624645,338255,9460382,0.2016,buy,50794,124.759602,3267914,3123343,9115861,0.1942,buy,98788,96.219099,2763177,-389431,-10.36
2023-04-19,46865603,173,False,,14267752,0.3044,buy,35801,392.949338,10998503,199772,14075387,0.3003,buy,44947,305.776919,16624645,331632,9415176,0.2009,buy,50794,124.759602,3267914,3078137,9107115,0.1943,buy,98788,96.219099,2763177,-398177,-10.48
2023-04-20,46795363,173,False,,14189890,0.3032,buy,35801,392.949338,10998503,121911,13968070,0.2985,buy,44947,305.776919,16624645,224315,9452255,0.202,buy,50794,124.759602,3267914,3115216,9184974,0.1963,buy,98788,96.219099,2763177,-320318,-10.62
2023-04-21,46675886,173,False,,14200914,0.3042,buy,35801,392.949338,10998503,132935,13982646,0.2996,buy,44947,305.776919,16624645,238891,9358794,0.2005,buy,50794,124.759602,3267914,3021755,9133359,0.1957,buy,98788,96.219099,2763177,-371934,-10.85
2023-04-24,46778358,173,False,,14215731,0.3039,buy,35801,392.949338,10998503,147751,13953498,0.2983,buy,44947,305.776919,16624645,209742,9387239,0.2007,buy,50794,124.759602,3267914,3050200,9221718,0.1971,buy,98788,96.219099,2763177,-283574,-10.65
2023-04-25,46472828,173,False,,13990070,0.301,buy,35801,392.949338,10998503,-77909,13690280,0.2946,buy,44947,305.776919,16624645,-53475,9434986,0.203,buy,50794,124.759602,3267914,3097946,9357319,0.2014,buy,98788,96.219099,2763177,-147973,-11.23
2023-04-26,46345568,173,False,,13930814,0.3006,buy,35801,392.949338,10998503,-137165,13773309,0.2972,buy,44947,305.776919,16624645,29554,9383684,0.2025,buy,50794,124.759602,3267914,3046645,9257588,0.1998,buy,98788,96.219099,2763177,-247704,-11.48
2023-04-27,46906059,173,False,,14208149,0.3029,buy,35801,392.949338,10998503,140170,14147817,0.3016,buy,44947,305.776919,16624645,404062,9384192,0.2001,buy,50794,124.759602,3267914,3047152,9165728,0.1954,buy,98788,96.219099,2763177,-339565,-10.41
2023-04-28,47275316,173,False,,14329417,0.3031,buy,35801,392.949338,10998503,261438,14245419,0.3013,buy,44947,305.776919,16624645,501663,9386731,0.1986,buy,50794,124.759602,3267914,3049692,9313576,0.197,buy,98788,96.219099,2763177,-191716,-9.7
2023-05-01,46933796,173,False,,14314948,0.305,buy,35801,392.949338,10998503,246969,14229078,0.3032,buy,44947,305.776919,16624645,485323,9344572,0.1991,buy,50794,124.759602,3267914,3007533,9045025,0.1927,buy,98788,96.219099,2763177,-460268,-10.35
2023-05-02,47054532,173,False,,14154060,0.3008,buy,35801,392.949338,10998503,86081,14104981,0.2998,buy,44947,305.776919,16624645,361226,9524891,0.2024,buy,50794,124.759602,3267914,3187852,9270427,0.197,buy,98788,96.219099,2763177,-234866,-10.12
2023-05-03,46997581,173,False,,14056906,0.2991,buy,35801,392.949338,10998503,-11073,14012677,0.2982,buy,44947,305.776919,16624645,268922,9605653,0.2044,buy,50794,124.759602,3267914,3268614,9322171,0.1984,buy,98788,96.219099,2763177,-183122,-10.23
2023-05-04,46824021,173,False,,13957341,0.2981,buy,35801,392.949338,10998503,-110638,13963216,0.2982,buy,44947,305.776919,16624645,219461,9673209,0.2066,buy,50794,124.759602,3267914,3336170,9230081,0.1971,buy,98788,96.219099,2763177,-275211,-10.56
2023-05-05,47197124,173,False,,14215731,0.3012,buy,35801,392.949338,10998503,147751,14259991,0.3021,buy,44947,305.776919,16624645,516236,9521844,0.2017,buy,50794,124.759602,3267914,3184804,9199386,0.1949,buy,98788,96.219099,2763177,-305906,-9.85
2023-05-08,47119002,173,False,,14219518,0.3018,buy,35801,392.949338,10998503,151539,14295324,0.3034,buy,44947,305.776919,16624645,551569,9533526,0.2023,buy,50794,124.759602,3267914,3196487,9070461,0.1925,buy,98788,96.219099,2763177,-434832,-10.0
2023-05-09,47001211,173,False,,14157161,0.3012,buy,35801,392.949338,10998503,89181,14204788,0.3022,buy,44947,305.776919,16624645,461033,9601082,0.2043,buy,50794,124.759602,3267914,3264043,9038007,0.1923,buy,98788,96.219099,2763177,-467286,-10.22
2023-05-10,47295923,173,False,,14223309,0.3007,buy,35801,392.949338,10998503,155329,14359362,0.3036,buy,44947,305.776919,16624645,615607,9587368,0.2027,buy,50794,124.759602,3267914,3250328,9125712,0.1929,buy,98788,96.219099,2763177,-379581,-9.66
2023-05-11,47332124,173,False,,14198502,0.3,buy,35801,392.949338,10998503,130523,14406177,0.3044,buy,44947,305.776919,16624645,662422,9505081,0.2008,buy,50794,124.759602,3267914,3168042,9222191,0.1948,buy,98788,96.219099,2763177,-283102,-9.59
2023-05-12,47168410,173,False,,14179900,0.3006,buy,35801,392.949338,10998503,111921,14354502,0.3043,buy,44947,305.776919,16624645,610747,9488827,0.2012,buy,50794,124.759602,3267914,3151788,9145008,0.1939,buy,98788,96.219099,2763177,-360285,-9.9
2023-05-15,47220658,173,False,,14228822,0.3013,buy,35801,392.949338,10998503,160842,14432232,0.3056,buy,44947,305.776919,16624645,688477,9509145,0.2014,buy,50794,124.759602,3267914,3172106,9050286,0.1917,buy,98788,96.219099,2763177,-455006,-9.8
2023-05-16,46995859,173,False,,14133734,0.3007,buy,35801,392.949338,10998503,65755,14448568,0.3074,buy,44947,305.776919,16624645,704812,9390287,0.1998,buy,50794,124.759602,3267914,3053247,9023098,0.192,buy,98788,96.219099,2763177,-482194,-10.23
2023-05-17,47283499,173,False,,14305302,0.3025,buy,35801,392.949338,10998503,237323,14623460,0.3093,buy,44947,305.776919,16624645,879705,9357778,0.1979,buy,50794,124.759602,3267914,3020739,8996786,0.1903,buy,98788,96.219099,2763177,-508506,-9.68
2023-05-18,47504856,173,False,,14443110,0.304,buy,35801,392.949338,10998503,375131,14895064,0.3135,buy,44947,305.776919,16624645,1151309,9236381,0.1944,buy,50794,124.759602,3267914,2899342,8930129,0.188,buy,98788,96.219099,2763177,-575164,-9.26
2023-05-19,47478560,173,False,,14422093,0.3038,buy,35801,392.949338,10998503,354114,14861502,0.313,buy,44947,305.776919,16624645,1117747,9327810,0.1965,buy,50794,124.759602,3267914,2990771,8866982,0.1868,buy,98788,96.219099,2763177,-638310,-9.31
2023-05-22,47480911,173,False,,14427952,0.3039,buy,35801,392.949338,10998503,359972,14911407,0.3141,buy,44947,305.776919,16624645,1167652,9305969,0.196,buy,50794,124.759602,3267914,2968930,8835410,0.1861,buy,98788,96.219099,2763177,-669883,-9.31
2023-05-23,47166576,173,False,,14266030,0.3025,buy,35801,392.949338,10998503,198051,14722387,0.3121,buy,44947,305.776919,16624645,978631,9317143,0.1975,buy,50794,124.759602,3267914,2980104,8860844,0.1879,buy,98788,96.219099,2763177,-644448,-9.91
2023-05-24,46868673,173,False,,14162674,0.3022,buy,35801,392.949338,10998503,94694,14646868,0.3125,buy,44947,305.776919,16624645,903113,9241968,0.1972,buy,50794,124.759602,3267914,2904929,8816990,0.1881,buy,98788,96.219099,2763177,-688302,-10.48
2023-05-25,47236903,173,False,,14285321,0.3024,buy,35801,392.949338,10998503,217342,15003267,0.3176,buy,44947,305.776919,16624645,1259512,9153079,0.1938,buy,50794,124.759602,3267914,2816039,8795063,0.1862,buy,98788,96.219099,2763177,-710229,-9.77
2023-05-26,47912858,173,False,,14470325,0.302,buy,35801,392.949338,10998503,402346,15386606,0.3211,buy,44947,305.776919,16624645,1642851,9189650,0.1918,buy,50794,124.759602,3267914,2852611,8866103,0.185,buy,98788,96.219099,2763177,-639189,-8.48
2023-05-30,48133625,173,False,,14475838,0.3007,buy,35801,392.949338,10998503,407859,15456387,0.3211,buy,44947,305.776919,16624645,1712632,9246539,0.1921,buy,50794,124.759602,3267914,2909500,8954688,0.186,buy,98788,96.219099,2763177,-550605,-8.06
2023-05-31,48057748,173,False,,14395566,0.2995,buy,35801,392.949338,10998503,327587,15368501,0.3198,buy,44947,305.776919,16624645,1624746,9260762,0.1927,buy,50794,124.759602,3267914,2923723,9032745,0.188,buy,98788,96.219099,2763177,-472547,-8.21
2023-06-01,48480640,173,False,,14532338,0.2998,buy,35801,392.949338,10998503,464359,15546039,0.3207,buy,44947,305.776919,16624645,1802284,9333905,0.1925,buy,50794,124.759602,3267914,2996866,9068184,0.187,buy,98788,96.219099,2763177,-437108,-7.4
2023-06-02,48570365,173,False,,14742494,0.3035,buy,35801,392.949338,10998503,674515,15662629,0.3225,buy,44947,305.776919,16624645,1918874,9196254,0.1893,buy,50794,124.759602,3267914,2859215,8968815,0.1847,buy,98788,96.219099,2763177,-536477,-7.23
2023-06-05,48591808,173,False,,14714241,0.3028,buy,35801,392.949338,10998503,646261,15673670,0.3226,buy,44947,305.776919,16624645,1929914,9251619,0.1904,buy,50794,124.759602,3267914,2914580,8952106,0.1842,buy,98788,96.219099,2763177,-553187,-7.19
2023-06-06,48684121,173,False,,14746282,0.3029,buy,35801,392.949338,10998503,678303,15671021,0.3219,buy,44947,305.776919,16624645,1927266,9261778,0.1902,buy,50794,124.759602,3267914,2924739,9004868,0.185,buy,98788,96.219099,2763177,-500425,-7.01
2023-06-07,48122364,173,False,,14695294,0.3054,buy,35801,392.949338,10998503,627315,15405156,0.3201,buy,44947,305.776919,16624645,1661401,9150539,0.1902,buy,50794,124.759602,3267914,2813500,8871201,0.1843,buy,98788,96.219099,2763177,-634091,-8.08
2023-06-08,48627137,173,False,,14784181,0.304,buy,35801,392.949338,10998503,716201,15596384,0.3207,buy,44947,305.776919,16624645,1852629,9271429,0.1907,buy,50794,124.759602,3267914,2934390,8974970,0.1846,buy,98788,96.219099,2763177,-530322,-7.12
2023-06-09,48676082,173,False,,14810707,0.3043,buy,35801,392.949338,10998503,742728,15656005,0.3216,buy,44947,305.776919,16624645,1912250,9246539,0.19,buy,50794,124.759602,3267914,2909500,8962657,0.1841,buy,98788,96.219099,2763177,-542635,-7.02
2023-06-12,49093240,173,False,,14945068,0.3044,buy,35801,392.949338,10998503,877089,15920545,0.3243,buy,44947,305.776919,16624645,2176790,9238413,0.1882,buy,50794,124.759602,3267914,2901374,8989041,0.1831,buy,98788,96.219099,2763177,-516251,-6.23
2023-06-13,49157223,173,False,,15043600,0.306,buy,35801,392.949338,10998503,975621,16042878,0.3264,buy,44947,305.776919,16624645,2299122,9170348,0.1866,buy,50794,124.759602,3267914,2833309,8900224,0.1811,buy,98788,96.219099,2763177,-605069,-6.11
2023-06-14,49368039,173,False,,15061513,0.3051,buy,35801,392.949338,10998503,993534,16159471,0.3273,buy,44947,305.776919,16624645,2415716,9175428,0.1859,buy,50794,124.759602,3267914,2838389,8971454,0.1817,buy,98788,96.219099,2763177,-533839,-5.7
2023-06-15,49898010,173,False,,15248240,0.3056,buy,35801,392.949338,10998503,1180261,16352027,0.3277,buy,44947,305.776919,16624645,2608271,9239937,0.1852,buy,50794,124.759602,3267914,2902898,9057634,0.1815,buy,98788,96.219099,2763177,-447659,-4.69
2023-06-16,49693767,173,False,,15196301,0.3058,buy,35801,392.949338,10998503,1128322,16249122,0.327,buy,44947,305.776919,16624645,2505367,9225714,0.1857,buy,50794,124.759602,3267914,2888675,9022457,0.1816,buy,98788,96.219099,2763177,-482836,-5.08
2023-06-20,49558604,173,False,,15117462,0.305,buy,35801,392.949338,10998503,1049482,16225859,0.3274,buy,44947,305.776919,16624645,2482104,9130222,0.1842,buy,50794,124.759602,3267914,2793182,9084890,0.1833,buy,98788,96.219099,2763177,-420403,-5.34
2023-06-21,49268804,173,False,,15040000,0.3053,buy,35801,392.949338,10998503,972021,16004738,0.3248,buy,44947,305.776919,16624645,2260983,9117015,0.185,buy,50794,124.759602,3267914,2779976,9106877,0.1848,buy,98788,96.219099,2763177,-398415,-5.89
2023-06-22,49311597,173,False,,15094293,0.3061,buy,35801,392.949338,10998503,1026314,16193576,0.3284,buy,44947,305.776919,16624645,2449821,9026602,0.1831,buy,50794,124.759602,3267914,2689563,8996953,0.1825,buy,98788,96.219099,2763177,-508340,-5.81
2023-06-23,49151539,173,False,,14980179,0.3048,buy,35801,392.949338,10998503,912200,16033044,0.3262,buy,44947,305.776919,16624645,2289289,9051491,0.1842,buy,50794,124.759602,3267914,2714451,9086653,0.1849,buy,98788,96.219099,2763177,-418640,-6.12
2023-06-26,48900824,173,False,,14918976,0.3051,buy,35801,392.949338,10998503,850997,15818114,0.3235,buy,44947,305.776919,16624645,2074359,9067237,0.1854,buy,50794,124.759602,3267914,2730197,9096325,0.186,buy,98788,96.219099,2763177,-408968,-6.6
2023-06-27,49270970,173,False,,15082538,0.3061,buy,35801,392.949338,10998503,1014559,16090093,0.3266,buy,44947,305.776919,16624645,2346338,9025586,0.1832,buy,50794,124.759602,3267914,2688547,9072580,0.1841,buy,98788,96.219099,2763177,-432712,-5.89
2023-06-28,49327844,173,False,,15090143,0.3059,buy,35801,392.949338,10998503,1022164,16121492,0.3268,buy,44947,305.776919,16624645,2377737,9004760,0.1825,buy,50794,124.759602,3267914,2667721,9111275,0.1847,buy,98788,96.219099,2763177,-394018,-5.78
2023-06-29,49180938,173,False,,15149620,0.308,buy,35801,392.949338,10998503,1081641,16089207,0.3271,buy,44947,305.776919,16624645,2345452,8995109,0.1829,buy,50794,124.759602,3267914,2658070,8946829,0.1819,buy,98788,96.219099,2763177,-558464,-6.06
2023-06-30,49773276,173,False,,15328395,0.308,buy,35801,392.949338,10998503,1260415,16337306,0.3282,buy,44947,305.776919,16624645,2593551,9055047,0.1819,buy,50794,124.759602,3267914,2718007,9052356,0.1819,buy,98788,96.219099,2763177,-452936,-4.93
2023-07-03,49788229,173,False,,15346033,0.3082,buy,35801,392.949338,10998503,1278054,16375780,0.3289,buy,44947,305.776919,16624645,2632025,9065205,0.1821,buy,50794,124.759602,3267914,2728166,9001038,0.1808,buy,98788,96.219099,2763177,-504254,-4.9
2023-07-05,49647431,173,False,,15323209,0.3086,buy,35801,392.949338,10998503,1255230,16375340,0.3298,buy,44947,305.776919,16624645,2631584,9033205,0.1819,buy,50794,124.759602,3267914,2696166,8915505,0.1796,buy,98788,96.219099,2763177,-589788,-5.17
2023-07-06,49249711,173,False,,15203218,0.3087,buy,35801,392.949338,10998503,1135239,16250624,0.33,buy,44947,305.776919,16624645,2506869,9006284,0.1829,buy,50794,124.759602,3267914,2669245,8789412,0.1785,buy,98788,96.219099,2763177,-715880,-5.93
2023-07-07,49172031,173,False,,15164835,0.3084,buy,35801,392.949338,10998503,1096856,16196674,0.3294,buy,44947,305.776919,16624645,2452918,9073840,0.1845,buy,50794,124.759602,3267914,2736801,8736510,0.1777,buy,98788,96.219099,2763177,-768783,-6.08
2023-07-10,49234290,173,False,,15203218,0.3088,buy,35801,392.949338,10998503,1135239,16201979,0.3291,buy,44947,305.776919,16624645,2458224,9080951,0.1844,buy,50794,124.759602,3267914,2743912,8747969,0.1777,buy,98788,96.219099,2763177,-757324,-5.96
2023-07-11,49490161,173,False,,15300040,0.3092,buy,35801,392.949338,10998503,1232061,16282023,0.329,buy,44947,305.776919,16624645,2538268,9114983,0.1842,buy,50794,124.759602,3267914,2777944,8792941,0.1777,buy,98788,96.219099,2763177,-712351,-5.47
2023-07-12,50040219,173,False,,15423144,0.3082,buy,35801,392.949338,10998503,1355164,16487670,0.3295,buy,44947,305.776919,16624645,2743915,9238413,0.1846,buy,50794,124.759602,3267914,2901374,8890819,0.1777,buy,98788,96.219099,2763177,-614473,-4.42
2023-07-13,50542636,173,False,,15545557,0.3076,buy,35801,392.949338,10998503,1477578,16767607,0.3318,buy,44947,305.776919,16624645,3023852,9245016,0.1829,buy,50794,124.759602,3267914,2907976,8984283,0.1778,buy,98788,96.219099,2763177,-521009,-3.46
2023-07-14,50447051,173,False,,15535874,0.308,buy,35801,392.949338,10998503,1467895,16764072,0.3323,buy,44947,305.776919,16624645,3020317,9215555,0.1827,buy,50794,124.759602,3267914,2878516,8931377,0.177,buy,98788,96.219099,2763177,-573915,-3.64
2023-07-17,50668560,173,False,,15589819,0.3077,buy,35801,392.949338,10998503,1521840,16920622,0.3339,buy,44947,305.776919,16624645,3176867,9222159,0.182,buy,50794,124.759602,3267914,2885119,8935787,0.1764,buy,98788,96.219099,2763177,-569505,-3.22
2023-07-18,51069036,173,False,,15705658,0.3075,buy,35801,392.949338,10998503,1637678,17059046,0.334,buy,44947,305.776919,16624645,3315291,9327810,0.1827,buy,50794,124.759602,3267914,2990771,8976349,0.1758,buy,98788,96.219099,2763177,-528944,-2.45
2023-07-19,51202905,173,False,,15740584,0.3074,buy,35801,392.949338,10998503,1672604,17055064,0.3331,buy,44947,305.776919,16624645,3311309,9329334,0.1822,buy,50794,124.759602,3267914,2992295,9077751,0.1773,buy,98788,96.219099,2763177,-427542,-2.2
2023-07-20,50547862,173,False,,15636152,0.3093,buy,35801,392.949338,10998503,1568173,16661911,0.3296,buy,44947,305.776919,16624645,2918156,9282096,0.1836,buy,50794,124.759602,3267914,2945057,8967530,0.1774,buy,98788,96.219099,2763177,-537763,-3.45
2023-07-21,50472089,173,False,,15636152,0.3098,buy,35801,392.949338,10998503,1568173,16611938,0.3291,buy,44947,305.776919,16624645,2868183,9253651,0.1833,buy,50794,124.759602,3267914,2916611,8970175,0.1777,buy,98788,96.219099,2763177,-535117,-3.59
2023-07-24,50496231,173,False,,15706004,0.311,buy,35801,392.949338,10998503,1638025,16638473,0.3295,buy,44947,305.776919,16624645,2894718,9214031,0.1825,buy,50794,124.759602,3267914,2876992,8937549,0.177,buy,98788,96.219099,2763177,-567743,-3.55
2023-07-25,50686429,173,False,,15748882,0.3107,buy,35801,392.949338,10998503,1680902,16751245,0.3305,buy,44947,305.776919,16624645,3007490,9265334,0.1828,buy,50794,124.759602,3267914,2928295,8920796,0.176,buy,98788,96.219099,2763177,-584497,-3.18
2023-07-26,50687153,173,False,,15751304,0.3108,buy,35801,392.949338,10998503,1683325,16695521,0.3294,buy,44947,305.776919,16624645,2951766,9310540,0.1837,buy,50794,124.759602,3267914,2973501,8929615,0.1762,buy,98788,96.219099,2763177,-575678,-3.18
2023-07-27,50222924,173,False,,15646873,0.3115,buy,35801,392.949338,10998503,1578893,16655719,0.3316,buy,44947,305.776919,16624645,2911964,9164253,0.1825,buy,50794,124.759602,3267914,2827214,8755906,0.1743,buy,98788,96.219099,2763177,-749387,-4.07
2023-07-28,50797605,173,False,,15800061,0.311,buy,35801,392.949338,10998503,1732082,16959099,0.3339,buy,44947,305.776919,16624645,3215344,9237397,0.1818,buy,50794,124.759602,3267914,2900358,8800874,0.1733,buy,98788,96.219099,2763177,-704418,-2.97
2023-07-31,50882584,173,False,,15830143,0.3111,buy,35801,392.949338,10998503,1762164,16967942,0.3335,buy,44947,305.776919,16624645,3224187,9262286,0.182,buy,50794,124.759602,3267914,2925247,8822040,0.1734,buy,98788,96.219099,2763177,-683252,-2.81
2023-08-01,50557360,173,False,,15784845,0.3122,buy,35801,392.949338,10998503,1716866,16928585,0.3348,buy,44947,305.776919,16624645,3184830,9166286,0.1813,buy,50794,124.759602,3267914,2829246,8677471,0.1716,buy,98788,96.219099,2763177,-827821,-3.43
2023-08-02,49838121,66,True,monthly,14950063,0.3,buy,34386,392.949338,11060087,1438107,14813238,0.2972,buy,40213,305.776919,16938342,2517031,10059756,0.2018,buy,56012,130.009287,3267914,2777675,10014999,0.201,buy,115248,94.918881,2763177,-924213,-4.8
2023-08-03,49537120,66,False,,14907219,0.3009,buy,34386,392.949338,11060087,1395263,14789500,0.2986,buy,40213,305.776919,16938342,2493293,10056394,0.203,buy,56012,130.009287,3267914,2774314,9783941,0.1975,buy,115248,94.918881,2763177,-1155270,-5.38
2023-08-04,49610156,66,False,,14839797,0.2991,buy,34386,392.949338,11060087,1327841,14720258,0.2967,buy,40213,305.776919,16938342,2424051,10092802,0.2034,buy,56012,130.009287,3267914,2810722,9957233,0.2007,buy,115248,94.918881,2763177,-981978,-5.24
2023-08-07,49743362,66,False,,14969325,0.3009,buy,34386,392.949338,11060087,1457369,14844894,0.2984,buy,40213,305.776919,16938342,2548687,10069837,0.2024,buy,56012,130.009287,3267914,2787757,9859240,0.1982,buy,115248,94.918881,2763177,-1079971,-4.99
2023-08-08,49602696,66,False,,14904231,0.3005,buy,34386,392.949338,11060087,1392275,14718676,0.2967,buy,40213,305.776919,16938342,2422469,10005984,0.2017,buy,56012,130.009287,3267914,2723903,9973740,0.2011,buy,115248,94.918881,2763177,-965472,-5.25
2023-08-09,49345197,66,False,,14804592,0.3,buy,34386,392.949338,11060087,1292636,14556851,0.295,buy,40213,305.776919,16938342,2260643,9958373,0.2018,buy,56012,130.009287,3267914,2676293,10025316,0.2032,buy,115248,94.918881,2763177,-913895,-5.75
2023-08-10,49201728,66,False,,14809906,0.301,buy,34386,392.949338,11060087,1297950,14583754,0.2964,buy,40213,305.776919,16938342,2287546,9947732,0.2022,buy,56012,130.009287,3267914,2665651,9860271,0.2004,buy,115248,94.918881,2763177,-1078940,-6.02
2023-08-11,49077421,66,False,,14801270,0.3016,buy,34386,392.949338,11060087,1289315,14490774,0.2953,buy,40213,305.776919,16938342,2194567,9947732,0.2027,buy,56012,130.009287,3267914,2665651,9837579,0.2005,buy,115248,94.918881,2763177,-1101632,-6.26
2023-08-14,49269831,66,False,,14882973,0.3021,buy,34386,392.949338,11060087,1371017,14653391,0.2974,buy,40213,305.776919,16938342,2357184,9917485,0.2013,buy,56012,130.009287,3267914,2635404,9815916,0.1992,buy,115248,94.918881,2763177,-1123295,-5.89
2023-08-15,48854816,66,False,,14709604,0.3011,buy,34386,392.949338,11060087,1197648,14497897,0.2968,buy,40213,305.776919,16938342,2201690,9891159,0.2025,buy,56012,130.009287,3267914,2609079,9756090,0.1997,buy,115248,94.918881,2763177,-1183121,-6.68
2023-08-16,48459891,66,False,,14601661,0.3013,buy,34386,392.949338,11060087,1089705,14344379,0.296,buy,40213,305.776919,16938342,2048172,9834027,0.2029,buy,56012,130.009287,3267914,2551947,9679758,0.1997,buy,115248,94.918881,2763177,-1259454,-7.44
2023-08-17,48135557,66,False,,14490399,0.301,buy,34386,392.949338,11060087,978443,14187693,0.2947,buy,40213,305.776919,16938342,1891486,9818904,0.204,buy,56012,130.009287,3267914,2536824,9638495,0.2002,buy,115248,94.918881,2763177,-1300716,-8.06
2023-08-18,48160451,66,False,,14497373,0.301,buy,34386,392.949338,11060087,985417,14169891,0.2942,buy,40213,305.776919,16938342,1873684,9820584,0.2039,buy,56012,130.009287,3267914,2538504,9672537,0.2008,buy,115248,94.918881,2763177,-1266674,-8.01
2023-08-21,48381019,66,False,,14591698,0.3016,buy,34386,392.949338,11060087,1079742,14398188,0.2976,buy,40213,305.776919,16938342,2101981,9847470,0.2035,buy,56012,130.009287,3267914,2565389,9543597,0.1973,buy,115248,94.918881,2763177,-1395614,-7.59
2023-08-22,48410403,66,False,,14552175,0.3006,buy,34386,392.949338,11060087,1040219,14377615,0.297,buy,40213,305.776919,16938342,2081408,9863714,0.2038,buy,56012,130.009287,3267914,2581633,9616834,0.1987,buy,115248,94.918881,2763177,-1322377,-7.53
2023-08-23,49137736,66,False,,14714253,0.2994,buy,34386,392.949338,11060087,1202297,14604329,0.2972,buy,40213,305.776919,16938342,2308122,9963975,0.2028,buy,56012,130.009287,3267914,2681894,9855113,0.2006,buy,115248,94.918881,2763177,-1084098,-6.14
2023-08-24,48554406,66,False,,14510326,0.2988,buy,34386,392.949338,11060087,998370,14292149,0.2944,buy,40213,305.776919,16938342,1995942,9961735,0.2052,buy,56012,130.009287,3267914,2679654,9790130,0.2016,buy,115248,94.918881,2763177,-1149081,-7.26
2023-08-25,48786582,66,False,,14612622,0.2995,buy,34386,392.949338,11060087,1100666,14402939,0.2952,buy,40213,305.776919,16938342,2106731,9948851,0.2039,buy,56012,130.009287,3267914,2666771,9822105,0.2013,buy,115248,94.918881,2763177,-1117106,-6.81
2023-08-28,49026535,66,False,,14705285,0.2999,buy,34386,392.949338,11060087,1193329,14511347,0.296,buy,40213,305.776919,16938342,2215140,9977418,0.2035,buy,56012,130.009287,3267914,2695338,9832419,0.2006,buy,115248,94.918881,2763177,-1106793,-6.36
2023-08-29,49755606,66,False,,14917848,0.2998,buy,34386,392.949338,11060087,1405892,14828274,0.298,buy,40213,305.776919,16938342,2532067,10074878,0.2025,buy,56012,130.009287,3267914,2792798,9934540,0.1997,buy,115248,94.918881,2763177,-1004671,-4.96
2023-08-30,49914637,66,False,,14979290,0.3001,buy,34386,392.949338,11060087,1467334,14910969,0.2987,buy,40213,305.776919,16938342,2614762,10100084,0.2023,buy,56012,130.009287,3267914,2818004,9924228,0.1988,buy,115248,94.918881,2763177,-1014983,-4.66
2023-08-31,49964975,66,False,,14957370,0.2994,buy,34386,392.949338,11060087,1445414,14955677,0.2993,buy,40213,305.776919,16938342,2659470,10083280,0.2018,buy,56012,130.009287,3267914,2801200,9968582,0.1995,buy,115248,94.918881,2763177,-970629,-4.56
2023-09-01,49826794,66,False,,14985269,0.3007,buy,34386,392.949338,11060087,1473313,14939850,0.2998,buy,40213,305.776919,16938342,2643643,10088321,0.2025,buy,56012,130.009287,3267914,2806241,9813287,0.1969,buy,115248,94.918881,2763177,-1125924,-4.83
2023-09-05,49561078,66,False,,14920502,0.3011,buy,34386,392.949338,11060087,1408546,14958843,0.3018,buy,40213,305.776919,16938342,2662636,10005984,0.2019,buy,56012,130.009287,3267914,2723903,9675684,0.1952,buy,115248,94.918881,2763177,-1263527,-5.33
2023-09-06,49307444,66,False,,14820201,0.3006,buy,34386,392.949338,11060087,1308245,14827087,0.3007,buy,40213,305.776919,16938342,2530880,9960614,0.202,buy,56012,130.009287,3267914,2678534,9699476,0.1967,buy,115248,94.918881,2763177,-1239735,-5.82
2023-09-07,49193450,66,False,,14774700,0.3003,buy,34386,392.949338,11060087,1262744,14721047,0.2992,buy,40213,305.776919,16938342,2424840,9971256,0.2027,buy,56012,130.009287,3267914,2689176,9726381,0.1977,buy,115248,94.918881,2763177,-1212830,-6.04
2023-09-08,49276882,66,False,,14796951,0.3003,buy,34386,392.949338,11060087,1284995,14741623,0.2992,buy,40213,305.776919,16938342,2445416,9974617,0.2024,buy,56012,130.009287,3267914,2692537,9763624,0.1981,buy,115248,94.918881,2763177,-1175587,-5.88
2023-09-11,49496026,66,False,,14894267,0.3009,buy,34386,392.949338,11060087,1382311,14915319,0.3013,buy,40213,305.776919,16938342,2619112,9993101,0.2019,buy,56012,130.009287,3267914,2711021,9693272,0.1958,buy,115248,94.918881,2763177,-1245939,-5.46
2023-09-12,49253274,66,False,,14812562,0.3007,buy,34386,392.949338,11060087,1300606,14749934,0.2995,buy,40213,305.776919,16938342,2453727,9941570,0.2018,buy,56012,130.009287,3267914,2659490,9749142,0.1979,buy,115248,94.918881,2763177,-1190069,-5.92
2023-09-13,49301694,66,False,,14829832,0.3008,buy,34386,392.949338,11060087,1317877,14806119,0.3003,buy,40213,305.776919,16938342,2509912,9918605,0.2012,buy,56012,130.009287,3267914,2636525,9747072,0.1977,buy,115248,94.918881,2763177,-1192139,-5.83
2023-09-14,49485320,66,False,,14957700,0.3023,buy,34386,392.949338,11060087,1445744,14927190,0.3016,buy,40213,305.776919,16938342,2630983,9923646,0.2005,buy,56012,130.009287,3267914,2641566,9676718,0.1955,buy,115248,94.918881,2763177,-1262493,-5.48
2023-09-15,49056069,66,False,,14777487,0.3012,buy,34386,392.949338,11060087,1265531,14671589,0.2991,buy,40213,305.776919,16938342,2375382,9989180,0.2036,buy,56012,130.009287,3267914,2707100,9617747,0.1961,buy,115248,94.918881,2763177,-1321464,-6.3
2023-09-18,49193680,66,False,,14786154,0.3006,buy,34386,392.949338,11060087,1274198,14686888,0.2986,buy,40213,305.776919,16938342,2390680,10047993,0.2043,buy,56012,130.009287,3267914,2765912,9672579,0.1966,buy,115248,94.918881,2763177,-1266632,-6.04
2023-09-19,49050803,66,False,,14755489,0.3008,buy,34386,392.949338,11060087,1243533,14655584,0.2988,buy,40213,305.776919,16938342,2359377,10038471,0.2047,buy,56012,130.009287,3267914,2756391,9601193,0.1957,buy,115248,94.918881,2763177,-1338018,-6.31
2023-09-20,48741244,66,False,,14619837,0.2999,buy,34386,392.949338,11060087,1107881,14444391,0.2963,buy,40213,305.776919,16938342,2148184,10045753,0.2061,buy,56012,130.009287,3267914,2763672,9631197,0.1976,buy,115248,94.918881,2763177,-1308014,-6.9
2023-09-21,47914823,66,False,,14378195,0.3001,buy,34386,392.949338,11060087,866239,14179704,0.2959,buy,40213,305.776919,16938342,1883497,9972937,0.2081,buy,56012,130.009287,3267914,2690857,9383921,0.1958,buy,115248,94.918881,2763177,-1555290,-8.48
2023-09-22,47991929,66,False,,14345865,0.2989,buy,34386,392.949338,11060087,833909,14181685,0.2955,buy,40213,305.776919,16938342,1885478,10004863,0.2085,buy,56012,130.009287,3267914,2722783,9459451,0.1971,buy,115248,94.918881,2763177,-1479761,-8.33
2023-09-25,47835294,66,False,,14406190,0.3012,buy,34386,392.949338,11060087,894234,14249045,0.2979,buy,40213,305.776919,16938342,1952838,9953332,0.2081,buy,56012,130.009287,3267914,2671252,9226660,0.1929,buy,115248,94.918881,2763177,-1712551,-8.63
2023-09-26,47298071,66,False,,14194546,0.3001,buy,34386,392.949338,11060087,682590,14035077,0.2967,buy,40213,305.776919,16938342,1738870,9873795,0.2088,buy,56012,130.009287,3267914,2591715,9194587,0.1944,buy,115248,94.918881,2763177,-1744624,-9.66
2023-09-27,47166930,66,False,,14200211,0.3011,buy,34386,392.949338,11060087,688255,14067966,0.2983,buy,40213,305.776919,16938342,1771759,9751690,0.2067,buy,56012,130.009287,3267914,2469609,9146998,0.1939,buy,115248,94.918881,2763177,-1792214,-9.91
2023-09-28,47346140,66,False,,14282538,0.3017,buy,34386,392.949338,11060087,770582,14185648,0.2996,buy,40213,305.776919,16938342,1889440,9702959,0.2049,buy,56012,130.009287,3267914,2420878,9174930,0.1938,buy,115248,94.918881,2763177,-1764281,-9.56
2023-09-29,47223115,66,False,,14247875,0.3017,buy,34386,392.949338,11060087,735919,14195952,0.3006,buy,40213,305.776919,16938342,1899745,9603257,0.2034,buy,56012,130.009287,3267914,2321177,9175964,0.1943,buy,115248,94.918881,2763177,-1763247,-9.8
2023-10-02,47081495,66,False,,14242207,0.3025,buy,34386,392.949338,11060087,730251,14314425,0.304,buy,40213,305.776919,16938342,2018218,9502435,0.2018,buy,56012,130.009287,3267914,2220355,9022361,0.1916,buy,115248,94.918881,2763177,-1916851,-10.07
2023-10-03,46418102,66,False,,14051562,0.3027,buy,34386,392.949338,11060087,539606,14063212,0.303,buy,40213,305.776919,16938342,1767005,9474990,0.2041,buy,56012,130.009287,3267914,2192910,8828273,0.1902,buy,115248,94.918881,2763177,-2110939,-11.34
2023-10-04,46835235,66,False,,14153886,0.3022,buy,34386,392.949338,11060087,641931,14254593,0.3044,buy,40213,305.776919,16938342,1958386,9473870,0.2023,buy,56012,130.009287,3267914,2191789,8952820,0.1912,buy,115248,94.918881,2763177,-1986391,-10.54
2023-10-05,46725908,66,False,,14148554,0.3028,buy,34386,392.949338,11060087,636598,14212592,0.3042,buy,40213,305.776919,16938342,1916385,9456506,0.2024,buy,56012,130.009287,3267914,2174426,8908191,0.1906,buy,115248,94.918881,2763177,-2031021,-10.75
2023-10-06,47072820,66,False,,14316536,0.3041,buy,34386,392.949338,11060087,804580,14450730,0.307,buy,40213,305.776919,16938342,2154522,9505236,0.2019,buy,56012,130.009287,3267914,2223156,8800252,0.1869,buy,115248,94.918881,2763177,-2138959,-10.09
2023-10-09,47619473,66,False,,14408194,0.3026,buy,34386,392.949338,11060087,896238,14524429,0.305,buy,40213,305.776919,16938342,2228222,9679994,0.2033,buy,56012,130.009287,3267914,2397914,9006790,0.1891,buy,115248,94.918881,2763177,-1932422,-9.04
2023-10-10,47746200,66,False,,14483183,0.3033,buy,34386,392.949338,11060087,971227,14604865,0.3059,buy,40213,305.776919,16938342,2308658,9663750,0.2024,buy,56012,130.009287,3267914,2381670,8994336,0.1884,buy,115248,94.918881,2763177,-1944876,-8.8
2023-10-11,48168170,66,False,,14542511,0.3019,buy,34386,392.949338,11060087,1030555,14709077,0.3054,buy,40213,305.776919,16938342,2412869,9734325,0.2021,buy,56012,130.009287,3267914,2452245,9182191,0.1906,buy,115248,94.918881,2763177,-1757020,-7.99
2023-10-12,47749621,66,False,,14453855,0.3027,buy,34386,392.949338,11060087,941899,14657961,0.307,buy,40213,305.776919,16938342,2361754,9704639,0.2032,buy,56012,130.009287,3267914,2422559,8933100,0.1871,buy,115248,94.918881,2763177,-2006112,-8.79
2023-10-13,47965198,66,False,,14381861,0.2998,buy,34386,392.949338,11060087,869905,14473711,0.3018,buy,40213,305.776919,16938342,2177504,10016626,0.2088,buy,56012,130.009287,3267914,2734546,9092934,0.1896,buy,115248,94.918881,2763177,-1846277,-8.38
2023-10-16,48085090,66,False,,14533179,0.3022,buy,34386,392.949338,11060087,1021223,14637355,0.3044,buy,40213,305.776919,16938342,2341148,9967896,0.2073,buy,56012,130.009287,3267914,2685816,8946595,0.1861,buy,115248,94.918881,2763177,-1992617,-8.15
2023-10-17,47956364,66,False,,14532510,0.303,buy,34386,392.949338,11060087,1020554,14589415,0.3042,buy,40213,305.776919,16938342,2293207,9986379,0.2082,buy,56012,130.009287,3267914,2704299,8847994,0.1845,buy,115248,94.918881,2763177,-2091217,-8.4
2023-10-18,47638005,66,False,,14338867,0.301,buy,34386,392.949338,11060087,826911,14398031,0.3022,buy,40213,305.776919,16938342,2101824,10130890,0.2127,buy,56012,130.009287,3267914,2848810,8770152,0.1841,buy,115248,94.918881,2763177,-2169059,-9.01
2023-10-19,47322089,66,False,,14212878,0.3003,buy,34386,392.949338,11060087,700922,14263311,0.3014,buy,40213,305.776919,16938342,1967104,10255237,0.2167,buy,56012,130.009287,3267914,2973157,8590597,0.1815,buy,115248,94.918881,2763177,-2348615,-9.61
2023-10-20,47011447,66,False,,14038229,0.2986,buy,34386,392.949338,11060087,526273,14050530,0.2989,buy,40213,305.776919,16938342,1754323,10283243,0.2187,buy,56012,130.009287,3267914,3001163,8639380,0.1838,buy,115248,94.918881,2763177,-2299832,-10.2
2023-10-23,47098575,66,False,,14013897,0.2975,buy,34386,392.949338,11060087,501941,14092932,0.2992,buy,40213,305.776919,16938342,1796725,10248516,0.2176,buy,56012,130.009287,3267914,2966436,8743164,0.1856,buy,115248,94.918881,2763177,-2196048,-10.04
2023-10-24,47455414,66,False,,14119556,0.2975,buy,34386,392.949338,11060087,607600,14230024,0.2999,buy,40213,305.776919,16938342,1933817,10247395,0.2159,buy,56012,130.009287,3267914,2965315,8858372,0.1867,buy,115248,94.918881,2763177,-2080839,-9.36
2023-10-25,46750405,66,False,,13916908,0.2977,buy,34386,392.949338,11060087,404952,13881734,0.2969,buy,40213,305.776919,16938342,1585527,10290525,0.2201,buy,56012,130.009287,3267914,3008445,8661172,0.1853,buy,115248,94.918881,2763177,-2278039,-10.7
2023-10-26,46468168,66,False,,13750260,0.2959,buy,34386,392.949338,11060087,238304,13617049,0.293,buy,40213,305.776919,16938342,1320841,10306768,0.2218,buy,56012,130.009287,3267914,3024688,8794026,0.1892,buy,115248,94.918881,2763177,-2145185,-11.24
2023-10-27,46553719,66,False,,13687931,0.294,buy,34386,392.949338,11060087,175975,13682427,0.2939,buy,40213,305.776919,16938342,1386219,10426633,0.224,buy,56012,130.009287,3267914,3144553,8756662,0.1881,buy,115248,94.918881,2763177,-2182549,-11.08
2023-10-30,46773254,66,False,,13851582,0.2961,buy,34386,392.949338,11060087,339626,13836565,0.2958,buy,40213,305.776919,16938342,1540357,10367822,0.2217,buy,56012,130.009287,3267914,3085741,8717220,0.1864,buy,115248,94.918881,2763177,-2221991,-10.66
2023-10-31,46827289,66,False,,13938573,0.2977,buy,34386,392.949338,11060087,426617,13902735,0.2969,buy,40213,305.776919,16938342,1606528,10311249,0.2202,buy,56012,130.009287,3267914,3029169,8674666,0.1852,buy,115248,94.918881,2763177,-2264546,-10.56
2023-11-01,47372851,66,False,,14087226,0.2974,buy,34386,392.949338,11060087,575270,14144043,0.2986,buy,40213,305.776919,16938342,1847836,10278762,0.217,buy,56012,130.009287,3267914,2996682,8862754,0.1871,buy,115248,94.918881,2763177,-2076457,-9.51
2023-11-02,48135789,66,False,,14357196,0.2983,buy,34386,392.949338,11060087,845240,14400806,0.2992,buy,40213,305.776919,16938342,2104598,10312929,0.2142,buy,56012,130.009287,3267914,3030849,9064793,0.1883,buy,115248,94.918881,2763177,-1874419,-8.06
2023-11-03,48534944,66,False,,14488185,0.2985,buy,34386,392.949338,11060087,976229,14569997,0.3002,buy,40213,305.776919,16938342,2273789,10350457,0.2133,buy,56012,130.009287,3267914,3068377,9126240,0.188,buy,115248,94.918881,2763177,-1812971,-7.29
2023-11-06,48458526,66,False,,14521512,0.2997,buy,34386,392.949338,11060087,1009556,14629432,0.3019,buy,40213,305.776919,16938342,2333225,10269801,0.2119,buy,56012,130.009287,3267914,2987720,9037715,0.1865,buy,115248,94.918881,2763177,-1901496,-7.44
2023-11-07,48728881,66,False,,14562840,0.2989,buy,34386,392.949338,11060087,1050884,14767720,0.3031,buy,40213,305.776919,16938342,2471513,10227231,0.2099,buy,56012,130.009287,3267914,2945151,9171024,0.1882,buy,115248,94.918881,2763177,-1768188,-6.92
2023-11-08,48803327,66,False,,14573507,0.2986,buy,34386,392.949338,11060087,1061551,14777227,0.3028,buy,40213,305.776919,16938342,2481020,10125289,0.2075,buy,56012,130.009287,3267914,2843209,9327237,0.1911,buy,115248,94.918881,2763177,-1611974,-6.78
2023-11-09,48401747,66,False,,14459853,0.2987,buy,34386,392.949338,11060087,947898,14663509,0.303,buy,40213,305.776919,16938342,2367302,10165618,0.21,buy,56012,130.009287,3267914,2883538,9112700,0.1883,buy,115248,94.918881,2763177,-1826511,-7.55
2023-11-10,48897187,66,False,,14685497,0.3003,buy,34386,392.949338,11060087,1173541,14993179,0.3066,buy,40213,305.776919,16938342,2696972,10054714,0.2056,buy,56012,130.009287,3267914,2772634,9163731,0.1874,buy,115248,94.918881,2763177,-1775480,-6.6
2023-11-13,48871613,66,False,,14671498,0.3002,buy,34386,392.949338,11060087,1159542,14946419,0.3058,buy,40213,305.776919,16938342,2650212,10110726,0.2069,buy,56012,130.009287,3267914,2828646,9142904,0.1871,buy,115248,94.918881,2763177,-1796308,-6.65
2023-11-14,49775422,66,False,,14956137,0.3005,buy,34386,392.949338,11060087,1444181,15268162,0.3067,buy,40213,305.776919,16938342,2971955,10200905,0.2049,buy,56012,130.009287,3267914,2918825,9350153,0.1878,buy,115248,94.918881,2763177,-1589059,-4.92
2023-11-15,49660471,66,False,,14987799,0.3018,buy,34386,392.949338,11060087,1475843,15279656,0.3077,buy,40213,305.776919,16938342,2983449,10174020,0.2049,buy,56012,130.009287,3267914,2891939,9218930,0.1856,buy,115248,94.918881,2763177,-1720281,-5.14
2023-11-16,49921262,66,False,,15006131,0.3006,buy,34386,392.949338,11060087,1494175,15292733,0.3063,buy,40213,305.776919,16938342,2996526,10288844,0.2061,buy,56012,130.009287,3267914,3006764,9333488,0.187,buy,115248,94.918881,2763177,-1605723,-4.65
2023-11-17,49986110,66,False,,15024795,0.3006,buy,34386,392.949338,11060087,1512839,15296297,0.306,buy,40213,305.776919,16938342,3000090,10287724,0.2058,buy,56012,130.009287,3267914,3005644,9377228,0.1876,buy,115248,94.918881,2763177,-1561983,-4.52
2023-11-20,50328475,66,False,,15140450,0.3008,buy,34386,392.949338,11060087,1628494,15482529,0.3076,buy,40213,305.776919,16938342,3186322,10270920,0.2041,buy,56012,130.009287,3267914,2988840,9434510,0.1875,buy,115248,94.918881,2763177,-1504701,-3.87
2023-11-21,50312272,66,False,,15107453,0.3003,buy,34386,392.949338,11060087,1595497,15392582,0.3059,buy,40213,305.776919,16938342,3096375,10381825,0.2063,buy,56012,130.009287,3267914,3099744,9430347,0.1874,buy,115248,94.918881,2763177,-1508865,-3.9
2023-11-22,50422671,66,False,,15165779,0.3008,buy,34386,392.949338,11060087,1653823,15455582,0.3065,buy,40213,305.776919,16938342,3159375,10337575,0.205,buy,56012,130.009287,3267914,3055494,9463669,0.1877,buy,115248,94.918881,2763177,-1475542,-3.69
2023-11-24,50352550,66,False,,15175111,0.3014,buy,34386,392.949338,11060087,1663155,15433793,0.3065,buy,40213,305.776919,16938342,3137586,10391346,0.2064,buy,56012,130.009287,3267914,3109266,9352234,0.1857,buy,115248,94.918881,2763177,-1586977,-3.82
2023-11-27,50537984,66,False,,15147782,0.2997,buy,34386,392.949338,11060087,1635826,15420322,0.3051,buy,40213,305.776919,16938342,3124115,10461361,0.207,buy,56012,130.009287,3267914,3179281,9508452,0.1881,buy,115248,94.918881,2763177,-1430759,-3.47
2023-11-28,50751611,66,False,,15162780,0.2988,buy,34386,392.949338,11060087,1650824,15460736,0.3046,buy,40213,305.776919,16938342,3164529,10600831,0.2089,buy,56012,130.009287,3267914,3318751,9527198,0.1877,buy,115248,94.918881,2763177,-1412013,-3.06
2023-11-29,50861336,66,False,,15152114,0.2979,buy,34386,392.949338,11060087,1640158,15445677,0.3037,buy,40213,305.776919,16938342,3149470,10616514,0.2087,buy,56012,130.009287,3267914,3334434,9646964,0.1897,buy,115248,94.918881,2763177,-1292247,-2.85
2023-11-30,50726483,66,False,,15211776,0.2999,buy,34386,392.949338,11060087,1699821,15406845,0.3037,buy,40213,305.776919,16938342,3110638,10572265,0.2084,buy,56012,130.009287,3267914,3290185,9535530,0.188,buy,115248,94.918881,2763177,-1403681,-3.11
2023-12-01,51222649,66,False,,15301768,0.2987,buy,34386,392.949338,11060087,1789812,15450830,0.3016,buy,40213,305.776919,16938342,3154623,10754864,0.21,buy,56012,130.009287,3267914,3472784,9715121,0.1897,buy,115248,94.918881,2763177,-1224090,-2.16
2023-12-04,50727781,66,False,,15221440,0.3001,buy,34386,392.949338,11060087,1709484,15307395,0.3018,buy,40213,305.776919,16938342,3011188,10522414,0.2074,buy,56012,130.009287,3267914,3240334,9676465,0.1908,buy,115248,94.918881,2763177,-1262746,-3.11
2023-12-05,50931353,66,False,,15218443,0.2988,buy,34386,392.949338,11060087,1706487,15345826,0.3013,buy,40213,305.776919,16938342,3049619,10482645,0.2058,buy,56012,130.009287,3267914,3200565,9884372,0.1941,buy,115248,94.918881,2763177,-1054839,-2.72
2023-12-06,50951556,66,False,,15157114,0.2975,buy,34386,392.949338,11060087,1645158,15257071,0.2994,buy,40213,305.776919,16938342,2960864,10521294,0.2065,buy,56012,130.009287,3267914,3239214,10016011,0.1966,buy,115248,94.918881,2763177,-923201,-2.68
2023-12-07,51240286,66,False,,15272770,0.2981,buy,34386,392.949338,11060087,1760815,15470246,0.3019,buy,40213,305.776919,16938342,3174039,10538657,0.2057,buy,56012,130.009287,3267914,3256577,9958547,0.1943,buy,115248,94.918881,2763177,-980664,-2.13
2023-12-08,51152814,66,False,,15338431,0.2999,buy,34386,392.949338,11060087,1826475,15539191,0.3038,buy,40213,305.776919,16938342,3242984,10398068,0.2033,buy,56012,130.009287,3267914,3115987,9877058,0.1931,buy,115248,94.918881,2763177,-1062153,-2.29
2023-12-11,51209491,66,False,,15398091,0.3007,buy,34386,392.949338,11060087,1886135,15671928,0.306,buy,40213,305.776919,16938342,3375721,10283243,0.2008,buy,56012,130.009287,3267914,3001163,9856162,0.1925,buy,115248,94.918881,2763177,-1083049,-2.19
2023-12-12,51428289,66,False,,15468417,0.3008,buy,34386,392.949338,11060087,1956462,15796745,0.3072,buy,40213,305.776919,16938342,3500537,10277642,0.1998,buy,56012,130.009287,3267914,2995562,9885419,0.1922,buy,115248,94.918881,2763177,-1053793,-1.77
2023-12-13,52306311,66,False,,15681726,0.2998,buy,34386,392.949338,11060087,2169771,15997635,0.3058,buy,40213,305.776919,16938342,3701428,10509532,0.2009,buy,56012,130.009287,3267914,3227452,10117351,0.1934,buy,115248,94.918881,2763177,-821860,-0.09
2023-12-14,52667568,66,False,,15732056,0.2987,buy,34386,392.949338,11060087,2220100,15983768,0.3035,buy,40213,305.776919,16938342,3687561,10571145,0.2007,buy,56012,130.009287,3267914,3289064,10380534,0.1971,buy,115248,94.918881,2763177,-558677,0.0
2023-12-15,52633558,66,False,,15706154,0.2984,buy,34386,392.949338,11060087,2194198,16061033,0.3051,buy,40213,305.776919,16938342,3764825,10474244,0.199,buy,56012,130.009287,3267914,3192164,10392061,0.1974,buy,115248,94.918881,2763177,-547150,-0.06
2023-12-18,52787877,66,False,,15794502,0.2992,buy,34386,392.949338,11060087,2282546,16162195,0.3062,buy,40213,305.776919,16938342,3865988,10521855,0.1993,buy,56012,130.009287,3267914,3239774,10309260,0.1953,buy,115248,94.918881,2763177,-629951,0.0
2023-12-19,53093747,66,False,,15890544,0.2993,buy,34386,392.949338,11060087,2378588,16244777,0.306,buy,40213,305.776919,16938342,3948570,10593550,0.1995,buy,56012,130.009287,3267914,3311470,10364810,0.1952,buy,115248,94.918881,2763177,-574401,0.0
2023-12-20,52644690,66,False,,15670347,0.2977,buy,34386,392.949338,11060087,2158391,16003385,0.304,buy,40213,305.776919,16938342,3707178,10535858,0.2001,buy,56012,130.009287,3267914,3253777,10435035,0.1982,buy,115248,94.918881,2763177,-504176,-0.85
2023-12-21,52987946,66,False,,15818930,0.2985,buy,34386,392.949338,11060087,2306975,16189592,0.3055,buy,40213,305.776919,16938342,3893385,10610353,0.2002,buy,56012,130.009287,3267914,3328273,10369005,0.1957,buy,115248,94.918881,2763177,-570206,-0.2
2023-12-22,53043842,66,False,,15850721,0.2988,buy,34386,392.949338,11060087,2338765,16213811,0.3057,buy,40213,305.776919,16938342,3917604,10657403,0.2009,buy,56012,130.009287,3267914,3375323,10321840,0.1946,buy,115248,94.918881,2763177,-617371,-0.09
2023-12-26,53320592,66,False,,15917652,0.2985,buy,34386,392.949338,11060087,2405696,16313068,0.3059,buy,40213,305.776919,16938342,4016861,10738621,0.2014,buy,56012,130.009287,3267914,3456541,10351185,0.1941,buy,115248,94.918881,2763177,-588026,0.0
2023-12-27,53614728,66,False,,15946433,0.2974,buy,34386,392.949338,11060087,2434477,16346276,0.3049,buy,40213,305.776919,16938342,4050069,10787351,0.2012,buy,56012,130.009287,3267914,3505271,10534602,0.1965,buy,115248,94.918881,2763177,-404609,0.0
2023-12-28,53473561,66,False,,15952455,0.2983,buy,34386,392.949338,11060087,2440499,16338330,0.3055,buy,40213,305.776919,16938342,4042123,10724618,0.2006,buy,56012,130.009287,3267914,3442538,10458092,0.1956,buy,115248,94.918881,2763177,-481119,-0.26
2023-12-29,53245541,66,False,,15906274,0.2987,buy,34386,392.949338,11060087,2394318,16267624,0.3055,buy,40213,305.776919,16938342,3971417,10707814,0.2011,buy,56012,130.009287,3267914,3425734,10363763,0.1946,buy,115248,94.918881,2763177,-575448,-0.69
2024-01-02,52796290,66,False,,15817258,0.2996,buy,34386,392.949338,11060087,2305302,15992338,0.3029,buy,40213,305.776919,16938342,3696130,10682609,0.2023,buy,56012,130.009287,3267914,3400529,10304020,0.1952,buy,115248,94.918881,2763177,-635191,-1.53
2024-01-03,52451808,66,False,,15688084,0.2991,buy,34386,392.949338,11060087,2176128,15823115,0.3017,buy,40213,305.776919,16938342,3526908,10593550,0.202,buy,56012,130.009287,3267914,3311470,10346993,0.1973,buy,115248,94.918881,2763177,-592218,-2.17
2024-01-04,52173268,66,False,,15637551,0.2997,buy,34386,392.949338,11060087,2125595,15741682,0.3017,buy,40213,305.776919,16938342,3445475,10604192,0.2032,buy,56012,130.009287,3267914,3322112,10189777,0.1953,buy,115248,94.918881,2763177,-749434,-2.69
2024-01-05,52117561,66,False,,15658969,0.3005,buy,34386,392.949338,11060087,2147013,15760353,0.3024,buy,40213,305.776919,16938342,3464146,10605873,0.2035,buy,56012,130.009287,3267914,3323792,10092301,0.1936,buy,115248,94.918881,2763177,-846910,-2.79
2024-01-08,52683512,66,False,,15882513,0.3015,buy,34386,392.949338,11060087,2370557,16086086,0.3053,buy,40213,305.776919,16938342,3789879,10522974,0.1997,buy,56012,130.009287,3267914,3240894,10191873,0.1935,buy,115248,94.918881,2763177,-747338,-1.74
2024-01-09,52629571,66,False,,15858419,0.3013,buy,34386,392.949338,11060087,2346463,16117863,0.3063,buy,40213,305.776919,16938342,3821656,10526335,0.2,buy,56012,130.009287,3267914,3244255,10126889,0.1924,buy,115248,94.918881,2763177,-812323,-1.84
2024-01-10,52757251,66,False,,15948106,0.3023,buy,34386,392.949338,11060087,2436150,16227105,0.3076,buy,40213,305.776919,16938342,3930898,10502250,0.1991,buy,56012,130.009287,3267914,3220170,10079724,0.1911,buy,115248,94.918881,2763177,-859487,-1.6
2024-01-11,52861309,66,False,,15941078,0.3016,buy,34386,392.949338,11060087,2429122,16260870,0.3076,buy,40213,305.776919,16938342,3964663,10522974,0.1991,buy,56012,130.009287,3267914,3240894,10136321,0.1918,buy,115248,94.918881,2763177,-802891,-1.41
2024-01-12,52963846,66,False,,15952121,0.3012,buy,34386,392.949338,11060087,2440165,16269213,0.3072,buy,40213,305.776919,16938342,3973006,10626037,0.2006,buy,56012,130.009287,3267914,3343957,10116410,0.191,buy,115248,94.918881,2763177,-822802,-1.21
2024-01-16,52624691,66,False,,15893558,0.302,buy,34386,392.949338,11060087,2381602,16267624,0.3091,buy,40213,305.776919,16938342,3971417,10525215,0.2,buy,56012,130.009287,3267914,3243135,9938228,0.1889,buy,115248,94.918881,2763177,-1000983,-1.85
2024-01-17,52312913,66,False,,15805211,0.3021,buy,34386,392.949338,11060087,2293255,16175861,0.3092,buy,40213,305.776919,16938342,3879654,10409270,0.199,buy,56012,130.009287,3267914,3127190,9922505,0.1897,buy,115248,94.918881,2763177,-1016706,-2.43
2024-01-18,52676531,66,False,,15945761,0.3027,buy,34386,392.949338,11060087,2433805,16405463,0.3114,buy,40213,305.776919,16938342,4109256,10494968,0.1992,buy,56012,130.009287,3267914,3212888,9830272,0.1866,buy,115248,94.918881,2763177,-1108939,-1.75
2024-01-19,53263461,66,False,,16144545,0.3031,buy,34386,392.949338,11060087,2632589,16730801,0.3141,buy,40213,305.776919,16938342,4434594,10526335,0.1976,buy,56012,130.009287,3267914,3244255,9861714,0.1851,buy,115248,94.918881,2763177,-1077497,-0.66
2024-01-22,53338374,66,False,,16178682,0.3033,buy,34386,392.949338,11060087,2666726,16752649,0.3141,buy,40213,305.776919,16938342,4456442,10486567,0.1966,buy,56012,130.009287,3267914,3204487,9920410,0.186,buy,115248,94.918881,2763177,-1018801,-0.52
2024-01-23,53417353,66,False,,16225866,0.3038,buy,34386,392.949338,11060087,2713911,16822165,0.3149,buy,40213,305.776919,16938342,4525958,10527455,0.1971,buy,56012,130.009287,3267914,3245375,9841800,0.1842,buy,115248,94.918881,2763177,-1097411,-0.37
2024-01-24,53383975,66,False,,16243602,0.3043,buy,34386,392.949338,11060087,2731646,16915516,0.3169,buy,40213,305.776919,16938342,4619309,10440636,0.1956,buy,56012,130.009287,3267914,3158556,9784154,0.1833,buy,115248,94.918881,2763177,-1155057,-0.43
2024-01-25,53598365,66,False,,16331951,0.3047,buy,34386,392.949338,11060087,2819995,16936174,0.316,buy,40213,305.776919,16938342,4639966,10482086,0.1956,buy,56012,130.009287,3267914,3200005,9848089,0.1837,buy,115248,94.918881,2763177,-1091122,-0.03
2024-01-26,53450566,66,False,,16311202,0.3052,buy,34386,392.949338,11060087,2799246,16835272,0.315,buy,40213,305.776919,16938342,4539064,10474804,0.196,buy,56012,130.009287,3267914,3192724,9829222,0.1839,buy,115248,94.918881,2763177,-1109989,-0.31
2024-01-29,53939276,66,False,,16440377,0.3048,buy,34386,392.949338,11060087,2928421,17007673,0.3153,buy,40213,305.776919,16938342,4711466,10548740,0.1956,buy,56012,130.009287,3267914,3266660,9942420,0.1843,buy,115248,94.918881,2763177,-996791,0.0
2024-01-30,53918047,66,False,,16427660,0.3047,buy,34386,392.949338,11060087,2915704,16894462,0.3133,buy,40213,305.776919,16938342,4598255,10563303,0.1959,buy,56012,130.009287,3267914,3281223,10032557,0.1861,buy,115248,94.918881,2763177,-906654,-0.04
2024-01-31,53409779,66,False,,16159606,0.3026,buy,34386,392.949338,11060087,2647650,16563565,0.3101,buy,40213,305.776919,16938342,4267358,10555461,0.1976,buy,56012,130.009287,3267914,3273381,10131081,0.1897,buy,115248,94.918881,2763177,-808130,-0.98
2024-02-01,54124839,66,False,,16371107,0.3025,buy,34386,392.949338,11060087,2859151,16758608,0.3096,buy,40213,305.776919,16938342,4462401,10665245,0.197,buy,56012,130.009287,3267914,3383165,10329813,0.1909,buy,115248,94.918881,2763177,-609398,0.0
2024-02-02,54251418,66,False,,16543450,0.3049,buy,34386,392.949338,11060087,3031494,17041837,0.3141,buy,40213,305.776919,16938342,4745630,10564423,0.1947,buy,56012,130.009287,3267914,3282343,10101641,0.1862,buy,115248,94.918881,2763177,-837570,0.0
2024-02-05,53906688,66,False,,16483212,0.3058,buy,34386,392.949338,11060087,2971256,17019590,0.3157,buy,40213,305.776919,16938342,4723383,10506171,0.1949,buy,56012,130.009287,3267914,3224091,9897649,0.1836,buy,115248,94.918881,2763177,-1041562,-0.64
2024-02-06,54072016,66,False,,16531067,0.3057,buy,34386,392.949338,11060087,3019111,16985430,0.3141,buy,40213,305.776919,16938342,4689223,10561063,0.1953,buy,56012,130.009287,3267914,3278983,9994390,0.1848,buy,115248,94.918881,2763177,-944821,-0.33
2024-02-07,54333507,66,False,,16668944,0.3068,buy,34386,392.949338,11060087,3156988,17160215,0.3158,buy,40213,305.776919,16938342,4864008,10558262,0.1943,buy,56012,130.009287,3267914,3276182,9946020,0.1831,buy,115248,94.918881,2763177,-993191,0.0
2024-02-08,54305294,66,False,,16676306,0.3071,buy,34386,392.949338,11060087,3164351,17191993,0.3166,buy,40213,305.776919,16938342,4895785,10548740,0.1942,buy,56012,130.009287,3267914,3266660,9888189,0.1821,buy,115248,94.918881,2763177,-1051022,-0.05
2024-02-09,54510029,66,False,,16772687,0.3077,buy,34386,392.949338,11060087,3260731,17361215,0.3185,buy,40213,305.776919,16938342,5065008,10507852,0.1928,buy,56012,130.009287,3267914,3225771,9868209,0.181,buy,115248,94.918881,2763177,-1071002,0.0
2024-02-12,54418862,66,False,,16765324,0.3081,buy,34386,392.949338,11060087,3253368,17293290,0.3178,buy,40213,305.776919,16938342,4997082,10480405,0.1926,buy,56012,130.009287,3267914,3198325,9879777,0.1816,buy,115248,94.918881,2763177,-1059434,-0.17
2024-02-13,53604423,66,False,,16534415,0.3085,buy,34386,392.949338,11060087,3022459,17023563,0.3176,buy,40213,305.776919,16938342,4727355,10335894,0.1928,buy,56012,130.009287,3267914,3053814,9710485,0.1812,buy,115248,94.918881,2763177,-1228726,-1.66
2024-02-14,53983449,66,False,,16684672,0.3091,buy,34386,392.949338,11060087,3172716,17209073,0.3188,buy,40213,305.776919,16938342,4912866,10329733,0.1914,buy,56012,130.009287,3267914,3047653,9759905,0.1808,buy,115248,94.918881,2763177,-1179306,-0.97
2024-02-15,54269741,66,False,,16799792,0.3096,buy,34386,392.949338,11060087,3287836,17260318,0.318,buy,40213,305.776919,16938342,4964111,10399188,0.1916,buy,56012,130.009287,3267914,3117108,9810377,0.1808,buy,115248,94.918881,2763177,-1128834,-0.44
2024-02-16,54010876,66,False,,16716130,0.3095,buy,34386,392.949338,11060087,3204174,17103806,0.3167,buy,40213,305.776919,16938342,4807599,10437276,0.1932,buy,56012,130.009287,3267914,3155196,9753598,0.1806,buy,115248,94.918881,2763177,-1185613,-0.92
2024-02-20,53861453,66,False,,16624101,0.3086,buy,34386,392.949338,11060087,3112145,16974705,0.3152,buy,40213,305.776919,16938342,4678498,10500570,0.195,buy,56012,130.009287,3267914,3218490,9762011,0.1812,buy,115248,94.918881,2763177,-1177200,-1.19
2024-02-21,53739741,66,False,,16639160,0.3096,buy,34386,392.949338,11060087,3127204,16906775,0.3146,buy,40213,305.776919,16938342,4610567,10501130,0.1954,buy,56012,130.009287,3267914,3219049,9692612,0.1804,buy,115248,94.918881,2763177,-1246600,-1.41
2024-02-22,54630853,66,False,,16983515,0.3109,buy,34386,392.949338,11060087,3471559,17401733,0.3185,buy,40213,305.776919,16938342,5105525,10505611,0.1923,buy,56012,130.009287,3267914,3223530,9739929,0.1783,buy,115248,94.918881,2763177,-1199282,0.0
2024-02-23,54781080,66,False,,16995229,0.3102,buy,34386,392.949338,11060087,3483273,17350490,0.3167,buy,40213,305.776919,16938342,5054282,10564983,0.1929,buy,56012,130.009287,3267914,3282903,9870313,0.1802,buy,115248,94.918881,2763177,-1068899,0.0
2024-02-26,54656730,66,False,,16932983,0.3098,buy,34386,392.949338,11060087,3421027,17341353,0.3173,buy,40213,305.776919,16938342,5045146,10541458,0.1929,buy,56012,130.009287,3267914,3259378,9840869,0.18,buy,115248,94.918881,2763177,-1098342,-0.23
2024-02-27,54649297,66,False,,16964440,0.3104,buy,34386,392.949338,11060087,3452484,17383063,0.3181,buy,40213,305.776919,16938342,5086856,10530256,0.1927,buy,56012,130.009287,3267914,3248176,9771472,0.1788,buy,115248,94.918881,2763177,-1167739,-0.24
2024-02-28,54615398,66,False,,16942018,0.3102,buy,34386,392.949338,11060087,3430062,17290506,0.3166,buy,40213,305.776919,16938342,4994299,10549300,0.1932,buy,56012,130.009287,3267914,3267220,9833508,0.1801,buy,115248,94.918881,2763177,-1105703,-0.3
2024-02-29,54948206,66,False,,17002925,0.3094,buy,34386,392.949338,11060087,3490969,17438675,0.3174,buy,40213,305.776919,16938342,5142468,10603632,0.193,buy,56012,130.009287,3267914,3321551,9902908,0.1802,buy,115248,94.918881,2763177,-1036303,0.0
2024-03-01,55632635,66,False,,17162552,0.3085,buy,34386,392.949338,11060087,3650596,17701249,0.3182,buy,40213,305.776919,16938342,5405042,10804155,0.1942,buy,56012,130.009287,3267914,3522074,9964614,0.1791,buy,115248,94.918881,2763177,-974597,0.0
2024-03-04,55688108,145,True,monthly,16669998,0.2993,buy,33435,392.949338,11158870,3531737,16627516,0.2986,buy,37909,305.776919,17244981,5035819,11303112,0.203,buy,57666,131.865703,3267914,3698945,11087336,0.1991,buy,128751,93.985059,2763177,-1013334,0.0
2024-03-05,55448996,145,False,,16503396,0.2976,buy,33435,392.949338,11158870,3365135,16329059,0.2945,buy,37909,305.776919,17244981,4737362,11371159,0.2051,buy,57666,131.865703,3267914,3766991,11245238,0.2028,buy,128751,93.985059,2763177,-855433,-0.43
2024-03-06,55794642,145,False,,16587023,0.2973,buy,33435,392.949338,11158870,3448762,16431666,0.2945,buy,37909,305.776919,17244981,4839969,11464577,0.2055,buy,57666,131.865703,3267914,3860410,11311230,0.2027,buy,128751,93.985059,2763177,-789440,0.0
2024-03-07,56263245,145,False,,16751673,0.2977,buy,33435,392.949338,11158870,3613412,16681065,0.2965,buy,37909,305.776919,17244981,5089368,11529740,0.2049,buy,57666,131.865703,3267914,3925573,11300622,0.2009,buy,128751,93.985059,2763177,-800048,0.0
2024-03-08,55999333,145,False,,16651126,0.2973,buy,33435,392.949338,11158870,3512865,16440275,0.2936,buy,37909,305.776919,17244981,4848578,11627196,0.2076,buy,57666,131.865703,3267914,4023028,11280590,0.2014,buy,128751,93.985059,2763177,-820080,-0.47
2024-03-11,55939419,145,False,,16636807,0.2974,buy,33435,392.949338,11158870,3498546,16379237,0.2928,buy,37909,305.776919,17244981,4787539,11648532,0.2082,buy,57666,131.865703,3267914,4044364,11274698,0.2016,buy,128751,93.985059,2763177,-825973,-0.58
2024-03-12,56131475,145,False,,16815778,0.2996,buy,33435,392.949338,11158870,3677516,16614035,0.296,buy,37909,305.776919,17244981,5022337,11521090,0.2053,buy,57666,131.865703,3267914,3916922,11180428,0.1992,buy,128751,93.985059,2763177,-920242,-0.23
2024-03-13,56003948,145,False,,16789418,0.2998,buy,33435,392.949338,11158870,3651157,16486338,0.2944,buy,37909,305.776919,17244981,4894641,11601823,0.2072,buy,57666,131.865703,3267914,3997655,11126224,0.1987,buy,128751,93.985059,2763177,-974446,-0.46
2024-03-14,55709890,145,False,,16756230,0.3008,buy,33435,392.949338,11158870,3617969,16444771,0.2952,buy,37909,305.776919,17244981,4853074,11553383,0.2074,buy,57666,131.865703,3267914,3949216,10955360,0.1967,buy,128751,93.985059,2763177,-1145310,-0.98
2024-03-15,55358911,145,False,,16641170,0.3006,buy,33435,392.949338,11158870,3502909,16249295,0.2935,buy,37909,305.776919,17244981,4657597,11516477,0.208,buy,57666,131.865703,3267914,3912310,10951823,0.1978,buy,128751,93.985059,2763177,-1148847,-1.61
2024-03-18,55598248,145,False,,16740071,0.3011,buy,33435,392.949338,11158870,3601810,16404272,0.2951,buy,37909,305.776919,17244981,4812575,11534930,0.2075,buy,57666,131.865703,3267914,3930762,10918830,0.1964,buy,128751,93.985059,2763177,-1181841,-1.18
2024-03-19,55749517,145,False,,16833099,0.3019,buy,33435,392.949338,11158870,3694838,16445142,0.295,buy,37909,305.776919,17244981,4853445,11521667,0.2067,buy,57666,131.865703,3267914,3917499,10949463,0.1964,buy,128751,93.985059,2763177,-1151207,-0.91
2024-03-20,56233908,145,False,,16988792,0.3021,buy,33435,392.949338,11158870,3850531,16640127,0.2959,buy,37909,305.776919,17244981,5048430,11658911,0.2073,buy,57666,131.865703,3267914,4054744,10945932,0.1947,buy,128751,93.985059,2763177,-1154738,-0.05
2024-03-21,56380250,145,False,,17044933,0.3023,buy,33435,392.949338,11158870,3906672,16718872,0.2965,buy,37909,305.776919,17244981,5127175,11646802,0.2066,buy,57666,131.865703,3267914,4042634,10969497,0.1946,buy,128751,93.985059,2763177,-1131173,0.0
2024-03-22,56378521,145,False,,17012621,0.3018,buy,33435,392.949338,11158870,3874360,16737995,0.2969,buy,37909,305.776919,17244981,5146298,11553383,0.2049,buy,57666,131.865703,3267914,3949216,11074376,0.1964,buy,128751,93.985059,2763177,-1026295,-0.0
2024-03-25,56252294,145,False,,16965618,0.3016,buy,33435,392.949338,11158870,3827357,16677251,0.2965,buy,37909,305.776919,17244981,5085553,11590290,0.206,buy,57666,131.865703,3267914,3986122,11018990,0.1959,buy,128751,93.985059,2763177,-1081680,-0.23
2024-03-26,56235085,145,False,,16934283,0.3011,buy,33435,392.949338,11158870,3796022,16623255,0.2956,buy,37909,305.776919,17244981,5031558,11627772,0.2068,buy,57666,131.865703,3267914,4023605,11049630,0.1965,buy,128751,93.985059,2763177,-1051041,-0.26
2024-03-27,56627797,145,False,,17076595,0.3016,buy,33435,392.949338,11158870,3938334,16679877,0.2946,buy,37909,305.776919,17244981,5088179,11711965,0.2068,buy,57666,131.865703,3267914,4107797,11159215,0.1971,buy,128751,93.985059,2763177,-941455,0.0
2024-03-28,56735447,145,False,,17073335,0.3009,buy,33435,392.949338,11158870,3935073,16649127,0.2935,buy,37909,305.776919,17244981,5057429,11863050,0.2091,buy,57666,131.865703,3267914,4258882,11149791,0.1965,buy,128751,93.985059,2763177,-950879,0.0
2024-04-01,56654242,145,False,,17043625,0.3008,buy,33435,392.949338,11158870,3905364,16684375,0.2945,buy,37909,305.776919,17244981,5092677,11984149,0.2115,buy,57666,131.865703,3267914,4379981,10941948,0.1931,buy,128751,93.985059,2763177,-1158722,-0.14
2024-04-02,56518628,145,False,,16935263,0.2996,buy,33435,392.949338,11158870,3797002,16540385,0.2927,buy,37909,305.776919,17244981,4948687,12161183,0.2152,buy,57666,131.865703,3267914,4557015,10881652,0.1925,buy,128751,93.985059,2763177,-1219018,-0.38
2024-04-03,56678669,145,False,,16953867,0.2991,buy,33435,392.949338,11158870,3815606,16577507,0.2925,buy,37909,305.776919,17244981,4985810,12267865,0.2164,buy,57666,131.865703,3267914,4663698,10879285,0.1919,buy,128751,93.985059,2763177,-1221386,-0.1
2024-04-04,56225929,145,False,,16746926,0.2979,buy,33435,392.949338,11158870,3608665,16324029,0.2903,buy,37909,305.776919,17244981,4732331,12197513,0.2169,buy,57666,131.865703,3267914,4593345,10957316,0.1949,buy,128751,93.985059,2763177,-1143354,-0.9
2024-04-05,56649477,145,False,,16921879,0.2987,buy,33435,392.949338,11158870,3783618,16516386,0.2916,buy,37909,305.776919,17244981,4924689,12406263,0.219,buy,57666,131.865703,3267914,4802096,10804803,0.1907,buy,128751,93.985059,2763177,-1295867,-0.15
2024-04-08,56739907,145,False,,16931343,0.2984,buy,33435,392.949338,11158870,3793082,16521261,0.2912,buy,37909,305.776919,17244981,4929564,12483535,0.22,buy,57666,131.865703,3267914,4879368,10803622,0.1904,buy,128751,93.985059,2763177,-1297049,0.0
2024-04-09,56989730,145,False,,16950930,0.2974,buy,33435,392.949338,11158870,3812669,16582383,0.291,buy,37909,305.776919,17244981,4990686,12552158,0.2203,buy,57666,131.865703,3267914,4947990,10904113,0.1913,buy,128751,93.985059,2763177,-1196557,0.0
2024-04-10,56318831,145,False,,16781198,0.298,buy,33435,392.949338,11158870,3642937,16437642,0.2919,buy,37909,305.776919,17244981,4845945,12433366,0.2208,buy,57666,131.865703,3267914,4829199,10666479,0.1894,buy,128751,93.985059,2763177,-1434191,-1.18
2024-04-11,56901105,145,False,,16907844,0.2971,buy,33435,392.949338,11158870,3769583,16700125,0.2935,buy,37909,305.776919,17244981,5108427,12674987,0.2228,buy,57666,131.865703,3267914,5070819,10618004,0.1866,buy,128751,93.985059,2763177,-1482667,-0.16
2024-04-12,56290433,145,False,,16674463,0.2962,buy,33435,392.949338,11158870,3536202,16433893,0.2919,buy,37909,305.776919,17244981,4842196,12507179,0.2222,buy,57666,131.865703,3267914,4903011,10674753,0.1896,buy,128751,93.985059,2763177,-1425918,-1.23
2024-04-15,55879785,145,False,,16465564,0.2947,buy,33435,392.949338,11158870,3327303,16163538,0.2893,buy,37909,305.776919,17244981,4571841,12741303,0.228,buy,57666,131.865703,3267914,5137135,10509235,0.1881,buy,128751,93.985059,2763177,-1591435,-1.95
2024-04-16,55797072,145,False,,16435534,0.2946,buy,33435,392.949338,11158870,3297273,16165039,0.2897,buy,37909,305.776919,17244981,4573342,12756873,0.2286,buy,57666,131.865703,3267914,5152705,10439481,0.1871,buy,128751,93.985059,2763177,-1661189,-2.09
2024-04-17,55524435,145,False,,16338266,0.2943,buy,33435,392.949338,11158870,3200004,15967803,0.2876,buy,37909,305.776919,17244981,4376106,12662877,0.2281,buy,57666,131.865703,3267914,5058709,10555344,0.1901,buy,128751,93.985059,2763177,-1545326,-2.57
2024-04-18,55389739,145,False,,16304646,0.2944,buy,33435,392.949338,11158870,3166385,15876683,0.2866,buy,37909,305.776919,17244981,4284986,12706126,0.2294,buy,57666,131.865703,3267914,5101959,10502138,0.1896,buy,128751,93.985059,2763177,-1598532,-2.81
2024-04-19,54996578,145,False,,16162332,0.2939,buy,33435,392.949338,11158870,3024071,15548211,0.2827,buy,37909,305.776919,17244981,3956513,12745916,0.2318,buy,57666,131.865703,3267914,5141748,10539974,0.1916,buy,128751,93.985059,2763177,-1560696,-3.5
2024-04-22,54969189,145,False,,16311172,0.2967,buy,33435,392.949338,11158870,3172911,15704574,0.2857,buy,37909,305.776919,17244981,4112877,12431060,0.2261,buy,57666,131.865703,3267914,4826892,10522238,0.1914,buy,128751,93.985059,2763177,-1578432,-3.55
2024-04-23,55370089,145,False,,16504732,0.2981,buy,33435,392.949338,11158870,3366471,15938929,0.2879,buy,37909,305.776919,17244981,4347231,12400496,0.224,buy,57666,131.865703,3267914,4796329,10525786,0.1901,buy,128751,93.985059,2763177,-1574884,-2.84
2024-04-24,55318701,145,False,,16496898,0.2982,buy,33435,392.949338,11158870,3358637,15992926,0.2891,buy,37909,305.776919,17244981,4401229,12377430,0.2237,buy,57666,131.865703,3267914,4773263,10451301,0.1889,buy,128751,93.985059,2763177,-1649369,-2.93
2024-04-25,55179303,145,False,,16434230,0.2978,buy,33435,392.949338,11158870,3295969,15915683,0.2884,buy,37909,305.776919,17244981,4323986,12451243,0.2257,buy,57666,131.865703,3267914,4847075,10378002,0.1881,buy,128751,93.985059,2763177,-1722668,-3.18
2024-04-26,55675354,145,False,,16589925,0.298,buy,33435,392.949338,11158870,3451664,16161289,0.2903,buy,37909,305.776919,17244981,4569592,12491609,0.2244,buy,57666,131.865703,3267914,4887441,10432386,0.1874,buy,128751,93.985059,2763177,-1668284,-2.31
2024-04-29,55861844,145,False,,16648677,0.298,buy,33435,392.949338,11158870,3510416,16226909,0.2905,buy,37909,305.776919,17244981,4635212,12466235,0.2232,buy,57666,131.865703,3267914,4862068,10519877,0.1883,buy,128751,93.985059,2763177,-1580794,-1.98
2024-04-30,54953733,145,False,,16384941,0.2982,buy,33435,392.949338,11158870,3246680,15920932,0.2897,buy,37909,305.776919,17244981,4329235,12217695,0.2223,buy,57666,131.865703,3267914,4613528,10430020,0.1898,buy,128751,93.985059,2763177,-1670651,-3.57
2024-05-01,54973013,145,False,,16331737,0.2971,buy,33435,392.949338,11158870,3193476,15805816,0.2875,buy,37909,305.776919,17244981,4214118,12328414,0.2243,buy,57666,131.865703,3267914,4724246,10506901,0.1911,buy,128751,93.985059,2763177,-1593770,-3.54
2024-05-02,55325640,138,True,monthly,16644236,0.3008,buy,33759,393.915792,11158870,3346033,16694151,0.3017,buy,39535,310.554569,17244981,4416376,10944865,0.1978,buy,51353,131.865703,3769157,4173166,11042250,0.1996,buy,134733,93.431966,2763177,-1546119,-2.92
2024-05-03,55970485,138,False,,16850548,0.3011,buy,33759,393.915792,11158870,3552345,17029673,0.3043,buy,39535,310.554569,17244981,4751899,10936135,0.1954,buy,51353,131.865703,3769157,4164436,11153990,0.1993,buy,134733,93.431966,2763177,-1434379,-1.79
2024-05-06,56489514,138,False,,17024561,0.3014,buy,33759,393.915792,11158870,3726358,17216208,0.3048,buy,39535,310.554569,17244981,4938433,11051165,0.1956,buy,51353,131.865703,3769157,4279466,11197441,0.1982,buy,134733,93.431966,2763177,-1390928,-0.88
2024-05-07,56528483,138,False,,17043347,0.3015,buy,33759,393.915792,11158870,3745144,17218945,0.3046,buy,39535,310.554569,17244981,4941170,11000326,0.1946,buy,51353,131.865703,3769157,4228627,11265726,0.1993,buy,134733,93.431966,2763177,-1322643,-0.81
2024-05-08,56419323,138,False,,17044992,0.3021,buy,33759,393.915792,11158870,3746789,17208778,0.305,buy,39535,310.554569,17244981,4931003,10967974,0.1944,buy,51353,131.865703,3769157,4196274,11197441,0.1985,buy,134733,93.431966,2763177,-1390928,-1.0
2024-05-09,56782766,138,False,,17143206,0.3019,buy,33759,393.915792,11158870,3845003,17246318,0.3037,buy,39535,310.554569,17244981,4968544,11141033,0.1962,buy,51353,131.865703,3769157,4369334,11252070,0.1982,buy,134733,93.431966,2763177,-1336299,-0.36
2024-05-10,56872577,138,False,,17165285,0.3018,buy,33759,393.915792,11158870,3867082,17286988,0.304,buy,39535,310.554569,17244981,5009213,11231415,0.1975,buy,51353,131.865703,3769157,4459716,11188751,0.1967,buy,134733,93.431966,2763177,-1399618,-0.21
2024-05-13,56817513,138,False,,17167592,0.3022,buy,33759,393.915792,11158870,3869389,17326877,0.305,buy,39535,310.554569,17244981,5049102,11105600,0.1955,buy,51353,131.865703,3769157,4333900,11217306,0.1974,buy,134733,93.431966,2763177,-1371063,-0.3
2024-05-14,57165026,138,False,,17246359,0.3017,buy,33759,393.915792,11158870,3948156,17438327,0.3051,buy,39535,310.554569,17244981,5160552,11199576,0.1959,buy,51353,131.865703,3769157,4427876,11280626,0.1973,buy,134733,93.431966,2763177,-1307743,0.0
2024-05-15,57948891,138,False,,17459920,0.3013,buy,33759,393.915792,11158870,4161717,17710892,0.3056,buy,39535,310.554569,17244981,5433117,11343364,0.1957,buy,51353,131.865703,3769157,4571665,11434576,0.1973,buy,134733,93.431966,2763177,-1153793,0.0
2024-05-16,57821650,138,False,,17423996,0.3013,buy,33759,393.915792,11158870,4125793,17674914,0.3057,buy,39535,310.554569,17244981,5397139,11299201,0.1954,buy,51353,131.865703,3769157,4527501,11423402,0.1976,buy,134733,93.431966,2763177,-1164967,-0.22
2024-05-17,57947535,138,False,,17449045,0.3011,buy,33759,393.915792,11158870,4150842,17666313,0.3049,buy,39535,310.554569,17244981,5388538,11485612,0.1982,buy,51353,131.865703,3769157,4713913,11346427,0.1958,buy,134733,93.431966,2763177,-1241942,-0.0
2024-05-20,58103517,138,False,,17469149,0.3007,buy,33759,393.915792,11158870,4170946,17789495,0.3062,buy,39535,310.554569,17244981,5511720,11531830,0.1985,buy,51353,131.865703,3769157,4760130,11312904,0.1947,buy,134733,93.431966,2763177,-1275465,0.0
2024-05-21,58222566,138,False,,17511993,0.3008,buy,33759,393.915792,11158870,4213790,17824297,0.3061,buy,39535,310.554569,17244981,5546522,11514883,0.1978,buy,51353,131.865703,3769157,4743184,11371255,0.1953,buy,134733,93.431966,2763177,-1217114,0.0
2024-05-22,57970710,138,False,,17461569,0.3012,buy,33759,393.915792,11158870,4163365,17820780,0.3074,buy,39535,310.554569,17244981,5543005,11303309,0.195,buy,51353,131.865703,3769157,4531609,11384914,0.1964,buy,134733,93.431966,2763177,-1203455,-0.43
2024-05-23,57464313,138,False,,17334027,0.3016,buy,33759,393.915792,11158870,4035823,17740613,0.3087,buy,39535,310.554569,17244981,5462838,11077869,0.1928,buy,51353,131.865703,3769157,4306170,11311665,0.1968,buy,134733,93.431966,2763177,-1276704,-1.3
2024-05-24,57790557,138,False,,17448717,0.3019,buy,33759,393.915792,11158870,4150514,17908377,0.3099,buy,39535,310.554569,17244981,5630602,11088140,0.1919,buy,51353,131.865703,3769157,4316440,11345185,0.1963,buy,134733,93.431966,2763177,-1243184,-0.74
2024-05-28,57824330,138,False,,17460909,0.302,buy,33759,393.915792,11158870,4162706,17976027,0.3109,buy,39535,310.554569,17244981,5698252,11204711,0.1938,buy,51353,131.865703,3769157,4433012,11182544,0.1934,buy,134733,93.431966,2763177,-1405825,-0.68
2024-05-29,57335785,138,False,,17338638,0.3024,buy,33759,393.915792,11158870,4040435,17849326,0.3113,buy,39535,310.554569,17244981,5571551,11100465,0.1936,buy,51353,131.865703,3769157,4328765,11047218,0.1927,buy,134733,93.431966,2763177,-1541151,-1.52
2024-05-30,57157370,138,False,,17223621,0.3013,buy,33759,393.915792,11158870,3925417,17658101,0.3089,buy,39535,310.554569,17244981,5380326,11121520,0.1946,buy,51353,131.865703,3769157,4349820,11153990,0.1951,buy,134733,93.431966,2763177,-1434379,-1.83
2024-05-31,57291908,138,False,,17380493,0.3034,buy,33759,393.915792,11158870,4082289,17625251,0.3076,buy,39535,310.554569,17244981,5347477,11056301,0.193,buy,51353,131.865703,3769157,4284602,11229724,0.196,buy,134733,93.431966,2763177,-1358645,-1.6
2024-06-03,57680948,138,False,,17394667,0.3016,buy,33759,393.915792,11158870,4096464,17719888,0.3072,buy,39535,310.554569,17244981,5442113,11154899,0.1934,buy,51353,131.865703,3769157,4383199,11411356,0.1978,buy,134733,93.431966,2763177,-1177013,-0.93
2024-06-04,57782045,138,False,,17414112,0.3014,buy,33759,393.915792,11158870,4115908,17768379,0.3075,buy,39535,310.554569,17244981,5490604,11054761,0.1913,buy,51353,131.865703,3769157,4283061,11544655,0.1998,buy,134733,93.431966,2763177,-1043714,-0.76
2024-06-05,58562882,138,False,,17621079,0.3009,buy,33759,393.915792,11158870,4322876,18126584,0.3095,buy,39535,310.554569,17244981,5848809,11185711,0.191,buy,51353,131.865703,3769157,4414011,11629369,0.1986,buy,134733,93.431966,2763177,-959000,0.0
2024-06-06,58621533,138,False,,17620749,0.3006,buy,33759,393.915792,11158870,4322546,18120328,0.3091,buy,39535,310.554569,17244981,5842553,11268388,0.1922,buy,51353,131.865703,3769157,4496689,11611928,0.1981,buy,134733,93.431966,2763177,-976441,0.0
2024-06-07,57968957,138,False,,17599331,0.3036,buy,33759,393.915792,11158870,4301128,18104294,0.3123,buy,39535,310.554569,17244981,5826519,10866295,0.1875,buy,51353,131.865703,3769157,4094596,11398899,0.1966,buy,134733,93.431966,2763177,-1189470,-1.11
2024-06-10,58120092,138,False,,17653707,0.3037,buy,33759,393.915792,11158870,4355504,18177423,0.3128,buy,39535,310.554569,17244981,5899648,10965919,0.1887,buy,51353,131.865703,3769157,4194220,11322905,0.1948,buy,134733,93.431966,2763177,-1265464,-0.86
2024-06-11,58435781,138,False,,17696221,0.3028,buy,33759,393.915792,11158870,4398018,18302168,0.3132,buy,39535,310.554569,17244981,6024393,10997245,0.1882,buy,51353,131.865703,3769157,4225545,11440009,0.1958,buy,134733,93.431966,2763177,-1148360,-0.32
2024-06-12,58936066,138,False,,17841561,0.3027,buy,33759,393.915792,11158870,4543358,18541884,0.3146,buy,39535,310.554569,17244981,6264109,11026516,0.1871,buy,51353,131.865703,3769157,4254817,11525966,0.1956,buy,134733,93.431966,2763177,-1062403,0.0
2024-06-13,59152058,138,False,,17877488,0.3022,buy,33759,393.915792,11158870,4579285,18642387,0.3152,buy,39535,310.554569,17244981,6364612,10936648,0.1849,buy,51353,131.865703,3769157,4164949,11695395,0.1977,buy,134733,93.431966,2763177,-892974,0.0
2024-06-14,59499675,138,False,,17888361,0.3006,buy,33759,393.915792,11158870,4590158,18738978,0.3149,buy,39535,310.554569,17244981,6461203,11078382,0.1862,buy,51353,131.865703,3769157,4306683,11793815,0.1982,buy,134733,93.431966,2763177,-794554,0.0
2024-06-17,59696977,138,False,,18030735,0.302,buy,33759,393.915792,11158870,4732531,18968526,0.3177,buy,39535,310.554569,17244981,6690751,11020867,0.1846,buy,51353,131.865703,3769157,4249168,11676711,0.1956,buy,134733,93.431966,2763177,-911658,0.0
2024-06-18,59899952,138,False,,18076545,0.3018,buy,33759,393.915792,11158870,4778342,18974392,0.3168,buy,39535,310.554569,17244981,6696617,11065031,0.1847,buy,51353,131.865703,3769157,4293332,11783846,0.1967,buy,134733,93.431966,2763177,-804523,0.0
2024-06-20,59764253,138,False,,18027440,0.3016,buy,33759,393.915792,11158870,4729237,18828138,0.315,buy,39535,310.554569,17244981,6550363,11203171,0.1875,buy,51353,131.865703,3769157,4431471,11705365,0.1959,buy,134733,93.431966,2763177,-883004,-0.23
2024-06-21,59516061,138,False,,18003268,0.3025,buy,33759,393.915792,11158870,4705065,18777692,0.3155,buy,39535,310.554569,17244981,6499917,11029597,0.1853,buy,51353,131.865703,3769157,4257898,11705365,0.1967,buy,134733,93.431966,2763177,-883004,-0.64
2024-06-24,59334746,138,False,,17944746,0.3024,buy,33759,393.915792,11158870,4646543,18563913,0.3129,buy,39535,310.554569,17244981,6286138,11073248,0.1866,buy,51353,131.865703,3769157,4301548,11752700,0.1981,buy,134733,93.431966,2763177,-835669,-0.94
2024-06-25,59581126,138,False,,18013853,0.3023,buy,33759,393.915792,11158870,4715650,18776204,0.3151,buy,39535,310.554569,17244981,6498429,11018300,0.1849,buy,51353,131.865703,3769157,4246600,11772631,0.1976,buy,134733,93.431966,2763177,-815738,-0.53
2024-06-26,59372527,138,False,,18036335,0.3038,buy,33759,393.915792,11158870,4738132,18814980,0.3169,buy,39535,310.554569,17244981,6537205,10916621,0.1839,buy,51353,131.865703,3769157,4144921,11604452,0.1955,buy,134733,93.431966,2763177,-983917,-0.88
2024-06-27,59619384,138,False,,18064770,0.303,buy,33759,393.915792,11158870,4766567,18863547,0.3164,buy,39535,310.554569,17244981,6585772,11040382,0.1852,buy,51353,131.865703,3769157,4268682,11650547,0.1954,buy,134733,93.431966,2763177,-937822,-0.47
2024-06-28,59234632,138,False,,17993679,0.3038,buy,33759,393.915792,11158870,4695476,18765628,0.3168,buy,39535,310.554569,17244981,6487853,11041408,0.1864,buy,51353,131.865703,3769157,4269709,11433779,0.193,buy,134733,93.431966,2763177,-1154591,-1.11
2024-07-01,59213159,138,False,,18030716,0.3045,buy,33759,393.915792,11158870,4732513,18875691,0.3188,buy,39535,310.554569,17244981,6597916,11070167,0.187,buy,51353,131.865703,3769157,4298467,11236448,0.1898,buy,134733,93.431966,2763177,-1351921,-1.15
2024-07-02,59619651,138,False,,18152054,0.3045,buy,33759,393.915792,11158870,4853851,19073878,0.3199,buy,39535,310.554569,17244981,6796103,11069653,0.1857,buy,51353,131.865703,3769157,4297953,11323928,0.1899,buy,134733,93.431966,2763177,-1264441,-0.47
2024-07-03,60133189,138,False,,18233064,0.3032,buy,33759,393.915792,11158870,4934861,19232898,0.3198,buy,39535,310.554569,17244981,6955123,11194441,0.1862,buy,51353,131.865703,3769157,4422741,11472648,0.1908,buy,134733,93.431966,2763177,-1115721,0.0
2024-07-05,60684821,138,False,,18338198,0.3022,buy,33759,393.915792,11158870,5039995,19433437,0.3202,buy,39535,310.554569,17244981,7155662,11345418,0.187,buy,51353,131.865703,3769157,4573718,11567630,0.1906,buy,134733,93.431966,2763177,-1020739,0.0
2024-07-08,60636491,138,False,,18359364,0.3028,buy,33759,393.915792,11158870,5061160,19479653,0.3213,buy,39535,310.554569,17244981,7201878,11204711,0.1848,buy,51353,131.865703,3769157,4433012,11592625,0.1912,buy,134733,93.431966,2763177,-995744,-0.08
2024-07-09,60638949,138,False,,18377216,0.3031,buy,33759,393.915792,11158870,5079012,19496498,0.3215,buy,39535,310.554569,17244981,7218723,11223712,0.1851,buy,51353,131.865703,3769157,4452012,11541385,0.1903,buy,134733,93.431966,2763177,-1046984,-0.08
2024-07-10,61101402,138,False,,18559066,0.3037,buy,33759,393.915792,11158870,5260863,19699778,0.3224,buy,39535,310.554569,17244981,7422004,11264794,0.1844,buy,51353,131.865703,3769157,4493095,11577625,0.1895,buy,134733,93.431966,2763177,-1010744,0.0
2024-07-11,60821593,138,False,,18399036,0.3025,buy,33759,393.915792,11158870,5100833,19267758,0.3168,buy,39535,310.554569,17244981,6989983,11464557,0.1885,buy,51353,131.865703,3769157,4692858,11690103,0.1922,buy,134733,93.431966,2763177,-898266,-0.46
2024-07-12,61093644,138,False,,18515089,0.3031,buy,33759,393.915792,11158870,5216886,19380953,0.3172,buy,39535,310.554569,17244981,7103178,11457368,0.1875,buy,51353,131.865703,3769157,4685668,11740096,0.1922,buy,134733,93.431966,2763177,-848273,-0.01
2024-07-15,61098657,138,False,,18566010,0.3039,buy,33759,393.915792,11158870,5267806,19433045,0.3181,buy,39535,310.554569,17244981,7155270,11494342,0.1881,buy,51353,131.865703,3769157,4722643,11605121,0.1899,buy,134733,93.431966,2763177,-983248,-0.0
2024-07-16,61608948,138,False,,18676108,0.3031,buy,33759,393.915792,11158870,5377904,19440487,0.3155,buy,39535,310.554569,17244981,7162712,11723376,0.1903,buy,51353,131.865703,3769157,4951677,11768839,0.191,buy,134733,93.431966,2763177,-819530,0.0
2024-07-17,60724477,138,False,,18414247,0.3032,buy,33759,393.915792,11158870,5116043,18869814,0.3107,buy,39535,310.554569,17244981,6592039,11668942,0.1922,buy,51353,131.865703,3769157,4897243,11771336,0.1938,buy,134733,93.431966,2763177,-817033,-1.44
2024-07-18,60329223,138,False,,18272735,0.3029,buy,33759,393.915792,11158870,4974531,18780512,0.3113,buy,39535,310.554569,17244981,6502738,11594480,0.1922,buy,51353,131.865703,3769157,4822781,11681357,0.1936,buy,134733,93.431966,2763177,-907012,-2.08
2024-07-19,59764700,138,False,,18151393,0.3037,buy,33759,393.915792,11158870,4853189,18614049,0.3115,buy,39535,310.554569,17244981,6336274,11386500,0.1905,buy,51353,131.865703,3769157,4614801,11612620,0.1943,buy,134733,93.431966,2763177,-975749,-2.99
2024-07-22,60199006,138,False,,18338536,0.3046,buy,33759,393.915792,11158870,5040333,18891357,0.3138,buy,39535,310.554569,17244981,6613582,11390096,0.1892,buy,51353,131.865703,3769157,4618396,11578878,0.1923,buy,134733,93.431966,2763177,-1009491,-2.29
2024-07-23,60127458,138,False,,18309768,0.3045,buy,33759,393.915792,11158870,5011564,18824771,0.3131,buy,39535,310.554569,17244981,6546996,11430151,0.1901,buy,51353,131.865703,3769157,4658451,11562630,0.1923,buy,134733,93.431966,2763177,-1025739,-2.4
2024-07-24,58872232,138,False,,17894821,0.304,buy,33759,393.915792,11158870,4596618,18149522,0.3083,buy,39535,310.554569,17244981,5871747,11390096,0.1935,buy,51353,131.865703,3769157,4618396,11437655,0.1943,buy,134733,93.431966,2763177,-1150714,-4.44
2024-07-25,58494382,138,False,,17801584,0.3043,buy,33759,393.915792,11158870,4503381,17949374,0.3069,buy,39535,310.554569,17244981,5671599,11211901,0.1917,buy,51353,131.865703,3769157,4440201,11531385,0.1971,buy,134733,93.431966,2763177,-1056984,-5.06
2024-07-26,59085937,138,False,,18000954,0.3047,buy,33759,393.915792,11158870,4702751,18133462,0.3069,buy,39535,310.554569,17244981,5855687,11330013,0.1918,buy,51353,131.865703,3769157,4558313,11621369,0.1967,buy,134733,93.431966,2763177,-967000,-4.1
2024-07-29,59179512,138,False,,18011537,0.3044,buy,33759,393.915792,11158870,4713334,18169887,0.307,buy,39535,310.554569,17244981,5892112,11314093,0.1912,buy,51353,131.865703,3769157,4542394,11683856,0.1974,buy,134733,93.431966,2763177,-904513,-3.94
2024-07-30,58996725,138,False,,17920282,0.3038,buy,33759,393.915792,11158870,4622079,17920390,0.3038,buy,39535,310.554569,17244981,5642615,11427070,0.1937,buy,51353,131.865703,3769157,4655370,11728845,0.1988,buy,134733,93.431966,2763177,-859524,-4.24
2024-07-31,60145269,138,False,,18211567,0.3028,buy,33759,393.915792,11158870,4913364,18450721,0.3068,buy,39535,310.554569,17244981,6172946,11634022,0.1934,buy,51353,131.865703,3769157,4862323,11848820,0.197,buy,134733,93.431966,2763177,-739549,-2.38
2024-08-01,59502610,138,False,,17953677,0.3017,buy,33759,393.915792,11158870,4655473,18003815,0.3026,buy,39535,310.554569,17244981,5726040,11593967,0.1948,buy,51353,131.865703,3769157,4822268,11951013,0.2008,buy,134733,93.431966,2763177,-637356,-3.42
2024-08-02,59091352,138,False,,17619406,0.2982,buy,33759,393.915792,11158870,4321203,17576498,0.2974,buy,39535,310.554569,17244981,5298723,11571885,0.1958,buy,51353,131.865703,3769157,4800185,12323425,0.2085,buy,134733,93.431966,2763177,-264944,-4.09
2024-08-05,57972484,138,False,,17106265,0.2951,buy,33759,393.915792,11158870,3808061,17052436,0.2941,buy,39535,310.554569,17244981,4774661,11425015,0.1971,buy,51353,131.865703,3769157,4653316,12388630,0.2137,buy,134733,93.431966,2763177,-199739,-5.9
2024-08-06,57924606,138,False,,17263975,0.298,buy,33759,393.915792,11158870,3965772,17215371,0.2972,buy,39535,310.554569,17244981,4937597,11333607,0.1957,buy,51353,131.865703,3769157,4561908,12111514,0.2091,buy,134733,93.431966,2763177,-476855,-5.98
2024-08-07,57529812,138,False,,17148586,0.2981,buy,33759,393.915792,11158870,3850383,17028933,0.296,buy,39535,310.554569,17244981,4751158,11325904,0.1969,buy,51353,131.865703,3769157,4554205,12026250,0.209,buy,134733,93.431966,2763177,-562119,-6.62
2024-08-08,58550866,138,False,,17545014,0.2997,buy,33759,393.915792,11158870,4246811,17549863,0.2997,buy,39535,310.554569,17244981,5272088,11503585,0.1965,buy,51353,131.865703,3769157,4731886,11952266,0.2041,buy,134733,93.431966,2763177,-636103,-4.96
2024-08-09,58865999,138,False,,17622383,0.2994,buy,33759,393.915792,11158870,4324180,17641515,0.2997,buy,39535,310.554569,17244981,5363740,11531830,0.1959,buy,51353,131.865703,3769157,4760130,12070133,0.205,buy,134733,93.431966,2763177,-518236,-4.45
2024-08-12,59154848,138,False,,17631639,0.2981,buy,33759,393.915792,11158870,4333436,17679508,0.2989,buy,39535,310.554569,17244981,5401733,11729539,0.1983,buy,51353,131.865703,3769157,4957839,12114023,0.2048,buy,134733,93.431966,2763177,-474346,-3.98
2024-08-13,59949527,138,False,,17921603,0.2989,buy,33759,393.915792,11158870,4623400,18118187,0.3022,buy,39535,310.554569,17244981,5840412,11711565,0.1954,buy,51353,131.865703,3769157,4939866,12198034,0.2035,buy,134733,93.431966,2763177,-390335,-2.69
2024-08-14,59992915,138,False,,17978145,0.2997,buy,33759,393.915792,11158870,4679942,18124061,0.3021,buy,39535,310.554569,17244981,5846286,11616048,0.1936,buy,51353,131.865703,3769157,4844349,12274523,0.2046,buy,134733,93.431966,2763177,-313846,-2.62
2024-08-15,60696339,138,False,,18286293,0.3013,buy,33759,393.915792,11158870,4988089,18581933,0.3061,buy,39535,310.554569,17244981,6304158,11652509,0.192,buy,51353,131.865703,3769157,4880810,12175466,0.2006,buy,134733,93.431966,2763177,-412903,-1.48
2024-08-16,61064733,138,False,,18327290,0.3001,buy,33759,393.915792,11158870,5029087,18605824,0.3047,buy,39535,310.554569,17244981,6328049,11913383,0.1951,buy,51353,131.865703,3769157,5141683,12218098,0.2001,buy,134733,93.431966,2763177,-370271,-0.88
2024-08-19,61521283,138,False,,18502524,0.3007,buy,33759,393.915792,11158870,5204321,18850230,0.3064,buy,39535,310.554569,17244981,6572455,11893868,0.1933,buy,51353,131.865703,3769157,5122169,12274523,0.1995,buy,134733,93.431966,2763177,-313846,-0.14
2024-08-20,61593096,138,False,,18472439,0.2999,buy,33759,393.915792,11158870,5174236,18810670,0.3054,buy,39535,310.554569,17244981,6532896,11937519,0.1938,buy,51353,131.865703,3769157,5165819,12372329,0.2009,buy,134733,93.431966,2763177,-216040,-0.03
2024-08-21,61735912,138,False,,18535918,0.3002,buy,33759,393.915792,11158870,5237715,18898404,0.3061,buy,39535,310.554569,17244981,6620630,11921599,0.1931,buy,51353,131.865703,3769157,5149899,12379853,0.2005,buy,134733,93.431966,2763177,-208517,0.0
2024-08-22,61025164,138,False,,18390442,0.3014,buy,33759,393.915792,11158870,5092239,18598776,0.3048,buy,39535,310.554569,17244981,6321001,11778837,0.193,buy,51353,131.865703,3769157,5007138,12256971,0.2009,buy,134733,93.431966,2763177,-331398,-1.15
2024-08-23,61638618,138,False,,18585846,0.3015,buy,33759,393.915792,11158870,5287643,18800489,0.305,buy,39535,310.554569,17244981,6522714,11914923,0.1933,buy,51353,131.865703,3769157,5143224,12337221,0.2002,buy,134733,93.431966,2763177,-251148,-0.16
2024-08-26,61418436,138,False,,18541537,0.3019,buy,33759,393.915792,11158870,5243334,18617966,0.3031,buy,39535,310.554569,17244981,6340191,11952924,0.1946,buy,51353,131.865703,3769157,5181225,12305870,0.2004,buy,134733,93.431966,2763177,-282499,-0.51
2024-08-27,61510551,138,False,,18566999,0.3019,buy,33759,393.915792,11158870,5268796,18673583,0.3036,buy,39535,310.554569,17244981,6395808,11985277,0.1948,buy,51353,131.865703,3769157,5213577,12284554,0.1997,buy,134733,93.431966,2763177,-303815,-0.37
2024-08-28,61091603,138,False,,18459213,0.3022,buy,33759,393.915792,11158870,5161009,18461687,0.3022,buy,39535,310.554569,17244981,6183912,11901058,0.1948,buy,51353,131.865703,3769157,5129358,12269507,0.2008,buy,134733,93.431966,2763177,-318862,-1.04
2024-08-29,61087728,138,False,,18460863,0.3022,buy,33759,393.915792,11158870,5162660,18434662,0.3018,buy,39535,310.554569,17244981,6156887,11962681,0.1958,buy,51353,131.865703,3769157,5190982,12229383,0.2002,buy,134733,93.431966,2763177,-358986,-1.05
2024-08-30,61268034,138,False,,18637092,0.3042,buy,33759,393.915792,11158870,5338889,18654393,0.3045,buy,39535,310.554569,17244981,6376618,11877435,0.1939,buy,51353,131.865703,3769157,5105736,12098974,0.1975,buy,134733,93.431966,2763177,-489395,-0.76
2024-09-03,60464667,138,False,,18253560,0.3019,buy,33759,393.915792,11158870,4955356,18088027,0.2992,buy,39535,310.554569,17244981,5810253,11826082,0.1956,buy,51353,131.865703,3769157,5054383,12296859,0.2034,buy,134733,93.431966,2763177,-291510,-2.06
2024-09-04,60545995,138,False,,18216195,0.3009,buy,33759,393.915792,11158870,4917992,18041025,0.298,buy,39535,310.554569,17244981,5763250,11833271,0.1954,buy,51353,131.865703,3769157,5061572,12455365,0.2057,buy,134733,93.431966,2763177,-133004,-1.93
2024-09-05,60687583,138,False,,18171892,0.2994,buy,33759,393.915792,11158870,4873689,18057869,0.2976,buy,39535,310.554569,17244981,5780095,11931870,0.1966,buy,51353,131.865703,3769157,5160170,12525813,0.2064,buy,134733,93.431966,2763177,-62556,-1.7
2024-09-06,59808439,138,False,,17866057,0.2987,buy,33759,393.915792,11158870,4567853,17574147,0.2938,buy,39535,310.554569,17244981,5296372,11843543,0.198,buy,51353,131.865703,3769157,5071843,12524554,0.2094,buy,134733,93.431966,2763177,-63815,-3.12
2024-09-09,60338374,138,False,,18066091,0.2994,buy,33759,393.915792,11158870,4767887,17800143,0.295,buy,39535,310.554569,17244981,5522368,11893355,0.1971,buy,51353,131.865703,3769157,5121656,12578647,0.2085,buy,134733,93.431966,2763177,-9722,-2.26
2024-09-10,60722010,138,False,,18144780,0.2988,buy,33759,393.915792,11158870,4846577,17964649,0.2959,buy,39535,310.554569,17244981,5686875,11945735,0.1967,buy,51353,131.865703,3769157,5174035,12666707,0.2086,buy,134733,93.431966,2763177,78338,-1.64
2024-09-11,61269203,138,False,,18330927,0.2992,buy,33759,393.915792,11158870,5032724,18354760,0.2996,buy,39535,310.554569,17244981,6076985,11926734,0.1947,buy,51353,131.865703,3769157,5155035,12656644,0.2066,buy,134733,93.431966,2763177,68274,-0.76
2024-09-12,61754173,138,False,,18485331,0.2993,buy,33759,393.915792,11158870,5187128,18534931,0.3001,buy,39535,310.554569,17244981,6257156,12136255,0.1965,buy,51353,131.865703,3769157,5364555,12597518,0.204,buy,134733,93.431966,2763177,9149,0.0
2024-09-13,62088402,138,False,,18581878,0.2993,buy,33759,393.915792,11158870,5283674,18617966,0.2999,buy,39535,310.554569,17244981,6340191,12256934,0.1974,buy,51353,131.865703,3769157,5485234,12631486,0.2034,buy,134733,93.431966,2763177,43117,0.0
2024-09-16,62148297,138,False,,18609319,0.2994,buy,33759,393.915792,11158870,5311116,18535714,0.2982,buy,39535,310.554569,17244981,6257939,12255907,0.1972,buy,51353,131.865703,3769157,5484208,12747219,0.2051,buy,134733,93.431966,2763177,158850,0.0
2024-09-17,62036265,138,False,,18616922,0.3001,buy,33759,393.915792,11158870,5318719,18545506,0.2989,buy,39535,310.554569,17244981,6267731,12188121,0.1965,buy,51353,131.865703,3769157,5416421,12685578,0.2045,buy,134733,93.431966,2763177,97209,-0.18
2024-09-18,61649535,138,False,,18561712,0.3011,buy,33759,393.915792,11158870,5263508,18465212,0.2995,buy,39535,310.554569,17244981,6187437,12094145,0.1962,buy,51353,131.865703,3769157,5322445,12528328,0.2032,buy,134733,93.431966,2763177,-60041,-0.8
2024-09-19,62579594,138,False,,18878454,0.3017,buy,33759,393.915792,11158870,5580250,18932090,0.3025,buy,39535,310.554569,17244981,6654315,12282097,0.1963,buy,51353,131.865703,3769157,5510397,12486815,0.1995,buy,134733,93.431966,2763177,-101554,0.0
2024-09-20,62619237,138,False,,18845820,0.301,buy,33759,393.915792,11158870,5547616,18896059,0.3018,buy,39535,310.554569,17244981,6618284,12438210,0.1986,buy,51353,131.865703,3769157,5666511,12439010,0.1986,buy,134733,93.431966,2763177,-149359,0.0
2024-09-23,62714136,138,False,,18892914,0.3013,buy,33759,393.915792,11158870,5594711,18946144,0.3021,buy,39535,310.554569,17244981,6668369,12462346,0.1987,buy,51353,131.865703,3769157,5690646,12412594,0.1979,buy,134733,93.431966,2763177,-175775,0.0
2024-09-24,63031152,138,False,,18946971,0.3006,buy,33759,393.915792,11158870,5648768,19037532,0.302,buy,39535,310.554569,17244981,6759757,12636433,0.2005,buy,51353,131.865703,3769157,5864734,12410078,0.1969,buy,134733,93.431966,2763177,-178291,0.0
2024-09-25,62886403,138,False,,18905184,0.3006,buy,33759,393.915792,11158870,5606981,19055183,0.303,buy,39535,310.554569,17244981,6777409,12618972,0.2007,buy,51353,131.865703,3769157,5847273,12306924,0.1957,buy,134733,93.431966,2763177,-281445,-0.23
2024-09-26,63197644,138,False,,18980141,0.3003,buy,33759,393.915792,11158870,5681937,19198346,0.3038,buy,39535,310.554569,17244981,6920571,12683164,0.2007,buy,51353,131.865703,3769157,5911464,12335855,0.1952,buy,134733,93.431966,2763177,-252514,0.0
2024-09-27,63026935,138,False,,18952610,0.3007,buy,33759,393.915792,11158870,5654407,19091660,0.3029,buy,39535,310.554569,17244981,6813885,12582512,0.1996,buy,51353,131.865703,3769157,5810813,12400013,0.1967,buy,134733,93.431966,2763177,-188356,-0.27
2024-09-30,62994876,138,False,,19028556,0.3021,buy,33759,393.915792,11158870,5730353,19143434,0.3039,buy,39535,310.554569,17244981,6865659,12481860,0.1981,buy,51353,131.865703,3769157,5710161,12340888,0.1959,buy,134733,93.431966,2763177,-247481,-0.32
2024-10-01,62777749,138,False,,18858094,0.3004,buy,33759,393.915792,11158870,5559891,18876719,0.3007,buy,39535,310.554569,17244981,6598944,12612810,0.2009,buy,51353,131.865703,3769157,5841111,12429988,0.198,buy,134733,93.431966,2763177,-158381,-0.66
2024-10-02,62710195,138,False,,18866049,0.3008,buy,33759,393.915792,11158870,5567846,18903391,0.3014,buy,39535,310.554569,17244981,6625616,12615378,0.2012,buy,51353,131.865703,3769157,5843679,12325238,0.1965,buy,134733,93.431966,2763177,-263132,-0.77
2024-10-03,62536749,138,False,,18831561,0.3011,buy,33759,393.915792,11158870,5533358,18889271,0.3021,buy,39535,310.554569,17244981,6611496,12606648,0.2016,buy,51353,131.865703,3769157,5834949,12209131,0.1952,buy,134733,93.431966,2763177,-379238,-1.05
2024-10-04,62757273,138,False,,19002691,0.3028,buy,33759,393.915792,11158870,5704487,19114017,0.3046,buy,39535,310.554569,17244981,6836242,12581485,0.2005,buy,51353,131.865703,3769157,5809786,12058943,0.1922,buy,134733,93.431966,2763177,-529426,-0.7
2024-10-07,62247248,138,False,,18830898,0.3025,buy,33759,393.915792,11158870,5532694,18909274,0.3038,buy,39535,310.554569,17244981,6631499,12538862,0.2014,buy,51353,131.865703,3769157,5767162,11968077,0.1923,buy,134733,93.431966,2763177,-620292,-1.5
2024-10-08,62635500,138,False,,19008992,0.3035,buy,33759,393.915792,11158870,5710788,19191676,0.3064,buy,39535,310.554569,17244981,6913901,12446426,0.1987,buy,51353,131.865703,3769157,5674727,11988267,0.1914,buy,134733,93.431966,2763177,-600102,-0.89
2024-10-09,62782238,138,False,,19140657,0.3049,buy,33759,393.915792,11158870,5842453,19342685,0.3081,buy,39535,310.554569,17244981,7064910,12378641,0.1972,buy,51353,131.865703,3769157,5606941,11920118,0.1899,buy,134733,93.431966,2763177,-668252,-0.66
2024-10-10,62770971,138,False,,19107157,0.3044,buy,33759,393.915792,11158870,5808954,19320718,0.3078,buy,39535,310.554569,17244981,7042943,12469536,0.1987,buy,51353,131.865703,3769157,5697836,11873422,0.1892,buy,134733,93.431966,2763177,-714947,-0.68
2024-10-11,63003719,138,False,,19221574,0.3051,buy,33759,393.915792,11158870,5923371,19350921,0.3071,buy,39535,310.554569,17244981,7073147,12605621,0.2001,buy,51353,131.865703,3769157,5833922,11825465,0.1877,buy,134733,93.431966,2763177,-762904,-0.31
2024-10-14,63311599,138,False,,19378779,0.3061,buy,33759,393.915792,11158870,6080575,19513305,0.3082,buy,39535,310.554569,17244981,7235530,12585080,0.1988,buy,51353,131.865703,3769157,5813381,11834298,0.1869,buy,134733,93.431966,2763177,-754071,0.0
2024-10-15,63087728,138,False,,19228211,0.3048,buy,33759,393.915792,11158870,5930008,19252475,0.3052,buy,39535,310.554569,17244981,6974700,12628730,0.2002,buy,51353,131.865703,3769157,5857030,11978174,0.1899,buy,134733,93.431966,2763177,-610195,-0.35
2024-10-16,63287297,138,False,,19311784,0.3051,buy,33759,393.915792,11158870,6013581,19254826,0.3042,buy,39535,310.554569,17244981,6977051,12691894,0.2005,buy,51353,131.865703,3769157,5920194,12028655,0.1901,buy,134733,93.431966,2763177,-559714,-0.04
2024-10-17,63187725,138,False,,19313443,0.3057,buy,33759,393.915792,11158870,6015239,19268162,0.3049,buy,39535,310.554569,17244981,6990387,12767897,0.2021,buy,51353,131.865703,3769157,5996197,11838086,0.1873,buy,134733,93.431966,2763177,-750283,-0.2
2024-10-18,63532718,138,False,,19387734,0.3052,buy,33759,393.915792,11158870,6089530,19394460,0.3053,buy,39535,310.554569,17244981,7116685,12903469,0.2031,buy,51353,131.865703,3769157,6131769,11846917,0.1865,buy,134733,93.431966,2763177,-741452,0.0
2024-10-21,63328596,138,False,,19355893,0.3056,buy,33759,393.915792,11158870,6057690,19431722,0.3068,buy,39535,310.554569,17244981,7153947,12900901,0.2037,buy,51353,131.865703,3769157,6129201,11639943,0.1838,buy,134733,93.431966,2763177,-948427,-0.32
2024-10-22,63490019,138,False,,19345611,0.3047,buy,33759,393.915792,11158870,6047408,19452902,0.3064,buy,39535,310.554569,17244981,7175127,13040067,0.2054,buy,51353,131.865703,3769157,6268367,11651301,0.1835,buy,134733,93.431966,2763177,-937068,-0.07
2024-10-23,62826467,138,False,,19168844,0.3051,buy,33759,393.915792,11158870,5870641,19154809,0.3049,buy,39535,310.554569,17244981,6877034,12882927,0.2051,buy,51353,131.865703,3769157,6111227,11619749,0.1849,buy,134733,93.431966,2763177,-968620,-1.11
2024-10-24,63196823,138,False,,19210303,0.304,buy,33759,393.915792,11158870,5912100,19310132,0.3056,buy,39535,310.554569,17244981,7032357,12982039,0.2054,buy,51353,131.865703,3769157,6210339,11694211,0.185,buy,134733,93.431966,2763177,-894158,-0.53
2024-10-25,63268929,138,False,,19203666,0.3035,buy,33759,393.915792,11158870,5905463,19427799,0.3071,buy,39535,310.554569,17244981,7150024,13008742,0.2056,buy,51353,131.865703,3769157,6237043,11628583,0.1838,buy,134733,93.431966,2763177,-959786,-0.42
2024-10-28,63300397,138,False,,19263033,0.3043,buy,33759,393.915792,11158870,5964830,19430937,0.307,buy,39535,310.554569,17244981,7153162,13009256,0.2055,buy,51353,131.865703,3769157,6237556,11597033,0.1832,buy,134733,93.431966,2763177,-991336,-0.37
2024-10-29,63677676,138,False,,19294208,0.303,buy,33759,393.915792,11158870,5996005,19617638,0.3081,buy,39535,310.554569,17244981,7339863,13150990,0.2065,buy,51353,131.865703,3769157,6379290,11614702,0.1824,buy,134733,93.431966,2763177,-973667,0.0
2024-10-30,63577530,138,False,,19235841,0.3026,buy,33759,393.915792,11158870,5937637,19469376,0.3062,buy,39535,310.554569,17244981,7191601,13223398,0.208,buy,51353,131.865703,3769157,6451698,11648778,0.1832,buy,134733,93.431966,2763177,-939591,-0.16
2024-10-31,62523015,138,False,,18858757,0.3016,buy,33759,393.915792,11158870,5560554,18977914,0.3035,buy,39535,310.554569,17244981,6700139,13018499,0.2082,buy,51353,131.865703,3769157,6246799,11667707,0.1866,buy,134733,93.431966,2763177,-920662,-1.81
2024-11-01,62525124,138,False,,18938350,0.3029,buy,33759,393.915792,11158870,5640147,19118331,0.3058,buy,39535,310.554569,17244981,6840556,12965092,0.2074,buy,51353,131.865703,3769157,6193393,11503212,0.184,buy,134733,93.431966,2763177,-1085157,-1.81
2024-11-04,62625672,138,False,,18897554,0.3018,buy,33759,393.915792,11158870,5599351,19062636,0.3044,buy,39535,310.554569,17244981,6784861,12983579,0.2073,buy,51353,131.865703,3769157,6211880,11681764,0.1865,buy,134733,93.431966,2763177,-906605,-1.65
2024-11-05,63188678,138,False,,19126064,0.3027,buy,33759,393.915792,11158870,5827861,19305815,0.3055,buy,39535,310.554569,17244981,7028040,13012850,0.2059,buy,51353,131.865703,3769157,6241150,11743811,0.1859,buy,134733,93.431966,2763177,-844558,-0.77
2024-11-06,63471608,138,False,,19601645,0.3088,buy,33759,393.915792,11158870,6303442,19830223,0.3124,buy,39535,310.554569,17244981,7552448,12617432,0.1988,buy,51353,131.865703,3769157,5845733,11422170,0.18,buy,134733,93.431966,2763177,-1166199,-0.32
2024-11-07,64281317,138,False,,19753204,0.3073,buy,33759,393.915792,11158870,6455001,20142435,0.3133,buy,39535,310.554569,17244981,7864660,12820276,0.1994,buy,51353,131.865703,3769157,6048577,11565263,0.1799,buy,134733,93.431966,2763177,-1023106,0.0
2024-11-08,64450530,138,False,,19838772,0.3078,buy,33759,393.915792,11158870,6540569,20165971,0.3129,buy,39535,310.554569,17244981,7888196,12733490,0.1976,buy,51353,131.865703,3769157,5961791,11712158,0.1817,buy,134733,93.431966,2763177,-876211,0.0
2024-11-11,64101806,138,False,,19857675,0.3098,buy,33759,393.915792,11158870,6559472,20154207,0.3144,buy,39535,310.554569,17244981,7876432,12434615,0.194,buy,51353,131.865703,3769157,5662916,11655171,0.1818,buy,134733,93.431966,2763177,-933198,-0.54
2024-11-12,63721561,138,False,,19795992,0.3107,buy,33759,393.915792,11158870,6497789,20117725,0.3157,buy,39535,310.554569,17244981,7839950,12327288,0.1935,buy,51353,131.865703,3769157,5555588,11480418,0.1802,buy,134733,93.431966,2763177,-1107951,-1.13
2024-11-13,63472117,138,False,,19805608,0.312,buy,33759,393.915792,11158870,6507405,20091841,0.3165,buy,39535,310.554569,17244981,7814066,12203014,0.1923,buy,51353,131.865703,3769157,5431314,11371516,0.1792,buy,134733,93.431966,2763177,-1216853,-1.52
2024-11-14,63239138,138,False,,19678256,0.3112,buy,33759,393.915792,11158870,6380053,19952207,0.3155,buy,39535,310.554569,17244981,7674433,12171174,0.1925,buy,51353,131.865703,3769157,5399475,11437362,0.1809,buy,134733,93.431966,2763177,-1151007,-1.88
2024-11-15,62459744,138,False,,19426203,0.311,buy,33759,393.915792,11158870,6128000,19476827,0.3118,buy,39535,310.554569,17244981,7199052,12149606,0.1945,buy,51353,131.865703,3769157,5377907,11406970,0.1826,buy,134733,93.431966,2763177,-1181399,-3.09
2024-11-18,62926011,138,False,,19505797,0.31,buy,33759,393.915792,11158870,6207594,19612146,0.3117,buy,39535,310.554569,17244981,7334371,12380695,0.1968,buy,51353,131.865703,3769157,5608995,11427235,0.1816,buy,134733,93.431966,2763177,-1161134,-2.37
2024-11-19,63301407,138,False,,19577098,0.3093,buy,33759,393.915792,11158870,6278895,19747070,0.312,buy,39535,310.554569,17244981,7469295,12491617,0.1973,buy,51353,131.865703,3769157,5719918,11485482,0.1814,buy,134733,93.431966,2763177,-1102887,-1.78
2024-11-20,63330304,138,False,,19583735,0.3092,buy,33759,393.915792,11158870,6285532,19735698,0.3116,buy,39535,310.554569,17244981,7457923,12561971,0.1984,buy,51353,131.865703,3769157,5790271,11448763,0.1808,buy,134733,93.431966,2763177,-1139606,-1.74
2024-11-21,63602319,138,False,,19688863,0.3096,buy,33759,393.915792,11158870,6390660,19806690,0.3114,buy,39535,310.554569,17244981,7528915,12666731,0.1992,buy,51353,131.865703,3769157,5895032,11439896,0.1799,buy,134733,93.431966,2763177,-1148473,-1.32
2024-11-22,63864750,138,False,,19749889,0.3092,buy,33759,393.915792,11158870,6451685,19838462,0.3106,buy,39535,310.554569,17244981,7560687,12830033,0.2009,buy,51353,131.865703,3769157,6058334,11446228,0.1792,buy,134733,93.431966,2763177,-1142141,-0.91
2024-11-25,63881480,138,False,,19816881,0.3102,buy,33759,393.915792,11158870,6518678,19869839,0.311,buy,39535,310.554569,17244981,7592064,12452075,0.1949,buy,51353,131.865703,3769157,5680376,11742547,0.1838,buy,134733,93.431966,2763177,-845822,-0.88
2024-11-26,64070187,138,False,,19920355,0.3109,buy,33759,393.915792,11158870,6622151,19976525,0.3118,buy,39535,310.554569,17244981,7698750,12476211,0.1947,buy,51353,131.865703,3769157,5704512,11696958,0.1826,buy,134733,93.431966,2763177,-891411,-0.59
2024-11-27,63961320,138,False,,19859995,0.3105,buy,33759,393.915792,11158870,6561792,19819241,0.3099,buy,39535,310.554569,17244981,7541466,12503942,0.1955,buy,51353,131.865703,3769157,5732243,11778003,0.1841,buy,134733,93.431966,2763177,-810366,-0.76
2024-11-29,64488253,138,False,,19983371,0.3099,buy,33759,393.915792,11158870,6685167,19993390,0.31,buy,39535,310.554569,17244981,7715616,12611783,0.1956,buy,51353,131.865703,3769157,5840084,11899570,0.1845,buy,134733,93.431966,2763177,-688799,0.0
2024-12-02,64659937,138,False,,20019188,0.3096,buy,33759,393.915792,11158870,6720985,20211076,0.3126,buy,39535,310.554569,17244981,7933301,12501374,0.1933,buy,51353,131.865703,3769157,5729675,11928161,0.1845,buy,134733,93.431966,2763177,-660208,0.0
2024-12-03,64653425,138,False,,20028468,0.3098,buy,33759,393.915792,11158870,6730265,20273048,0.3136,buy,39535,310.554569,17244981,7995273,12526537,0.1937,buy,51353,131.865703,3769157,5754837,11825233,0.1829,buy,134733,93.431966,2763177,-763136,-0.01
2024-12-04,65193502,138,False,,20152841,0.3091,buy,33759,393.915792,11158870,6854638,20523682,0.3148,buy,39535,310.554569,17244981,8245907,12564538,0.1927,buy,51353,131.865703,3769157,5792839,11952302,0.1833,buy,134733,93.431966,2763177,-636067,0.0
2024-12-05,65034659,138,False,,20119676,0.3094,buy,33759,393.915792,11158870,6821473,20466807,0.3147,buy,39535,310.554569,17244981,8189032,12471590,0.1918,buy,51353,131.865703,3769157,5699890,11976448,0.1842,buy,134733,93.431966,2763177,-611921,-0.24
2024-12-06,65278383,138,False,,20157817,0.3088,buy,33759,393.915792,11158870,6859614,20649979,0.3163,buy,39535,310.554569,17244981,8372205,12476211,0.1911,buy,51353,131.865703,3769157,5704512,11994237,0.1837,buy,134733,93.431966,2763177,-594132,0.0
2024-12-09,65026973,138,False,,20054010,0.3084,buy,33759,393.915792,11158870,6755807,20489166,0.3151,buy,39535,310.554569,17244981,8211391,12599972,0.1938,buy,51353,131.865703,3769157,5828273,11883687,0.1828,buy,134733,93.431966,2763177,-704682,-0.39
2024-12-10,65004762,138,False,,19991660,0.3075,buy,33759,393.915792,11158870,6693457,20419347,0.3141,buy,39535,310.554569,17244981,8141572,12765842,0.1964,buy,51353,131.865703,3769157,5994143,11827774,0.182,buy,134733,93.431966,2763177,-760595,-0.42
2024-12-11,65534752,138,False,,20146209,0.3074,buy,33759,393.915792,11158870,6848005,20784904,0.3172,buy,39535,310.554569,17244981,8507129,12887549,0.1967,buy,51353,131.865703,3769157,6115850,11715952,0.1788,buy,134733,93.431966,2763177,-872417,0.0
2024-12-12,64965502,138,False,,20042399,0.3085,buy,33759,393.915792,11158870,6744196,20650761,0.3179,buy,39535,310.554569,17244981,8372986,12698570,0.1955,buy,51353,131.865703,3769157,5926870,11573633,0.1782,buy,134733,93.431966,2763177,-1014736,-0.87
2024-12-13,64847874,138,False,,20038425,0.309,buy,33759,393.915792,11158870,6740221,20808829,0.3209,buy,39535,310.554569,17244981,8531054,12545024,0.1935,buy,51353,131.865703,3769157,5773325,11455458,0.1767,buy,134733,93.431966,2763177,-1132911,-1.05
2024-12-16,65297705,138,False,,20123988,0.3082,buy,33759,393.915792,11158870,6825785,21108490,0.3233,buy,39535,310.554569,17244981,8830715,12575323,0.1926,buy,51353,131.865703,3769157,5803623,11489765,0.176,buy,134733,93.431966,2763177,-1098604,-0.36
2024-12-17,65101517,138,False,,20041072,0.3078,buy,33759,393.915792,11158870,6742869,21015533,0.3228,buy,39535,310.554569,17244981,8737758,12527051,0.1924,buy,51353,131.865703,3769157,5755351,11517722,0.1769,buy,134733,93.431966,2763177,-1070648,-0.66
2024-12-18,63361694,138,False,,19443781,0.3069,buy,33759,393.915792,11158870,6145578,20257359,0.3197,buy,39535,310.554569,17244981,7979584,12286719,0.1939,buy,51353,131.865703,3769157,5515019,11373698,0.1795,buy,134733,93.431966,2763177,-1214671,-3.32
2024-12-19,63110758,138,False,,19437807,0.308,buy,33759,393.915792,11158870,6139604,20167146,0.3196,buy,39535,310.554569,17244981,7889371,12304179,0.195,buy,51353,131.865703,3769157,5532480,11201487,0.1775,buy,134733,93.431966,2763177,-1386882,-3.7
2024-12-20,63712504,138,False,,19671279,0.3088,buy,33759,393.915792,11158870,6373076,20343257,0.3193,buy,39535,310.554569,17244981,8065482,12432562,0.1951,buy,51353,131.865703,3769157,5660862,11265268,0.1768,buy,134733,93.431966,2763177,-1323101,-2.78
2024-12-23,63866630,138,False,,19789075,0.3098,buy,33759,393.915792,11158870,6490872,20541456,0.3216,buy,39535,310.554569,17244981,8263681,12374019,0.1937,buy,51353,131.865703,3769157,5602320,11161941,0.1748,buy,134733,93.431966,2763177,-1426428,-2.55
2024-12-24,64436972,138,False,,20009032,0.3105,buy,33759,393.915792,11158870,6710829,20819991,0.3231,buy,39535,310.554569,17244981,8542217,12398668,0.1924,buy,51353,131.865703,3769157,5626969,11209142,0.174,buy,134733,93.431966,2763177,-1379227,-1.68
2024-12-26,64501491,138,False,,20010365,0.3102,buy,33759,393.915792,11158870,6712162,20805849,0.3226,buy,39535,310.554569,17244981,8528074,12482374,0.1935,buy,51353,131.865703,3769157,5710675,11202764,0.1737,buy,134733,93.431966,2763177,-1385605,-1.58
2024-12-27,63836665,138,False,,19799721,0.3102,buy,33759,393.915792,11158870,6501518,20529275,0.3216,buy,39535,310.554569,17244981,8251500,12396614,0.1942,buy,51353,131.865703,3769157,5624914,11110916,0.1741,buy,134733,93.431966,2763177,-1477453,-2.59
2024-12-30,63387433,138,False,,19573773,0.3088,buy,33759,393.915792,11158870,6275570,20256236,0.3196,buy,39535,310.554569,17244981,7978462,12357073,0.1949,buy,51353,131.865703,3769157,5585373,11200213,0.1767,buy,134733,93.431966,2763177,-1388156,-3.28
2024-12-31,63161230,138,False,,19502564,0.3088,buy,33759,393.915792,11158870,6204361,20084167,0.318,buy,39535,310.554569,17244981,7806392,12434102,0.1969,buy,51353,131.865703,3769157,5662403,11140258,0.1764,buy,134733,93.431966,2763177,-1448111,-3.62
2025-01-02,63273594,138,False,,19454648,0.3075,buy,33759,393.915792,11158870,6156445,20044881,0.3168,buy,39535,310.554569,17244981,7767106,12603053,0.1992,buy,51353,131.865703,3769157,5831354,11170874,0.1765,buy,134733,93.431966,2763177,-1417495,-3.45
2025-01-03,63678948,249,True,monthly,19220605,0.3018,buy,32941,393.915792,11308953,6244625,19296428,0.303,buy,37446,310.554569,17658668,7667402,12554832,0.1972,buy,51562,132.325469,3769157,5731866,12606833,0.198,buy,152540,92.249471,2763177,-1464901,-2.83
2025-01-06,63939647,249,False,,19331329,0.3023,buy,32941,393.915792,11308953,6355348,19518200,0.3053,buy,37446,310.554569,17658668,7889173,12539363,0.1961,buy,51562,132.325469,3769157,5716397,12550507,0.1963,buy,152540,92.249471,2763177,-1521227,-2.43
2025-01-07,63301942,249,False,,19112805,0.3019,buy,32941,393.915792,11308953,6136825,19169913,0.3028,buy,37446,310.554569,17658668,7540887,12610003,0.1992,buy,51562,132.325469,3769157,5787037,12408972,0.196,buy,152540,92.249471,2763177,-1662763,-3.41
2025-01-08,63416131,249,False,,19140730,0.3018,buy,32941,393.915792,11308953,6164749,19173262,0.3023,buy,37446,310.554569,17658668,7544235,12677033,0.1999,buy,51562,132.325469,3769157,5854068,12424857,0.1959,buy,152540,92.249471,2763177,-1646877,-3.23
2025-01-10,62862095,249,False,,18848499,0.2998,buy,32941,393.915792,11308953,5872519,18872606,0.3002,buy,37446,310.554569,17658668,7243579,12798204,0.2036,buy,51562,132.325469,3769157,5975239,12342537,0.1963,buy,152540,92.249471,2763177,-1729197,-4.08
2025-01-13,62698971,249,False,,18877724,0.3011,buy,32941,393.915792,11308953,5901744,18811951,0.3,buy,37446,310.554569,17658668,7182925,12670846,0.2021,buy,51562,132.325469,3769157,5847880,12338199,0.1968,buy,152540,92.249471,2763177,-1733535,-4.33
2025-01-14,62753383,249,False,,18903699,0.3012,buy,32941,393.915792,11308953,5927719,18794091,0.2995,buy,37446,310.554569,17658668,7165065,12737361,0.203,buy,51562,132.325469,3769157,5914395,12317983,0.1963,buy,152540,92.249471,2763177,-1753751,-4.24
2025-01-15,63837316,249,False,,19247557,0.3015,buy,32941,393.915792,11308953,6271576,19226473,0.3012,buy,37446,310.554569,17658668,7597447,12832751,0.201,buy,51562,132.325469,3769157,6009785,12530286,0.1963,buy,152540,92.249471,2763177,-1541448,-2.59
2025-01-16,63794726,249,False,,19210540,0.3011,buy,32941,393.915792,11308953,6234560,19091774,0.2993,buy,37446,310.554569,17658668,7462747,12921438,0.2025,buy,51562,132.325469,3769157,6098472,12570725,0.197,buy,152540,92.249471,2763177,-1501009,-2.66
2025-01-17,64262922,249,False,,19403413,0.3019,buy,32941,393.915792,11308953,6427433,19414009,0.3021,buy,37446,310.554569,17658668,7784983,12852860,0.2,buy,51562,132.325469,3769157,6029894,12592390,0.196,buy,152540,92.249471,2763177,-1479344,-1.94
2025-01-21,64866076,249,False,,19581024,0.3019,buy,32941,393.915792,11308953,6605044,19527874,0.301,buy,37446,310.554569,17658668,7898848,13051889,0.2012,buy,51562,132.325469,3769157,6228923,12705039,0.1959,buy,152540,92.249471,2763177,-1366695,-1.02
2025-01-22,65226429,249,False,,19691096,0.3019,buy,32941,393.915792,11308953,6715116,19777558,0.3032,buy,37446,310.554569,17658668,8148532,13118919,0.2011,buy,51562,132.325469,3769157,6295953,12638606,0.1938,buy,152540,92.249471,2763177,-1433129,-0.47
2025-01-23,65259175,249,False,,19798570,0.3034,buy,32941,393.915792,11308953,6822590,19819603,0.3037,buy,37446,310.554569,17658668,8190576,13100358,0.2007,buy,51562,132.325469,3769157,6277392,12540395,0.1922,buy,152540,92.249471,2763177,-1531340,-0.42
2025-01-24,65227168,249,False,,19740773,0.3026,buy,32941,393.915792,11308953,6764793,19707598,0.3021,buy,37446,310.554569,17658668,8078572,13181825,0.2021,buy,51562,132.325469,3769157,6358859,12596722,0.1931,buy,152540,92.249471,2763177,-1475012,-0.47
2025-01-27,64385757,249,False,,19461534,0.3023,buy,32941,393.915792,11308953,6485554,19133823,0.2972,buy,37446,310.554569,17658668,7504796,13044671,0.2026,buy,51562,132.325469,3769157,6221705,12745480,0.198,buy,152540,92.249471,2763177,-1326255,-1.75
2025-01-28,64940024,249,False,,19628753,0.3023,buy,32941,393.915792,11308953,6652772,19416617,0.299,buy,37446,310.554569,17658668,7787591,13157591,0.2026,buy,51562,132.325469,3769157,6334625,12736814,0.1961,buy,152540,92.249471,2763177,-1334920,-0.91
2025-01-29,64739038,249,False,,19540760,0.3018,buy,32941,393.915792,11308953,6564780,19380154,0.2994,buy,37446,310.554569,17658668,7751128,13107060,0.2025,buy,51562,132.325469,3769157,6284094,12710814,0.1963,buy,152540,92.249471,2763177,-1360920,-1.21
2025-01-30,65172697,249,False,,19645637,0.3014,buy,32941,393.915792,11308953,6669657,19462757,0.2986,buy,37446,310.554569,17658668,7833731,13305573,0.2042,buy,51562,132.325469,3769157,6482608,12758479,0.1958,buy,152540,92.249471,2763177,-1313255,-0.55
2025-01-31,64982395,249,False,,19541086,0.3007,buy,32941,393.915792,11308953,6565106,19434476,0.2991,buy,37446,310.554569,17658668,7805450,13331871,0.2052,buy,51562,132.325469,3769157,6508905,12674712,0.195,buy,152540,92.249471,2763177,-1397022,-0.84
2025-02-03,64869708,249,False,,19409582,0.2992,buy,32941,393.915792,11308953,6433601,19278942,0.2972,buy,37446,310.554569,17658668,7649916,13403026,0.2066,buy,51562,132.325469,3769157,6580061,12777909,0.197,buy,152540,92.249471,2763177,-1293826,-1.01
2025-02-04,65407695,249,False,,19539785,0.2987,buy,32941,393.915792,11308953,6563805,19515594,0.2984,buy,37446,310.554569,17658668,7886568,13535025,0.2069,buy,51562,132.325469,3769157,6712059,12817041,0.196,buy,152540,92.249471,2763177,-1254693,-0.19
2025-02-05,65871145,249,False,,19619011,0.2978,buy,32941,393.915792,11308953,6643031,19604156,0.2976,buy,37446,310.554569,17658668,7975129,13619071,0.2068,buy,51562,132.325469,3769157,6796105,13028657,0.1978,buy,152540,92.249471,2763177,-1043077,0.0
2025-02-06,65999770,249,False,,19687202,0.2983,buy,32941,393.915792,11308953,6711221,19706483,0.2986,buy,37446,310.554569,17658668,8077457,13582977,0.2058,buy,51562,132.325469,3769157,6760011,13022858,0.1973,buy,152540,92.249471,2763177,-1048876,0.0
2025-02-07,65511169,249,False,,19506993,0.2978,buy,32941,393.915792,11308953,6531013,19457921,0.297,buy,37446,310.554569,17658668,7828895,13607211,0.2077,buy,51562,132.325469,3769157,6784246,12938794,0.1975,buy,152540,92.249471,2763177,-1132940,-0.74
2025-02-10,66070530,249,False,,19639467,0.2973,buy,32941,393.915792,11308953,6663487,19693460,0.2981,buy,37446,310.554569,17658668,8064434,13837694,0.2094,buy,51562,132.325469,3769157,7014728,12899660,0.1952,buy,152540,92.249471,2763177,-1172075,0.0
2025-02-11,65905435,249,False,,19654405,0.2982,buy,32941,393.915792,11308953,6678425,19646575,0.2981,buy,37446,310.554569,17658668,8017549,13787164,0.2092,buy,51562,132.325469,3769157,6964198,12817041,0.1945,buy,152540,92.249471,2763177,-1254693,-0.25
2025-02-12,65694164,249,False,,19591091,0.2982,buy,32941,393.915792,11308953,6615111,19658110,0.2992,buy,37446,310.554569,17658668,8029084,13801601,0.2101,buy,51562,132.325469,3769157,6978635,12643113,0.1925,buy,152540,92.249471,2763177,-1428621,-0.57
2025-02-13,66530079,249,False,,19797921,0.2976,buy,32941,393.915792,11308953,6821941,19940907,0.2997,buy,37446,310.554569,17658668,8311881,13937724,0.2095,buy,51562,132.325469,3769157,7114758,12853278,0.1932,buy,152540,92.249471,2763177,-1218456,0.0
2025-02-14,66473670,249,False,,19796948,0.2978,buy,32941,393.915792,11308953,6820968,20024630,0.3012,buy,37446,310.554569,17658668,8395604,13730445,0.2066,buy,51562,132.325469,3769157,6907480,12921397,0.1944,buy,152540,92.249471,2763177,-1150337,-0.08
2025-02-18,66652390,249,False,,19855067,0.2979,buy,32941,393.915792,11308953,6879087,20070025,0.3011,buy,37446,310.554569,17658668,8440999,13957834,0.2094,buy,51562,132.325469,3769157,7134868,12769214,0.1916,buy,152540,92.249471,2763177,-1302520,0.0
2025-02-19,66728406,249,False,,19901825,0.2983,buy,32941,393.915792,11308953,6925845,20075609,0.3009,buy,37446,310.554569,17658668,8446582,13965568,0.2093,buy,51562,132.325469,3769157,7142602,12785156,0.1916,buy,152540,92.249471,2763177,-1286579,0.0
2025-02-20,66615447,249,False,,19819030,0.2975,buy,32941,393.915792,11308953,6843050,19990395,0.3001,buy,37446,310.554569,17658668,8361369,13972786,0.2098,buy,51562,132.325469,3769157,7149820,12832986,0.1926,buy,152540,92.249471,2763177,-1238748,-0.17
2025-02-21,66003761,249,False,,19480042,0.2951,buy,32941,393.915792,11308953,6504061,19575504,0.2966,buy,37446,310.554569,17658668,7946478,13959895,0.2115,buy,51562,132.325469,3769157,7136930,12988070,0.1968,buy,152540,92.249471,2763177,-1083664,-1.09
2025-02-24,65797525,249,False,,19391398,0.2947,buy,32941,393.915792,11308953,6415418,19344429,0.294,buy,37446,310.554569,17658668,7715403,14035692,0.2133,buy,51562,132.325469,3769157,7212726,13025757,0.198,buy,152540,92.249471,2763177,-1045977,-1.4
2025-02-25,65496914,249,False,,19294962,0.2946,buy,32941,393.915792,11308953,6318981,19100703,0.2916,buy,37446,310.554569,17658668,7471677,13850584,0.2115,buy,51562,132.325469,3769157,7027618,13250416,0.2023,buy,152540,92.249471,2763177,-821318,-1.85
2025-02-26,65652202,249,False,,19304703,0.294,buy,32941,393.915792,11308953,6328723,19146844,0.2916,buy,37446,310.554569,17658668,7517818,13871725,0.2113,buy,51562,132.325469,3769157,7048759,13328681,0.203,buy,152540,92.249471,2763177,-743054,-1.61
2025-02-27,64506711,249,False,,18996562,0.2945,buy,32941,393.915792,11308953,6020582,18615111,0.2886,buy,37446,310.554569,17658668,6986084,13660320,0.2118,buy,51562,132.325469,3769157,6837354,13234468,0.2052,buy,152540,92.249471,2763177,-837266,-3.33
2025-02-28,65173864,249,False,,19293013,0.296,buy,32941,393.915792,11308953,6317033,18909070,0.2901,buy,37446,310.554569,17658668,7280044,13574727,0.2083,buy,51562,132.325469,3769157,6751761,13396804,0.2056,buy,152540,92.249471,2763177,-674930,-2.33
2025-03-03,64663517,249,False,,18955000,0.2931,buy,32941,393.915792,11308953,5979020,18495295,0.286,buy,37446,310.554569,17658668,6866268,13753647,0.2127,buy,51562,132.325469,3769157,6930682,13459325,0.2081,buy,152540,92.249471,2763177,-612409,-3.09
2025-03-04,64337208,249,False,,18730636,0.2911,buy,32941,393.915792,11308953,5754656,18439479,0.2866,buy,37446,310.554569,17658668,6810452,13873272,0.2156,buy,51562,132.325469,3769157,7050306,13293573,0.2066,buy,152540,92.249471,2763177,-778162,-3.58
2025-03-05,64701633,249,False,,18931947,0.2926,buy,32941,393.915792,11308953,5955967,18679857,0.2887,buy,37446,310.554569,17658668,7050831,13902146,0.2149,buy,51562,132.325469,3769157,7079180,13187433,0.2038,buy,152540,92.249471,2763177,-884301,-3.04
2025-03-06,63737441,249,False,,18595886,0.2918,buy,32941,393.915792,11308953,5619906,18165984,0.285,buy,37446,310.554569,17658668,6536957,13831506,0.217,buy,51562,132.325469,3769157,7008541,13143815,0.2062,buy,152540,92.249471,2763177,-927919,-4.48
2025-03-07,63940308,249,False,,18700114,0.2925,buy,32941,393.915792,11308953,5724133,18299570,0.2862,buy,37446,310.554569,17658668,6670544,13838726,0.2164,buy,51562,132.325469,3769157,7015760,13101649,0.2049,buy,152540,92.249471,2763177,-970085,-4.18
2025-03-10,62748493,249,False,,18202024,0.2901,buy,32941,393.915792,11308953,5226044,17590344,0.2803,buy,37446,310.554569,17658668,5961318,13717555,0.2186,buy,51562,132.325469,3769157,6894589,13238321,0.211,buy,152540,92.249471,2763177,-833414,-5.96
2025-03-11,62621500,249,False,,18050711,0.2883,buy,32941,393.915792,11308953,5074731,17548296,0.2802,buy,37446,310.554569,17658668,5919270,13878428,0.2216,buy,51562,132.325469,3769157,7055462,13143815,0.2099,buy,152540,92.249471,2763177,-927919,-6.15
2025-03-12,62897057,249,False,,18146500,0.2885,buy,32941,393.915792,11308953,5170520,17746255,0.2821,buy,37446,310.554569,17658668,6117228,13938755,0.2216,buy,51562,132.325469,3769157,7115789,13065298,0.2077,buy,152540,92.249471,2763177,-1006436,-5.74
2025-03-13,62698256,249,False,,17904596,0.2856,buy,32941,393.915792,11308953,4928615,17426992,0.278,buy,37446,310.554569,17658668,5797966,14186253,0.2263,buy,51562,132.325469,3769157,7363287,13180165,0.2102,buy,152540,92.249471,2763177,-891569,-6.04
2025-03-14,63425188,249,False,,18274432,0.2881,buy,32941,393.915792,11308953,5298452,17848209,0.2814,buy,37446,310.554569,17658668,6219183,14191924,0.2238,buy,51562,132.325469,3769157,7368959,13110373,0.2067,buy,152540,92.249471,2763177,-961362,-4.95
2025-03-17,63824089,249,False,,18415354,0.2885,buy,32941,393.915792,11308953,5439374,17963932,0.2815,buy,37446,310.554569,17658668,6334906,14268753,0.2236,buy,51562,132.325469,3769157,7445787,13175801,0.2064,buy,152540,92.249471,2763177,-895933,-4.35
2025-03-18,63498438,249,False,,18216313,0.2869,buy,32941,393.915792,11308953,5240333,17657694,0.2781,buy,37446,310.554569,17658668,6028668,14435297,0.2273,buy,51562,132.325469,3769157,7612331,13188885,0.2077,buy,152540,92.249471,2763177,-882849,-4.84
2025-03-19,64060744,249,False,,18414703,0.2875,buy,32941,393.915792,11308953,5438722,17893978,0.2793,buy,37446,310.554569,17658668,6264952,14494593,0.2263,buy,51562,132.325469,3769157,7671627,13257221,0.2069,buy,152540,92.249471,2763177,-814514,-4.0
2025-03-20,63937006,249,False,,18361451,0.2872,buy,32941,393.915792,11308953,5385471,17833327,0.2789,buy,37446,310.554569,17658668,6204301,14476032,0.2264,buy,51562,132.325469,3769157,7653066,13265947,0.2075,buy,152540,92.249471,2763177,-805788,-4.18
2025-03-21,63806810,249,False,,18367509,0.2879,buy,32941,393.915792,11308953,5391529,17892118,0.2804,buy,37446,310.554569,17658668,6263091,14359501,0.225,buy,51562,132.325469,3769157,7536535,13187433,0.2067,buy,152540,92.249471,2763177,-884301,-4.38
2025-03-24,64329220,249,False,,18696442,0.2906,buy,32941,393.915792,11308953,5720462,18284749,0.2842,buy,37446,310.554569,17658668,6655722,14295564,0.2222,buy,51562,132.325469,3769157,7472599,13052215,0.2029,buy,152540,92.249471,2763177,-1019520,-3.6
2025-03-25,64539959,249,False,,18741386,0.2904,buy,32941,393.915792,11308953,5765406,18389092,0.2849,buy,37446,310.554569,17658668,6760066,14358470,0.2225,buy,51562,132.325469,3769157,7535504,13050761,0.2022,buy,152540,92.249471,2763177,-1020973,-3.28
2025-03-26,63880200,249,False,,18517645,0.2899,buy,32941,393.915792,11308953,5541665,18050720,0.2826,buy,37446,310.554569,17658668,6421694,14346610,0.2246,buy,51562,132.325469,3769157,7523645,12964975,0.203,buy,152540,92.249471,2763177,-1106759,-4.27
2025-03-27,63882694,249,False,,18468469,0.2891,buy,32941,393.915792,11308953,5492489,17947866,0.281,buy,37446,310.554569,17658668,6318840,14538937,0.2276,buy,51562,132.325469,3769157,7715971,12927173,0.2024,buy,152540,92.249471,2763177,-1144562,-4.26
2025-03-28,63324845,249,False,,18096546,0.2858,buy,32941,393.915792,11308953,5120566,17475339,0.276,buy,37446,310.554569,17658668,5846313,14646702,0.2313,buy,51562,132.325469,3769157,7823736,13106010,0.207,buy,152540,92.249471,2763177,-965725,-5.1
2025-03-31,63785356,249,False,,18218024,0.2856,buy,32941,393.915792,11308953,5242044,17474594,0.274,buy,37446,310.554569,17658668,5845568,14857075,0.2329,buy,51562,132.325469,3769157,8034110,13235413,0.2075,buy,152540,92.249471,2763177,-836321,-4.41
2025-04-01,64062974,249,False,,18269478,0.2852,buy,32941,393.915792,11308953,5293498,17615458,0.275,buy,37446,310.554569,17658668,5986431,14827685,0.2315,buy,51562,132.325469,3769157,8004719,13350105,0.2084,buy,152540,92.249471,2763177,-721629,-3.99
2025-04-02,64370377,581,True,monthly,19347299,0.3006,buy,34665,401.698524,11308953,5422420,19376933,0.301,buy,40892,323.592242,17658668,6144599,12837816,0.1994,buy,44551,132.325469,4856491,6942584,12807748,0.199,buy,146439,92.249471,2737833,-701172,-3.53
2025-04-03,62360926,581,False,,18393847,0.295,buy,34665,401.698524,11308953,4468968,18339616,0.2941,sell,40892,323.592242,17658668,5107283,12760298,0.2046,buy,44551,132.325469,4856491,6865066,12866584,0.2063,buy,146439,92.249471,2737833,-642336,-6.55
2025-04-04,60562695,17777205,False,,17317017,0.2859,sell,34665,401.698524,11308953,3392137,0,0.0,sell,0,0.0,22202959,0,12461806,0.2058,buy,44551,132.325469,4856491,6566574,13006667,0.2148,buy,146439,92.249471,2737833,-502253,-9.24
2025-04-07,59300976,34492487,False,,0,0.0,sell,0,0.0,14099355,0,0,0.0,sell,0,0.0,22202959,0,12194054,0.2056,buy,44551,132.325469,4856491,6298822,12614435,0.2127,buy,146439,92.249471,2737833,-894485,-11.13
2025-04-08,59129217,34492487,False,,0,0.0,sell,0,0.0,14099355,0,0,0.0,sell,0,0.0,22202959,0,12260436,0.2073,buy,44551,132.325469,4856491,6365204,12376294,0.2093,buy,146439,92.249471,2737833,-1132626,-11.39
2025-04-09,59655589,34492487,False,,0,0.0,sell,0,0.0,14099355,0,0,0.0,sell,0,0.0,22202959,0,12713965,0.2131,buy,44551,132.325469,4856491,6818733,12449137,0.2087,buy,146439,92.249471,2737833,-1059783,-10.6
2025-04-10,59622906,34492487,False,,0,0.0,sell,0,0.0,14099355,0,0,0.0,sell,0,0.0,22202959,0,13024485,0.2184,buy,44551,132.325469,4856491,7129253,12105934,0.203,buy,146439,92.249471,2737833,-1402986,-10.65
2025-04-11,59937340,34492487,False,,0,0.0,sell,0,0.0,14099355,0,0,0.0,sell,0,0.0,22202959,0,13273079,0.2214,buy,44551,132.325469,4856491,7377847,12171774,0.2031,buy,146439,92.249471,2737833,-1337146,-10.18
2025-04-14,59948455,34492487,False,,0,0.0,sell,0,0.0,14099355,0,0,0.0,sell,0,0.0,22202959,0,13197343,0.2201,buy,44551,132.325469,4856491,7302111,12258625,0.2045,buy,146439,92.249471,2737833,-1250295,-10.16
2025-04-15,60060935,34492487,False,,0,0.0,sell,0,0.0,14099355,0,0,0.0,sell,0,0.0,22202959,0,13266397,0.2209,buy,44551,132.325469,4856491,7371165,12302051,0.2048,buy,146439,92.249471,2737833,-1206869,-9.99
2025-04-16,60561273,34492487,False,,0,0.0,sell,0,0.0,14099355,0,0,0.0,sell,0,0.0,22202959,0,13698096,0.2262,buy,44551,132.325469,4856491,7802864,12370690,0.2043,buy,146439,92.249471,2737833,-1138230,-9.24
2025-04-17,60391865,34492487,False,,0,0.0,sell,0,0.0,14099355,0,0,0.0,sell,0,0.0,22202959,0,13637952,0.2258,buy,44551,132.325469,4856491,7742720,12261426,0.203,buy,146439,92.249471,2737833,-1247494,-9.5
2025-04-21,60599437,34492487,False,,0,0.0,sell,0,0.0,14099355,0,0,0.0,sell,0,0.0,22202959,0,14059850,0.232,buy,44551,132.325469,4856491,8164618,12047100,0.1988,buy,146439,92.249471,2737833,-1461820,-9.18
2025-04-22,60467089,34492487,False,,0,0.0,sell,0,0.0,14099355,0,0,0.0,sell,0,0.0,22202959,0,13860261,0.2292,buy,44551,132.325469,4856491,7965029,12114341,0.2003,buy,146439,92.249471,2737833,-1394579,-9.38
2025-04-23,60252408,34492487,False,,0,0.0,sell,0,0.0,14099355,0,0,0.0,sell,0,0.0,22202959,0,13527911,0.2245,buy,44551,132.325469,4856491,7632679,12232010,0.203,buy,146439,92.249471,2737833,-1276910,-9.71
2025-04-24,60578199,34492487,False,,0,0.0,sell,0,0.0,14099355,0,0,0.0,sell,0,0.0,22202959,0,13724827,0.2266,buy,44551,132.325469,4856491,7829595,12360885,0.204,buy,146439,92.249471,2737833,-1148035,-9.22
2025-04-25,60520452,34492487,False,,0,0.0,sell,0,0.0,14099355,0,0,0.0,sell,0,0.0,22202959,0,13576027,0.2243,buy,44551,132.325469,4856491,7680795,12451938,0.2057,buy,146439,92.249471,2737833,-1056982,-9.3
2025-04-28,60792252,34492487,False,,0,0.0,sell,0,0.0,14099355,0,0,0.0,sell,0,0.0,22202959,0,13769378,0.2265,buy,44551,132.325469,4856491,7874146,12530388,0.2061,buy,146439,92.249471,2737833,-978533,-8.9
2025-04-29,60763213,34492487,False,,0,0.0,sell,0,0.0,14099355,0,0,0.0,sell,0,0.0,22202959,0,13635279,0.2244,buy,44551,132.325469,4856491,7740047,12635447,0.2079,buy,146439,92.249471,2737833,-873473,-8.94
2025-04-30,60558931,34492487,False,,0,0.0,sell,0,0.0,14099355,0,0,0.0,sell,0,0.0,22202959,0,13533257,0.2235,buy,44551,132.325469,4856491,7638025,12533187,0.207,buy,146439,92.249471,2737833,-975733,-9.25
2025-05-01,60214264,34492487,False,,0,0.0,sell,0,0.0,14099355,0,0,0.0,sell,0,0.0,22202959,0,13252140,0.2201,buy,44551,132.325469,4856491,7356908,12469637,0.2071,buy,146439,92.249471,2737833,-1039283,-9.76
2025-05-02,60106285,36128299,True,monthly,0,0.0,sell,0,0.0,14099355,0,0,0.0,sell,0,0.0,22202959,0,12071468,0.2008,buy,40511,132.325469,5530945,6710831,11906518,0.1981,buy,141356,92.249471,2695692,-1133498,-9.92
2025-05-05,60400329,36128299,False,,0,0.0,sell,0,0.0,14099355,0,0,0.0,sell,0,0.0,22202959,0,12432016,0.2058,buy,40511,132.325469,5530945,7071379,11840014,0.196,buy,141356,92.249471,2695692,-1200002,-9.48
2025-05-06,60788083,36128299,False,,0,0.0,sell,0,0.0,14099355,0,0,0.0,sell,0,0.0,22202959,0,12780411,0.2102,buy,40511,132.325469,5530945,7419774,11879374,0.1954,buy,141356,92.249471,2695692,-1160642,-8.9
2025-05-07,60646682,36128299,False,,0,0.0,sell,0,0.0,14099355,0,0,0.0,sell,0,0.0,22202959,0,12588793,0.2076,buy,40511,132.325469,5530945,7228156,11929590,0.1967,buy,141356,92.249471,2695692,-1110426,-9.11
2025-05-08,60265749,36128299,False,,0,0.0,sell,0,0.0,14099355,0,0,0.0,sell,0,0.0,22202959,0,12340866,0.2048,buy,40511,132.325469,5530945,6980229,11796585,0.1957,buy,141356,92.249471,2695692,-1243431,-9.69
2025-05-09,60372923,36128299,False,,0,0.0,sell,0,0.0,14099355,0,0,0.0,sell,0,0.0,22202959,0,12430395,0.2059,buy,40511,132.325469,5530945,7069758,11814230,0.1957,buy,141356,92.249471,2695692,-1225787,-9.52
2025-05-12,59912573,36128299,False,,0,0.0,sell,0,0.0,14099355,0,0,0.0,sell,0,0.0,22202959,0,12079975,0.2016,buy,40511,132.325469,5530945,6719338,11704299,0.1954,buy,141356,92.249471,2695692,-1335717,-10.21
2025-05-13,59916518,36128299,False,,0,0.0,sell,0,0.0,14099355,0,0,0.0,sell,0,0.0,22202959,0,12131424,0.2025,buy,40511,132.325469,5530945,6770787,11656796,0.1946,buy,141356,92.249471,2695692,-1383220,-10.21
2025-05-14,59583939,36128299,False,,0,0.0,sell,0,0.0,14099355,0,0,0.0,sell,0,0.0,22202959,0,11876205,0.1993,buy,40511,132.325469,5530945,6515568,11579436,0.1943,buy,141356,92.249471,2695692,-1460580,-10.71
2025-05-15,59875320,36128299,False,,0,0.0,buy,0,0.0,14099355,0,0,0.0,buy,0,0.0,22202959,0,12065796,0.2015,buy,40511,132.325469,5530945,6705159,11681225,0.1951,buy,141356,92.249471,2695692,-1358791,-10.27
2025-05-16,59768259,591,True,daily,17998181,0.3011,buy,30637,586.302585,14099355,35629,17937602,0.3001,buy,34562,519.706317,22202959,-24488,11828448,0.1979,buy,40200,132.325469,5580524,6508964,12003438,0.2008,buy,144868,92.041123,2695692,-1330376,-10.43
2025-05-19,59922736,591,False,,18017870,0.3007,buy,30637,586.302585,14099355,55317,17954803,0.2996,buy,34562,519.706317,22202959,-7287,11980806,0.1999,buy,40200,132.325469,5580524,6661322,11968666,0.1997,buy,144868,92.041123,2695692,-1365147,-10.2
2025-05-20,59939181,591,False,,17957291,0.2996,buy,30637,586.302585,14099355,-5261,17894954,0.2986,buy,34562,519.706317,22202959,-67135,12203915,0.2036,buy,40200,132.325469,5580524,6884432,11882429,0.1982,buy,144868,92.041123,2695692,-1451385,-10.17
2025-05-21,59274885,591,False,,17654698,0.2978,buy,30637,586.302585,14099355,-307854,17646273,0.2977,buy,34562,519.706317,22202959,-315817,12293964,0.2074,buy,40200,132.325469,5580524,6974480,11679358,0.197,buy,144868,92.041123,2695692,-1654455,-11.17
2025-05-22,59267126,591,False,,17661662,0.298,buy,30637,586.302585,14099355,-300890,17679293,0.2983,buy,34562,519.706317,22202959,-282797,12185021,0.2056,buy,40200,132.325469,5580524,6865538,11740558,0.1981,buy,144868,92.041123,2695692,-1593255,-11.18
2025-05-23,59269252,591,False,,17541109,0.296,buy,30637,586.302585,14099355,-421443,17515570,0.2955,buy,34562,519.706317,22202959,-446520,12451950,0.2101,buy,40200,132.325469,5580524,7132466,11760032,0.1984,buy,144868,92.041123,2695692,-1573782,-11.18
2025-05-27,59999076,591,False,,17905801,0.2984,buy,30637,586.302585,14099355,-56752,17927626,0.2988,buy,34562,519.706317,22202959,-34463,12240900,0.204,buy,40200,132.325469,5580524,6921416,11924158,0.1987,buy,144868,92.041123,2695692,-1409656,-10.08
2025-05-28,59736829,591,False,,17802208,0.298,buy,30637,586.302585,14099355,-160344,17848174,0.2988,buy,34562,519.706317,22202959,-113916,12213162,0.2044,buy,40200,132.325469,5580524,6893678,11872694,0.1987,buy,144868,92.041123,2695692,-1461120,-10.48
2025-05-29,60024426,591,False,,17872478,0.2978,buy,30637,586.302585,14099355,-90074,17883259,0.2979,buy,34562,519.706317,22202959,-78830,12285521,0.2047,buy,40200,132.325469,5580524,6966038,11982576,0.1996,buy,144868,92.041123,2695692,-1351237,-10.05
2025-05-30,59913512,591,False,,17852491,0.298,buy,30637,586.302585,14099355,-110062,17855053,0.298,buy,34562,519.706317,22202959,-107036,12204720,0.2037,buy,40200,132.325469,5580524,6885236,12000657,0.2003,buy,144868,92.041123,2695692,-1333157,-10.21
2025-06-02,60367825,591,False,,17953052,0.2974,buy,30637,586.302585,14099355,-9500,17996075,0.2981,buy,34562,519.706317,22202959,33985,12529135,0.2075,buy,40200,132.325469,5580524,7209651,11888972,0.1969,buy,144868,92.041123,2695692,-1444842,-9.53
2025-06-03,60478985,591,False,,18055431,0.2985,buy,30637,586.302585,14099355,92879,18136751,0.2999,buy,34562,519.706317,22202959,174662,12418182,0.2053,buy,40200,132.325469,5580524,7098698,11868030,0.1962,buy,144868,92.041123,2695692,-1465784,-9.37
2025-06-04,60797357,591,False,,18050582,0.2969,buy,30637,586.302585,14099355,88030,18187314,0.2991,buy,34562,519.706317,22202959,225224,12498180,0.2056,buy,40200,132.325469,5580524,7178696,12060690,0.1984,buy,144868,92.041123,2695692,-1273124,-8.89
2025-06-05,60518488,591,False,,17963348,0.2968,buy,30637,586.302585,14099355,796,18050420,0.2983,buy,34562,519.706317,22202959,88330,12435065,0.2055,buy,40200,132.325469,5580524,7115582,12069063,0.1994,buy,144868,92.041123,2695692,-1264750,-9.31
2025-06-06,60559005,591,False,,18147813,0.2997,buy,30637,586.302585,14099355,185261,18226869,0.301,buy,34562,519.706317,22202959,264779,12268236,0.2026,buy,40200,132.325469,5580524,6948752,11915496,0.1968,buy,144868,92.041123,2695692,-1418317,-9.25
2025-06-09,60672643,591,False,,18164169,0.2994,buy,30637,586.302585,14099355,201617,18253700,0.3009,buy,34562,519.706317,22202959,291610,12326124,0.2032,buy,40200,132.325469,5580524,7006640,11928059,0.1966,buy,144868,92.041123,2695692,-1405754,-9.08
2025-06-10,60961402,591,False,,18267154,0.2997,buy,30637,586.302585,14099355,304602,18374428,0.3014,buy,34562,519.706317,22202959,412339,12329742,0.2023,buy,40200,132.325469,5580524,7010258,11989487,0.1967,buy,144868,92.041123,2695692,-1344326,-8.64
2025-06-11,60950422,591,False,,18215058,0.2989,buy,30637,586.302585,14099355,252506,18312515,0.3004,buy,34562,519.706317,22202959,350425,12396474,0.2034,buy,40200,132.325469,5580524,7076990,12025785,0.1973,buy,144868,92.041123,2695692,-1308029,-8.66
2025-06-12,61363570,591,False,,18287449,0.298,buy,30637,586.302585,14099355,324896,18355508,0.2991,buy,34562,519.706317,22202959,393418,12550440,0.2045,buy,40200,132.325469,5580524,7230957,12169582,0.1983,buy,144868,92.041123,2695692,-1164232,-8.04
2025-06-13,60975812,591,False,,18082994,0.2966,buy,30637,586.302585,14099355,120441,18125058,0.2972,buy,34562,519.706317,22202959,162969,12714858,0.2085,buy,40200,132.325469,5580524,7395375,12052311,0.1977,buy,144868,92.041123,2695692,-1281502,-8.62
2025-06-16,61097216,591,False,,18255039,0.2988,buy,30637,586.302585,14099355,292487,18377177,0.3008,buy,34562,519.706317,22202959,415087,12533556,0.2051,buy,40200,132.325469,5580524,7214072,11930853,0.1953,buy,144868,92.041123,2695692,-1402960,-8.44
2025-06-17,60913648,591,False,,18099049,0.2971,buy,30637,586.302585,14099355,136497,18197977,0.2988,buy,34562,519.706317,22202959,235888,12539988,0.2059,buy,40200,132.325469,5580524,7220504,12076043,0.1982,buy,144868,92.041123,2695692,-1257770,-8.71
2025-06-18,60861232,591,False,,18096323,0.2973,buy,30637,586.302585,14099355,133770,18194881,0.299,buy,34562,519.706317,22202959,232791,12472452,0.2049,buy,40200,132.325469,5580524,7152969,12096985,0.1988,buy,144868,92.041123,2695692,-1236828,-8.79
2025-06-20,60716873,591,False,,18053821,0.2973,buy,30637,586.302585,14099355,91269,18120588,0.2984,buy,34562,519.706317,22202959,158499,12467226,0.2053,buy,40200,132.325469,5580524,7147742,12074647,0.1989,buy,144868,92.041123,2695692,-1259166,-9.01
2025-06-23,61158803,591,False,,18232147,0.2981,buy,30637,586.302585,14099355,269595,18306912,0.2993,buy,34562,519.706317,22202959,344822,12505415,0.2045,buy,40200,132.325469,5580524,7185932,12113738,0.1981,buy,144868,92.041123,2695692,-1220076,-8.35
2025-06-24,61531542,591,False,,18433561,0.2996,buy,30637,586.302585,14099355,471009,18586861,0.3021,buy,34562,519.706317,22202959,624771,12308838,0.2,buy,40200,132.325469,5580524,6989354,12201691,0.1983,buy,144868,92.041123,2695692,-1132123,-7.79
2025-06-25,61642130,591,False,,18443891,0.2992,buy,30637,586.302585,14099355,481339,18634377,0.3023,buy,34562,519.706317,22202959,672288,12346224,0.2003,buy,40200,132.325469,5580524,7026740,12217047,0.1982,buy,144868,92.041123,2695692,-1116766,-7.62
2025-06-26,62008427,591,False,,18588192,0.2998,buy,30637,586.302585,14099355,625640,18808613,0.3033,buy,34562,519.706317,22202959,846524,12332556,0.1989,buy,40200,132.325469,5580524,7013072,12278475,0.198,buy,144868,92.041123,2695692,-1055339,-7.07
2025-06-27,61863484,591,False,,18680544,0.302,buy,30637,586.302585,14099355,717992,18873010,0.3051,buy,34562,519.706317,22202959,910920,12109044,0.1957,buy,40200,132.325469,5580524,6789560,12200295,0.1972,buy,144868,92.041123,2695692,-1133519,-7.29
2025-06-30,62340225,591,False,,18769862,0.3011,buy,30637,586.302585,14099355,807309,18995249,0.3047,buy,34562,519.706317,22202959,1033159,12254165,0.1966,buy,40200,132.325469,5580524,6934682,12320357,0.1976,buy,144868,92.041123,2695692,-1013456,-6.58
2025-07-01,62313923,591,False,,18763786,0.3011,buy,30637,586.302585,14099355,801234,18835132,0.3023,buy,34562,519.706317,22202959,873042,12363510,0.1984,buy,40200,132.325469,5580524,7044026,12350904,0.1982,buy,144868,92.041123,2695692,-982909,-6.62
2025-07-02,62520043,591,False,,18848848,0.3015,buy,30637,586.302585,14099355,886295,18966322,0.3034,buy,34562,519.706317,22202959,1004232,12431850,0.1988,buy,40200,132.325469,5580524,7112366,12272432,0.1963,buy,144868,92.041123,2695692,-1061381,-6.31
2025-07-03,62684936,591,False,,18997403,0.3031,buy,30637,586.302585,14099355,1034850,19152957,0.3055,buy,34562,519.706317,22202959,1190867,12347029,0.197,buy,40200,132.325469,5580524,7027545,12186956,0.1944,buy,144868,92.041123,2695692,-1146857,-6.06
2025-07-07,62292026,591,False,,18855834,0.3027,buy,30637,586.302585,14099355,893281,19008680,0.3052,buy,34562,519.706317,22202959,1046590,12356274,0.1984,buy,40200,132.325469,5580524,7036790,12070647,0.1938,buy,144868,92.041123,2695692,-1263166,-6.65
2025-07-08,62147918,591,False,,18845506,0.3032,buy,30637,586.302585,14099355,882954,19019354,0.306,buy,34562,519.706317,22202959,1057265,12227232,0.1967,buy,40200,132.325469,5580524,6907748,12055234,0.194,buy,144868,92.041123,2695692,-1278579,-6.86
2025-07-09,62576351,591,False,,18958516,0.303,buy,30637,586.302585,14099355,995963,19153991,0.3061,buy,34562,519.706317,22202959,1191901,12281904,0.1963,buy,40200,132.325469,5580524,6962420,12181349,0.1947,buy,144868,92.041123,2695692,-1152464,-6.22
2025-07-10,62638018,591,False,,19011984,0.3035,buy,30637,586.302585,14099355,1049432,19126445,0.3053,buy,34562,519.706317,22202959,1164355,12309240,0.1965,buy,40200,132.325469,5580524,6989757,12189757,0.1946,buy,144868,92.041123,2695692,-1144056,-6.13
2025-07-11,62478173,591,False,,18945149,0.3032,buy,30637,586.302585,14099355,982597,19083401,0.3054,buy,34562,519.706317,22202959,1121311,12427429,0.1989,buy,40200,132.325469,5580524,7107945,12021604,0.1924,buy,144868,92.041123,2695692,-1312210,-6.37
2025-07-14,62512888,591,False,,18981299,0.3036,buy,30637,586.302585,14099355,1018747,19152615,0.3064,buy,34562,519.706317,22202959,1190526,12382002,0.1981,buy,40200,132.325469,5580524,7062519,11996381,0.1919,buy,144868,92.041123,2695692,-1337433,-6.32
2025-07-15,62313805,591,False,,18900189,0.3033,buy,30637,586.302585,14099355,937636,19170173,0.3076,buy,34562,519.706317,22202959,1208083,12330546,0.1979,buy,40200,132.325469,5580524,7011063,11912306,0.1912,buy,144868,92.041123,2695692,-1421507,-6.62
2025-07-16,62474938,591,False,,18963376,0.3035,buy,30637,586.302585,14099355,1000823,19189802,0.3072,buy,34562,519.706317,22202959,1227712,12392052,0.1984,buy,40200,132.325469,5580524,7072569,11929117,0.1909,buy,144868,92.041123,2695692,-1404696,-6.37
2025-07-17,62716551,591,False,,19079425,0.3042,buy,30637,586.302585,14099355,1116873,19345101,0.3085,buy,34562,519.706317,22202959,1383011,12365118,0.1972,buy,40200,132.325469,5580524,7045634,11926316,0.1902,buy,144868,92.041123,2695692,-1407497,-6.01
2025-07-18,62734361,591,False,,19065451,0.3039,buy,30637,586.302585,14099355,1102899,19326505,0.3081,buy,34562,519.706317,22202959,1364416,12397279,0.1976,buy,40200,132.325469,5580524,7077795,11944534,0.1904,buy,144868,92.041123,2695692,-1389279,-5.99
2025-07-21,63167759,591,False,,19101603,0.3024,buy,30637,586.302585,14099355,1139051,19426709,0.3075,buy,34562,519.706317,22202959,1464619,12587826,0.1993,buy,40200,132.325469,5580524,7268342,12051030,0.1908,buy,144868,92.041123,2695692,-1282783,-5.34
2025-07-22,63262205,591,False,,19104337,0.302,buy,30637,586.302585,14099355,1141784,19326160,0.3055,buy,34562,519.706317,22202959,1364070,12707220,0.2009,buy,40200,132.325469,5580524,7387736,12123897,0.1916,buy,144868,92.041123,2695692,-1209916,-5.19
2025-07-23,63288044,591,False,,19266868,0.3044,buy,30637,586.302585,14099355,1304315,19414313,0.3068,buy,34562,519.706317,22202959,1452224,12549636,0.1983,buy,40200,132.325469,5580524,7230152,12056636,0.1905,buy,144868,92.041123,2695692,-1277178,-5.16
2025-07-24,63237942,591,False,,19273246,0.3048,buy,30637,586.302585,14099355,1310694,19455634,0.3077,buy,34562,519.706317,22202959,1493544,12472854,0.1972,buy,40200,132.325469,5580524,7153370,12035617,0.1903,buy,144868,92.041123,2695692,-1298196,-5.23
2025-07-25,63326485,591,False,,19354663,0.3056,buy,30637,586.302585,14099355,1392111,19502465,0.308,buy,34562,519.706317,22202959,1540375,12357480,0.1951,buy,40200,132.325469,5580524,7037996,12111286,0.1913,buy,144868,92.041123,2695692,-1222527,-5.1
2025-07-28,63224101,591,False,,19349803,0.3061,buy,30637,586.302585,14099355,1387251,19563410,0.3094,buy,34562,519.706317,22202959,1601321,12277482,0.1942,buy,40200,132.325469,5580524,6957998,12032814,0.1903,buy,144868,92.041123,2695692,-1300999,-5.25
2025-07-29,63379714,591,False,,19298763,0.3045,buy,30637,586.302585,14099355,1336211,19533110,0.3082,buy,34562,519.706317,22202959,1571020,12311250,0.1942,buy,40200,132.325469,5580524,6991766,12236000,0.1931,buy,144868,92.041123,2695692,-1097813,-5.02
2025-07-30,63105868,591,False,,19274461,0.3054,buy,30637,586.302585,14099355,1311909,19559282,0.3099,buy,34562,519.706317,22202959,1597192,12098592,0.1917,buy,40200,132.325469,5580524,6779108,12172942,0.1929,buy,144868,92.041123,2695692,-1160872,-5.43
2025-07-31,63017325,591,False,,19202160,0.3047,buy,30637,586.302585,14099355,1239608,19455634,0.3087,buy,34562,519.706317,22202959,1493544,12178992,0.1933,buy,40200,132.325469,5580524,6859508,12179948,0.1933,buy,144868,92.041123,2695692,-1153865,-5.56
2025-08-01,62739727,591,False,,18887426,0.301,buy,30637,586.302585,14099355,924874,19072383,0.304,buy,34562,519.706317,22202959,1110293,12426221,0.1981,buy,40200,132.325469,5580524,7106738,12353105,0.1969,buy,144868,92.041123,2695692,-980708,-5.98
2025-08-04,63484844,591,False,,19174512,0.302,buy,30637,586.302585,14099355,1211959,19424295,0.306,buy,34562,519.706317,22202959,1462206,12498582,0.1969,buy,40200,132.325469,5580524,7179098,12386864,0.1951,buy,144868,92.041123,2695692,-946949,-4.86
2025-08-05,63303782,591,False,,19077297,0.3014,buy,30637,586.302585,14099355,1114745,19292416,0.3048,buy,34562,519.706317,22202959,1330326,12508632,0.1976,buy,40200,132.325469,5580524,7189148,12424845,0.1963,buy,144868,92.041123,2695692,-908968,-5.13
2025-08-06,63594397,591,False,,19223424,0.3023,buy,30637,586.302585,14099355,1260871,19535177,0.3072,buy,34562,519.706317,22202959,1573087,12482100,0.1963,buy,40200,132.325469,5580524,7162616,12353105,0.1942,buy,144868,92.041123,2695692,-980708,-4.7
2025-08-07,63728633,591,False,,19207322,0.3014,buy,30637,586.302585,14099355,1244769,19601291,0.3076,buy,34562,519.706317,22202959,1639201,12587424,0.1975,buy,40200,132.325469,5580524,7267940,12332006,0.1935,buy,144868,92.041123,2695692,-1001808,-4.5
2025-08-08,64004981,591,False,,19357092,0.3024,buy,30637,586.302585,14099355,1394540,19784133,0.3091,buy,34562,519.706317,22202959,1822044,12584610,0.1966,buy,40200,132.325469,5580524,7265126,12278554,0.1918,buy,144868,92.041123,2695692,-1055259,-4.08
2025-08-11,63741330,591,False,,19318814,0.3031,buy,30637,586.302585,14099355,1356262,19725595,0.3095,buy,34562,519.706317,22202959,1763505,12403710,0.1946,buy,40200,132.325469,5580524,7084226,12292620,0.1929,buy,144868,92.041123,2695692,-1041193,-4.48
2025-08-12,64121778,591,False,,19524485,0.3045,buy,30637,586.302585,14099355,1561932,19973522,0.3115,buy,34562,519.706317,22202959,2011432,12392454,0.1933,buy,40200,132.325469,5580524,7072970,12230727,0.1907,buy,144868,92.041123,2695692,-1103087,-3.91
2025-08-13,64337665,591,False,,19591318,0.3045,buy,30637,586.302585,14099355,1628766,19983508,0.3106,buy,34562,519.706317,22202959,2021419,12430242,0.1932,buy,40200,132.325469,5580524,7110758,12332006,0.1917,buy,144868,92.041123,2695692,-1001808,-3.58
2025-08-14,64153768,591,False,,19593139,0.3054,buy,30637,586.302585,14099355,1630587,19968014,0.3113,buy,34562,519.706317,22202959,2005924,12351450,0.1925,buy,40200,132.325469,5580524,7031966,12240573,0.1908,buy,144868,92.041123,2695692,-1093240,-3.86
2025-08-15,63940117,591,False,,19547268,0.3057,buy,30637,586.302585,14099355,1584716,19880208,0.3109,buy,34562,519.706317,22202959,1918119,12358686,0.1933,buy,40200,132.325469,5580524,7039202,12153363,0.1901,buy,144868,92.041123,2695692,-1180450,-4.18
2025-08-18,63873477,591,False,,19543014,0.306,buy,30637,586.302585,14099355,1580462,19872285,0.3111,buy,34562,519.706317,22202959,1910195,12339390,0.1932,buy,40200,132.325469,5580524,7019907,12118196,0.1897,buy,144868,92.041123,2695692,-1215617,-4.28
2025-08-19,63500633,591,False,,19436991,0.3061,buy,30637,586.302585,14099355,1474438,19602668,0.3087,buy,34562,519.706317,22202959,1640578,12271854,0.1933,buy,40200,132.325469,5580524,6952370,12188529,0.1919,buy,144868,92.041123,2695692,-1145284,-4.84
2025-08-20,63483540,591,False,,19385345,0.3054,buy,30637,586.302585,14099355,1422793,19486279,0.307,buy,34562,519.706317,22202959,1524189,12396071,0.1953,buy,40200,132.325469,5580524,7076588,12215254,0.1924,buy,144868,92.041123,2695692,-1118559,-4.86
2025-08-21,63212058,591,False,,19307574,0.3054,buy,30637,586.302585,14099355,1345022,19396064,0.3068,buy,34562,519.706317,22202959,1433974,12353058,0.1954,buy,40200,132.325469,5580524,7033575,12154770,0.1923,buy,144868,92.041123,2695692,-1179043,-5.27
2025-08-22,64030075,591,False,,19604078,0.3062,buy,30637,586.302585,14099355,1641526,19695294,0.3076,buy,34562,519.706317,22202959,1733204,12485315,0.195,buy,40200,132.325469,5580524,7165832,12244795,0.1912,buy,144868,92.041123,2695692,-1089018,-4.04
2025-08-25,63821660,591,False,,19517798,0.3058,buy,30637,586.302585,14099355,1555246,19638477,0.3077,buy,34562,519.706317,22202959,1676387,12455165,0.1952,buy,40200,132.325469,5580524,7135682,12209628,0.1913,buy,144868,92.041123,2695692,-1124185,-4.36
2025-08-26,64065654,591,False,,19599520,0.3059,buy,30637,586.302585,14099355,1636967,19717332,0.3078,buy,34562,519.706317,22202959,1755242,12545615,0.1958,buy,40200,132.325469,5580524,7226132,12202596,0.1905,buy,144868,92.041123,2695692,-1131218,-3.99
2025-08-27,64151874,591,False,,19644177,0.3062,buy,30637,586.302585,14099355,1681625,19747635,0.3078,buy,34562,519.706317,22202959,1785545,12570942,0.196,buy,40200,132.325469,5580524,7251458,12188529,0.19,buy,144868,92.041123,2695692,-1145284,-3.86
2025-08-28,64518504,591,False,,19713745,0.3056,buy,30637,586.302585,14099355,1751192,19871254,0.308,buy,34562,519.706317,22202959,1909164,12664206,0.1963,buy,40200,132.325469,5580524,7344722,12268709,0.1902,buy,144868,92.041123,2695692,-1065105,-3.31
2025-08-29,64205916,591,False,,19596178,0.3052,buy,30637,586.302585,14099355,1633626,19641236,0.3059,buy,34562,519.706317,22202959,1679146,12786414,0.1991,buy,40200,132.325469,5580524,7466930,12181496,0.1897,buy,144868,92.041123,2695692,-1152317,-3.78
2025-09-02,64107754,591,False,,19450965,0.3034,buy,30637,586.302585,14099355,1488412,19476636,0.3038,buy,34562,519.706317,22202959,1514547,13088718,0.2042,buy,40200,132.325469,5580524,7769234,12090845,0.1886,buy,144868,92.041123,2695692,-1242969,-3.93
2025-09-03,64601645,591,False,,19556380,0.3027,buy,30637,586.302585,14099355,1593828,19629872,0.3039,buy,34562,519.706317,22202959,1667783,13191229,0.2042,buy,40200,132.325469,5580524,7871745,12223572,0.1892,buy,144868,92.041123,2695692,-1110241,-3.19
2025-09-04,64977662,591,False,,19719820,0.3035,buy,30637,586.302585,14099355,1757268,19807549,0.3048,buy,34562,519.706317,22202959,1845459,13132938,0.2021,buy,40200,132.325469,5580524,7813454,12316764,0.1896,buy,144868,92.041123,2695692,-1017049,-2.62
2025-09-05,65312196,591,False,,19662708,0.3011,buy,30637,586.302585,14099355,1700156,19836130,0.3037,buy,34562,519.706317,22202959,1874041,13308210,0.2038,buy,40200,132.325469,5580524,7988726,12504557,0.1915,buy,144868,92.041123,2695692,-829256,-2.12
2025-09-08,65775426,591,False,,19711011,0.2997,buy,30637,586.302585,14099355,1748458,19932889,0.303,buy,34562,519.706317,22202959,1970799,13459764,0.2046,buy,40200,132.325469,5580524,8140280,12671171,0.1926,buy,144868,92.041123,2695692,-662643,-1.43
2025-09-09,65774911,591,False,,19756581,0.3004,buy,30637,586.302585,14099355,1794029,19989364,0.3039,buy,34562,519.706317,22202959,2027275,13429212,0.2042,buy,40200,132.325469,5580524,8109728,12599162,0.1915,buy,144868,92.041123,2695692,-734651,-1.43
2025-09-10,65958815,591,False,,19813694,0.3004,buy,30637,586.302585,14099355,1851142,19995906,0.3032,buy,34562,519.706317,22202959,2033816,13477452,0.2043,buy,40200,132.325469,5580524,8157969,12671171,0.1921,buy,144868,92.041123,2695692,-662643,-1.15
2025-09-11,66304479,591,False,,19978351,0.3013,buy,30637,586.302585,14099355,2015799,20112293,0.3033,buy,34562,519.706317,22202959,2150203,13457352,0.203,buy,40200,132.325469,5580524,8137869,12755891,0.1924,buy,144868,92.041123,2695692,-577922,-0.64
2025-09-12,66358096,591,False,,19971666,0.301,buy,30637,586.302585,14099355,2009114,20201130,0.3044,buy,34562,519.706317,22202959,2239041,13483885,0.2032,buy,40200,132.325469,5580524,8164401,12700824,0.1914,buy,144868,92.041123,2695692,-632990,-0.55
2025-09-15,66807236,591,False,,20077993,0.3005,buy,30637,586.302585,14099355,2115440,20373993,0.305,buy,34562,519.706317,22202959,2411903,13624182,0.2039,buy,40200,132.325469,5580524,8304698,12730477,0.1906,buy,144868,92.041123,2695692,-603337,0.0
2025-09-16,66816535,591,False,,20050350,0.3001,buy,30637,586.302585,14099355,2087797,20356773,0.3047,buy,34562,519.706317,22202959,2394684,13651518,0.2043,buy,40200,132.325469,5580524,8332034,12757303,0.1909,buy,144868,92.041123,2695692,-576510,0.0
2025-09-17,66613193,591,False,,20025438,0.3006,buy,30637,586.302585,14099355,2062886,20316142,0.305,buy,34562,519.706317,22202959,2354053,13546194,0.2034,buy,40200,132.325469,5580524,8226710,12724828,0.191,buy,144868,92.041123,2695692,-608986,-0.3
2025-09-18,66704367,591,False,,20119006,0.3016,buy,30637,586.302585,14099355,2156454,20499333,0.3073,buy,34562,519.706317,22202959,2537243,13491924,0.2023,buy,40200,132.325469,5580524,8172440,12593513,0.1888,buy,144868,92.041123,2695692,-740300,-0.17
2025-09-19,67061889,591,False,,20218653,0.3015,buy,30637,586.302585,14099355,2256101,20638100,0.3077,buy,34562,519.706317,22202959,2676010,13635036,0.2033,buy,40200,132.325469,5580524,8315552,12569510,0.1874,buy,144868,92.041123,2695692,-764304,0.0
2025-09-22,67470511,591,False,,20314308,0.3011,buy,30637,586.302585,14099355,2351755,20760278,0.3077,buy,34562,519.706317,22202959,2798188,13871010,0.2056,buy,40200,132.325469,5580524,8551526,12524324,0.1856,buy,144868,92.041123,2695692,-809489,0.0
2025-09-23,67366260,591,False,,20203727,0.2999,buy,30637,586.302585,14099355,2241175,20622382,0.3061,buy,34562,519.706317,22202959,2660292,13927692,0.2067,buy,40200,132.325469,5580524,8608208,12611868,0.1872,buy,144868,92.041123,2695692,-721945,-0.15
2025-09-24,67055350,591,False,,20139446,0.3003,buy,30637,586.302585,14099355,2176894,20549986,0.3065,buy,34562,519.706317,22202959,2587897,13801464,0.2058,buy,40200,132.325469,5580524,8481980,12563862,0.1874,buy,144868,92.041123,2695692,-769952,-0.62
2025-09-25,66931325,591,False,,20046533,0.2995,buy,30637,586.302585,14099355,2083981,20461390,0.3057,buy,34562,519.706317,22202959,2499300,13858950,0.2071,buy,40200,132.325469,5580524,8539466,12563862,0.1877,buy,144868,92.041123,2695692,-769952,-0.8
2025-09-26,67198991,591,False,,20161382,0.3,buy,30637,586.302585,14099355,2198830,20545504,0.3057,buy,34562,519.706317,22202959,2583414,13938948,0.2074,buy,40200,132.325469,5580524,8619464,12552566,0.1868,buy,144868,92.041123,2695692,-781247,-0.4
2025-09-29,67683818,591,False,,20218043,0.2987,buy,30637,586.302585,14099355,2255491,20640653,0.305,buy,34562,519.706317,22202959,2678563,14168892,0.2093,buy,40200,132.325469,5580524,8849408,12655640,0.187,buy,144868,92.041123,2695692,-678174,0.0
2025-09-30,67900808,591,False,,20294202,0.2989,buy,30637,586.302585,14099355,2331650,20697191,0.3048,buy,34562,519.706317,22202959,2735102,14289894,0.2105,buy,40200,132.325469,5580524,8970410,12618930,0.1858,buy,144868,92.041123,2695692,-714883,0.0
2025-10-01,68124346,591,False,,20363356,0.2989,buy,30637,586.302585,14099355,2400804,20796475,0.3053,buy,34562,519.706317,22202959,2834385,14312406,0.2101,buy,40200,132.325469,5580524,8992922,12651518,0.1857,buy,144868,92.041123,2695692,-682295,0.0
2025-10-02,68220285,591,False,,20386809,0.2988,buy,30637,586.302585,14099355,2424256,20881971,0.3061,buy,34562,519.706317,22202959,2919881,14262558,0.2091,buy,40200,132.325469,5580524,8943075,12688356,0.186,buy,144868,92.041123,2695692,-645457,0.0
2025-10-03,68222559,591,False,,20386508,0.2988,buy,30637,586.302585,14099355,2423955,20794064,0.3048,buy,34562,519.706317,22202959,2831974,14377129,0.2107,buy,40200,132.325469,5580524,9057645,12664269,0.1856,buy,144868,92.041123,2695692,-669545,0.0
2025-10-06,68622185,591,False,,20459618,0.2981,buy,30637,586.302585,14099355,2497066,20950230,0.3053,buy,34562,519.706317,22202959,2988140,14648076,0.2135,buy,40200,132.325469,5580524,9328592,12563669,0.1831,buy,144868,92.041123,2695692,-770144,0.0
2025-10-07,68583853,591,False,,20383764,0.2972,buy,30637,586.302585,14099355,2421212,20839914,0.3039,buy,34562,519.706317,22202959,2877824,14723652,0.2147,buy,40200,132.325469,5580524,9404169,12635932,0.1842,buy,144868,92.041123,2695692,-697881,-0.06
2025-10-08,69197035,591,False,,20505314,0.2963,buy,30637,586.302585,14099355,2542762,21078820,0.3046,buy,34562,519.706317,22202959,3116731,14966460,0.2163,buy,40200,132.325469,5580524,9646976,12645851,0.1828,buy,144868,92.041123,2695692,-687963,0.0
2025-10-09,68826027,591,False,,20445910,0.2971,buy,30637,586.302585,14099355,2483357,21053308,0.3059,buy,34562,519.706317,22202959,3091218,14690286,0.2134,buy,40200,132.325469,5580524,9370802,12635932,0.1836,buy,144868,92.041123,2695692,-697881,-0.54
2025-10-10,67894941,591,False,,19893301,0.293,buy,30637,586.302585,14099355,1930749,20322458,0.2993,buy,34562,519.706317,22202959,2360368,14838624,0.2186,buy,40200,132.325469,5580524,9519140,12839967,0.1891,buy,144868,92.041123,2695692,-493847,-1.88
2025-10-13,68984964,591,False,,20198546,0.2928,buy,30637,586.302585,14099355,2235993,20753728,0.3008,buy,34562,519.706317,22202959,2791638,15199218,0.2203,buy,40200,132.325469,5580524,9879734,12832882,0.186,buy,144868,92.041123,2695692,-500931,-0.31
2025-10-14,68971678,591,False,,20173870,0.2925,buy,30637,586.302585,14099355,2211318,20615486,0.2989,buy,34562,519.706317,22202959,2653397,15307758,0.2219,buy,40200,132.325469,5580524,9988275,12873972,0.1867,buy,144868,92.041123,2695692,-459841,-0.33
2025-10-15,69443703,591,False,,20263434,0.2918,buy,30637,586.302585,14099355,2300882,20760966,0.299,buy,34562,519.706317,22202959,2798876,15573079,0.2243,buy,40200,132.325469,5580524,10253595,12845633,0.185,buy,144868,92.041123,2695692,-488180,0.0
2025-10-16,69689387,591,False,,20125435,0.2888,buy,30637,586.302585,14099355,2162883,20684089,0.2968,buy,34562,519.706317,22202959,2721999,15937290,0.2287,buy,40200,132.325469,5580524,10617807,12941982,0.1857,buy,144868,92.041123,2695692,-391832,0.0
2025-10-17,69619726,591,False,,20239673,0.2907,buy,30637,586.302585,14099355,2277121,20819918,0.2991,buy,34562,519.706317,22202959,2857828,15637398,0.2246,buy,40200,132.325469,5580524,10317914,12922147,0.1856,buy,144868,92.041123,2695692,-411667,-0.1
2025-10-20,70711398,591,False,,20450175,0.2892,buy,30637,586.302585,14099355,2487623,21082263,0.2981,buy,34562,519.706317,22202959,3120173,16206630,0.2292,buy,40200,132.325469,5580524,10887146,12971739,0.1834,buy,144868,92.041123,2695692,-362074,0.0
2025-10-21,69727756,591,False,,20449868,0.2933,buy,30637,586.302585,14099355,2487316,21076751,0.3023,buy,34562,519.706317,22202959,3114661,15165048,0.2175,buy,40200,132.325469,5580524,9845564,13035498,0.1869,buy,144868,92.041123,2695692,-298315,-1.39
2025-10-22,69428497,591,False,,20343553,0.293,buy,30637,586.302585,14099355,2381001,20873697,0.3007,buy,34562,519.706317,22202959,2911607,15166656,0.2185,buy,40200,132.325469,5580524,9847172,13044000,0.1879,buy,144868,92.041123,2695692,-289813,-1.81
2025-10-23,69696043,591,False,,20464188,0.2936,buy,30637,586.302585,14099355,2501636,21049171,0.302,buy,34562,519.706317,22202959,3087082,15227358,0.2185,buy,40200,132.325469,5580524,9907875,12954734,0.1859,buy,144868,92.041123,2695692,-379079,-1.44
2025-10-24,70042670,591,False,,20631433,0.2946,buy,30637,586.302585,14099355,2668881,21273940,0.3037,buy,34562,519.706317,22202959,3311851,15176304,0.2167,buy,40200,132.325469,5580524,9856820,12960402,0.185,buy,144868,92.041123,2695692,-373412,-0.95
2025-10-27,70286370,591,False,,20874837,0.297,buy,30637,586.302585,14099355,2912285,21652812,0.3081,buy,34562,519.706317,22202959,3690723,14753802,0.2099,buy,40200,132.325469,5580524,9434319,13004327,0.185,buy,144868,92.041123,2695692,-329487,-0.6
2025-10-28,70436603,591,False,,20930281,0.2972,buy,30637,586.302585,14099355,2967728,21819321,0.3098,buy,34562,519.706317,22202959,3857232,14648076,0.208,buy,40200,132.325469,5580524,9328592,13038333,0.1851,buy,144868,92.041123,2695692,-295480,-0.39
2025-10-29,70357657,591,False,,20940333,0.2976,buy,30637,586.302585,14099355,2977781,21917573,0.3115,buy,34562,519.706317,22202959,3955484,14592600,0.2074,buy,40200,132.325469,5580524,9273116,12906559,0.1834,buy,144868,92.041123,2695692,-427254,-0.5
2025-10-30,70003794,591,False,,20710029,0.2958,buy,30637,586.302585,14099355,2747476,21582484,0.3083,buy,34562,519.706317,22202959,3620394,14879226,0.2125,buy,40200,132.325469,5580524,9559742,12831464,0.1833,buy,144868,92.041123,2695692,-502350,-1.0
2025-10-31,70056783,591,False,,20777963,0.2966,buy,30637,586.302585,14099355,2815411,21686596,0.3096,buy,34562,519.706317,22202959,3724506,14798424,0.2112,buy,40200,132.325469,5580524,9478940,12793209,0.1826,buy,144868,92.041123,2695692,-540605,-0.93
2025-11-03,70194079,591,False,,20816957,0.2966,buy,30637,586.302585,14099355,2854405,21790362,0.3104,buy,34562,519.706317,22202959,3828272,14824956,0.2112,buy,40200,132.325469,5580524,9505472,12761213,0.1818,buy,144868,92.041123,2695692,-572601,-0.73
2025-11-04,69273774,591,False,,20570202,0.2969,buy,30637,586.302585,14099355,2607650,21348062,0.3082,buy,34562,519.706317,22202959,3385972,14565264,0.2103,buy,40200,132.325469,5580524,9245780,12789654,0.1846,buy,144868,92.041123,2695692,-544159,-2.03
2025-11-05,69513067,591,False,,20641486,0.2969,buy,30637,586.302585,14099355,2678934,21486993,0.3091,buy,34562,519.706317,22202959,3524904,14733702,0.212,buy,40200,132.325469,5580524,9414219,12650294,0.182,buy,144868,92.041123,2695692,-683520,-1.69
2025-11-06,68987427,591,False,,20420017,0.296,buy,30637,586.302585,14099355,2457464,21086748,0.3057,buy,34562,519.706317,22202959,3124658,14716014,0.2133,buy,40200,132.325469,5580524,9396530,12764057,0.185,buy,144868,92.041123,2695692,-569757,-2.44
2025-11-07,69004023,591,False,,20440120,0.2962,buy,30637,586.302585,14099355,2477568,21020212,0.3046,buy,34562,519.706317,22202959,3058123,14806062,0.2146,buy,40200,132.325469,5580524,9486578,12737038,0.1846,buy,144868,92.041123,2695692,-596776,-2.41
2025-11-10,70190007,591,False,,20759077,0.2958,buy,30637,586.302585,14099355,2796525,21485268,0.3061,buy,34562,519.706317,22202959,3523178,15210876,0.2167,buy,40200,132.325469,5580524,9891392,12734195,0.1814,buy,144868,92.041123,2695692,-599619,-0.74
2025-11-11,70298502,591,False,,20806598,0.296,buy,30637,586.302585,14099355,2844045,21428041,0.3048,buy,34562,519.706317,22202959,3465952,15270774,0.2172,buy,40200,132.325469,5580524,9951290,12792498,0.182,buy,144868,92.041123,2695692,-541315,-0.58
2025-11-12,70561962,591,False,,20818174,0.295,buy,30637,586.302585,14099355,2855622,21411148,0.3034,buy,34562,519.706317,22202959,3449059,15516798,0.2199,buy,40200,132.325469,5580524,10197314,12815251,0.1816,buy,144868,92.041123,2695692,-518562,-0.21
2025-11-13,69548719,591,False,,20472717,0.2944,buy,30637,586.302585,14099355,2510165,20974018,0.3016,buy,34562,519.706317,22202959,3011929,15391374,0.2213,buy,40200,132.325469,5580524,10071890,12710018,0.1827,buy,144868,92.041123,2695692,-623795,-1.64
2025-11-14,69210923,591,False,,20469368,0.2958,buy,30637,586.302585,14099355,2506816,20989876,0.3033,buy,34562,519.706317,22202959,3027786,15113592,0.2184,buy,40200,132.325469,5580524,9794108,12637497,0.1826,buy,144868,92.041123,2695692,-696316,-2.12
2025-11-17,68698976,591,False,,20278665,0.2952,buy,30637,586.302585,14099355,2316112,20810610,0.3029,buy,34562,519.706317,22202959,2848521,14940330,0.2175,buy,40200,132.325469,5580524,9620846,12668780,0.1844,buy,144868,92.041123,2695692,-665033,-2.85
2025-11-18,68379578,591,False,,20108375,0.2941,buy,30637,586.302585,14099355,2145823,20557226,0.3006,buy,34562,519.706317,22202959,2595136,15048870,0.2201,buy,40200,132.325469,5580524,9729386,12664515,0.1852,buy,144868,92.041123,2695692,-669298,-3.3
2025-11-19,68578913,591,False,,20186058,0.2943,buy,30637,586.302585,14099355,2223506,20679955,0.3015,buy,34562,519.706317,22202959,2717865,15073392,0.2198,buy,40200,132.325469,5580524,9753908,12638917,0.1843,buy,144868,92.041123,2695692,-694896,-3.02
2025-11-20,67827050,591,False,,19878375,0.2931,buy,30637,586.302585,14099355,1915823,20190423,0.2977,buy,34562,519.706317,22202959,2228333,15068970,0.2222,buy,40200,132.325469,5580524,9749486,12688690,0.1871,buy,144868,92.041123,2695692,-645123,-4.08
2025-11-21,68191826,591,False,,20076388,0.2944,buy,30637,586.302585,14099355,2113836,20342108,0.2983,buy,34562,519.706317,22202959,2380018,15045654,0.2206,buy,40200,132.325469,5580524,9726170,12727085,0.1866,buy,144868,92.041123,2695692,-606729,-3.56
2025-11-24,69318443,591,False,,20371883,0.2939,buy,30637,586.302585,14099355,2409331,20862321,0.301,buy,34562,519.706317,22202959,2900231,15284040,0.2205,buy,40200,132.325469,5580524,9964557,12799608,0.1846,buy,144868,92.041123,2695692,-534205,-1.97
2025-11-25,69666529,591,False,,20563499,0.2952,buy,30637,586.302585,14099355,2600946,20990909,0.3013,buy,34562,519.706317,22202959,3028819,15279215,0.2193,buy,40200,132.325469,5580524,9959732,12832315,0.1842,buy,144868,92.041123,2695692,-501498,-1.48
2025-11-26,70173050,591,False,,20705460,0.2951,buy,30637,586.302585,14099355,2742908,21176380,0.3018,buy,34562,519.706317,22202959,3214291,15401424,0.2195,buy,40200,132.325469,5580524,10081940,12889195,0.1837,buy,144868,92.041123,2695692,-444619,-0.76
2025-11-28,70587956,591,False,,20818479,0.2949,buy,30637,586.302585,14099355,2855927,21348062,0.3024,buy,34562,519.706317,22202959,3385972,15592776,0.2209,buy,40200,132.325469,5580524,10273292,12828047,0.1817,buy,144868,92.041123,2695692,-505766,-0.17
2025-12-01,70336685,591,False,,20723434,0.2946,buy,30637,586.302585,14099355,2760882,21276354,0.3025,buy,34562,519.706317,22202959,3314264,15667950,0.2228,buy,40200,132.325469,5580524,10348466,12668356,0.1801,buy,144868,92.041123,2695692,-665458,-0.53
2025-12-02,70445148,607,True,monthly,21137248,0.3001,buy,31191,587.968452,14099355,2797924,21266666,0.3019,buy,34278,519.706317,22230315,3452173,13968521,0.1983,buy,36072,132.325469,6634724,9195277,14072105,0.1998,buy,160848,91.592173,2695692,-660313,-0.38
2025-12-03,70596939,607,False,,21210442,0.3004,buy,31191,587.968452,14099355,2871118,21318638,0.302,buy,34278,519.706317,22230315,3504145,13955536,0.1977,buy,36072,132.325469,6634724,9182291,14111717,0.1999,buy,160848,91.592173,2695692,-620701,-0.16
2025-12-04,70525576,607,False,,21225948,0.301,buy,31191,587.968452,14099355,2886624,21298806,0.302,buy,34278,519.706317,22230315,3484313,13964554,0.198,buy,36072,132.325469,6634724,9191309,14035662,0.199,buy,160848,91.592173,2695692,-696756,-0.26
2025-12-05,70562883,607,False,,21266267,0.3014,buy,31191,587.968452,14099355,2926943,21385650,0.3031,buy,34278,519.706317,22230315,3571157,13939664,0.1975,buy,36072,132.325469,6634724,9166419,13970695,0.198,buy,160848,91.592173,2695692,-761723,-0.21
2025-12-08,70375222,607,False,,21202377,0.3013,buy,31191,587.968452,14099355,2863053,21344622,0.3033,buy,34278,519.706317,22230315,3530129,13902871,0.1976,buy,36072,132.325469,6634724,9129626,13924745,0.1979,buy,160848,91.592173,2695692,-807673,-0.48
2025-12-09,70468930,607,False,,21184077,0.3006,buy,31191,587.968452,14099355,2844753,21370948,0.3033,buy,34278,519.706317,22230315,3556455,13974293,0.1983,buy,36072,132.325469,6634724,9201048,13939006,0.1978,buy,160848,91.592173,2695692,-793412,-0.34
2025-12-10,70810349,607,False,,21324575,0.3012,buy,31191,587.968452,14099355,2985251,21458476,0.303,buy,34278,519.706317,22230315,3643983,14033811,0.1982,buy,36072,132.325469,6634724,9260567,13992880,0.1976,buy,160848,91.592173,2695692,-739538,0.0
2025-12-11,70922693,607,False,,21374196,0.3014,buy,31191,587.968452,14099355,3034872,21389070,0.3016,buy,34278,519.706317,22230315,3574577,14184953,0.2,buy,36072,132.325469,6634724,9411709,13973866,0.197,buy,160848,91.592173,2695692,-758552,0.0
2025-12-12,70228628,607,False,,21144380,0.3011,buy,31191,587.968452,14099355,2805056,20980149,0.2987,buy,34278,519.706317,22230315,3165656,14264312,0.2031,buy,36072,132.325469,6634724,9491067,13839180,0.1971,buy,160848,91.592173,2695692,-893237,-0.98
2025-12-15,70113867,607,False,,21112435,0.3011,buy,31191,587.968452,14099355,2773111,20874840,0.2977,buy,34278,519.706317,22230315,3060347,14277297,0.2036,buy,36072,132.325469,6634724,9504053,13848689,0.1975,buy,160848,91.592173,2695692,-883729,-1.14
2025-12-16,70176856,607,False,,21054749,0.3,buy,31191,587.968452,14099355,2715425,20916210,0.298,buy,34278,519.706317,22230315,3101717,14280545,0.2035,buy,36072,132.325469,6634724,9507300,13924745,0.1984,buy,160848,91.592173,2695692,-807673,-1.05
2025-12-17,69667422,607,False,,20823071,0.2989,buy,31191,587.968452,14099355,2483747,20528486,0.2947,buy,34278,519.706317,22230315,2713993,14403189,0.2067,buy,36072,132.325469,6634724,9629945,13912068,0.1997,buy,160848,91.592173,2695692,-820349,-1.77
2025-12-18,70162705,607,False,,20980313,0.299,buy,31191,587.968452,14099355,2640989,20825948,0.2968,buy,34278,519.706317,22230315,3011455,14377217,0.2049,buy,36072,132.325469,6634724,9603973,13978620,0.1992,buy,160848,91.592173,2695692,-753797,-1.07
2025-12-19,70588389,607,False,,21170467,0.2999,buy,31191,587.968452,14099355,2831143,21097421,0.2989,buy,34278,519.706317,22230315,3282928,14393449,0.2039,buy,36072,132.325469,6634724,9620205,13926446,0.1973,buy,160848,91.592173,2695692,-805972,-0.47
2025-12-22,71123410,607,False,,21302356,0.2995,buy,31191,587.968452,14099355,2963032,21198552,0.2981,buy,34278,519.706317,22230315,3384059,14725673,0.207,buy,36072,132.325469,6634724,9952429,13896222,0.1954,buy,160848,91.592173,2695692,-836196,0.0
2025-12-23,71537469,607,False,,21399718,0.2991,buy,31191,587.968452,14099355,3060394,21297831,0.2977,buy,34278,519.706317,22230315,3483338,14920823,0.2086,buy,36072,132.325469,6634724,10147578,13918490,0.1946,buy,160848,91.592173,2695692,-813928,0.0
2025-12-24,71697678,607,False,,21474994,0.2995,buy,31191,587.968452,14099355,3135670,21360140,0.2979,buy,34278,519.706317,22230315,3545647,14859139,0.2072,buy,36072,132.325469,6634724,10085894,14002798,0.1953,buy,160848,91.592173,2695692,-729620,0.0
2025-12-26,71821504,607,False,,21472816,0.299,buy,31191,587.968452,14099355,3133492,21358770,0.2974,buy,34278,519.706317,22230315,3544276,15032645,0.2093,buy,36072,132.325469,6634724,10259401,13956666,0.1943,buy,160848,91.592173,2695692,-775752,0.0
2025-12-29,71039744,607,False,,21396295,0.3012,buy,31191,587.968452,14099355,3056971,21255381,0.2992,buy,34278,519.706317,22230315,3440888,14378299,0.2024,buy,36072,132.325469,6634724,9605055,14009161,0.1972,buy,160848,91.592173,2695692,-723257,-1.09
2025-12-30,70941372,607,False,,21370168,0.3012,buy,31191,587.968452,14099355,3030844,21206081,0.2989,buy,34278,519.706317,22230315,3391588,14388761,0.2028,buy,36072,132.325469,6634724,9615516,13975755,0.197,buy,160848,91.592173,2695692,-756663,-1.23
2025-12-31,70403347,607,False,,21211837,0.3013,buy,31191,587.968452,14099355,2872513,21030800,0.2987,buy,34278,519.706317,22230315,3216307,14295694,0.2031,buy,36072,132.325469,6634724,9522450,13864409,0.1969,buy,160848,91.592173,2695692,-868009,-1.97
2026-01-02,70451873,607,False,,21250719,0.3016,buy,31191,587.968452,14099355,2911395,20990061,0.2979,buy,34278,519.706317,22230315,3175568,14366756,0.2039,buy,36072,132.325469,6634724,9593512,13843730,0.1965,buy,160848,91.592173,2695692,-888688,-1.91
2026-01-05,71206562,607,False,,21392251,0.3004,buy,31191,587.968452,14099355,3052927,21156784,0.2971,buy,34278,519.706317,22230315,3342291,14744791,0.2071,buy,36072,132.325469,6634724,9971547,13912128,0.1954,buy,160848,91.592173,2695692,-820289,-0.86
2026-01-06,71650484,607,False,,21519475,0.3003,buy,31191,587.968452,14099355,3180151,21342679,0.2979,buy,34278,519.706317,22230315,3528186,14904229,0.208,buy,36072,132.325469,6634724,10130984,13883495,0.1938,buy,160848,91.592173,2695692,-848923,-0.24
2026-01-07,71540305,607,False,,21450110,0.2998,buy,31191,587.968452,14099355,3110786,21363222,0.2986,buy,34278,519.706317,22230315,3548729,14761745,0.2063,buy,36072,132.325469,6634724,9988501,13964621,0.1952,buy,160848,91.592173,2695692,-767797,-0.39
2026-01-08,71428122,607,False,,21447932,0.3003,buy,31191,587.968452,14099355,3108608,21241686,0.2974,buy,34278,519.706317,22230315,3427193,14843267,0.2078,buy,36072,132.325469,6634724,10070023,13894630,0.1945,buy,160848,91.592173,2695692,-837788,-0.55
2026-01-09,71981292,607,False,,21589775,0.2999,buy,31191,587.968452,14099355,3250451,21453258,0.298,buy,34278,519.706317,22230315,3638765,14950762,0.2077,buy,36072,132.325469,6634724,10177518,13986890,0.1943,buy,160848,91.592173,2695692,-745528,0.0
2026-01-12,72271561,607,False,,21623680,0.2992,buy,31191,587.968452,14099355,3284357,21471060,0.2971,buy,34278,519.706317,22230315,3656567,15230681,0.2107,buy,36072,132.325469,6634724,10457437,13945532,0.193,buy,160848,91.592173,2695692,-786886,0.0
2026-01-13,72198704,607,False,,21580444,0.2989,buy,31191,587.968452,14099355,3241120,21439222,0.2969,buy,34278,519.706317,22230315,3624728,15209038,0.2107,buy,36072,132.325469,6634724,10435793,13969393,0.1935,buy,160848,91.592173,2695692,-763025,-0.1
2026-01-14,72100196,607,False,,21474371,0.2978,buy,31191,587.968452,14099355,3135047,21210190,0.2942,buy,34278,519.706317,22230315,3395697,15364508,0.2131,buy,36072,132.325469,6634724,10591263,14050519,0.1949,buy,160848,91.592173,2695692,-681899,-0.24
2026-01-15,72137690,607,False,,21532851,0.2985,buy,31191,587.968452,14099355,3193527,21286535,0.2951,buy,34278,519.706317,22230315,3472042,15270359,0.2117,buy,36072,132.325469,6634724,10497115,14047337,0.1947,buy,160848,91.592173,2695692,-685081,-0.19
2026-01-16,71947134,607,False,,21514809,0.299,buy,31191,587.968452,14099355,3175485,21268733,0.2956,buy,34278,519.706317,22230315,3454240,15196773,0.2112,buy,36072,132.325469,6634724,10423529,13966211,0.1941,buy,160848,91.592173,2695692,-766207,-0.45
2026-01-20,71449321,607,False,,21076837,0.295,buy,31191,587.968452,14099355,2737513,20816832,0.2914,buy,34278,519.706317,22230315,3002339,15771761,0.2207,buy,36072,132.325469,6634724,10998517,13783284,0.1929,buy,160848,91.592173,2695692,-949134,-1.14
2026-01-21,72308744,607,False,,21320086,0.2948,buy,31191,587.968452,14099355,2980762,21098243,0.2918,buy,34278,519.706317,22230315,3283750,16001539,0.2213,buy,36072,132.325469,6634724,11228295,13888269,0.1921,buy,160848,91.592173,2695692,-844149,0.0
2026-01-22,72929351,607,False,,21431446,0.2939,buy,31191,587.968452,14099355,3092122,21251615,0.2914,buy,34278,519.706317,22230315,3437122,16296969,0.2235,buy,36072,132.325469,6634724,11523725,13948714,0.1913,buy,160848,91.592173,2695692,-783704,0.0
2026-01-23,73266409,607,False,,21439221,0.2926,buy,31191,587.968452,14099355,3099897,21318715,0.291,buy,34278,519.706317,22230315,3504222,16520976,0.2255,buy,36072,132.325469,6634724,11747732,13986890,0.1909,buy,160848,91.592173,2695692,-745528,0.0
2026-01-26,73777576,607,False,,21548092,0.2921,buy,31191,587.968452,14099355,3208768,21412519,0.2902,buy,34278,519.706317,22230315,3598026,16762659,0.2272,buy,36072,132.325469,6634724,11989415,14053699,0.1905,buy,160848,91.592173,2695692,-678719,0.0
2026-01-27,74381273,607,False,,21633945,0.2909,buy,31191,587.968452,14099355,3294621,21606630,0.2905,buy,34278,519.706317,22230315,3792137,17173879,0.2309,buy,36072,132.325469,6634724,12400635,13966211,0.1878,buy,160848,91.592173,2695692,-766207,0.0
2026-01-28,75084721,607,False,,21631768,0.2881,buy,31191,587.968452,14099355,3292444,21678180,0.2887,buy,34278,519.706317,22230315,3863687,17839768,0.2376,buy,36072,132.325469,6634724,13066524,13934398,0.1856,buy,160848,91.592173,2695692,-798020,0.0
2026-01-29,74963563,607,False,,21588842,0.288,buy,31191,587.968452,14099355,3249518,21548430,0.2875,buy,34278,519.706317,22230315,3733937,17888105,0.2386,buy,36072,132.325469,6634724,13114860,13937579,0.1859,buy,160848,91.592173,2695692,-794839,-0.16
2026-01-30,72724545,607,False,,21524451,0.296,buy,31191,587.968452,14099355,3185127,21289615,0.2927,buy,34278,519.706317,22230315,3475122,16050237,0.2207,buy,36072,132.325469,6634724,11276993,13859635,0.1906,buy,160848,91.592173,2695692,-872783,-3.14
2026-02-02,72295333,607,False,,21631457,0.2992,buy,31191,587.968452,14099355,3292133,21435799,0.2965,buy,34278,519.706317,22230315,3621306,15407434,0.2131,buy,36072,132.325469,6634724,10634189,13820037,0.1912,buy,160848,91.592173,2695692,-912381,-3.71
2026-02-03,72796339,607,False,,21448555,0.2946,buy,31191,587.968452,14099355,3109231,21106459,0.2899,buy,34278,519.706317,22230315,3291966,16387149,0.2251,buy,36072,132.325469,6634724,11613905,13853569,0.1903,buy,160848,91.592173,2695692,-878849,-3.05
2026-02-04,72277062,607,False,,21344660,0.2953,buy,31191,587.968452,14099355,3005336,20737751,0.2869,buy,34278,519.706317,22230315,2923258,16375606,0.2266,buy,36072,132.325469,6634724,11602362,13818439,0.1912,buy,160848,91.592173,2695692,-913979,-3.74
2026-02-05,71425944,607,False,,21078082,0.2951,buy,31191,587.968452,14099355,2738758,20439224,0.2862,buy,34278,519.706317,22230315,2624731,15939496,0.2232,buy,36072,132.325469,6634724,11166251,13968536,0.1956,buy,160848,91.592173,2695692,-763882,-4.87
2026-02-06,72761801,607,False,,21482459,0.2952,buy,31191,587.968452,14099355,3143135,20871266,0.2868,buy,34278,519.706317,22230315,3056773,16429353,0.2258,buy,36072,132.325469,6634724,11656108,13978116,0.1921,buy,160848,91.592173,2695692,-754302,-3.09
2026-02-09,73439423,607,False,,21586043,0.2939,buy,31191,587.968452,14099355,3246719,21031143,0.2864,buy,34278,519.706317,22230315,3216650,16846706,0.2294,buy,36072,132.325469,6634724,12073462,13974923,0.1903,buy,160848,91.592173,2695692,-757495,-2.19
2026-02-10,73279187,607,False,,21529118,0.2938,buy,31191,587.968452,14099355,3189794,20933573,0.2857,buy,34278,519.706317,22230315,3119080,16679693,0.2276,buy,36072,132.325469,6634724,11906448,14136197,0.1929,buy,160848,91.592173,2695692,-596221,-2.4
2026-02-11,73443966,607,False,,21524143,0.2931,buy,31191,587.968452,14099355,3184819,20989718,0.2858,buy,34278,519.706317,22230315,3175225,16868350,0.2297,buy,36072,132.325469,6634724,12095105,14061148,0.1915,buy,160848,91.592173,2695692,-671270,-2.19
2026-02-12,72285548,607,False,,21191619,0.2932,buy,31191,587.968452,14099355,2852295,20562810,0.2845,buy,34278,519.706317,22230315,2748317,16282541,0.2253,buy,36072,132.325469,6634724,11509296,14247971,0.1971,buy,160848,91.592173,2695692,-484447,-3.73
2026-02-13,72827627,607,False,,21206548,0.2912,buy,31191,587.968452,14099355,2867224,20606631,0.283,buy,34278,519.706317,22230315,2792137,16687628,0.2291,buy,36072,132.325469,6634724,11914384,14326212,0.1967,buy,160848,91.592173,2695692,-406206,-3.01
2026-02-17,72344410,607,False,,21240764,0.2936,buy,31191,587.968452,14099355,2901441,20585404,0.2845,buy,34278,519.706317,22230315,2770910,16167471,0.2235,buy,36072,132.325469,6634724,11394227,14350164,0.1984,buy,160848,91.592173,2695692,-382254,-3.65
2026-02-18,72914446,607,False,,21347770,0.2928,buy,31191,587.968452,14099355,3008446,20739119,0.2844,buy,34278,519.706317,22230315,2924626,16531076,0.2267,buy,36072,132.325469,6634724,11757832,14295874,0.1961,buy,160848,91.592173,2695692,-436544,-2.89
2026-02-19,72839262,607,False,,21291467,0.2923,buy,31191,587.968452,14099355,2952143,20659694,0.2836,buy,34278,519.706317,22230315,2845201,16577248,0.2276,buy,36072,132.325469,6634724,11804004,14310245,0.1965,buy,160848,91.592173,2695692,-422173,-2.99
2026-02-20,73469334,607,False,,21445444,0.2919,buy,31191,587.968452,14099355,3106120,20842509,0.2837,buy,34278,519.706317,22230315,3028016,16904060,0.2301,buy,36072,132.325469,6634724,12130816,14276713,0.1943,buy,160848,91.592173,2695692,-455705,-2.15
2026-02-23,73506372,607,False,,21226458,0.2888,buy,31191,587.968452,14099355,2887134,20589169,0.2801,buy,34278,519.706317,22230315,2774676,17360732,0.2362,buy,36072,132.325469,6634724,12587488,14329405,0.1949,buy,160848,91.592173,2695692,-403013,-2.1
2026-02-24,73666761,607,False,,21380741,0.2902,buy,31191,587.968452,14099355,3041417,20810328,0.2825,buy,34278,519.706317,22230315,2995835,17120131,0.2324,buy,36072,132.325469,6634724,12346887,14354954,0.1949,buy,160848,91.592173,2695692,-377464,-1.89
2026-02-25,74107461,607,False,,21561159,0.2909,buy,31191,587.968452,14099355,3221836,21111936,0.2849,buy,34278,519.706317,22230315,3297443,17077207,0.2304,buy,36072,132.325469,6634724,12303962,14356552,0.1937,buy,160848,91.592173,2695692,-375866,-1.3
2026-02-26,73936928,607,False,,21441399,0.29,buy,31191,587.968452,14099355,3102075,20857230,0.2821,buy,34278,519.706317,22230315,3042737,17223659,0.233,buy,36072,132.325469,6634724,12450415,14414034,0.195,buy,160848,91.592173,2695692,-318384,-1.53
2026-02-27,74081202,607,False,,21338438,0.288,buy,31191,587.968452,14099355,2999114,20790471,0.2806,buy,34278,519.706317,22230315,2975978,17449830,0.2356,buy,36072,132.325469,6634724,12676586,14501856,0.1958,buy,160848,91.592173,2695692,-230562,-1.34
2026-03-02,74200545,607,False,,21350571,0.2877,buy,31191,587.968452,14099355,3011247,20817860,0.2806,buy,34278,519.706317,22230315,3003366,17675280,0.2382,buy,36072,132.325469,6634724,12902036,14356228,0.1935,buy,160848,91.592173,2695692,-376190,-1.18
2026-03-03,73005486,247,True,monthly,22076288,0.3024,buy,32538,591.581344,14099355,2827415,22045377,0.302,buy,36692,524.815604,22230315,2788843,14071353,0.1927,buy,30058,132.325469,8673987,10093914,14812221,0.2029,buy,166291,91.503784,2695692,-404035,-2.77
2026-03-04,73560918,247,False,,22232043,0.3022,buy,32538,591.581344,14099355,2983170,22381419,0.3043,buy,36692,524.815604,22230315,3124885,14181364,0.1928,buy,30058,132.325469,8673987,10203925,14765845,0.2007,buy,166291,91.503784,2695692,-450411,-2.03
2026-03-05,73139476,247,False,,22108087,0.3023,buy,32538,591.581344,14099355,2859214,22313988,0.3051,buy,36692,524.815604,22230315,3057453,14010936,0.1916,buy,30058,132.325469,8673987,10033497,14706218,0.2011,buy,166291,91.503784,2695692,-510038,-2.59
2026-03-06,72681198,247,False,,21818314,0.3002,buy,32538,591.581344,14099355,2569440,21978313,0.3024,buy,36692,524.815604,22230315,2721779,14232764,0.1958,buy,30058,132.325469,8673987,10255325,14651560,0.2016,buy,166291,91.503784,2695692,-564696,-3.2
2026-03-09,73263938,247,False,,22009443,0.3004,buy,32538,591.581344,14099355,2760569,22271847,0.304,buy,36692,524.815604,22230315,3015313,14203307,0.1939,buy,30058,132.325469,8673987,10225868,14779095,0.2017,buy,166291,91.503784,2695692,-437161,-2.42
2026-03-10,73231794,247,False,,21974071,0.3001,buy,32538,591.581344,14099355,2725197,22272214,0.3041,buy,36692,524.815604,22230315,3015680,14363515,0.1961,buy,30058,132.325469,8673987,10386076,14621747,0.1997,buy,166291,91.503784,2695692,-594509,-2.47
2026-03-11,72963771,247,False,,21946490,0.3008,buy,32538,591.581344,14099355,2697616,22269283,0.3052,buy,36692,524.815604,22230315,3012749,14314822,0.1962,buy,30058,132.325469,8673987,10337383,14432930,0.1978,buy,166291,91.503784,2695692,-783326,-2.82
2026-03-12,71938799,247,False,,21613233,0.3004,buy,32538,591.581344,14099355,2364360,21887067,0.3042,buy,36692,524.815604,22230315,2630533,14033479,0.1951,buy,30058,132.325469,8673987,10056040,14404773,0.2002,buy,166291,91.503784,2695692,-811483,-4.19
2026-03-13,71433968,247,False,,21490900,0.3008,buy,32538,591.581344,14099355,2242026,21757339,0.3046,buy,36692,524.815604,22230315,2500805,13851929,0.1939,buy,30058,132.325469,8673987,9874490,14333553,0.2007,buy,166291,91.503784,2695692,-882703,-4.86
2026-03-16,71995386,247,False,,21709610,0.3015,buy,32538,591.581344,14099355,2460736,22001400,0.3056,buy,36692,524.815604,22230315,2744866,13839605,0.1922,buy,30058,132.325469,8673987,9862166,14444523,0.2006,buy,166291,91.503784,2695692,-771732,-4.11
2026-03-17,72164750,247,False,,21766719,0.3016,buy,32538,591.581344,14099355,2517845,22108773,0.3064,buy,36692,524.815604,22230315,2852239,13804737,0.1913,buy,30058,132.325469,8673987,9827298,14484274,0.2007,buy,166291,91.503784,2695692,-731981,-3.89
2026-03-18,71034935,247,False,,21462993,0.3021,buy,32538,591.581344,14099355,2214120,21800584,0.3069,buy,36692,524.815604,22230315,2544050,13367995,0.1882,buy,30058,132.325469,8673987,9390556,14403116,0.2028,buy,166291,91.503784,2695692,-813140,-5.39
2026-03-19,70449968,247,False,,21410101,0.3039,buy,32538,591.581344,14099355,2161228,21731688,0.3085,buy,36692,524.815604,22230315,2475154,12817032,0.1819,buy,30058,132.325469,8673987,8839593,14490900,0.2057,buy,166291,91.503784,2695692,-725356,-6.17
2026-03-20,69074799,247,False,,21103171,0.3055,buy,32538,591.581344,14099355,1854297,21330049,0.3088,buy,36692,524.815604,22230315,2073515,12425376,0.1799,buy,30058,132.325469,8673987,8447937,14215956,0.2058,buy,166291,91.503784,2695692,-1000300,-8.0
2026-03-23,69353240,247,False,,21324755,0.3075,buy,32538,591.581344,14099355,2075881,21574896,0.3111,buy,36692,524.815604,22230315,2318362,12144635,0.1751,buy,30058,132.325469,8673987,8167196,14308708,0.2063,buy,166291,91.503784,2695692,-907548,-7.63
2026-03-24,69073920,247,False,,21253171,0.3077,buy,32538,591.581344,14099355,2004297,21427393,0.3102,buy,36692,524.815604,22230315,2170859,12147340,0.1759,buy,30058,132.325469,8673987,8169901,14245769,0.2062,buy,166291,91.503784,2695692,-970487,-8.01
2026-03-25,69836233,247,False,,21371609,0.306,buy,32538,591.581344,14099355,2122736,21568292,0.3088,buy,36692,524.815604,22230315,2311758,12512845,0.1792,buy,30058,132.325469,8673987,8535406,14383240,0.206,buy,166291,91.503784,2695692,-833016,-6.99
2026-03-26,68348458,247,False,,20989939,0.3071,buy,32538,591.581344,14099355,1741066,21053502,0.308,buy,36692,524.815604,22230315,1796968,12042438,0.1762,buy,30058,132.325469,8673987,8064999,14262332,0.2087,buy,166291,91.503784,2695692,-953924,-8.97
2026-03-27,67923993,247,False,,20632021,0.3038,buy,32538,591.581344,14099355,1383148,20642186,0.3039,buy,36692,524.815604,22230315,1385652,12465053,0.1835,buy,30058,132.325469,8673987,8487614,14184486,0.2088,buy,166291,91.503784,2695692,-1031770,-9.54
2026-03-30,67882445,247,False,,20563039,0.3029,buy,32538,591.581344,14099355,1314165,20484411,0.3018,buy,36692,524.815604,22230315,1227877,12461445,0.1836,buy,30058,132.325469,8673987,8484006,14373303,0.2117,buy,166291,91.503784,2695692,-842953,-9.59
2026-03-31,69630953,247,False,,21160764,0.3039,buy,32538,591.581344,14099355,1911890,21177888,0.3041,buy,36692,524.815604,22230315,1921354,12933657,0.1857,buy,30058,132.325469,8673987,8956218,14358397,0.2062,buy,166291,91.503784,2695692,-857859,-7.26
